run_id,paired_group,campaign,data_origin,kem_level,variant,model,target_prr,mean_bad_burst,forced_loss,seed,forced_loss_validation,forced_loss_application,precondition_not_reached,targeted_test_reached,raw_log_path,raw_log_sha256,log_size_bytes,log_line_count,parse_status,run_success,result_class
A-kem512-fixed-prr0p50-rep01-seed200001-v1,A-kem512-fixed-prr0p50-rep01-seed200001,A_B1_VS_B2,COOJA_SIMULATION,512,1,fixed,0.5,,none,200001,valid,none,,,runs/A-kem512-fixed-prr0p50-rep01-seed200001-v1/cooja.log,5851319346b5d6166d3c83977d4699a28e87cb81ff1518e1f0959ea8b7f51b5e,12111,121,success,0,FAILED_PROTOCOL
A-kem512-fixed-prr0p50-rep01-seed200001-v2,A-kem512-fixed-prr0p50-rep01-seed200001,A_B1_VS_B2,COOJA_SIMULATION,512,2,fixed,0.5,,none,200001,valid,none,,,runs/A-kem512-fixed-prr0p50-rep01-seed200001-v2/cooja.log,db3e681ef2fa24436f280ce815b77a2d67413033ab9f7e446f5470edf5e35d30,16632,167,success,1,SUCCESS
A-kem512-fixed-prr0p50-rep02-seed200002-v1,A-kem512-fixed-prr0p50-rep02-seed200002,A_B1_VS_B2,COOJA_SIMULATION,512,1,fixed,0.5,,none,200002,valid,none,,,runs/A-kem512-fixed-prr0p50-rep02-seed200002-v1/cooja.log,a5b5a55df6eeac07ba801ec50a5bff68ef1d9d1f92fdec4dd8b16ea269205b93,11089,111,success,0,FAILED_PROTOCOL
A-kem512-fixed-prr0p50-rep02-seed200002-v2,A-kem512-fixed-prr0p50-rep02-seed200002,A_B1_VS_B2,COOJA_SIMULATION,512,2,fixed,0.5,,none,200002,valid,none,,,runs/A-kem512-fixed-prr0p50-rep02-seed200002-v2/cooja.log,97f00f9369007f7ac89bd53605b1ea2216594fd0498cb5409fb084e73145f6fb,11323,113,success,0,FAILED_PROTOCOL
A-kem512-fixed-prr0p50-rep03-seed200003-v1,A-kem512-fixed-prr0p50-rep03-seed200003,A_B1_VS_B2,COOJA_SIMULATION,512,1,fixed,0.5,,none,200003,valid,none,,,runs/A-kem512-fixed-prr0p50-rep03-seed200003-v1/cooja.log,abb1298644446d0b5d1cb5adef4d912c2eb4b6d563a4c026df7975f11bc4eb08,14608,149,success,0,FAILED_PROTOCOL
A-kem512-fixed-prr0p50-rep03-seed200003-v2,A-kem512-fixed-prr0p50-rep03-seed200003,A_B1_VS_B2,COOJA_SIMULATION,512,2,fixed,0.5,,none,200003,valid,none,,,runs/A-kem512-fixed-prr0p50-rep03-seed200003-v2/cooja.log,c0ff22b0bab37cdfa7816c79de389610a3033e1eae92effe76d1e25c56d02367,15365,153,success,1,SUCCESS
A-kem512-fixed-prr0p50-rep04-seed200004-v1,A-kem512-fixed-prr0p50-rep04-seed200004,A_B1_VS_B2,COOJA_SIMULATION,512,1,fixed,0.5,,none,200004,valid,none,,,runs/A-kem512-fixed-prr0p50-rep04-seed200004-v1/cooja.log,5845d0238a8d740aba113b8d1f3ca978182497224358e263977924225c9636df,11811,120,success,0,FAILED_PROTOCOL
A-kem512-fixed-prr0p50-rep04-seed200004-v2,A-kem512-fixed-prr0p50-rep04-seed200004,A_B1_VS_B2,COOJA_SIMULATION,512,2,fixed,0.5,,none,200004,valid,none,,,runs/A-kem512-fixed-prr0p50-rep04-seed200004-v2/cooja.log,ac22c6a882e41dcc4b0de5e96c13c839c7560f3015000aa3aaebe9b30d8dfe51,12045,122,success,0,FAILED_PROTOCOL
A-kem512-fixed-prr0p50-rep05-seed200005-v1,A-kem512-fixed-prr0p50-rep05-seed200005,A_B1_VS_B2,COOJA_SIMULATION,512,1,fixed,0.5,,none,200005,valid,none,,,runs/A-kem512-fixed-prr0p50-rep05-seed200005-v1/cooja.log,92ae1a314be1ebcdaa6976895ae8f7c34388ef81bb91a7f0267e870741f1b02b,13981,144,success,0,FAILED_PROTOCOL
A-kem512-fixed-prr0p50-rep05-seed200005-v2,A-kem512-fixed-prr0p50-rep05-seed200005,A_B1_VS_B2,COOJA_SIMULATION,512,2,fixed,0.5,,none,200005,valid,none,,,runs/A-kem512-fixed-prr0p50-rep05-seed200005-v2/cooja.log,7e57395321c3d0c0fd7d1388f028515203687ffaa49a9efb1c17f5090321bbbe,14215,146,success,0,FAILED_PROTOCOL
A-kem512-fixed-prr0p50-rep06-seed200006-v1,A-kem512-fixed-prr0p50-rep06-seed200006,A_B1_VS_B2,COOJA_SIMULATION,512,1,fixed,0.5,,none,200006,valid,none,,,runs/A-kem512-fixed-prr0p50-rep06-seed200006-v1/cooja.log,70fafbb37dbd38343da49000da02d7ea49132beca7504d3189f4b90f112d6893,14099,141,success,0,FAILED_PROTOCOL
A-kem512-fixed-prr0p50-rep06-seed200006-v2,A-kem512-fixed-prr0p50-rep06-seed200006,A_B1_VS_B2,COOJA_SIMULATION,512,2,fixed,0.5,,none,200006,valid,none,,,runs/A-kem512-fixed-prr0p50-rep06-seed200006-v2/cooja.log,1bc093288f881a14ae877e8cc6d6bebe6b9fda8f70fa6331348fe4202cfda0bc,16023,160,success,1,SUCCESS
A-kem512-fixed-prr0p50-rep07-seed200007-v1,A-kem512-fixed-prr0p50-rep07-seed200007,A_B1_VS_B2,COOJA_SIMULATION,512,1,fixed,0.5,,none,200007,valid,none,,,runs/A-kem512-fixed-prr0p50-rep07-seed200007-v1/cooja.log,bfedf97b58713175f3ca4eafc460aae1b6774a83be64ea8057bac440fa5c8a2e,12907,132,success,0,FAILED_PROTOCOL
A-kem512-fixed-prr0p50-rep07-seed200007-v2,A-kem512-fixed-prr0p50-rep07-seed200007,A_B1_VS_B2,COOJA_SIMULATION,512,2,fixed,0.5,,none,200007,valid,none,,,runs/A-kem512-fixed-prr0p50-rep07-seed200007-v2/cooja.log,2fe06c3df8f443455a851f9628275b9dc81444deee979d3e0360ab7aecb2d021,13141,134,success,0,FAILED_PROTOCOL
A-kem512-fixed-prr0p50-rep08-seed200008-v1,A-kem512-fixed-prr0p50-rep08-seed200008,A_B1_VS_B2,COOJA_SIMULATION,512,1,fixed,0.5,,none,200008,valid,none,,,runs/A-kem512-fixed-prr0p50-rep08-seed200008-v1/cooja.log,9a074c71fbcd99ae53b4387455050e92c5dc9ded46e5042bfd2b00428adc054a,15432,158,success,0,FAILED_PROTOCOL
A-kem512-fixed-prr0p50-rep08-seed200008-v2,A-kem512-fixed-prr0p50-rep08-seed200008,A_B1_VS_B2,COOJA_SIMULATION,512,2,fixed,0.5,,none,200008,valid,none,,,runs/A-kem512-fixed-prr0p50-rep08-seed200008-v2/cooja.log,4c05bd3d8218f8dd6f33b3fd95e5091c3280a8360f81d364350cd0d96ae59e71,15751,157,success,1,SUCCESS
A-kem512-fixed-prr0p50-rep09-seed200009-v1,A-kem512-fixed-prr0p50-rep09-seed200009,A_B1_VS_B2,COOJA_SIMULATION,512,1,fixed,0.5,,none,200009,valid,none,,,runs/A-kem512-fixed-prr0p50-rep09-seed200009-v1/cooja.log,bcab6ec9f03ccf0d4852512ed0d57b620bbd196af59e7598f832a94b2ccc4b04,12717,130,success,0,FAILED_PROTOCOL
A-kem512-fixed-prr0p50-rep09-seed200009-v2,A-kem512-fixed-prr0p50-rep09-seed200009,A_B1_VS_B2,COOJA_SIMULATION,512,2,fixed,0.5,,none,200009,valid,none,,,runs/A-kem512-fixed-prr0p50-rep09-seed200009-v2/cooja.log,1ed91bc28df172d6071581e70a4fdaefe428f1ccbf2d81e877c061709895d52f,12951,132,success,0,FAILED_PROTOCOL
A-kem512-fixed-prr0p50-rep10-seed200010-v1,A-kem512-fixed-prr0p50-rep10-seed200010,A_B1_VS_B2,COOJA_SIMULATION,512,1,fixed,0.5,,none,200010,valid,none,,,runs/A-kem512-fixed-prr0p50-rep10-seed200010-v1/cooja.log,99f34799cf645c7c58f45effe7d27f60ad9fa70e3a3c93d58e37ff8054904d78,13251,136,success,0,FAILED_PROTOCOL
A-kem512-fixed-prr0p50-rep10-seed200010-v2,A-kem512-fixed-prr0p50-rep10-seed200010,A_B1_VS_B2,COOJA_SIMULATION,512,2,fixed,0.5,,none,200010,valid,none,,,runs/A-kem512-fixed-prr0p50-rep10-seed200010-v2/cooja.log,ee3612426f3e7a25fcab2605f6eab148318f30f219fef5cb0f05beaf08352d0b,13485,138,success,0,FAILED_PROTOCOL
A-kem512-fixed-prr0p50-rep11-seed200011-v1,A-kem512-fixed-prr0p50-rep11-seed200011,A_B1_VS_B2,COOJA_SIMULATION,512,1,fixed,0.5,,none,200011,valid,none,,,runs/A-kem512-fixed-prr0p50-rep11-seed200011-v1/cooja.log,1fbf7c1557d9b6ef0771ea6ce891776e2d28f8ee661edf2f24cab9d0c511b9ce,12831,129,success,0,FAILED_PROTOCOL
A-kem512-fixed-prr0p50-rep11-seed200011-v2,A-kem512-fixed-prr0p50-rep11-seed200011,A_B1_VS_B2,COOJA_SIMULATION,512,2,fixed,0.5,,none,200011,valid,none,,,runs/A-kem512-fixed-prr0p50-rep11-seed200011-v2/cooja.log,8247d7662d3e8fbbd5e9d4a40c326de27e88edd5cf57cb10478dfb6b2304a244,15819,166,success,1,SUCCESS
A-kem512-fixed-prr0p50-rep12-seed200012-v1,A-kem512-fixed-prr0p50-rep12-seed200012,A_B1_VS_B2,COOJA_SIMULATION,512,1,fixed,0.5,,none,200012,valid,none,,,runs/A-kem512-fixed-prr0p50-rep12-seed200012-v1/cooja.log,98e04e8e184c24389be6c292872045e8f234674098bb9ef60bc8d9bfd976620b,13711,141,success,0,FAILED_PROTOCOL
A-kem512-fixed-prr0p50-rep12-seed200012-v2,A-kem512-fixed-prr0p50-rep12-seed200012,A_B1_VS_B2,COOJA_SIMULATION,512,2,fixed,0.5,,none,200012,valid,none,,,runs/A-kem512-fixed-prr0p50-rep12-seed200012-v2/cooja.log,ef2e49642d00b9ea69260545cfdee8f7c263075c869d4900dcd2ebe441d2a255,13945,143,success,0,FAILED_PROTOCOL
A-kem512-fixed-prr0p50-rep13-seed200013-v1,A-kem512-fixed-prr0p50-rep13-seed200013,A_B1_VS_B2,COOJA_SIMULATION,512,1,fixed,0.5,,none,200013,valid,none,,,runs/A-kem512-fixed-prr0p50-rep13-seed200013-v1/cooja.log,55d0390390f202fc3314aeac0575299308d523ccf5e718349e98e37c0ae3b82e,13506,139,success,0,FAILED_PROTOCOL
A-kem512-fixed-prr0p50-rep13-seed200013-v2,A-kem512-fixed-prr0p50-rep13-seed200013,A_B1_VS_B2,COOJA_SIMULATION,512,2,fixed,0.5,,none,200013,valid,none,,,runs/A-kem512-fixed-prr0p50-rep13-seed200013-v2/cooja.log,d3ec7552e69e3192b941a01c685d0243e702078f165ced6c33b18ab53f0fda22,13740,141,success,0,FAILED_PROTOCOL
A-kem512-fixed-prr0p50-rep14-seed200014-v1,A-kem512-fixed-prr0p50-rep14-seed200014,A_B1_VS_B2,COOJA_SIMULATION,512,1,fixed,0.5,,none,200014,valid,none,,,runs/A-kem512-fixed-prr0p50-rep14-seed200014-v1/cooja.log,ec83c36bd901f7f5a13e5e54c8cbc53e170ec14b075b7be2473c19c2460f00ee,13529,139,success,0,FAILED_PROTOCOL
A-kem512-fixed-prr0p50-rep14-seed200014-v2,A-kem512-fixed-prr0p50-rep14-seed200014,A_B1_VS_B2,COOJA_SIMULATION,512,2,fixed,0.5,,none,200014,valid,none,,,runs/A-kem512-fixed-prr0p50-rep14-seed200014-v2/cooja.log,d7ecc67c67c01ad51156dae5715f064f7bfdd62c63449b35b59da8411749ee34,13763,141,success,0,FAILED_PROTOCOL
A-kem512-fixed-prr0p50-rep15-seed200015-v1,A-kem512-fixed-prr0p50-rep15-seed200015,A_B1_VS_B2,COOJA_SIMULATION,512,1,fixed,0.5,,none,200015,valid,none,,,runs/A-kem512-fixed-prr0p50-rep15-seed200015-v1/cooja.log,3d911ba82992531ff4a29d2c6f6c3acd20db839ec42cb81f6b070b9950f4cc31,16189,166,success,0,FAILED_PROTOCOL
A-kem512-fixed-prr0p50-rep15-seed200015-v2,A-kem512-fixed-prr0p50-rep15-seed200015,A_B1_VS_B2,COOJA_SIMULATION,512,2,fixed,0.5,,none,200015,valid,none,,,runs/A-kem512-fixed-prr0p50-rep15-seed200015-v2/cooja.log,3ab1be47829fd9c0ee895d3484fff25fc1a6b9e925e75c0955aa1d2e26ef57cb,17642,177,success,1,SUCCESS
A-kem512-fixed-prr0p50-rep16-seed200016-v1,A-kem512-fixed-prr0p50-rep16-seed200016,A_B1_VS_B2,COOJA_SIMULATION,512,1,fixed,0.5,,none,200016,valid,none,,,runs/A-kem512-fixed-prr0p50-rep16-seed200016-v1/cooja.log,924fab88fbf7416e6d915bc3bb516b25f50ab49ebaa4899b3313f30fabb70c05,11273,114,success,0,FAILED_PROTOCOL
A-kem512-fixed-prr0p50-rep16-seed200016-v2,A-kem512-fixed-prr0p50-rep16-seed200016,A_B1_VS_B2,COOJA_SIMULATION,512,2,fixed,0.5,,none,200016,valid,none,,,runs/A-kem512-fixed-prr0p50-rep16-seed200016-v2/cooja.log,92e222c200b320e87526c81f97fb4f082860fea7b55a9626097542f9599a688e,11507,116,success,0,FAILED_PROTOCOL
A-kem512-fixed-prr0p50-rep17-seed200017-v1,A-kem512-fixed-prr0p50-rep17-seed200017,A_B1_VS_B2,COOJA_SIMULATION,512,1,fixed,0.5,,none,200017,valid,none,,,runs/A-kem512-fixed-prr0p50-rep17-seed200017-v1/cooja.log,2eb74a3fee92fd719f84d2253957a945080c8998e98062ed7c1ffe2df771e411,15398,157,success,0,FAILED_PROTOCOL
A-kem512-fixed-prr0p50-rep17-seed200017-v2,A-kem512-fixed-prr0p50-rep17-seed200017,A_B1_VS_B2,COOJA_SIMULATION,512,2,fixed,0.5,,none,200017,valid,none,,,runs/A-kem512-fixed-prr0p50-rep17-seed200017-v2/cooja.log,79b1c17b345d80fa0ad50f506f0bec645da8f3e34f7bf89be2310aecdb71af4c,17415,175,success,1,SUCCESS
A-kem512-fixed-prr0p50-rep18-seed200018-v1,A-kem512-fixed-prr0p50-rep18-seed200018,A_B1_VS_B2,COOJA_SIMULATION,512,1,fixed,0.5,,none,200018,valid,none,,,runs/A-kem512-fixed-prr0p50-rep18-seed200018-v1/cooja.log,d65021cf0a63d202c431d7aa7ac179113a6b90ac0291df00efa5cd5a4af57895,14463,150,success,0,FAILED_PROTOCOL
A-kem512-fixed-prr0p50-rep18-seed200018-v2,A-kem512-fixed-prr0p50-rep18-seed200018,A_B1_VS_B2,COOJA_SIMULATION,512,2,fixed,0.5,,none,200018,valid,none,,,runs/A-kem512-fixed-prr0p50-rep18-seed200018-v2/cooja.log,a6eeaf2044a2a51b5d5bc2a51a54e53395c583d721fd2768dabaa73fa6847423,14697,152,success,0,FAILED_PROTOCOL
A-kem512-fixed-prr0p50-rep19-seed200019-v1,A-kem512-fixed-prr0p50-rep19-seed200019,A_B1_VS_B2,COOJA_SIMULATION,512,1,fixed,0.5,,none,200019,valid,none,,,runs/A-kem512-fixed-prr0p50-rep19-seed200019-v1/cooja.log,addaa1dd8e8a2ca1b8ca268d94e51ce10853ca6876fa113ed4708ee920fbd398,14655,149,success,0,FAILED_PROTOCOL
A-kem512-fixed-prr0p50-rep19-seed200019-v2,A-kem512-fixed-prr0p50-rep19-seed200019,A_B1_VS_B2,COOJA_SIMULATION,512,2,fixed,0.5,,none,200019,valid,none,,,runs/A-kem512-fixed-prr0p50-rep19-seed200019-v2/cooja.log,2d59caca62cfcc6181877ba58e35f4c880f4c52e3a1975ebd64755ca5223b81a,16927,170,success,1,SUCCESS
A-kem512-fixed-prr0p50-rep20-seed200020-v1,A-kem512-fixed-prr0p50-rep20-seed200020,A_B1_VS_B2,COOJA_SIMULATION,512,1,fixed,0.5,,none,200020,valid,none,,,runs/A-kem512-fixed-prr0p50-rep20-seed200020-v1/cooja.log,dbd836f6597512ad546f6b7e6b7b17bd04010083cf67b7b42f55064c0bcb9778,12592,125,success,0,FAILED_PROTOCOL
A-kem512-fixed-prr0p50-rep20-seed200020-v2,A-kem512-fixed-prr0p50-rep20-seed200020,A_B1_VS_B2,COOJA_SIMULATION,512,2,fixed,0.5,,none,200020,valid,none,,,runs/A-kem512-fixed-prr0p50-rep20-seed200020-v2/cooja.log,0e24681592ef0d710ee2759e6fb71250edc5529f57f0d99b1c07630901519cf0,12819,130,success,0,FAILED_PROTOCOL
A-kem512-fixed-prr0p50-rep21-seed200021-v1,A-kem512-fixed-prr0p50-rep21-seed200021,A_B1_VS_B2,COOJA_SIMULATION,512,1,fixed,0.5,,none,200021,valid,none,,,runs/A-kem512-fixed-prr0p50-rep21-seed200021-v1/cooja.log,2ab7b58de325eb7b3fff52c0a7614d207f2a0f73cb8414ab402b7702420a89e8,10195,102,success,0,FAILED_PROTOCOL
A-kem512-fixed-prr0p50-rep21-seed200021-v2,A-kem512-fixed-prr0p50-rep21-seed200021,A_B1_VS_B2,COOJA_SIMULATION,512,2,fixed,0.5,,none,200021,valid,none,,,runs/A-kem512-fixed-prr0p50-rep21-seed200021-v2/cooja.log,8a12ba29574d58ddb764ee9e1d761bfedfbae5781e5c0e7f39b18a1cb95ae223,10429,104,success,0,FAILED_PROTOCOL
A-kem512-fixed-prr0p50-rep22-seed200022-v1,A-kem512-fixed-prr0p50-rep22-seed200022,A_B1_VS_B2,COOJA_SIMULATION,512,1,fixed,0.5,,none,200022,valid,none,,,runs/A-kem512-fixed-prr0p50-rep22-seed200022-v1/cooja.log,5d7cf427687432fdb3d9e2b92cf602056468f9f639dcc316a57124f2991ac936,11924,121,success,0,FAILED_PROTOCOL
A-kem512-fixed-prr0p50-rep22-seed200022-v2,A-kem512-fixed-prr0p50-rep22-seed200022,A_B1_VS_B2,COOJA_SIMULATION,512,2,fixed,0.5,,none,200022,valid,none,,,runs/A-kem512-fixed-prr0p50-rep22-seed200022-v2/cooja.log,d2e8c22a5a2d2a79a72f5b62fcfb2b19850b46d140a41262ba23094637f7926c,12158,123,success,0,FAILED_PROTOCOL
A-kem512-fixed-prr0p50-rep23-seed200023-v1,A-kem512-fixed-prr0p50-rep23-seed200023,A_B1_VS_B2,COOJA_SIMULATION,512,1,fixed,0.5,,none,200023,valid,none,,,runs/A-kem512-fixed-prr0p50-rep23-seed200023-v1/cooja.log,bef8a3a3257ab645d07df276196487afaa42804919c26282170a2fd05b9f788c,11151,110,success,0,FAILED_PROTOCOL
A-kem512-fixed-prr0p50-rep23-seed200023-v2,A-kem512-fixed-prr0p50-rep23-seed200023,A_B1_VS_B2,COOJA_SIMULATION,512,2,fixed,0.5,,none,200023,valid,none,,,runs/A-kem512-fixed-prr0p50-rep23-seed200023-v2/cooja.log,1bd7438ae9d4620869639204933ecbf24b5c5a9896bea1988db641cef04149d8,17045,175,success,0,FAILED_PROTOCOL
A-kem512-fixed-prr0p50-rep24-seed200024-v1,A-kem512-fixed-prr0p50-rep24-seed200024,A_B1_VS_B2,COOJA_SIMULATION,512,1,fixed,0.5,,none,200024,valid,none,,,runs/A-kem512-fixed-prr0p50-rep24-seed200024-v1/cooja.log,7432173edd9eb6ad83e46090f8a2282da8add653f384492fa7e3af1edde47343,12464,127,success,0,FAILED_PROTOCOL
A-kem512-fixed-prr0p50-rep24-seed200024-v2,A-kem512-fixed-prr0p50-rep24-seed200024,A_B1_VS_B2,COOJA_SIMULATION,512,2,fixed,0.5,,none,200024,valid,none,,,runs/A-kem512-fixed-prr0p50-rep24-seed200024-v2/cooja.log,cc6ce9311d6a09be0b7af29dbea51588ab90a1e06066e9d77fed01607476d647,12698,129,success,0,FAILED_PROTOCOL
A-kem512-fixed-prr0p50-rep25-seed200025-v1,A-kem512-fixed-prr0p50-rep25-seed200025,A_B1_VS_B2,COOJA_SIMULATION,512,1,fixed,0.5,,none,200025,valid,none,,,runs/A-kem512-fixed-prr0p50-rep25-seed200025-v1/cooja.log,28cadd7221e32d3a2ea058a7e3f0286e0387128ceea7a48631327a8cd1e58f54,11746,117,success,0,FAILED_PROTOCOL
A-kem512-fixed-prr0p50-rep25-seed200025-v2,A-kem512-fixed-prr0p50-rep25-seed200025,A_B1_VS_B2,COOJA_SIMULATION,512,2,fixed,0.5,,none,200025,valid,none,,,runs/A-kem512-fixed-prr0p50-rep25-seed200025-v2/cooja.log,d65f41733fb7eacd135545bfadead7cc7e3bebeaa64a21fcccaf1308b326c4f7,16100,161,success,1,SUCCESS
A-kem512-fixed-prr0p50-rep26-seed200026-v1,A-kem512-fixed-prr0p50-rep26-seed200026,A_B1_VS_B2,COOJA_SIMULATION,512,1,fixed,0.5,,none,200026,valid,none,,,runs/A-kem512-fixed-prr0p50-rep26-seed200026-v1/cooja.log,0881ee39fb935b59f99e8af6bf188ee3c145b6b6885c92bdb97c07549f7be0e5,12636,129,success,0,FAILED_PROTOCOL
A-kem512-fixed-prr0p50-rep26-seed200026-v2,A-kem512-fixed-prr0p50-rep26-seed200026,A_B1_VS_B2,COOJA_SIMULATION,512,2,fixed,0.5,,none,200026,valid,none,,,runs/A-kem512-fixed-prr0p50-rep26-seed200026-v2/cooja.log,6e0232162b27a1a832c93f54b1dbf5ff563cc93baa3861b5abb582a5f9127985,12870,131,success,0,FAILED_PROTOCOL
A-kem512-fixed-prr0p50-rep27-seed200027-v1,A-kem512-fixed-prr0p50-rep27-seed200027,A_B1_VS_B2,COOJA_SIMULATION,512,1,fixed,0.5,,none,200027,valid,none,,,runs/A-kem512-fixed-prr0p50-rep27-seed200027-v1/cooja.log,a04d8cae5e3a298f24cec1a076cb8068019072aef0985c8b2b09fe778a58ee81,12954,133,success,0,FAILED_PROTOCOL
A-kem512-fixed-prr0p50-rep27-seed200027-v2,A-kem512-fixed-prr0p50-rep27-seed200027,A_B1_VS_B2,COOJA_SIMULATION,512,2,fixed,0.5,,none,200027,valid,none,,,runs/A-kem512-fixed-prr0p50-rep27-seed200027-v2/cooja.log,c833cbb25b7356c0b4969f1f78a11f6e57c5fc50e70dd1c4751ce9bf4fafa5f9,13188,135,success,0,FAILED_PROTOCOL
A-kem512-fixed-prr0p50-rep28-seed200028-v1,A-kem512-fixed-prr0p50-rep28-seed200028,A_B1_VS_B2,COOJA_SIMULATION,512,1,fixed,0.5,,none,200028,valid,none,,,runs/A-kem512-fixed-prr0p50-rep28-seed200028-v1/cooja.log,794c424e6e456818eeade0fa254dddb0c95f4ba38d2f924d0ea9e64007e2b6c5,12132,124,success,0,FAILED_PROTOCOL
A-kem512-fixed-prr0p50-rep28-seed200028-v2,A-kem512-fixed-prr0p50-rep28-seed200028,A_B1_VS_B2,COOJA_SIMULATION,512,2,fixed,0.5,,none,200028,valid,none,,,runs/A-kem512-fixed-prr0p50-rep28-seed200028-v2/cooja.log,ce973ca71a376e909c6acef2e219e8771457f96745001af65d021c11934db822,12366,126,success,0,FAILED_PROTOCOL
A-kem512-fixed-prr0p50-rep29-seed200029-v1,A-kem512-fixed-prr0p50-rep29-seed200029,A_B1_VS_B2,COOJA_SIMULATION,512,1,fixed,0.5,,none,200029,valid,none,,,runs/A-kem512-fixed-prr0p50-rep29-seed200029-v1/cooja.log,c8a9f1cdd933dbd8caea579302c68f21c7e7c6c8ffd9da71121a9c66928ccf6a,11226,114,success,0,FAILED_PROTOCOL
A-kem512-fixed-prr0p50-rep29-seed200029-v2,A-kem512-fixed-prr0p50-rep29-seed200029,A_B1_VS_B2,COOJA_SIMULATION,512,2,fixed,0.5,,none,200029,valid,none,,,runs/A-kem512-fixed-prr0p50-rep29-seed200029-v2/cooja.log,fc0c8a2cfdfea766d000948c8a63c031c4b3b8e34eaec4c65601963a4b38cf50,11460,116,success,0,FAILED_PROTOCOL
A-kem512-fixed-prr0p50-rep30-seed200030-v1,A-kem512-fixed-prr0p50-rep30-seed200030,A_B1_VS_B2,COOJA_SIMULATION,512,1,fixed,0.5,,none,200030,valid,none,,,runs/A-kem512-fixed-prr0p50-rep30-seed200030-v1/cooja.log,35e49c65dc5de0b7e890d9935128c8aeae2115cc9c1a1b8bad4083b5c616fd7d,11960,118,success,0,FAILED_PROTOCOL
A-kem512-fixed-prr0p50-rep30-seed200030-v2,A-kem512-fixed-prr0p50-rep30-seed200030,A_B1_VS_B2,COOJA_SIMULATION,512,2,fixed,0.5,,none,200030,valid,none,,,runs/A-kem512-fixed-prr0p50-rep30-seed200030-v2/cooja.log,4844fcd665048d99c1bc871606bab85c57989daaaa5b6b886ab1922c3fb4cf2d,12070,122,success,0,FAILED_PROTOCOL
A-kem512-fixed-prr0p85-rep01-seed200001-v1,A-kem512-fixed-prr0p85-rep01-seed200001,A_B1_VS_B2,COOJA_SIMULATION,512,1,fixed,0.85,,none,200001,valid,none,,,runs/A-kem512-fixed-prr0p85-rep01-seed200001-v1/cooja.log,865b050c63c8c1c8a7220adeae977320834f8a4cf17e758888e6c859ac6999b1,10911,115,success,1,SUCCESS
A-kem512-fixed-prr0p85-rep01-seed200001-v2,A-kem512-fixed-prr0p85-rep01-seed200001,A_B1_VS_B2,COOJA_SIMULATION,512,2,fixed,0.85,,none,200001,valid,none,,,runs/A-kem512-fixed-prr0p85-rep01-seed200001-v2/cooja.log,2375c8f59243af62152515e013bc64ef2a09a06f221ddfb3a3d96a23025f0878,14815,147,success,1,SUCCESS
A-kem512-fixed-prr0p85-rep02-seed200002-v1,A-kem512-fixed-prr0p85-rep02-seed200002,A_B1_VS_B2,COOJA_SIMULATION,512,1,fixed,0.85,,none,200002,valid,none,,,runs/A-kem512-fixed-prr0p85-rep02-seed200002-v1/cooja.log,b5bbe0325c0aebcee2a1859b1d03c06b3f9b1a3ed4d6ed9f647b0b2eb181dad1,10734,108,success,0,FAILED_PROTOCOL
A-kem512-fixed-prr0p85-rep02-seed200002-v2,A-kem512-fixed-prr0p85-rep02-seed200002,A_B1_VS_B2,COOJA_SIMULATION,512,2,fixed,0.85,,none,200002,valid,none,,,runs/A-kem512-fixed-prr0p85-rep02-seed200002-v2/cooja.log,6b007f3464bf4d0ecaeb4aaf5b79edcd4926842d7024574daa204219fc9ddaa6,10968,110,success,0,FAILED_PROTOCOL
A-kem512-fixed-prr0p85-rep03-seed200003-v1,A-kem512-fixed-prr0p85-rep03-seed200003,A_B1_VS_B2,COOJA_SIMULATION,512,1,fixed,0.85,,none,200003,valid,none,,,runs/A-kem512-fixed-prr0p85-rep03-seed200003-v1/cooja.log,10969abe849458ddd53d387d8c87ebc193d8472db4fb996e944dc1e5a3d5fa2d,10911,115,success,1,SUCCESS
A-kem512-fixed-prr0p85-rep03-seed200003-v2,A-kem512-fixed-prr0p85-rep03-seed200003,A_B1_VS_B2,COOJA_SIMULATION,512,2,fixed,0.85,,none,200003,valid,none,,,runs/A-kem512-fixed-prr0p85-rep03-seed200003-v2/cooja.log,01db83500487d430f4c3564a63ca52406e0195e8773b8f59f28329c3de173d2e,14815,147,success,1,SUCCESS
A-kem512-fixed-prr0p85-rep04-seed200004-v1,A-kem512-fixed-prr0p85-rep04-seed200004,A_B1_VS_B2,COOJA_SIMULATION,512,1,fixed,0.85,,none,200004,valid,none,,,runs/A-kem512-fixed-prr0p85-rep04-seed200004-v1/cooja.log,1e7173881fcdad99e542df229521a2c66ae6aca7acd8dad972d49857a52e5115,11885,121,success,0,FAILED_PROTOCOL
A-kem512-fixed-prr0p85-rep04-seed200004-v2,A-kem512-fixed-prr0p85-rep04-seed200004,A_B1_VS_B2,COOJA_SIMULATION,512,2,fixed,0.85,,none,200004,valid,none,,,runs/A-kem512-fixed-prr0p85-rep04-seed200004-v2/cooja.log,3e51e8248383e9cfe205458a93588f90e435adeb6777ff3adf0092b728fccd4d,12119,123,success,0,FAILED_PROTOCOL
A-kem512-fixed-prr0p85-rep05-seed200005-v1,A-kem512-fixed-prr0p85-rep05-seed200005,A_B1_VS_B2,COOJA_SIMULATION,512,1,fixed,0.85,,none,200005,valid,none,,,runs/A-kem512-fixed-prr0p85-rep05-seed200005-v1/cooja.log,26c310addf9b912724a1fffd365d03d8c415036ae03dd2820ce9ec931ef870d5,12027,123,success,0,FAILED_PROTOCOL
A-kem512-fixed-prr0p85-rep05-seed200005-v2,A-kem512-fixed-prr0p85-rep05-seed200005,A_B1_VS_B2,COOJA_SIMULATION,512,2,fixed,0.85,,none,200005,valid,none,,,runs/A-kem512-fixed-prr0p85-rep05-seed200005-v2/cooja.log,4c126777d8eb8b7671e6b7175cbcd7e449de90da6f3b5066d60684a262e01aac,12261,125,success,0,FAILED_PROTOCOL
A-kem512-fixed-prr0p85-rep06-seed200006-v1,A-kem512-fixed-prr0p85-rep06-seed200006,A_B1_VS_B2,COOJA_SIMULATION,512,1,fixed,0.85,,none,200006,valid,none,,,runs/A-kem512-fixed-prr0p85-rep06-seed200006-v1/cooja.log,0d7df5f34e43c1a34efcf55ba5fe32df8d34306ea4c0fa5453a9f171bcb09aa9,10914,115,success,1,SUCCESS
A-kem512-fixed-prr0p85-rep06-seed200006-v2,A-kem512-fixed-prr0p85-rep06-seed200006,A_B1_VS_B2,COOJA_SIMULATION,512,2,fixed,0.85,,none,200006,valid,none,,,runs/A-kem512-fixed-prr0p85-rep06-seed200006-v2/cooja.log,96191cccd3f2a16b4319dc752fe6f8e530d08ffed5129f0d0237e575ca7dd68c,14818,147,success,1,SUCCESS
A-kem512-fixed-prr0p85-rep07-seed200007-v1,A-kem512-fixed-prr0p85-rep07-seed200007,A_B1_VS_B2,COOJA_SIMULATION,512,1,fixed,0.85,,none,200007,valid,none,,,runs/A-kem512-fixed-prr0p85-rep07-seed200007-v1/cooja.log,ec53a05b1466985d5cac2e99ce3874dc6d107b19e1a07539be7c6c1ca9de8403,10908,115,success,1,SUCCESS
A-kem512-fixed-prr0p85-rep07-seed200007-v2,A-kem512-fixed-prr0p85-rep07-seed200007,A_B1_VS_B2,COOJA_SIMULATION,512,2,fixed,0.85,,none,200007,valid,none,,,runs/A-kem512-fixed-prr0p85-rep07-seed200007-v2/cooja.log,761bf9c06a392cba83b19160e3b5e78b7b61fd7281a71ab226419232f124988e,14812,147,success,1,SUCCESS
A-kem512-fixed-prr0p85-rep08-seed200008-v1,A-kem512-fixed-prr0p85-rep08-seed200008,A_B1_VS_B2,COOJA_SIMULATION,512,1,fixed,0.85,,none,200008,valid,none,,,runs/A-kem512-fixed-prr0p85-rep08-seed200008-v1/cooja.log,2bbc6bdf6ca8739a5635f6455ba303a7790d9c268115808ace3bd04e5dfa4289,11398,113,success,0,FAILED_PROTOCOL
A-kem512-fixed-prr0p85-rep08-seed200008-v2,A-kem512-fixed-prr0p85-rep08-seed200008,A_B1_VS_B2,COOJA_SIMULATION,512,2,fixed,0.85,,none,200008,valid,none,,,runs/A-kem512-fixed-prr0p85-rep08-seed200008-v2/cooja.log,6e931b87d9a5ab959e50f951078b12ebd2d279c9c565eac79b435a63a3f8a70b,15449,154,success,1,SUCCESS
A-kem512-fixed-prr0p85-rep09-seed200009-v1,A-kem512-fixed-prr0p85-rep09-seed200009,A_B1_VS_B2,COOJA_SIMULATION,512,1,fixed,0.85,,none,200009,valid,none,,,runs/A-kem512-fixed-prr0p85-rep09-seed200009-v1/cooja.log,7b7c32de812d42de41c7881ec07be5d07a837bc974db421219a404cfda92335b,11567,115,success,0,FAILED_PROTOCOL
A-kem512-fixed-prr0p85-rep09-seed200009-v2,A-kem512-fixed-prr0p85-rep09-seed200009,A_B1_VS_B2,COOJA_SIMULATION,512,2,fixed,0.85,,none,200009,valid,none,,,runs/A-kem512-fixed-prr0p85-rep09-seed200009-v2/cooja.log,ed35c7d6e131062c919198f0847c92a08404f7cd1d9b83ebe7bf18973ac0a685,15731,157,success,1,SUCCESS
A-kem512-fixed-prr0p85-rep10-seed200010-v1,A-kem512-fixed-prr0p85-rep10-seed200010,A_B1_VS_B2,COOJA_SIMULATION,512,1,fixed,0.85,,none,200010,valid,none,,,runs/A-kem512-fixed-prr0p85-rep10-seed200010-v1/cooja.log,127854da822b57f363bb5b47f24994061bc46b8cc63855ab9fa08964cd31c4b0,10843,114,success,1,SUCCESS
A-kem512-fixed-prr0p85-rep10-seed200010-v2,A-kem512-fixed-prr0p85-rep10-seed200010,A_B1_VS_B2,COOJA_SIMULATION,512,2,fixed,0.85,,none,200010,valid,none,,,runs/A-kem512-fixed-prr0p85-rep10-seed200010-v2/cooja.log,bdd69a008fd945f658ac622fa9c4d6287e94225c09bb9ba58eb25b8df0c11211,14747,146,success,1,SUCCESS
A-kem512-fixed-prr0p85-rep11-seed200011-v1,A-kem512-fixed-prr0p85-rep11-seed200011,A_B1_VS_B2,COOJA_SIMULATION,512,1,fixed,0.85,,none,200011,valid,none,,,runs/A-kem512-fixed-prr0p85-rep11-seed200011-v1/cooja.log,8899b8b4081f53b0c251ea25a6b3add8228a4c7534e4eb5dc898f25032dacc9d,14168,143,success,0,FAILED_PROTOCOL
A-kem512-fixed-prr0p85-rep11-seed200011-v2,A-kem512-fixed-prr0p85-rep11-seed200011,A_B1_VS_B2,COOJA_SIMULATION,512,2,fixed,0.85,,none,200011,valid,none,,,runs/A-kem512-fixed-prr0p85-rep11-seed200011-v2/cooja.log,f0bdbcf2eb7be61c55ea627f0136bf6c95f6be672a0717e00bc38221be3540e1,15815,158,success,1,SUCCESS
A-kem512-fixed-prr0p85-rep12-seed200012-v1,A-kem512-fixed-prr0p85-rep12-seed200012,A_B1_VS_B2,COOJA_SIMULATION,512,1,fixed,0.85,,none,200012,valid,none,,,runs/A-kem512-fixed-prr0p85-rep12-seed200012-v1/cooja.log,9c9d54d25eea8fa9378604f6e306615ccbcc17fac6ecc7287c6247947fc65cf7,11744,120,success,0,FAILED_PROTOCOL
A-kem512-fixed-prr0p85-rep12-seed200012-v2,A-kem512-fixed-prr0p85-rep12-seed200012,A_B1_VS_B2,COOJA_SIMULATION,512,2,fixed,0.85,,none,200012,valid,none,,,runs/A-kem512-fixed-prr0p85-rep12-seed200012-v2/cooja.log,5fb53e44b6e7c0ecb3dbaf13581c4a032ccf2df1a3989fec20c1641b795d467d,11978,122,success,0,FAILED_PROTOCOL
A-kem512-fixed-prr0p85-rep13-seed200013-v1,A-kem512-fixed-prr0p85-rep13-seed200013,A_B1_VS_B2,COOJA_SIMULATION,512,1,fixed,0.85,,none,200013,valid,none,,,runs/A-kem512-fixed-prr0p85-rep13-seed200013-v1/cooja.log,088b8853bb0630038915c4fa6d8f9c9549f8f061ac2d3cf0e40b3996d2f44f4a,10870,110,success,0,FAILED_PROTOCOL
A-kem512-fixed-prr0p85-rep13-seed200013-v2,A-kem512-fixed-prr0p85-rep13-seed200013,A_B1_VS_B2,COOJA_SIMULATION,512,2,fixed,0.85,,none,200013,valid,none,,,runs/A-kem512-fixed-prr0p85-rep13-seed200013-v2/cooja.log,6e73673c9eee6c03edef1ac9967f474581c7663c85e5e1b53d1a2bd5dfdbe81d,11104,112,success,0,FAILED_PROTOCOL
A-kem512-fixed-prr0p85-rep14-seed200014-v1,A-kem512-fixed-prr0p85-rep14-seed200014,A_B1_VS_B2,COOJA_SIMULATION,512,1,fixed,0.85,,none,200014,valid,none,,,runs/A-kem512-fixed-prr0p85-rep14-seed200014-v1/cooja.log,c134efb6b339e020879e8cffa069179b2ea3c9ed9011d27d95fe65028994e5b8,14275,148,success,0,FAILED_PROTOCOL
A-kem512-fixed-prr0p85-rep14-seed200014-v2,A-kem512-fixed-prr0p85-rep14-seed200014,A_B1_VS_B2,COOJA_SIMULATION,512,2,fixed,0.85,,none,200014,valid,none,,,runs/A-kem512-fixed-prr0p85-rep14-seed200014-v2/cooja.log,0a33429e079be682b39f0895a33de7bb390b680ee461699cd2b331ead6c3459e,14509,150,success,0,FAILED_PROTOCOL
A-kem512-fixed-prr0p85-rep15-seed200015-v1,A-kem512-fixed-prr0p85-rep15-seed200015,A_B1_VS_B2,COOJA_SIMULATION,512,1,fixed,0.85,,none,200015,valid,none,,,runs/A-kem512-fixed-prr0p85-rep15-seed200015-v1/cooja.log,00cefbde1e514923e8954462b8b5c34898c8922fa57a756517c5859e599bf402,11071,109,success,0,FAILED_PROTOCOL
A-kem512-fixed-prr0p85-rep15-seed200015-v2,A-kem512-fixed-prr0p85-rep15-seed200015,A_B1_VS_B2,COOJA_SIMULATION,512,2,fixed,0.85,,none,200015,valid,none,,,runs/A-kem512-fixed-prr0p85-rep15-seed200015-v2/cooja.log,17be71ac2387133c24224eb52f3e694a94bf7747d017e3afa24238758cd0a5c5,16451,164,success,1,SUCCESS
A-kem512-fixed-prr0p85-rep16-seed200016-v1,A-kem512-fixed-prr0p85-rep16-seed200016,A_B1_VS_B2,COOJA_SIMULATION,512,1,fixed,0.85,,none,200016,valid,none,,,runs/A-kem512-fixed-prr0p85-rep16-seed200016-v1/cooja.log,ab201b21945feb248de51c391596bb75f7b378e8547d777f2117c93762b64608,11074,112,success,0,FAILED_PROTOCOL
A-kem512-fixed-prr0p85-rep16-seed200016-v2,A-kem512-fixed-prr0p85-rep16-seed200016,A_B1_VS_B2,COOJA_SIMULATION,512,2,fixed,0.85,,none,200016,valid,none,,,runs/A-kem512-fixed-prr0p85-rep16-seed200016-v2/cooja.log,0d794ef71a7259c6558d95a4ed061f3fed3d85b89f72e431af376a242918407a,11308,114,success,0,FAILED_PROTOCOL
A-kem512-fixed-prr0p85-rep17-seed200017-v1,A-kem512-fixed-prr0p85-rep17-seed200017,A_B1_VS_B2,COOJA_SIMULATION,512,1,fixed,0.85,,none,200017,valid,none,,,runs/A-kem512-fixed-prr0p85-rep17-seed200017-v1/cooja.log,d226070eb010294d9881099ded05c4ccdad0a9ececa2c752a14ef23b25a2724b,10917,115,success,1,SUCCESS
A-kem512-fixed-prr0p85-rep17-seed200017-v2,A-kem512-fixed-prr0p85-rep17-seed200017,A_B1_VS_B2,COOJA_SIMULATION,512,2,fixed,0.85,,none,200017,valid,none,,,runs/A-kem512-fixed-prr0p85-rep17-seed200017-v2/cooja.log,5ec8ea67b9152acf5813b8623d4f00e98504b4343c311d363a3b87b6e6e4db61,14919,148,success,1,SUCCESS
A-kem512-fixed-prr0p85-rep18-seed200018-v1,A-kem512-fixed-prr0p85-rep18-seed200018,A_B1_VS_B2,COOJA_SIMULATION,512,1,fixed,0.85,,none,200018,valid,none,,,runs/A-kem512-fixed-prr0p85-rep18-seed200018-v1/cooja.log,67eab8499563512cba86fbf7bd0ae1b26f3e3b229d6c1da3f2db6bf855545f11,10836,114,success,1,SUCCESS
A-kem512-fixed-prr0p85-rep18-seed200018-v2,A-kem512-fixed-prr0p85-rep18-seed200018,A_B1_VS_B2,COOJA_SIMULATION,512,2,fixed,0.85,,none,200018,valid,none,,,runs/A-kem512-fixed-prr0p85-rep18-seed200018-v2/cooja.log,17de9cd7d310c2381c6994f1128ce0340366eb4fd5170061cbf890155867390f,14740,146,success,1,SUCCESS
A-kem512-fixed-prr0p85-rep19-seed200019-v1,A-kem512-fixed-prr0p85-rep19-seed200019,A_B1_VS_B2,COOJA_SIMULATION,512,1,fixed,0.85,,none,200019,valid,none,,,runs/A-kem512-fixed-prr0p85-rep19-seed200019-v1/cooja.log,e5f7752e498cafd717ec36c03865dd957dbd0729fddeeec3f54981425c4dfbf6,11496,114,success,0,FAILED_PROTOCOL
A-kem512-fixed-prr0p85-rep19-seed200019-v2,A-kem512-fixed-prr0p85-rep19-seed200019,A_B1_VS_B2,COOJA_SIMULATION,512,2,fixed,0.85,,none,200019,valid,none,,,runs/A-kem512-fixed-prr0p85-rep19-seed200019-v2/cooja.log,64c5ffc6282eb74e18c4e98c05b97abe1dcfe1bd7f00d487da95954b2631be48,16608,166,success,1,SUCCESS
A-kem512-fixed-prr0p85-rep20-seed200020-v1,A-kem512-fixed-prr0p85-rep20-seed200020,A_B1_VS_B2,COOJA_SIMULATION,512,1,fixed,0.85,,none,200020,valid,none,,,runs/A-kem512-fixed-prr0p85-rep20-seed200020-v1/cooja.log,d7facb8f2fe1720d652aebf77a63f32fa22456be008846567dd30904fd1eab52,13706,138,success,0,FAILED_PROTOCOL
A-kem512-fixed-prr0p85-rep20-seed200020-v2,A-kem512-fixed-prr0p85-rep20-seed200020,A_B1_VS_B2,COOJA_SIMULATION,512,2,fixed,0.85,,none,200020,valid,none,,,runs/A-kem512-fixed-prr0p85-rep20-seed200020-v2/cooja.log,1cc9064a423c4ec143bb94b99800fd0a4acd33542e4934bda0ffdc4c8e797dad,15361,153,success,1,SUCCESS
A-kem512-fixed-prr0p85-rep21-seed200021-v1,A-kem512-fixed-prr0p85-rep21-seed200021,A_B1_VS_B2,COOJA_SIMULATION,512,1,fixed,0.85,,none,200021,valid,none,,,runs/A-kem512-fixed-prr0p85-rep21-seed200021-v1/cooja.log,c140d1e62d0e945621f8eef9a6008cd2fad2fa20f193dcf68cfd225fb8b2bfcc,13475,139,success,0,FAILED_PROTOCOL
A-kem512-fixed-prr0p85-rep21-seed200021-v2,A-kem512-fixed-prr0p85-rep21-seed200021,A_B1_VS_B2,COOJA_SIMULATION,512,2,fixed,0.85,,none,200021,valid,none,,,runs/A-kem512-fixed-prr0p85-rep21-seed200021-v2/cooja.log,5bcf47f9ea68528422bdbe1456b9f1ba89f7dcffbf3ed22e86a666263084992a,13709,141,success,0,FAILED_PROTOCOL
A-kem512-fixed-prr0p85-rep22-seed200022-v1,A-kem512-fixed-prr0p85-rep22-seed200022,A_B1_VS_B2,COOJA_SIMULATION,512,1,fixed,0.85,,none,200022,valid,none,,,runs/A-kem512-fixed-prr0p85-rep22-seed200022-v1/cooja.log,68a936acd92339152dd7344be570a6b95b5683e5908e3156fa86af8d0b49c23e,10832,114,success,1,SUCCESS
A-kem512-fixed-prr0p85-rep22-seed200022-v2,A-kem512-fixed-prr0p85-rep22-seed200022,A_B1_VS_B2,COOJA_SIMULATION,512,2,fixed,0.85,,none,200022,valid,none,,,runs/A-kem512-fixed-prr0p85-rep22-seed200022-v2/cooja.log,dc0683d72799518bb1d1b1d052e3a229feea1d1aad6e8f49dd9d3fafc8d30ebb,14736,146,success,1,SUCCESS
A-kem512-fixed-prr0p85-rep23-seed200023-v1,A-kem512-fixed-prr0p85-rep23-seed200023,A_B1_VS_B2,COOJA_SIMULATION,512,1,fixed,0.85,,none,200023,valid,none,,,runs/A-kem512-fixed-prr0p85-rep23-seed200023-v1/cooja.log,cd3181073ed06a68f962a78d3501061dc0c77eca723cd5ce19338190a64b7649,10914,115,success,1,SUCCESS
A-kem512-fixed-prr0p85-rep23-seed200023-v2,A-kem512-fixed-prr0p85-rep23-seed200023,A_B1_VS_B2,COOJA_SIMULATION,512,2,fixed,0.85,,none,200023,valid,none,,,runs/A-kem512-fixed-prr0p85-rep23-seed200023-v2/cooja.log,bbee7039ecc191a9223bfa6b567547f93e5108ff98c7ea88a5be04dc1d92ef1e,14818,147,success,1,SUCCESS
A-kem512-fixed-prr0p85-rep24-seed200024-v1,A-kem512-fixed-prr0p85-rep24-seed200024,A_B1_VS_B2,COOJA_SIMULATION,512,1,fixed,0.85,,none,200024,valid,none,,,runs/A-kem512-fixed-prr0p85-rep24-seed200024-v1/cooja.log,d22928868460cf916c1a89a2ec8b6c99d8b34a8d3c2405c9cc8bc7b1202d29a3,10914,115,success,1,SUCCESS
A-kem512-fixed-prr0p85-rep24-seed200024-v2,A-kem512-fixed-prr0p85-rep24-seed200024,A_B1_VS_B2,COOJA_SIMULATION,512,2,fixed,0.85,,none,200024,valid,none,,,runs/A-kem512-fixed-prr0p85-rep24-seed200024-v2/cooja.log,8c9333927fd221cebee238189cd71afd935131ac31d893dcdfec91563e680fad,14818,147,success,1,SUCCESS
A-kem512-fixed-prr0p85-rep25-seed200025-v1,A-kem512-fixed-prr0p85-rep25-seed200025,A_B1_VS_B2,COOJA_SIMULATION,512,1,fixed,0.85,,none,200025,valid,none,,,runs/A-kem512-fixed-prr0p85-rep25-seed200025-v1/cooja.log,d116f6fdb22622e51cd32cd99f21d7bb901067c370cdc6526e547aeab1bb74ea,10908,115,success,1,SUCCESS
A-kem512-fixed-prr0p85-rep25-seed200025-v2,A-kem512-fixed-prr0p85-rep25-seed200025,A_B1_VS_B2,COOJA_SIMULATION,512,2,fixed,0.85,,none,200025,valid,none,,,runs/A-kem512-fixed-prr0p85-rep25-seed200025-v2/cooja.log,390f90b1d57aba1abac3db82c8d4aab3031bcbd159da3d186916b234cb49e612,14812,147,success,1,SUCCESS
A-kem512-fixed-prr0p85-rep26-seed200026-v1,A-kem512-fixed-prr0p85-rep26-seed200026,A_B1_VS_B2,COOJA_SIMULATION,512,1,fixed,0.85,,none,200026,valid,none,,,runs/A-kem512-fixed-prr0p85-rep26-seed200026-v1/cooja.log,23b7e40beb97087c7875c19b5474feb2a739c7ce6b0c88aff32f166d43b11570,13322,137,success,0,FAILED_PROTOCOL
A-kem512-fixed-prr0p85-rep26-seed200026-v2,A-kem512-fixed-prr0p85-rep26-seed200026,A_B1_VS_B2,COOJA_SIMULATION,512,2,fixed,0.85,,none,200026,valid,none,,,runs/A-kem512-fixed-prr0p85-rep26-seed200026-v2/cooja.log,e1249687f2dddf7938da72f8825c6ae468dd8bc29da41b61689f49bf388c83ef,13556,139,success,0,FAILED_PROTOCOL
A-kem512-fixed-prr0p85-rep27-seed200027-v1,A-kem512-fixed-prr0p85-rep27-seed200027,A_B1_VS_B2,COOJA_SIMULATION,512,1,fixed,0.85,,none,200027,valid,none,,,runs/A-kem512-fixed-prr0p85-rep27-seed200027-v1/cooja.log,24d57dc126caf29172d55d540c2a733a9ab90e395e62189369db375fbae04c87,12039,123,success,0,FAILED_PROTOCOL
A-kem512-fixed-prr0p85-rep27-seed200027-v2,A-kem512-fixed-prr0p85-rep27-seed200027,A_B1_VS_B2,COOJA_SIMULATION,512,2,fixed,0.85,,none,200027,valid,none,,,runs/A-kem512-fixed-prr0p85-rep27-seed200027-v2/cooja.log,b269f2119962700640643e9ce3bfb0497f219c7bd655c7a343a47ade416b9755,12273,125,success,0,FAILED_PROTOCOL
A-kem512-fixed-prr0p85-rep28-seed200028-v1,A-kem512-fixed-prr0p85-rep28-seed200028,A_B1_VS_B2,COOJA_SIMULATION,512,1,fixed,0.85,,none,200028,valid,none,,,runs/A-kem512-fixed-prr0p85-rep28-seed200028-v1/cooja.log,a33924219beb8bf197dfe385e2feba0a59c76845545e3767c081dc55bc42481c,11567,115,success,0,FAILED_PROTOCOL
A-kem512-fixed-prr0p85-rep28-seed200028-v2,A-kem512-fixed-prr0p85-rep28-seed200028,A_B1_VS_B2,COOJA_SIMULATION,512,2,fixed,0.85,,none,200028,valid,none,,,runs/A-kem512-fixed-prr0p85-rep28-seed200028-v2/cooja.log,df7df2ef1495d92d7c560c11dca402d79f1d6d66eb8fc1a72e46afa0dc352ae3,15368,153,success,1,SUCCESS
A-kem512-fixed-prr0p85-rep29-seed200029-v1,A-kem512-fixed-prr0p85-rep29-seed200029,A_B1_VS_B2,COOJA_SIMULATION,512,1,fixed,0.85,,none,200029,valid,none,,,runs/A-kem512-fixed-prr0p85-rep29-seed200029-v1/cooja.log,a28ba812d081225d0e53a415e57a74009adde3b5ba1d28973d712d86bab2fc6e,10917,115,success,1,SUCCESS
A-kem512-fixed-prr0p85-rep29-seed200029-v2,A-kem512-fixed-prr0p85-rep29-seed200029,A_B1_VS_B2,COOJA_SIMULATION,512,2,fixed,0.85,,none,200029,valid,none,,,runs/A-kem512-fixed-prr0p85-rep29-seed200029-v2/cooja.log,11fbd687814cc06d3f79ed085ce1e81fbb7258a63f4f33584377515920845193,15100,150,success,1,SUCCESS
A-kem512-fixed-prr0p85-rep30-seed200030-v1,A-kem512-fixed-prr0p85-rep30-seed200030,A_B1_VS_B2,COOJA_SIMULATION,512,1,fixed,0.85,,none,200030,valid,none,,,runs/A-kem512-fixed-prr0p85-rep30-seed200030-v1/cooja.log,55f5b62d0ec30d54059ca26c4fd79ab34c2e854f49fc7f0e7d51b2f6d9b8ea30,13649,137,success,0,FAILED_PROTOCOL
A-kem512-fixed-prr0p85-rep30-seed200030-v2,A-kem512-fixed-prr0p85-rep30-seed200030,A_B1_VS_B2,COOJA_SIMULATION,512,2,fixed,0.85,,none,200030,valid,none,,,runs/A-kem512-fixed-prr0p85-rep30-seed200030-v2/cooja.log,5027f04b069af9eaa7b2882e68728cf1672da0c9d823eb878f599ca213423c44,15297,152,success,1,SUCCESS
A-kem512-fixed-prr0p90-rep01-seed200001-v1,A-kem512-fixed-prr0p90-rep01-seed200001,A_B1_VS_B2,COOJA_SIMULATION,512,1,fixed,0.9,,none,200001,valid,none,,,runs/A-kem512-fixed-prr0p90-rep01-seed200001-v1/cooja.log,865b050c63c8c1c8a7220adeae977320834f8a4cf17e758888e6c859ac6999b1,10911,115,success,1,SUCCESS
A-kem512-fixed-prr0p90-rep01-seed200001-v2,A-kem512-fixed-prr0p90-rep01-seed200001,A_B1_VS_B2,COOJA_SIMULATION,512,2,fixed,0.9,,none,200001,valid,none,,,runs/A-kem512-fixed-prr0p90-rep01-seed200001-v2/cooja.log,2375c8f59243af62152515e013bc64ef2a09a06f221ddfb3a3d96a23025f0878,14815,147,success,1,SUCCESS
A-kem512-fixed-prr0p90-rep02-seed200002-v1,A-kem512-fixed-prr0p90-rep02-seed200002,A_B1_VS_B2,COOJA_SIMULATION,512,1,fixed,0.9,,none,200002,valid,none,,,runs/A-kem512-fixed-prr0p90-rep02-seed200002-v1/cooja.log,a3716cdb5b7a842b8d55f4182293515c5af4398e8895fefde47c3960a3f78c5e,10883,110,success,0,FAILED_PROTOCOL
A-kem512-fixed-prr0p90-rep02-seed200002-v2,A-kem512-fixed-prr0p90-rep02-seed200002,A_B1_VS_B2,COOJA_SIMULATION,512,2,fixed,0.9,,none,200002,valid,none,,,runs/A-kem512-fixed-prr0p90-rep02-seed200002-v2/cooja.log,068e6f0255fa1834fc44f17c06c471486e6d41a781ff49524256aa8a78dc31ac,11117,112,success,0,FAILED_PROTOCOL
A-kem512-fixed-prr0p90-rep03-seed200003-v1,A-kem512-fixed-prr0p90-rep03-seed200003,A_B1_VS_B2,COOJA_SIMULATION,512,1,fixed,0.9,,none,200003,valid,none,,,runs/A-kem512-fixed-prr0p90-rep03-seed200003-v1/cooja.log,10969abe849458ddd53d387d8c87ebc193d8472db4fb996e944dc1e5a3d5fa2d,10911,115,success,1,SUCCESS
A-kem512-fixed-prr0p90-rep03-seed200003-v2,A-kem512-fixed-prr0p90-rep03-seed200003,A_B1_VS_B2,COOJA_SIMULATION,512,2,fixed,0.9,,none,200003,valid,none,,,runs/A-kem512-fixed-prr0p90-rep03-seed200003-v2/cooja.log,01db83500487d430f4c3564a63ca52406e0195e8773b8f59f28329c3de173d2e,14815,147,success,1,SUCCESS
A-kem512-fixed-prr0p90-rep04-seed200004-v1,A-kem512-fixed-prr0p90-rep04-seed200004,A_B1_VS_B2,COOJA_SIMULATION,512,1,fixed,0.9,,none,200004,valid,none,,,runs/A-kem512-fixed-prr0p90-rep04-seed200004-v1/cooja.log,1e7173881fcdad99e542df229521a2c66ae6aca7acd8dad972d49857a52e5115,11885,121,success,0,FAILED_PROTOCOL
A-kem512-fixed-prr0p90-rep04-seed200004-v2,A-kem512-fixed-prr0p90-rep04-seed200004,A_B1_VS_B2,COOJA_SIMULATION,512,2,fixed,0.9,,none,200004,valid,none,,,runs/A-kem512-fixed-prr0p90-rep04-seed200004-v2/cooja.log,3e51e8248383e9cfe205458a93588f90e435adeb6777ff3adf0092b728fccd4d,12119,123,success,0,FAILED_PROTOCOL
A-kem512-fixed-prr0p90-rep05-seed200005-v1,A-kem512-fixed-prr0p90-rep05-seed200005,A_B1_VS_B2,COOJA_SIMULATION,512,1,fixed,0.9,,none,200005,valid,none,,,runs/A-kem512-fixed-prr0p90-rep05-seed200005-v1/cooja.log,26c310addf9b912724a1fffd365d03d8c415036ae03dd2820ce9ec931ef870d5,12027,123,success,0,FAILED_PROTOCOL
A-kem512-fixed-prr0p90-rep05-seed200005-v2,A-kem512-fixed-prr0p90-rep05-seed200005,A_B1_VS_B2,COOJA_SIMULATION,512,2,fixed,0.9,,none,200005,valid,none,,,runs/A-kem512-fixed-prr0p90-rep05-seed200005-v2/cooja.log,4c126777d8eb8b7671e6b7175cbcd7e449de90da6f3b5066d60684a262e01aac,12261,125,success,0,FAILED_PROTOCOL
A-kem512-fixed-prr0p90-rep06-seed200006-v1,A-kem512-fixed-prr0p90-rep06-seed200006,A_B1_VS_B2,COOJA_SIMULATION,512,1,fixed,0.9,,none,200006,valid,none,,,runs/A-kem512-fixed-prr0p90-rep06-seed200006-v1/cooja.log,0d7df5f34e43c1a34efcf55ba5fe32df8d34306ea4c0fa5453a9f171bcb09aa9,10914,115,success,1,SUCCESS
A-kem512-fixed-prr0p90-rep06-seed200006-v2,A-kem512-fixed-prr0p90-rep06-seed200006,A_B1_VS_B2,COOJA_SIMULATION,512,2,fixed,0.9,,none,200006,valid,none,,,runs/A-kem512-fixed-prr0p90-rep06-seed200006-v2/cooja.log,96191cccd3f2a16b4319dc752fe6f8e530d08ffed5129f0d0237e575ca7dd68c,14818,147,success,1,SUCCESS
A-kem512-fixed-prr0p90-rep07-seed200007-v1,A-kem512-fixed-prr0p90-rep07-seed200007,A_B1_VS_B2,COOJA_SIMULATION,512,1,fixed,0.9,,none,200007,valid,none,,,runs/A-kem512-fixed-prr0p90-rep07-seed200007-v1/cooja.log,78b7f9637b2e531911ec85b8432ba77f5e5de6072c5192f47801aa499166c305,10908,115,success,1,SUCCESS
A-kem512-fixed-prr0p90-rep07-seed200007-v2,A-kem512-fixed-prr0p90-rep07-seed200007,A_B1_VS_B2,COOJA_SIMULATION,512,2,fixed,0.9,,none,200007,valid,none,,,runs/A-kem512-fixed-prr0p90-rep07-seed200007-v2/cooja.log,588c3573b0b93754d48809ab7e2a8f47d4e813dab535528c72bee65a6959f329,14812,147,success,1,SUCCESS
A-kem512-fixed-prr0p90-rep08-seed200008-v1,A-kem512-fixed-prr0p90-rep08-seed200008,A_B1_VS_B2,COOJA_SIMULATION,512,1,fixed,0.9,,none,200008,valid,none,,,runs/A-kem512-fixed-prr0p90-rep08-seed200008-v1/cooja.log,2bbc6bdf6ca8739a5635f6455ba303a7790d9c268115808ace3bd04e5dfa4289,11398,113,success,0,FAILED_PROTOCOL
A-kem512-fixed-prr0p90-rep08-seed200008-v2,A-kem512-fixed-prr0p90-rep08-seed200008,A_B1_VS_B2,COOJA_SIMULATION,512,2,fixed,0.9,,none,200008,valid,none,,,runs/A-kem512-fixed-prr0p90-rep08-seed200008-v2/cooja.log,6e931b87d9a5ab959e50f951078b12ebd2d279c9c565eac79b435a63a3f8a70b,15449,154,success,1,SUCCESS
A-kem512-fixed-prr0p90-rep09-seed200009-v1,A-kem512-fixed-prr0p90-rep09-seed200009,A_B1_VS_B2,COOJA_SIMULATION,512,1,fixed,0.9,,none,200009,valid,none,,,runs/A-kem512-fixed-prr0p90-rep09-seed200009-v1/cooja.log,d302f3f3cab327f9be35bb65d82fcde2003b129e15a9d708426fa353c3f8d792,10914,115,success,1,SUCCESS
A-kem512-fixed-prr0p90-rep09-seed200009-v2,A-kem512-fixed-prr0p90-rep09-seed200009,A_B1_VS_B2,COOJA_SIMULATION,512,2,fixed,0.9,,none,200009,valid,none,,,runs/A-kem512-fixed-prr0p90-rep09-seed200009-v2/cooja.log,86fe69e367cba4307d7696b8fb5c490eebf4118b5e368258e6b2ac1819ba7025,14818,147,success,1,SUCCESS
A-kem512-fixed-prr0p90-rep10-seed200010-v1,A-kem512-fixed-prr0p90-rep10-seed200010,A_B1_VS_B2,COOJA_SIMULATION,512,1,fixed,0.9,,none,200010,valid,none,,,runs/A-kem512-fixed-prr0p90-rep10-seed200010-v1/cooja.log,cc832a3b9b18afacc71459525eda717895e4d814a27630d9450ba6574d6fed93,10917,115,success,1,SUCCESS
A-kem512-fixed-prr0p90-rep10-seed200010-v2,A-kem512-fixed-prr0p90-rep10-seed200010,A_B1_VS_B2,COOJA_SIMULATION,512,2,fixed,0.9,,none,200010,valid,none,,,runs/A-kem512-fixed-prr0p90-rep10-seed200010-v2/cooja.log,1158daabcf4cff7e6ef422da4a5bc21ae036b92d4b4aa1efe9491f19b17841ec,14821,147,success,1,SUCCESS
A-kem512-fixed-prr0p90-rep11-seed200011-v1,A-kem512-fixed-prr0p90-rep11-seed200011,A_B1_VS_B2,COOJA_SIMULATION,512,1,fixed,0.9,,none,200011,valid,none,,,runs/A-kem512-fixed-prr0p90-rep11-seed200011-v1/cooja.log,bad1640ae97bd546cc818d770157050bee92c9fc7bffce40ede8f1d70ed87c64,10908,115,success,1,SUCCESS
A-kem512-fixed-prr0p90-rep11-seed200011-v2,A-kem512-fixed-prr0p90-rep11-seed200011,A_B1_VS_B2,COOJA_SIMULATION,512,2,fixed,0.9,,none,200011,valid,none,,,runs/A-kem512-fixed-prr0p90-rep11-seed200011-v2/cooja.log,e2bd040674c7edc5bba0b52e790b3ab03554c92ce5517ea68c1678bcf1bf59bc,14812,147,success,1,SUCCESS
A-kem512-fixed-prr0p90-rep12-seed200012-v1,A-kem512-fixed-prr0p90-rep12-seed200012,A_B1_VS_B2,COOJA_SIMULATION,512,1,fixed,0.9,,none,200012,valid,none,,,runs/A-kem512-fixed-prr0p90-rep12-seed200012-v1/cooja.log,fb35fc87262b69036e3100553b3e9048bcf945be0d8daab17ed885241c3ae868,10917,115,success,1,SUCCESS
A-kem512-fixed-prr0p90-rep12-seed200012-v2,A-kem512-fixed-prr0p90-rep12-seed200012,A_B1_VS_B2,COOJA_SIMULATION,512,2,fixed,0.9,,none,200012,valid,none,,,runs/A-kem512-fixed-prr0p90-rep12-seed200012-v2/cooja.log,854e0a9e84f2822e9301a7b2e406873558529842cc7d0509785edb675b550dcc,14821,147,success,1,SUCCESS
A-kem512-fixed-prr0p90-rep13-seed200013-v1,A-kem512-fixed-prr0p90-rep13-seed200013,A_B1_VS_B2,COOJA_SIMULATION,512,1,fixed,0.9,,none,200013,valid,none,,,runs/A-kem512-fixed-prr0p90-rep13-seed200013-v1/cooja.log,168d40acd4a27c15180e5be5b4793597d33ee5a58ffd82fde2e5838176e3155e,10917,115,success,1,SUCCESS
A-kem512-fixed-prr0p90-rep13-seed200013-v2,A-kem512-fixed-prr0p90-rep13-seed200013,A_B1_VS_B2,COOJA_SIMULATION,512,2,fixed,0.9,,none,200013,valid,none,,,runs/A-kem512-fixed-prr0p90-rep13-seed200013-v2/cooja.log,eeda5750a9fb05f4914a36725d858b654e1f034ea9c849e6dfd7525a0ecb24a1,14821,147,success,1,SUCCESS
A-kem512-fixed-prr0p90-rep14-seed200014-v1,A-kem512-fixed-prr0p90-rep14-seed200014,A_B1_VS_B2,COOJA_SIMULATION,512,1,fixed,0.9,,none,200014,valid,none,,,runs/A-kem512-fixed-prr0p90-rep14-seed200014-v1/cooja.log,c134efb6b339e020879e8cffa069179b2ea3c9ed9011d27d95fe65028994e5b8,14275,148,success,0,FAILED_PROTOCOL
A-kem512-fixed-prr0p90-rep14-seed200014-v2,A-kem512-fixed-prr0p90-rep14-seed200014,A_B1_VS_B2,COOJA_SIMULATION,512,2,fixed,0.9,,none,200014,valid,none,,,runs/A-kem512-fixed-prr0p90-rep14-seed200014-v2/cooja.log,0a33429e079be682b39f0895a33de7bb390b680ee461699cd2b331ead6c3459e,14509,150,success,0,FAILED_PROTOCOL
A-kem512-fixed-prr0p90-rep15-seed200015-v1,A-kem512-fixed-prr0p90-rep15-seed200015,A_B1_VS_B2,COOJA_SIMULATION,512,1,fixed,0.9,,none,200015,valid,none,,,runs/A-kem512-fixed-prr0p90-rep15-seed200015-v1/cooja.log,b01bf4fab25253f5ae362ae82fb7f3ad2da54954e691266c0bcb5402fc551138,10760,113,success,1,SUCCESS
A-kem512-fixed-prr0p90-rep15-seed200015-v2,A-kem512-fixed-prr0p90-rep15-seed200015,A_B1_VS_B2,COOJA_SIMULATION,512,2,fixed,0.9,,none,200015,valid,none,,,runs/A-kem512-fixed-prr0p90-rep15-seed200015-v2/cooja.log,37cab375d56fa3c05c1417ed740a4e511032b515913b11cb6b970bcb1a8f842a,14664,145,success,1,SUCCESS
A-kem512-fixed-prr0p90-rep16-seed200016-v1,A-kem512-fixed-prr0p90-rep16-seed200016,A_B1_VS_B2,COOJA_SIMULATION,512,1,fixed,0.9,,none,200016,valid,none,,,runs/A-kem512-fixed-prr0p90-rep16-seed200016-v1/cooja.log,7648c7097c09f5aa39a6f9a18fb3a5cf9fa29d24daf884b262068dac302a5d77,11148,113,success,0,FAILED_PROTOCOL
A-kem512-fixed-prr0p90-rep16-seed200016-v2,A-kem512-fixed-prr0p90-rep16-seed200016,A_B1_VS_B2,COOJA_SIMULATION,512,2,fixed,0.9,,none,200016,valid,none,,,runs/A-kem512-fixed-prr0p90-rep16-seed200016-v2/cooja.log,866031296eab683cf4a366ba49118e25cf3999e1e0efc5d69970323a66b51718,11382,115,success,0,FAILED_PROTOCOL
A-kem512-fixed-prr0p90-rep17-seed200017-v1,A-kem512-fixed-prr0p90-rep17-seed200017,A_B1_VS_B2,COOJA_SIMULATION,512,1,fixed,0.9,,none,200017,valid,none,,,runs/A-kem512-fixed-prr0p90-rep17-seed200017-v1/cooja.log,d226070eb010294d9881099ded05c4ccdad0a9ececa2c752a14ef23b25a2724b,10917,115,success,1,SUCCESS
A-kem512-fixed-prr0p90-rep17-seed200017-v2,A-kem512-fixed-prr0p90-rep17-seed200017,A_B1_VS_B2,COOJA_SIMULATION,512,2,fixed,0.9,,none,200017,valid,none,,,runs/A-kem512-fixed-prr0p90-rep17-seed200017-v2/cooja.log,5ec8ea67b9152acf5813b8623d4f00e98504b4343c311d363a3b87b6e6e4db61,14919,148,success,1,SUCCESS
A-kem512-fixed-prr0p90-rep18-seed200018-v1,A-kem512-fixed-prr0p90-rep18-seed200018,A_B1_VS_B2,COOJA_SIMULATION,512,1,fixed,0.9,,none,200018,valid,none,,,runs/A-kem512-fixed-prr0p90-rep18-seed200018-v1/cooja.log,5e99d6bff6bce713554d397fd04b87d720f1bd1e7782a857d5ee5ca54da59d11,10911,115,success,1,SUCCESS
A-kem512-fixed-prr0p90-rep18-seed200018-v2,A-kem512-fixed-prr0p90-rep18-seed200018,A_B1_VS_B2,COOJA_SIMULATION,512,2,fixed,0.9,,none,200018,valid,none,,,runs/A-kem512-fixed-prr0p90-rep18-seed200018-v2/cooja.log,03337bfd107d93ef31313e40f1f131c0244f931e666ae6d261ef824660eeeb76,14815,147,success,1,SUCCESS
A-kem512-fixed-prr0p90-rep19-seed200019-v1,A-kem512-fixed-prr0p90-rep19-seed200019,A_B1_VS_B2,COOJA_SIMULATION,512,1,fixed,0.9,,none,200019,valid,none,,,runs/A-kem512-fixed-prr0p90-rep19-seed200019-v1/cooja.log,9d6ace8e4e88c9d59f01ecbe866ad2986cf5f185a99cb96acfaa2e4cd42d5a9b,11570,115,success,0,FAILED_PROTOCOL
A-kem512-fixed-prr0p90-rep19-seed200019-v2,A-kem512-fixed-prr0p90-rep19-seed200019,A_B1_VS_B2,COOJA_SIMULATION,512,2,fixed,0.9,,none,200019,valid,none,,,runs/A-kem512-fixed-prr0p90-rep19-seed200019-v2/cooja.log,e330f19ef73a538e45058f99f6f786dddbe0a4238f2789014de2c22074edb0c5,15371,153,success,1,SUCCESS
A-kem512-fixed-prr0p90-rep20-seed200020-v1,A-kem512-fixed-prr0p90-rep20-seed200020,A_B1_VS_B2,COOJA_SIMULATION,512,1,fixed,0.9,,none,200020,valid,none,,,runs/A-kem512-fixed-prr0p90-rep20-seed200020-v1/cooja.log,fca71b48c47c601a0ec501d7d3b2cae44288389feedfd7d847463f91857c9e15,13706,138,success,0,FAILED_PROTOCOL
A-kem512-fixed-prr0p90-rep20-seed200020-v2,A-kem512-fixed-prr0p90-rep20-seed200020,A_B1_VS_B2,COOJA_SIMULATION,512,2,fixed,0.9,,none,200020,valid,none,,,runs/A-kem512-fixed-prr0p90-rep20-seed200020-v2/cooja.log,1da47fd70fb13e94ce774ee9d122db290474d65a4ce36463294a12a9707e59d4,15361,153,success,1,SUCCESS
A-kem512-fixed-prr0p90-rep21-seed200021-v1,A-kem512-fixed-prr0p90-rep21-seed200021,A_B1_VS_B2,COOJA_SIMULATION,512,1,fixed,0.9,,none,200021,valid,none,,,runs/A-kem512-fixed-prr0p90-rep21-seed200021-v1/cooja.log,0ef90950ad2ce9e76622d30b8a20f7e45ce83c21c1f98ba6f2613717e1c2f7c7,12828,132,success,0,FAILED_PROTOCOL
A-kem512-fixed-prr0p90-rep21-seed200021-v2,A-kem512-fixed-prr0p90-rep21-seed200021,A_B1_VS_B2,COOJA_SIMULATION,512,2,fixed,0.9,,none,200021,valid,none,,,runs/A-kem512-fixed-prr0p90-rep21-seed200021-v2/cooja.log,cdf0104d178ddafbd5f21a6314b45383cfc9797b9982e90883d8dcffc89163ca,13062,134,success,0,FAILED_PROTOCOL
A-kem512-fixed-prr0p90-rep22-seed200022-v1,A-kem512-fixed-prr0p90-rep22-seed200022,A_B1_VS_B2,COOJA_SIMULATION,512,1,fixed,0.9,,none,200022,valid,none,,,runs/A-kem512-fixed-prr0p90-rep22-seed200022-v1/cooja.log,68a936acd92339152dd7344be570a6b95b5683e5908e3156fa86af8d0b49c23e,10832,114,success,1,SUCCESS
A-kem512-fixed-prr0p90-rep22-seed200022-v2,A-kem512-fixed-prr0p90-rep22-seed200022,A_B1_VS_B2,COOJA_SIMULATION,512,2,fixed,0.9,,none,200022,valid,none,,,runs/A-kem512-fixed-prr0p90-rep22-seed200022-v2/cooja.log,dc0683d72799518bb1d1b1d052e3a229feea1d1aad6e8f49dd9d3fafc8d30ebb,14736,146,success,1,SUCCESS
A-kem512-fixed-prr0p90-rep23-seed200023-v1,A-kem512-fixed-prr0p90-rep23-seed200023,A_B1_VS_B2,COOJA_SIMULATION,512,1,fixed,0.9,,none,200023,valid,none,,,runs/A-kem512-fixed-prr0p90-rep23-seed200023-v1/cooja.log,cd3181073ed06a68f962a78d3501061dc0c77eca723cd5ce19338190a64b7649,10914,115,success,1,SUCCESS
A-kem512-fixed-prr0p90-rep23-seed200023-v2,A-kem512-fixed-prr0p90-rep23-seed200023,A_B1_VS_B2,COOJA_SIMULATION,512,2,fixed,0.9,,none,200023,valid,none,,,runs/A-kem512-fixed-prr0p90-rep23-seed200023-v2/cooja.log,bbee7039ecc191a9223bfa6b567547f93e5108ff98c7ea88a5be04dc1d92ef1e,14818,147,success,1,SUCCESS
A-kem512-fixed-prr0p90-rep24-seed200024-v1,A-kem512-fixed-prr0p90-rep24-seed200024,A_B1_VS_B2,COOJA_SIMULATION,512,1,fixed,0.9,,none,200024,valid,none,,,runs/A-kem512-fixed-prr0p90-rep24-seed200024-v1/cooja.log,06552267f4c553d9e29eb9008875d38983542dbe9c96f819023a462961ebc18f,10914,115,success,1,SUCCESS
A-kem512-fixed-prr0p90-rep24-seed200024-v2,A-kem512-fixed-prr0p90-rep24-seed200024,A_B1_VS_B2,COOJA_SIMULATION,512,2,fixed,0.9,,none,200024,valid,none,,,runs/A-kem512-fixed-prr0p90-rep24-seed200024-v2/cooja.log,63d2b8bdfd816b28bc66fb5e26f71f8c587c325f4c0fa856cff813ebfcb54ddd,14818,147,success,1,SUCCESS
A-kem512-fixed-prr0p90-rep25-seed200025-v1,A-kem512-fixed-prr0p90-rep25-seed200025,A_B1_VS_B2,COOJA_SIMULATION,512,1,fixed,0.9,,none,200025,valid,none,,,runs/A-kem512-fixed-prr0p90-rep25-seed200025-v1/cooja.log,d116f6fdb22622e51cd32cd99f21d7bb901067c370cdc6526e547aeab1bb74ea,10908,115,success,1,SUCCESS
A-kem512-fixed-prr0p90-rep25-seed200025-v2,A-kem512-fixed-prr0p90-rep25-seed200025,A_B1_VS_B2,COOJA_SIMULATION,512,2,fixed,0.9,,none,200025,valid,none,,,runs/A-kem512-fixed-prr0p90-rep25-seed200025-v2/cooja.log,390f90b1d57aba1abac3db82c8d4aab3031bcbd159da3d186916b234cb49e612,14812,147,success,1,SUCCESS
A-kem512-fixed-prr0p90-rep26-seed200026-v1,A-kem512-fixed-prr0p90-rep26-seed200026,A_B1_VS_B2,COOJA_SIMULATION,512,1,fixed,0.9,,none,200026,valid,none,,,runs/A-kem512-fixed-prr0p90-rep26-seed200026-v1/cooja.log,5a61844ac1382797eefaf9cafb95e1bca2f93cec31b925165673a3f78a71a308,11953,118,success,0,FAILED_PROTOCOL
A-kem512-fixed-prr0p90-rep26-seed200026-v2,A-kem512-fixed-prr0p90-rep26-seed200026,A_B1_VS_B2,COOJA_SIMULATION,512,2,fixed,0.9,,none,200026,valid,none,,,runs/A-kem512-fixed-prr0p90-rep26-seed200026-v2/cooja.log,2a76fbba04b9ee32447dd90ce1fd27c2b3b2fecf43a34c69cd2fc1e801c68c17,12332,125,success,0,FAILED_PROTOCOL
A-kem512-fixed-prr0p90-rep27-seed200027-v1,A-kem512-fixed-prr0p90-rep27-seed200027,A_B1_VS_B2,COOJA_SIMULATION,512,1,fixed,0.9,,none,200027,valid,none,,,runs/A-kem512-fixed-prr0p90-rep27-seed200027-v1/cooja.log,24d57dc126caf29172d55d540c2a733a9ab90e395e62189369db375fbae04c87,12039,123,success,0,FAILED_PROTOCOL
A-kem512-fixed-prr0p90-rep27-seed200027-v2,A-kem512-fixed-prr0p90-rep27-seed200027,A_B1_VS_B2,COOJA_SIMULATION,512,2,fixed,0.9,,none,200027,valid,none,,,runs/A-kem512-fixed-prr0p90-rep27-seed200027-v2/cooja.log,b269f2119962700640643e9ce3bfb0497f219c7bd655c7a343a47ade416b9755,12273,125,success,0,FAILED_PROTOCOL
A-kem512-fixed-prr0p90-rep28-seed200028-v1,A-kem512-fixed-prr0p90-rep28-seed200028,A_B1_VS_B2,COOJA_SIMULATION,512,1,fixed,0.9,,none,200028,valid,none,,,runs/A-kem512-fixed-prr0p90-rep28-seed200028-v1/cooja.log,6b3f4458e79d019b015f98b7b0dfd05f43662017f9ca64122f0b7e4132e0bea1,10914,115,success,1,SUCCESS
A-kem512-fixed-prr0p90-rep28-seed200028-v2,A-kem512-fixed-prr0p90-rep28-seed200028,A_B1_VS_B2,COOJA_SIMULATION,512,2,fixed,0.9,,none,200028,valid,none,,,runs/A-kem512-fixed-prr0p90-rep28-seed200028-v2/cooja.log,ee8aa31d3558681b4cbd702d6662f0b8dfef8dfe4871dd109a204b4bc23960da,14818,147,success,1,SUCCESS
A-kem512-fixed-prr0p90-rep29-seed200029-v1,A-kem512-fixed-prr0p90-rep29-seed200029,A_B1_VS_B2,COOJA_SIMULATION,512,1,fixed,0.9,,none,200029,valid,none,,,runs/A-kem512-fixed-prr0p90-rep29-seed200029-v1/cooja.log,7932bbd43bd9cb1112769f87d2353c75c7adf44572ac3b7546fb01c74d6af378,10917,115,success,1,SUCCESS
A-kem512-fixed-prr0p90-rep29-seed200029-v2,A-kem512-fixed-prr0p90-rep29-seed200029,A_B1_VS_B2,COOJA_SIMULATION,512,2,fixed,0.9,,none,200029,valid,none,,,runs/A-kem512-fixed-prr0p90-rep29-seed200029-v2/cooja.log,1d9748fd86cd6c8729b6ddd6dba439ba942e7c1fbf7786ec51039e6e20cb10e0,14821,147,success,1,SUCCESS
A-kem512-fixed-prr0p90-rep30-seed200030-v1,A-kem512-fixed-prr0p90-rep30-seed200030,A_B1_VS_B2,COOJA_SIMULATION,512,1,fixed,0.9,,none,200030,valid,none,,,runs/A-kem512-fixed-prr0p90-rep30-seed200030-v1/cooja.log,269ad095476110a66c3bdc766cfc38a4739bed4e7c524065656dfec9f84ed601,13650,137,success,0,FAILED_PROTOCOL
A-kem512-fixed-prr0p90-rep30-seed200030-v2,A-kem512-fixed-prr0p90-rep30-seed200030,A_B1_VS_B2,COOJA_SIMULATION,512,2,fixed,0.9,,none,200030,valid,none,,,runs/A-kem512-fixed-prr0p90-rep30-seed200030-v2/cooja.log,5177fe0390e9582f3f7c022154b26ca051f39d8850c7090900d735a94ac2abe5,15297,152,success,1,SUCCESS
A-kem512-fixed-prr0p95-rep01-seed200001-v1,A-kem512-fixed-prr0p95-rep01-seed200001,A_B1_VS_B2,COOJA_SIMULATION,512,1,fixed,0.95,,none,200001,valid,none,,,runs/A-kem512-fixed-prr0p95-rep01-seed200001-v1/cooja.log,865b050c63c8c1c8a7220adeae977320834f8a4cf17e758888e6c859ac6999b1,10911,115,success,1,SUCCESS
A-kem512-fixed-prr0p95-rep01-seed200001-v2,A-kem512-fixed-prr0p95-rep01-seed200001,A_B1_VS_B2,COOJA_SIMULATION,512,2,fixed,0.95,,none,200001,valid,none,,,runs/A-kem512-fixed-prr0p95-rep01-seed200001-v2/cooja.log,2375c8f59243af62152515e013bc64ef2a09a06f221ddfb3a3d96a23025f0878,14815,147,success,1,SUCCESS
A-kem512-fixed-prr0p95-rep02-seed200002-v1,A-kem512-fixed-prr0p95-rep02-seed200002,A_B1_VS_B2,COOJA_SIMULATION,512,1,fixed,0.95,,none,200002,valid,none,,,runs/A-kem512-fixed-prr0p95-rep02-seed200002-v1/cooja.log,ab355fd2e1b041d97cfc13476337f7905abb3dbace27426ef9b8919f2f23776c,10914,115,success,1,SUCCESS
A-kem512-fixed-prr0p95-rep02-seed200002-v2,A-kem512-fixed-prr0p95-rep02-seed200002,A_B1_VS_B2,COOJA_SIMULATION,512,2,fixed,0.95,,none,200002,valid,none,,,runs/A-kem512-fixed-prr0p95-rep02-seed200002-v2/cooja.log,7f9b27c9b2649ed5110933bdae643d8f5228ec0738f89060471715046d5a478d,14818,147,success,1,SUCCESS
A-kem512-fixed-prr0p95-rep03-seed200003-v1,A-kem512-fixed-prr0p95-rep03-seed200003,A_B1_VS_B2,COOJA_SIMULATION,512,1,fixed,0.95,,none,200003,valid,none,,,runs/A-kem512-fixed-prr0p95-rep03-seed200003-v1/cooja.log,10969abe849458ddd53d387d8c87ebc193d8472db4fb996e944dc1e5a3d5fa2d,10911,115,success,1,SUCCESS
A-kem512-fixed-prr0p95-rep03-seed200003-v2,A-kem512-fixed-prr0p95-rep03-seed200003,A_B1_VS_B2,COOJA_SIMULATION,512,2,fixed,0.95,,none,200003,valid,none,,,runs/A-kem512-fixed-prr0p95-rep03-seed200003-v2/cooja.log,01db83500487d430f4c3564a63ca52406e0195e8773b8f59f28329c3de173d2e,14815,147,success,1,SUCCESS
A-kem512-fixed-prr0p95-rep04-seed200004-v1,A-kem512-fixed-prr0p95-rep04-seed200004,A_B1_VS_B2,COOJA_SIMULATION,512,1,fixed,0.95,,none,200004,valid,none,,,runs/A-kem512-fixed-prr0p95-rep04-seed200004-v1/cooja.log,8a40fef165f4df4c2a510b3cf0953a514c08b604c986625f2d3bb062a5449700,14296,143,success,0,FAILED_PROTOCOL
A-kem512-fixed-prr0p95-rep04-seed200004-v2,A-kem512-fixed-prr0p95-rep04-seed200004,A_B1_VS_B2,COOJA_SIMULATION,512,2,fixed,0.95,,none,200004,valid,none,,,runs/A-kem512-fixed-prr0p95-rep04-seed200004-v2/cooja.log,b225685c3b0f864e66566dfa7f4180f5e570a187c97b0ead569ae02233cbda6d,15474,154,success,1,SUCCESS
A-kem512-fixed-prr0p95-rep05-seed200005-v1,A-kem512-fixed-prr0p95-rep05-seed200005,A_B1_VS_B2,COOJA_SIMULATION,512,1,fixed,0.95,,none,200005,valid,none,,,runs/A-kem512-fixed-prr0p95-rep05-seed200005-v1/cooja.log,35bb400d66f4d1f2c3c7e281d818afe395a069d7d5c283e6d9f5b0dc89a53902,10905,115,success,1,SUCCESS
A-kem512-fixed-prr0p95-rep05-seed200005-v2,A-kem512-fixed-prr0p95-rep05-seed200005,A_B1_VS_B2,COOJA_SIMULATION,512,2,fixed,0.95,,none,200005,valid,none,,,runs/A-kem512-fixed-prr0p95-rep05-seed200005-v2/cooja.log,dff86a02c16e7f52317129078a8dd3500e7d52356d329f30af91f1a881b6e323,14809,147,success,1,SUCCESS
A-kem512-fixed-prr0p95-rep06-seed200006-v1,A-kem512-fixed-prr0p95-rep06-seed200006,A_B1_VS_B2,COOJA_SIMULATION,512,1,fixed,0.95,,none,200006,valid,none,,,runs/A-kem512-fixed-prr0p95-rep06-seed200006-v1/cooja.log,65cfcc5f36c564a7574c68a042b34b9bc69b7e0503608d1c8952f9dd1d4dab97,10914,115,success,1,SUCCESS
A-kem512-fixed-prr0p95-rep06-seed200006-v2,A-kem512-fixed-prr0p95-rep06-seed200006,A_B1_VS_B2,COOJA_SIMULATION,512,2,fixed,0.95,,none,200006,valid,none,,,runs/A-kem512-fixed-prr0p95-rep06-seed200006-v2/cooja.log,0232f3e0e413a317d0673468583f418ce21bf9748cace1007857f1a4787b18d7,14818,147,success,1,SUCCESS
A-kem512-fixed-prr0p95-rep07-seed200007-v1,A-kem512-fixed-prr0p95-rep07-seed200007,A_B1_VS_B2,COOJA_SIMULATION,512,1,fixed,0.95,,none,200007,valid,none,,,runs/A-kem512-fixed-prr0p95-rep07-seed200007-v1/cooja.log,78b7f9637b2e531911ec85b8432ba77f5e5de6072c5192f47801aa499166c305,10908,115,success,1,SUCCESS
A-kem512-fixed-prr0p95-rep07-seed200007-v2,A-kem512-fixed-prr0p95-rep07-seed200007,A_B1_VS_B2,COOJA_SIMULATION,512,2,fixed,0.95,,none,200007,valid,none,,,runs/A-kem512-fixed-prr0p95-rep07-seed200007-v2/cooja.log,588c3573b0b93754d48809ab7e2a8f47d4e813dab535528c72bee65a6959f329,14812,147,success,1,SUCCESS
A-kem512-fixed-prr0p95-rep08-seed200008-v1,A-kem512-fixed-prr0p95-rep08-seed200008,A_B1_VS_B2,COOJA_SIMULATION,512,1,fixed,0.95,,none,200008,valid,none,,,runs/A-kem512-fixed-prr0p95-rep08-seed200008-v1/cooja.log,d964814d50d9df9a7f13e6c9ac454b066ae2c83daa4afd21af03c49228a3d28d,10835,114,success,1,SUCCESS
A-kem512-fixed-prr0p95-rep08-seed200008-v2,A-kem512-fixed-prr0p95-rep08-seed200008,A_B1_VS_B2,COOJA_SIMULATION,512,2,fixed,0.95,,none,200008,valid,none,,,runs/A-kem512-fixed-prr0p95-rep08-seed200008-v2/cooja.log,745bc41dde9c71e9ab2bc48a5b59665286bf3b52bf58381cd2559cca9d7dfcf2,14739,146,success,1,SUCCESS
A-kem512-fixed-prr0p95-rep09-seed200009-v1,A-kem512-fixed-prr0p95-rep09-seed200009,A_B1_VS_B2,COOJA_SIMULATION,512,1,fixed,0.95,,none,200009,valid,none,,,runs/A-kem512-fixed-prr0p95-rep09-seed200009-v1/cooja.log,d302f3f3cab327f9be35bb65d82fcde2003b129e15a9d708426fa353c3f8d792,10914,115,success,1,SUCCESS
A-kem512-fixed-prr0p95-rep09-seed200009-v2,A-kem512-fixed-prr0p95-rep09-seed200009,A_B1_VS_B2,COOJA_SIMULATION,512,2,fixed,0.95,,none,200009,valid,none,,,runs/A-kem512-fixed-prr0p95-rep09-seed200009-v2/cooja.log,86fe69e367cba4307d7696b8fb5c490eebf4118b5e368258e6b2ac1819ba7025,14818,147,success,1,SUCCESS
A-kem512-fixed-prr0p95-rep10-seed200010-v1,A-kem512-fixed-prr0p95-rep10-seed200010,A_B1_VS_B2,COOJA_SIMULATION,512,1,fixed,0.95,,none,200010,valid,none,,,runs/A-kem512-fixed-prr0p95-rep10-seed200010-v1/cooja.log,cc832a3b9b18afacc71459525eda717895e4d814a27630d9450ba6574d6fed93,10917,115,success,1,SUCCESS
A-kem512-fixed-prr0p95-rep10-seed200010-v2,A-kem512-fixed-prr0p95-rep10-seed200010,A_B1_VS_B2,COOJA_SIMULATION,512,2,fixed,0.95,,none,200010,valid,none,,,runs/A-kem512-fixed-prr0p95-rep10-seed200010-v2/cooja.log,1158daabcf4cff7e6ef422da4a5bc21ae036b92d4b4aa1efe9491f19b17841ec,14821,147,success,1,SUCCESS
A-kem512-fixed-prr0p95-rep11-seed200011-v1,A-kem512-fixed-prr0p95-rep11-seed200011,A_B1_VS_B2,COOJA_SIMULATION,512,1,fixed,0.95,,none,200011,valid,none,,,runs/A-kem512-fixed-prr0p95-rep11-seed200011-v1/cooja.log,bad1640ae97bd546cc818d770157050bee92c9fc7bffce40ede8f1d70ed87c64,10908,115,success,1,SUCCESS
A-kem512-fixed-prr0p95-rep11-seed200011-v2,A-kem512-fixed-prr0p95-rep11-seed200011,A_B1_VS_B2,COOJA_SIMULATION,512,2,fixed,0.95,,none,200011,valid,none,,,runs/A-kem512-fixed-prr0p95-rep11-seed200011-v2/cooja.log,ee9552d9a10e1699006b43879dc3392ed61225076965357b7669d4d221df2dfd,14812,147,success,1,SUCCESS
A-kem512-fixed-prr0p95-rep12-seed200012-v1,A-kem512-fixed-prr0p95-rep12-seed200012,A_B1_VS_B2,COOJA_SIMULATION,512,1,fixed,0.95,,none,200012,valid,none,,,runs/A-kem512-fixed-prr0p95-rep12-seed200012-v1/cooja.log,fb35fc87262b69036e3100553b3e9048bcf945be0d8daab17ed885241c3ae868,10917,115,success,1,SUCCESS
A-kem512-fixed-prr0p95-rep12-seed200012-v2,A-kem512-fixed-prr0p95-rep12-seed200012,A_B1_VS_B2,COOJA_SIMULATION,512,2,fixed,0.95,,none,200012,valid,none,,,runs/A-kem512-fixed-prr0p95-rep12-seed200012-v2/cooja.log,854e0a9e84f2822e9301a7b2e406873558529842cc7d0509785edb675b550dcc,14821,147,success,1,SUCCESS
A-kem512-fixed-prr0p95-rep13-seed200013-v1,A-kem512-fixed-prr0p95-rep13-seed200013,A_B1_VS_B2,COOJA_SIMULATION,512,1,fixed,0.95,,none,200013,valid,none,,,runs/A-kem512-fixed-prr0p95-rep13-seed200013-v1/cooja.log,168d40acd4a27c15180e5be5b4793597d33ee5a58ffd82fde2e5838176e3155e,10917,115,success,1,SUCCESS
A-kem512-fixed-prr0p95-rep13-seed200013-v2,A-kem512-fixed-prr0p95-rep13-seed200013,A_B1_VS_B2,COOJA_SIMULATION,512,2,fixed,0.95,,none,200013,valid,none,,,runs/A-kem512-fixed-prr0p95-rep13-seed200013-v2/cooja.log,eeda5750a9fb05f4914a36725d858b654e1f034ea9c849e6dfd7525a0ecb24a1,14821,147,success,1,SUCCESS
A-kem512-fixed-prr0p95-rep14-seed200014-v1,A-kem512-fixed-prr0p95-rep14-seed200014,A_B1_VS_B2,COOJA_SIMULATION,512,1,fixed,0.95,,none,200014,valid,none,,,runs/A-kem512-fixed-prr0p95-rep14-seed200014-v1/cooja.log,c134efb6b339e020879e8cffa069179b2ea3c9ed9011d27d95fe65028994e5b8,14275,148,success,0,FAILED_PROTOCOL
A-kem512-fixed-prr0p95-rep14-seed200014-v2,A-kem512-fixed-prr0p95-rep14-seed200014,A_B1_VS_B2,COOJA_SIMULATION,512,2,fixed,0.95,,none,200014,valid,none,,,runs/A-kem512-fixed-prr0p95-rep14-seed200014-v2/cooja.log,0a33429e079be682b39f0895a33de7bb390b680ee461699cd2b331ead6c3459e,14509,150,success,0,FAILED_PROTOCOL
A-kem512-fixed-prr0p95-rep15-seed200015-v1,A-kem512-fixed-prr0p95-rep15-seed200015,A_B1_VS_B2,COOJA_SIMULATION,512,1,fixed,0.95,,none,200015,valid,none,,,runs/A-kem512-fixed-prr0p95-rep15-seed200015-v1/cooja.log,71b84f4449e75f09671409fa33a71d99a8d8db246704a4973ede9af072c3204d,10834,114,success,1,SUCCESS
A-kem512-fixed-prr0p95-rep15-seed200015-v2,A-kem512-fixed-prr0p95-rep15-seed200015,A_B1_VS_B2,COOJA_SIMULATION,512,2,fixed,0.95,,none,200015,valid,none,,,runs/A-kem512-fixed-prr0p95-rep15-seed200015-v2/cooja.log,b94dffc01adfaab63068030651f1717aad870e4e958d187a5a75e12b827d886f,14738,146,success,1,SUCCESS
A-kem512-fixed-prr0p95-rep16-seed200016-v1,A-kem512-fixed-prr0p95-rep16-seed200016,A_B1_VS_B2,COOJA_SIMULATION,512,1,fixed,0.95,,none,200016,valid,none,,,runs/A-kem512-fixed-prr0p95-rep16-seed200016-v1/cooja.log,38c8422d81570ef1f8c9e83e8b16fee5cc3f208ec23d06a6152dbac9594faff1,11223,114,success,0,FAILED_PROTOCOL
A-kem512-fixed-prr0p95-rep16-seed200016-v2,A-kem512-fixed-prr0p95-rep16-seed200016,A_B1_VS_B2,COOJA_SIMULATION,512,2,fixed,0.95,,none,200016,valid,none,,,runs/A-kem512-fixed-prr0p95-rep16-seed200016-v2/cooja.log,0297d4b0c51b4823f439c90beeebbe2bda8d383dadcd2ef0548751614637b12c,11457,116,success,0,FAILED_PROTOCOL
A-kem512-fixed-prr0p95-rep17-seed200017-v1,A-kem512-fixed-prr0p95-rep17-seed200017,A_B1_VS_B2,COOJA_SIMULATION,512,1,fixed,0.95,,none,200017,valid,none,,,runs/A-kem512-fixed-prr0p95-rep17-seed200017-v1/cooja.log,556c768e3a43155020469a1987c34fed9e8afb208895d52874d840701d6286f0,10917,115,success,1,SUCCESS
A-kem512-fixed-prr0p95-rep17-seed200017-v2,A-kem512-fixed-prr0p95-rep17-seed200017,A_B1_VS_B2,COOJA_SIMULATION,512,2,fixed,0.95,,none,200017,valid,none,,,runs/A-kem512-fixed-prr0p95-rep17-seed200017-v2/cooja.log,57aeb3192cc6a339798cb6a4fef3e4ccfe0df6b76a95f90ed26e106e656035e2,14821,147,success,1,SUCCESS
A-kem512-fixed-prr0p95-rep18-seed200018-v1,A-kem512-fixed-prr0p95-rep18-seed200018,A_B1_VS_B2,COOJA_SIMULATION,512,1,fixed,0.95,,none,200018,valid,none,,,runs/A-kem512-fixed-prr0p95-rep18-seed200018-v1/cooja.log,5e99d6bff6bce713554d397fd04b87d720f1bd1e7782a857d5ee5ca54da59d11,10911,115,success,1,SUCCESS
A-kem512-fixed-prr0p95-rep18-seed200018-v2,A-kem512-fixed-prr0p95-rep18-seed200018,A_B1_VS_B2,COOJA_SIMULATION,512,2,fixed,0.95,,none,200018,valid,none,,,runs/A-kem512-fixed-prr0p95-rep18-seed200018-v2/cooja.log,03337bfd107d93ef31313e40f1f131c0244f931e666ae6d261ef824660eeeb76,14815,147,success,1,SUCCESS
A-kem512-fixed-prr0p95-rep19-seed200019-v1,A-kem512-fixed-prr0p95-rep19-seed200019,A_B1_VS_B2,COOJA_SIMULATION,512,1,fixed,0.95,,none,200019,valid,none,,,runs/A-kem512-fixed-prr0p95-rep19-seed200019-v1/cooja.log,961385ad46f95638f6913d48851ba109c79dd8e5a47519c2b48b6aafa5779f3f,13720,138,success,0,FAILED_PROTOCOL
A-kem512-fixed-prr0p95-rep19-seed200019-v2,A-kem512-fixed-prr0p95-rep19-seed200019,A_B1_VS_B2,COOJA_SIMULATION,512,2,fixed,0.95,,none,200019,valid,none,,,runs/A-kem512-fixed-prr0p95-rep19-seed200019-v2/cooja.log,f5aa8967f1b7f5f1795b81bdbe88667ee8fa66dac427e2e1d82714a5234132c3,15371,153,success,1,SUCCESS
A-kem512-fixed-prr0p95-rep20-seed200020-v1,A-kem512-fixed-prr0p95-rep20-seed200020,A_B1_VS_B2,COOJA_SIMULATION,512,1,fixed,0.95,,none,200020,valid,none,,,runs/A-kem512-fixed-prr0p95-rep20-seed200020-v1/cooja.log,fca71b48c47c601a0ec501d7d3b2cae44288389feedfd7d847463f91857c9e15,13706,138,success,0,FAILED_PROTOCOL
A-kem512-fixed-prr0p95-rep20-seed200020-v2,A-kem512-fixed-prr0p95-rep20-seed200020,A_B1_VS_B2,COOJA_SIMULATION,512,2,fixed,0.95,,none,200020,valid,none,,,runs/A-kem512-fixed-prr0p95-rep20-seed200020-v2/cooja.log,1da47fd70fb13e94ce774ee9d122db290474d65a4ce36463294a12a9707e59d4,15361,153,success,1,SUCCESS
A-kem512-fixed-prr0p95-rep21-seed200021-v1,A-kem512-fixed-prr0p95-rep21-seed200021,A_B1_VS_B2,COOJA_SIMULATION,512,1,fixed,0.95,,none,200021,valid,none,,,runs/A-kem512-fixed-prr0p95-rep21-seed200021-v1/cooja.log,e47560144d6d5efc1a37ad2ebc9e224faf0deb7fb9a425c68d7a407064c324ef,10908,115,success,1,SUCCESS
A-kem512-fixed-prr0p95-rep21-seed200021-v2,A-kem512-fixed-prr0p95-rep21-seed200021,A_B1_VS_B2,COOJA_SIMULATION,512,2,fixed,0.95,,none,200021,valid,none,,,runs/A-kem512-fixed-prr0p95-rep21-seed200021-v2/cooja.log,067a2a6d20f3d7eddbae8ac2950ccc9da5e15f359623ea5ca89f410234772159,14812,147,success,1,SUCCESS
A-kem512-fixed-prr0p95-rep22-seed200022-v1,A-kem512-fixed-prr0p95-rep22-seed200022,A_B1_VS_B2,COOJA_SIMULATION,512,1,fixed,0.95,,none,200022,valid,none,,,runs/A-kem512-fixed-prr0p95-rep22-seed200022-v1/cooja.log,c9fd54945be933a916c197fad57abaed811ab97158f7d05f0ae35f4b39155959,10905,115,success,1,SUCCESS
A-kem512-fixed-prr0p95-rep22-seed200022-v2,A-kem512-fixed-prr0p95-rep22-seed200022,A_B1_VS_B2,COOJA_SIMULATION,512,2,fixed,0.95,,none,200022,valid,none,,,runs/A-kem512-fixed-prr0p95-rep22-seed200022-v2/cooja.log,c6fb93181d5f585dc474237b184368fb6517882fade48bdb1735290f6f2a611a,14809,147,success,1,SUCCESS
A-kem512-fixed-prr0p95-rep23-seed200023-v1,A-kem512-fixed-prr0p95-rep23-seed200023,A_B1_VS_B2,COOJA_SIMULATION,512,1,fixed,0.95,,none,200023,valid,none,,,runs/A-kem512-fixed-prr0p95-rep23-seed200023-v1/cooja.log,394cf9d9cff4ab9a2e05ffbccf2e329567d6cb0f480612313480b8c69d4ed5a6,10914,115,success,1,SUCCESS
A-kem512-fixed-prr0p95-rep23-seed200023-v2,A-kem512-fixed-prr0p95-rep23-seed200023,A_B1_VS_B2,COOJA_SIMULATION,512,2,fixed,0.95,,none,200023,valid,none,,,runs/A-kem512-fixed-prr0p95-rep23-seed200023-v2/cooja.log,0d8ec5967de223b8a2569b1b10179ccb98c1306d8fea18ea3f8d21f8c07f458d,14818,147,success,1,SUCCESS
A-kem512-fixed-prr0p95-rep24-seed200024-v1,A-kem512-fixed-prr0p95-rep24-seed200024,A_B1_VS_B2,COOJA_SIMULATION,512,1,fixed,0.95,,none,200024,valid,none,,,runs/A-kem512-fixed-prr0p95-rep24-seed200024-v1/cooja.log,06552267f4c553d9e29eb9008875d38983542dbe9c96f819023a462961ebc18f,10914,115,success,1,SUCCESS
A-kem512-fixed-prr0p95-rep24-seed200024-v2,A-kem512-fixed-prr0p95-rep24-seed200024,A_B1_VS_B2,COOJA_SIMULATION,512,2,fixed,0.95,,none,200024,valid,none,,,runs/A-kem512-fixed-prr0p95-rep24-seed200024-v2/cooja.log,63d2b8bdfd816b28bc66fb5e26f71f8c587c325f4c0fa856cff813ebfcb54ddd,14818,147,success,1,SUCCESS
A-kem512-fixed-prr0p95-rep25-seed200025-v1,A-kem512-fixed-prr0p95-rep25-seed200025,A_B1_VS_B2,COOJA_SIMULATION,512,1,fixed,0.95,,none,200025,valid,none,,,runs/A-kem512-fixed-prr0p95-rep25-seed200025-v1/cooja.log,d116f6fdb22622e51cd32cd99f21d7bb901067c370cdc6526e547aeab1bb74ea,10908,115,success,1,SUCCESS
A-kem512-fixed-prr0p95-rep25-seed200025-v2,A-kem512-fixed-prr0p95-rep25-seed200025,A_B1_VS_B2,COOJA_SIMULATION,512,2,fixed,0.95,,none,200025,valid,none,,,runs/A-kem512-fixed-prr0p95-rep25-seed200025-v2/cooja.log,390f90b1d57aba1abac3db82c8d4aab3031bcbd159da3d186916b234cb49e612,14812,147,success,1,SUCCESS
A-kem512-fixed-prr0p95-rep26-seed200026-v1,A-kem512-fixed-prr0p95-rep26-seed200026,A_B1_VS_B2,COOJA_SIMULATION,512,1,fixed,0.95,,none,200026,valid,none,,,runs/A-kem512-fixed-prr0p95-rep26-seed200026-v1/cooja.log,952abc9b30b1820e95c046909ea8fb2d551d8b02dfa87d021f824e7bebbc11a1,13709,138,success,0,FAILED_PROTOCOL
A-kem512-fixed-prr0p95-rep26-seed200026-v2,A-kem512-fixed-prr0p95-rep26-seed200026,A_B1_VS_B2,COOJA_SIMULATION,512,2,fixed,0.95,,none,200026,valid,none,,,runs/A-kem512-fixed-prr0p95-rep26-seed200026-v2/cooja.log,412294cfff87992c87a9ecec262e00cbe6a6500bf82120ada2dcb0d8f8d8dc8f,16101,165,success,0,FAILED_PROTOCOL
A-kem512-fixed-prr0p95-rep27-seed200027-v1,A-kem512-fixed-prr0p95-rep27-seed200027,A_B1_VS_B2,COOJA_SIMULATION,512,1,fixed,0.95,,none,200027,valid,none,,,runs/A-kem512-fixed-prr0p95-rep27-seed200027-v1/cooja.log,24d57dc126caf29172d55d540c2a733a9ab90e395e62189369db375fbae04c87,12039,123,success,0,FAILED_PROTOCOL
A-kem512-fixed-prr0p95-rep27-seed200027-v2,A-kem512-fixed-prr0p95-rep27-seed200027,A_B1_VS_B2,COOJA_SIMULATION,512,2,fixed,0.95,,none,200027,valid,none,,,runs/A-kem512-fixed-prr0p95-rep27-seed200027-v2/cooja.log,b269f2119962700640643e9ce3bfb0497f219c7bd655c7a343a47ade416b9755,12273,125,success,0,FAILED_PROTOCOL
A-kem512-fixed-prr0p95-rep28-seed200028-v1,A-kem512-fixed-prr0p95-rep28-seed200028,A_B1_VS_B2,COOJA_SIMULATION,512,1,fixed,0.95,,none,200028,valid,none,,,runs/A-kem512-fixed-prr0p95-rep28-seed200028-v1/cooja.log,6b3f4458e79d019b015f98b7b0dfd05f43662017f9ca64122f0b7e4132e0bea1,10914,115,success,1,SUCCESS
A-kem512-fixed-prr0p95-rep28-seed200028-v2,A-kem512-fixed-prr0p95-rep28-seed200028,A_B1_VS_B2,COOJA_SIMULATION,512,2,fixed,0.95,,none,200028,valid,none,,,runs/A-kem512-fixed-prr0p95-rep28-seed200028-v2/cooja.log,ee8aa31d3558681b4cbd702d6662f0b8dfef8dfe4871dd109a204b4bc23960da,14818,147,success,1,SUCCESS
A-kem512-fixed-prr0p95-rep29-seed200029-v1,A-kem512-fixed-prr0p95-rep29-seed200029,A_B1_VS_B2,COOJA_SIMULATION,512,1,fixed,0.95,,none,200029,valid,none,,,runs/A-kem512-fixed-prr0p95-rep29-seed200029-v1/cooja.log,7932bbd43bd9cb1112769f87d2353c75c7adf44572ac3b7546fb01c74d6af378,10917,115,success,1,SUCCESS
A-kem512-fixed-prr0p95-rep29-seed200029-v2,A-kem512-fixed-prr0p95-rep29-seed200029,A_B1_VS_B2,COOJA_SIMULATION,512,2,fixed,0.95,,none,200029,valid,none,,,runs/A-kem512-fixed-prr0p95-rep29-seed200029-v2/cooja.log,1d9748fd86cd6c8729b6ddd6dba439ba942e7c1fbf7786ec51039e6e20cb10e0,14821,147,success,1,SUCCESS
A-kem512-fixed-prr0p95-rep30-seed200030-v1,A-kem512-fixed-prr0p95-rep30-seed200030,A_B1_VS_B2,COOJA_SIMULATION,512,1,fixed,0.95,,none,200030,valid,none,,,runs/A-kem512-fixed-prr0p95-rep30-seed200030-v1/cooja.log,269ad095476110a66c3bdc766cfc38a4739bed4e7c524065656dfec9f84ed601,13650,137,success,0,FAILED_PROTOCOL
A-kem512-fixed-prr0p95-rep30-seed200030-v2,A-kem512-fixed-prr0p95-rep30-seed200030,A_B1_VS_B2,COOJA_SIMULATION,512,2,fixed,0.95,,none,200030,valid,none,,,runs/A-kem512-fixed-prr0p95-rep30-seed200030-v2/cooja.log,5177fe0390e9582f3f7c022154b26ca051f39d8850c7090900d735a94ac2abe5,15297,152,success,1,SUCCESS
A-kem512-fixed-prr1p00-rep01-seed200001-v1,A-kem512-fixed-prr1p00-rep01-seed200001,A_B1_VS_B2,COOJA_SIMULATION,512,1,fixed,1.0,,none,200001,valid,none,,,runs/A-kem512-fixed-prr1p00-rep01-seed200001-v1/cooja.log,865b050c63c8c1c8a7220adeae977320834f8a4cf17e758888e6c859ac6999b1,10911,115,success,1,SUCCESS
A-kem512-fixed-prr1p00-rep01-seed200001-v2,A-kem512-fixed-prr1p00-rep01-seed200001,A_B1_VS_B2,COOJA_SIMULATION,512,2,fixed,1.0,,none,200001,valid,none,,,runs/A-kem512-fixed-prr1p00-rep01-seed200001-v2/cooja.log,2375c8f59243af62152515e013bc64ef2a09a06f221ddfb3a3d96a23025f0878,14815,147,success,1,SUCCESS
A-kem512-fixed-prr1p00-rep02-seed200002-v1,A-kem512-fixed-prr1p00-rep02-seed200002,A_B1_VS_B2,COOJA_SIMULATION,512,1,fixed,1.0,,none,200002,valid,none,,,runs/A-kem512-fixed-prr1p00-rep02-seed200002-v1/cooja.log,f6d0985ad30d5060dd961d07e8101f793587059147970f948ecb86a7a23f9f7e,10914,115,success,1,SUCCESS
A-kem512-fixed-prr1p00-rep02-seed200002-v2,A-kem512-fixed-prr1p00-rep02-seed200002,A_B1_VS_B2,COOJA_SIMULATION,512,2,fixed,1.0,,none,200002,valid,none,,,runs/A-kem512-fixed-prr1p00-rep02-seed200002-v2/cooja.log,eeedec85ebad24f8792d4d5d301675fdc0f9405b0b0ba046c72228d928a745a3,14818,147,success,1,SUCCESS
A-kem512-fixed-prr1p00-rep03-seed200003-v1,A-kem512-fixed-prr1p00-rep03-seed200003,A_B1_VS_B2,COOJA_SIMULATION,512,1,fixed,1.0,,none,200003,valid,none,,,runs/A-kem512-fixed-prr1p00-rep03-seed200003-v1/cooja.log,10969abe849458ddd53d387d8c87ebc193d8472db4fb996e944dc1e5a3d5fa2d,10911,115,success,1,SUCCESS
A-kem512-fixed-prr1p00-rep03-seed200003-v2,A-kem512-fixed-prr1p00-rep03-seed200003,A_B1_VS_B2,COOJA_SIMULATION,512,2,fixed,1.0,,none,200003,valid,none,,,runs/A-kem512-fixed-prr1p00-rep03-seed200003-v2/cooja.log,01db83500487d430f4c3564a63ca52406e0195e8773b8f59f28329c3de173d2e,14815,147,success,1,SUCCESS
A-kem512-fixed-prr1p00-rep04-seed200004-v1,A-kem512-fixed-prr1p00-rep04-seed200004,A_B1_VS_B2,COOJA_SIMULATION,512,1,fixed,1.0,,none,200004,valid,none,,,runs/A-kem512-fixed-prr1p00-rep04-seed200004-v1/cooja.log,0614473fd7eb8deaedf479dd9b10939ee086ed855489c55461ac3d4aee8237a1,10914,115,success,1,SUCCESS
A-kem512-fixed-prr1p00-rep04-seed200004-v2,A-kem512-fixed-prr1p00-rep04-seed200004,A_B1_VS_B2,COOJA_SIMULATION,512,2,fixed,1.0,,none,200004,valid,none,,,runs/A-kem512-fixed-prr1p00-rep04-seed200004-v2/cooja.log,83b072e602fed4c01233352fe15f3aa13f420afc72b04a89a2326090bf063cb6,14818,147,success,1,SUCCESS
A-kem512-fixed-prr1p00-rep05-seed200005-v1,A-kem512-fixed-prr1p00-rep05-seed200005,A_B1_VS_B2,COOJA_SIMULATION,512,1,fixed,1.0,,none,200005,valid,none,,,runs/A-kem512-fixed-prr1p00-rep05-seed200005-v1/cooja.log,35bb400d66f4d1f2c3c7e281d818afe395a069d7d5c283e6d9f5b0dc89a53902,10905,115,success,1,SUCCESS
A-kem512-fixed-prr1p00-rep05-seed200005-v2,A-kem512-fixed-prr1p00-rep05-seed200005,A_B1_VS_B2,COOJA_SIMULATION,512,2,fixed,1.0,,none,200005,valid,none,,,runs/A-kem512-fixed-prr1p00-rep05-seed200005-v2/cooja.log,dff86a02c16e7f52317129078a8dd3500e7d52356d329f30af91f1a881b6e323,14809,147,success,1,SUCCESS
A-kem512-fixed-prr1p00-rep06-seed200006-v1,A-kem512-fixed-prr1p00-rep06-seed200006,A_B1_VS_B2,COOJA_SIMULATION,512,1,fixed,1.0,,none,200006,valid,none,,,runs/A-kem512-fixed-prr1p00-rep06-seed200006-v1/cooja.log,65cfcc5f36c564a7574c68a042b34b9bc69b7e0503608d1c8952f9dd1d4dab97,10914,115,success,1,SUCCESS
A-kem512-fixed-prr1p00-rep06-seed200006-v2,A-kem512-fixed-prr1p00-rep06-seed200006,A_B1_VS_B2,COOJA_SIMULATION,512,2,fixed,1.0,,none,200006,valid,none,,,runs/A-kem512-fixed-prr1p00-rep06-seed200006-v2/cooja.log,0232f3e0e413a317d0673468583f418ce21bf9748cace1007857f1a4787b18d7,14818,147,success,1,SUCCESS
A-kem512-fixed-prr1p00-rep07-seed200007-v1,A-kem512-fixed-prr1p00-rep07-seed200007,A_B1_VS_B2,COOJA_SIMULATION,512,1,fixed,1.0,,none,200007,valid,none,,,runs/A-kem512-fixed-prr1p00-rep07-seed200007-v1/cooja.log,78b7f9637b2e531911ec85b8432ba77f5e5de6072c5192f47801aa499166c305,10908,115,success,1,SUCCESS
A-kem512-fixed-prr1p00-rep07-seed200007-v2,A-kem512-fixed-prr1p00-rep07-seed200007,A_B1_VS_B2,COOJA_SIMULATION,512,2,fixed,1.0,,none,200007,valid,none,,,runs/A-kem512-fixed-prr1p00-rep07-seed200007-v2/cooja.log,588c3573b0b93754d48809ab7e2a8f47d4e813dab535528c72bee65a6959f329,14812,147,success,1,SUCCESS
A-kem512-fixed-prr1p00-rep08-seed200008-v1,A-kem512-fixed-prr1p00-rep08-seed200008,A_B1_VS_B2,COOJA_SIMULATION,512,1,fixed,1.0,,none,200008,valid,none,,,runs/A-kem512-fixed-prr1p00-rep08-seed200008-v1/cooja.log,a1fe3f9371dffb33440cfeb0eab330330320991960c320032b32754036711955,10908,115,success,1,SUCCESS
A-kem512-fixed-prr1p00-rep08-seed200008-v2,A-kem512-fixed-prr1p00-rep08-seed200008,A_B1_VS_B2,COOJA_SIMULATION,512,2,fixed,1.0,,none,200008,valid,none,,,runs/A-kem512-fixed-prr1p00-rep08-seed200008-v2/cooja.log,1960257347a1db128b53b9fda0f311301c723667d4c161d1f962810727a10190,14812,147,success,1,SUCCESS
A-kem512-fixed-prr1p00-rep09-seed200009-v1,A-kem512-fixed-prr1p00-rep09-seed200009,A_B1_VS_B2,COOJA_SIMULATION,512,1,fixed,1.0,,none,200009,valid,none,,,runs/A-kem512-fixed-prr1p00-rep09-seed200009-v1/cooja.log,d302f3f3cab327f9be35bb65d82fcde2003b129e15a9d708426fa353c3f8d792,10914,115,success,1,SUCCESS
A-kem512-fixed-prr1p00-rep09-seed200009-v2,A-kem512-fixed-prr1p00-rep09-seed200009,A_B1_VS_B2,COOJA_SIMULATION,512,2,fixed,1.0,,none,200009,valid,none,,,runs/A-kem512-fixed-prr1p00-rep09-seed200009-v2/cooja.log,86fe69e367cba4307d7696b8fb5c490eebf4118b5e368258e6b2ac1819ba7025,14818,147,success,1,SUCCESS
A-kem512-fixed-prr1p00-rep10-seed200010-v1,A-kem512-fixed-prr1p00-rep10-seed200010,A_B1_VS_B2,COOJA_SIMULATION,512,1,fixed,1.0,,none,200010,valid,none,,,runs/A-kem512-fixed-prr1p00-rep10-seed200010-v1/cooja.log,cc832a3b9b18afacc71459525eda717895e4d814a27630d9450ba6574d6fed93,10917,115,success,1,SUCCESS
A-kem512-fixed-prr1p00-rep10-seed200010-v2,A-kem512-fixed-prr1p00-rep10-seed200010,A_B1_VS_B2,COOJA_SIMULATION,512,2,fixed,1.0,,none,200010,valid,none,,,runs/A-kem512-fixed-prr1p00-rep10-seed200010-v2/cooja.log,1158daabcf4cff7e6ef422da4a5bc21ae036b92d4b4aa1efe9491f19b17841ec,14821,147,success,1,SUCCESS
A-kem512-fixed-prr1p00-rep11-seed200011-v1,A-kem512-fixed-prr1p00-rep11-seed200011,A_B1_VS_B2,COOJA_SIMULATION,512,1,fixed,1.0,,none,200011,valid,none,,,runs/A-kem512-fixed-prr1p00-rep11-seed200011-v1/cooja.log,bad1640ae97bd546cc818d770157050bee92c9fc7bffce40ede8f1d70ed87c64,10908,115,success,1,SUCCESS
A-kem512-fixed-prr1p00-rep11-seed200011-v2,A-kem512-fixed-prr1p00-rep11-seed200011,A_B1_VS_B2,COOJA_SIMULATION,512,2,fixed,1.0,,none,200011,valid,none,,,runs/A-kem512-fixed-prr1p00-rep11-seed200011-v2/cooja.log,ee9552d9a10e1699006b43879dc3392ed61225076965357b7669d4d221df2dfd,14812,147,success,1,SUCCESS
A-kem512-fixed-prr1p00-rep12-seed200012-v1,A-kem512-fixed-prr1p00-rep12-seed200012,A_B1_VS_B2,COOJA_SIMULATION,512,1,fixed,1.0,,none,200012,valid,none,,,runs/A-kem512-fixed-prr1p00-rep12-seed200012-v1/cooja.log,fb35fc87262b69036e3100553b3e9048bcf945be0d8daab17ed885241c3ae868,10917,115,success,1,SUCCESS
A-kem512-fixed-prr1p00-rep12-seed200012-v2,A-kem512-fixed-prr1p00-rep12-seed200012,A_B1_VS_B2,COOJA_SIMULATION,512,2,fixed,1.0,,none,200012,valid,none,,,runs/A-kem512-fixed-prr1p00-rep12-seed200012-v2/cooja.log,854e0a9e84f2822e9301a7b2e406873558529842cc7d0509785edb675b550dcc,14821,147,success,1,SUCCESS
A-kem512-fixed-prr1p00-rep13-seed200013-v1,A-kem512-fixed-prr1p00-rep13-seed200013,A_B1_VS_B2,COOJA_SIMULATION,512,1,fixed,1.0,,none,200013,valid,none,,,runs/A-kem512-fixed-prr1p00-rep13-seed200013-v1/cooja.log,168d40acd4a27c15180e5be5b4793597d33ee5a58ffd82fde2e5838176e3155e,10917,115,success,1,SUCCESS
A-kem512-fixed-prr1p00-rep13-seed200013-v2,A-kem512-fixed-prr1p00-rep13-seed200013,A_B1_VS_B2,COOJA_SIMULATION,512,2,fixed,1.0,,none,200013,valid,none,,,runs/A-kem512-fixed-prr1p00-rep13-seed200013-v2/cooja.log,eeda5750a9fb05f4914a36725d858b654e1f034ea9c849e6dfd7525a0ecb24a1,14821,147,success,1,SUCCESS
A-kem512-fixed-prr1p00-rep14-seed200014-v1,A-kem512-fixed-prr1p00-rep14-seed200014,A_B1_VS_B2,COOJA_SIMULATION,512,1,fixed,1.0,,none,200014,valid,none,,,runs/A-kem512-fixed-prr1p00-rep14-seed200014-v1/cooja.log,baf414051b012b81dcfacd39d09b97788be6079766a8ea76c33686bfe0484248,10917,115,success,1,SUCCESS
A-kem512-fixed-prr1p00-rep14-seed200014-v2,A-kem512-fixed-prr1p00-rep14-seed200014,A_B1_VS_B2,COOJA_SIMULATION,512,2,fixed,1.0,,none,200014,valid,none,,,runs/A-kem512-fixed-prr1p00-rep14-seed200014-v2/cooja.log,b8efd70f0abf8b376ad7f2603bb6d5b8c9a309abe0ba9c4080f48473df80656a,14821,147,success,1,SUCCESS
A-kem512-fixed-prr1p00-rep15-seed200015-v1,A-kem512-fixed-prr1p00-rep15-seed200015,A_B1_VS_B2,COOJA_SIMULATION,512,1,fixed,1.0,,none,200015,valid,none,,,runs/A-kem512-fixed-prr1p00-rep15-seed200015-v1/cooja.log,35581ca41dc40ca20e3b10041f46aa47c37e0523de60e151ad37d4b3664ecd86,10908,115,success,1,SUCCESS
A-kem512-fixed-prr1p00-rep15-seed200015-v2,A-kem512-fixed-prr1p00-rep15-seed200015,A_B1_VS_B2,COOJA_SIMULATION,512,2,fixed,1.0,,none,200015,valid,none,,,runs/A-kem512-fixed-prr1p00-rep15-seed200015-v2/cooja.log,05fd842577d6485733b91acef817ebf6a157a4fb64099a4f00e17b629ffd72a9,14812,147,success,1,SUCCESS
A-kem512-fixed-prr1p00-rep16-seed200016-v1,A-kem512-fixed-prr1p00-rep16-seed200016,A_B1_VS_B2,COOJA_SIMULATION,512,1,fixed,1.0,,none,200016,valid,none,,,runs/A-kem512-fixed-prr1p00-rep16-seed200016-v1/cooja.log,4650dc89d7e05be183bd85012f8c6b68cf4ef4647a695afc503d7437eda70513,10911,115,success,1,SUCCESS
A-kem512-fixed-prr1p00-rep16-seed200016-v2,A-kem512-fixed-prr1p00-rep16-seed200016,A_B1_VS_B2,COOJA_SIMULATION,512,2,fixed,1.0,,none,200016,valid,none,,,runs/A-kem512-fixed-prr1p00-rep16-seed200016-v2/cooja.log,17f03d7b44232f774f25d26937301079514a50180a1078fcc70f0506e673bf8d,14815,147,success,1,SUCCESS
A-kem512-fixed-prr1p00-rep17-seed200017-v1,A-kem512-fixed-prr1p00-rep17-seed200017,A_B1_VS_B2,COOJA_SIMULATION,512,1,fixed,1.0,,none,200017,valid,none,,,runs/A-kem512-fixed-prr1p00-rep17-seed200017-v1/cooja.log,556c768e3a43155020469a1987c34fed9e8afb208895d52874d840701d6286f0,10917,115,success,1,SUCCESS
A-kem512-fixed-prr1p00-rep17-seed200017-v2,A-kem512-fixed-prr1p00-rep17-seed200017,A_B1_VS_B2,COOJA_SIMULATION,512,2,fixed,1.0,,none,200017,valid,none,,,runs/A-kem512-fixed-prr1p00-rep17-seed200017-v2/cooja.log,57aeb3192cc6a339798cb6a4fef3e4ccfe0df6b76a95f90ed26e106e656035e2,14821,147,success,1,SUCCESS
A-kem512-fixed-prr1p00-rep18-seed200018-v1,A-kem512-fixed-prr1p00-rep18-seed200018,A_B1_VS_B2,COOJA_SIMULATION,512,1,fixed,1.0,,none,200018,valid,none,,,runs/A-kem512-fixed-prr1p00-rep18-seed200018-v1/cooja.log,5e99d6bff6bce713554d397fd04b87d720f1bd1e7782a857d5ee5ca54da59d11,10911,115,success,1,SUCCESS
A-kem512-fixed-prr1p00-rep18-seed200018-v2,A-kem512-fixed-prr1p00-rep18-seed200018,A_B1_VS_B2,COOJA_SIMULATION,512,2,fixed,1.0,,none,200018,valid,none,,,runs/A-kem512-fixed-prr1p00-rep18-seed200018-v2/cooja.log,03337bfd107d93ef31313e40f1f131c0244f931e666ae6d261ef824660eeeb76,14815,147,success,1,SUCCESS
A-kem512-fixed-prr1p00-rep19-seed200019-v1,A-kem512-fixed-prr1p00-rep19-seed200019,A_B1_VS_B2,COOJA_SIMULATION,512,1,fixed,1.0,,none,200019,valid,none,,,runs/A-kem512-fixed-prr1p00-rep19-seed200019-v1/cooja.log,a97eae16cb2564d7fc88295e80139f3ee528ee55be9053b49a2b73fe82dd9afe,10917,115,success,1,SUCCESS
A-kem512-fixed-prr1p00-rep19-seed200019-v2,A-kem512-fixed-prr1p00-rep19-seed200019,A_B1_VS_B2,COOJA_SIMULATION,512,2,fixed,1.0,,none,200019,valid,none,,,runs/A-kem512-fixed-prr1p00-rep19-seed200019-v2/cooja.log,a429c78fb583c9e05a939e369f854045a6bcef57bd32bb9006e1dae037480e1f,14821,147,success,1,SUCCESS
A-kem512-fixed-prr1p00-rep20-seed200020-v1,A-kem512-fixed-prr1p00-rep20-seed200020,A_B1_VS_B2,COOJA_SIMULATION,512,1,fixed,1.0,,none,200020,valid,none,,,runs/A-kem512-fixed-prr1p00-rep20-seed200020-v1/cooja.log,442d053a8f0a4ea0fe9d3f565b0cff8b0c1ccd4ab6a22b4173d8bc217edbe7e8,10908,115,success,1,SUCCESS
A-kem512-fixed-prr1p00-rep20-seed200020-v2,A-kem512-fixed-prr1p00-rep20-seed200020,A_B1_VS_B2,COOJA_SIMULATION,512,2,fixed,1.0,,none,200020,valid,none,,,runs/A-kem512-fixed-prr1p00-rep20-seed200020-v2/cooja.log,db37e59f18ac27b4acac6502d0fb97e0ffc7299702c9b21711a86b89e6c83ebd,14812,147,success,1,SUCCESS
A-kem512-fixed-prr1p00-rep21-seed200021-v1,A-kem512-fixed-prr1p00-rep21-seed200021,A_B1_VS_B2,COOJA_SIMULATION,512,1,fixed,1.0,,none,200021,valid,none,,,runs/A-kem512-fixed-prr1p00-rep21-seed200021-v1/cooja.log,e47560144d6d5efc1a37ad2ebc9e224faf0deb7fb9a425c68d7a407064c324ef,10908,115,success,1,SUCCESS
A-kem512-fixed-prr1p00-rep21-seed200021-v2,A-kem512-fixed-prr1p00-rep21-seed200021,A_B1_VS_B2,COOJA_SIMULATION,512,2,fixed,1.0,,none,200021,valid,none,,,runs/A-kem512-fixed-prr1p00-rep21-seed200021-v2/cooja.log,6bcf8e6b640bbdddbc81867004c1bab33a315c84bfb41a2a1deedc775844b19b,14812,147,success,1,SUCCESS
A-kem512-fixed-prr1p00-rep22-seed200022-v1,A-kem512-fixed-prr1p00-rep22-seed200022,A_B1_VS_B2,COOJA_SIMULATION,512,1,fixed,1.0,,none,200022,valid,none,,,runs/A-kem512-fixed-prr1p00-rep22-seed200022-v1/cooja.log,c9fd54945be933a916c197fad57abaed811ab97158f7d05f0ae35f4b39155959,10905,115,success,1,SUCCESS
A-kem512-fixed-prr1p00-rep22-seed200022-v2,A-kem512-fixed-prr1p00-rep22-seed200022,A_B1_VS_B2,COOJA_SIMULATION,512,2,fixed,1.0,,none,200022,valid,none,,,runs/A-kem512-fixed-prr1p00-rep22-seed200022-v2/cooja.log,c6fb93181d5f585dc474237b184368fb6517882fade48bdb1735290f6f2a611a,14809,147,success,1,SUCCESS
A-kem512-fixed-prr1p00-rep23-seed200023-v1,A-kem512-fixed-prr1p00-rep23-seed200023,A_B1_VS_B2,COOJA_SIMULATION,512,1,fixed,1.0,,none,200023,valid,none,,,runs/A-kem512-fixed-prr1p00-rep23-seed200023-v1/cooja.log,394cf9d9cff4ab9a2e05ffbccf2e329567d6cb0f480612313480b8c69d4ed5a6,10914,115,success,1,SUCCESS
A-kem512-fixed-prr1p00-rep23-seed200023-v2,A-kem512-fixed-prr1p00-rep23-seed200023,A_B1_VS_B2,COOJA_SIMULATION,512,2,fixed,1.0,,none,200023,valid,none,,,runs/A-kem512-fixed-prr1p00-rep23-seed200023-v2/cooja.log,0d8ec5967de223b8a2569b1b10179ccb98c1306d8fea18ea3f8d21f8c07f458d,14818,147,success,1,SUCCESS
A-kem512-fixed-prr1p00-rep24-seed200024-v1,A-kem512-fixed-prr1p00-rep24-seed200024,A_B1_VS_B2,COOJA_SIMULATION,512,1,fixed,1.0,,none,200024,valid,none,,,runs/A-kem512-fixed-prr1p00-rep24-seed200024-v1/cooja.log,d6ee5001e287103052a76565609fec6da146ec6974879ad4c131612f87316c76,10914,115,success,1,SUCCESS
A-kem512-fixed-prr1p00-rep24-seed200024-v2,A-kem512-fixed-prr1p00-rep24-seed200024,A_B1_VS_B2,COOJA_SIMULATION,512,2,fixed,1.0,,none,200024,valid,none,,,runs/A-kem512-fixed-prr1p00-rep24-seed200024-v2/cooja.log,f52bae8ae256832184ed87e3ce8dca68cbfbc5bab5ba106159d63c88519fa592,14818,147,success,1,SUCCESS
A-kem512-fixed-prr1p00-rep25-seed200025-v1,A-kem512-fixed-prr1p00-rep25-seed200025,A_B1_VS_B2,COOJA_SIMULATION,512,1,fixed,1.0,,none,200025,valid,none,,,runs/A-kem512-fixed-prr1p00-rep25-seed200025-v1/cooja.log,d116f6fdb22622e51cd32cd99f21d7bb901067c370cdc6526e547aeab1bb74ea,10908,115,success,1,SUCCESS
A-kem512-fixed-prr1p00-rep25-seed200025-v2,A-kem512-fixed-prr1p00-rep25-seed200025,A_B1_VS_B2,COOJA_SIMULATION,512,2,fixed,1.0,,none,200025,valid,none,,,runs/A-kem512-fixed-prr1p00-rep25-seed200025-v2/cooja.log,390f90b1d57aba1abac3db82c8d4aab3031bcbd159da3d186916b234cb49e612,14812,147,success,1,SUCCESS
A-kem512-fixed-prr1p00-rep26-seed200026-v1,A-kem512-fixed-prr1p00-rep26-seed200026,A_B1_VS_B2,COOJA_SIMULATION,512,1,fixed,1.0,,none,200026,valid,none,,,runs/A-kem512-fixed-prr1p00-rep26-seed200026-v1/cooja.log,bf1c1415b48e281ab9aaea0c778b18c730730db6ee0e93d244fafd0d9c718a7c,10911,115,success,1,SUCCESS
A-kem512-fixed-prr1p00-rep26-seed200026-v2,A-kem512-fixed-prr1p00-rep26-seed200026,A_B1_VS_B2,COOJA_SIMULATION,512,2,fixed,1.0,,none,200026,valid,none,,,runs/A-kem512-fixed-prr1p00-rep26-seed200026-v2/cooja.log,36d565352896aceb22f20f88a300c6cdb450380b4857294a2ef1776c1a127739,14815,147,success,1,SUCCESS
A-kem512-fixed-prr1p00-rep27-seed200027-v1,A-kem512-fixed-prr1p00-rep27-seed200027,A_B1_VS_B2,COOJA_SIMULATION,512,1,fixed,1.0,,none,200027,valid,none,,,runs/A-kem512-fixed-prr1p00-rep27-seed200027-v1/cooja.log,3c6747c6f33b5c72e1d24d157c601e23499402541eaacf0bbe5b158613a30fd7,10914,115,success,1,SUCCESS
A-kem512-fixed-prr1p00-rep27-seed200027-v2,A-kem512-fixed-prr1p00-rep27-seed200027,A_B1_VS_B2,COOJA_SIMULATION,512,2,fixed,1.0,,none,200027,valid,none,,,runs/A-kem512-fixed-prr1p00-rep27-seed200027-v2/cooja.log,60de8e7b3117d7d01bc425f198dcaf01b81f32a0477a0c880a85098c3f1a825d,14818,147,success,1,SUCCESS
A-kem512-fixed-prr1p00-rep28-seed200028-v1,A-kem512-fixed-prr1p00-rep28-seed200028,A_B1_VS_B2,COOJA_SIMULATION,512,1,fixed,1.0,,none,200028,valid,none,,,runs/A-kem512-fixed-prr1p00-rep28-seed200028-v1/cooja.log,6b3f4458e79d019b015f98b7b0dfd05f43662017f9ca64122f0b7e4132e0bea1,10914,115,success,1,SUCCESS
A-kem512-fixed-prr1p00-rep28-seed200028-v2,A-kem512-fixed-prr1p00-rep28-seed200028,A_B1_VS_B2,COOJA_SIMULATION,512,2,fixed,1.0,,none,200028,valid,none,,,runs/A-kem512-fixed-prr1p00-rep28-seed200028-v2/cooja.log,ee8aa31d3558681b4cbd702d6662f0b8dfef8dfe4871dd109a204b4bc23960da,14818,147,success,1,SUCCESS
A-kem512-fixed-prr1p00-rep29-seed200029-v1,A-kem512-fixed-prr1p00-rep29-seed200029,A_B1_VS_B2,COOJA_SIMULATION,512,1,fixed,1.0,,none,200029,valid,none,,,runs/A-kem512-fixed-prr1p00-rep29-seed200029-v1/cooja.log,7932bbd43bd9cb1112769f87d2353c75c7adf44572ac3b7546fb01c74d6af378,10917,115,success,1,SUCCESS
A-kem512-fixed-prr1p00-rep29-seed200029-v2,A-kem512-fixed-prr1p00-rep29-seed200029,A_B1_VS_B2,COOJA_SIMULATION,512,2,fixed,1.0,,none,200029,valid,none,,,runs/A-kem512-fixed-prr1p00-rep29-seed200029-v2/cooja.log,1d9748fd86cd6c8729b6ddd6dba439ba942e7c1fbf7786ec51039e6e20cb10e0,14821,147,success,1,SUCCESS
A-kem512-fixed-prr1p00-rep30-seed200030-v1,A-kem512-fixed-prr1p00-rep30-seed200030,A_B1_VS_B2,COOJA_SIMULATION,512,1,fixed,1.0,,none,200030,valid,none,,,runs/A-kem512-fixed-prr1p00-rep30-seed200030-v1/cooja.log,8c24fcb8f1480bfe09a5c36b9d3493c26006825ddedd76efb3049b98aaf5e0b2,10917,115,success,1,SUCCESS
A-kem512-fixed-prr1p00-rep30-seed200030-v2,A-kem512-fixed-prr1p00-rep30-seed200030,A_B1_VS_B2,COOJA_SIMULATION,512,2,fixed,1.0,,none,200030,valid,none,,,runs/A-kem512-fixed-prr1p00-rep30-seed200030-v2/cooja.log,5eab561c09ea3a9d81ce668ce41f41493e7254a47501caf601d2f6af2b3f2465,14821,147,success,1,SUCCESS
A-kem512-gilbert-prr0p50-L2-rep01-seed200001-v1,A-kem512-gilbert-prr0p50-L2-rep01-seed200001,A_B1_VS_B2,COOJA_SIMULATION,512,1,gilbert,0.5,2.0,none,200001,valid,none,,,runs/A-kem512-gilbert-prr0p50-L2-rep01-seed200001-v1/cooja.log,67bc70763a4d415ff2d72dd22ce3d7c58ed5ed10684affdb81f089ff89c01daf,9810,96,success,0,FAILED_PROTOCOL
A-kem512-gilbert-prr0p50-L2-rep01-seed200001-v2,A-kem512-gilbert-prr0p50-L2-rep01-seed200001,A_B1_VS_B2,COOJA_SIMULATION,512,2,gilbert,0.5,2.0,none,200001,valid,none,,,runs/A-kem512-gilbert-prr0p50-L2-rep01-seed200001-v2/cooja.log,74a4f81c2b9377571b1f259c8d383afbd571638e1d72ac502e24d16a0941175a,10044,98,success,0,FAILED_PROTOCOL
A-kem512-gilbert-prr0p50-L2-rep02-seed200002-v1,A-kem512-gilbert-prr0p50-L2-rep02-seed200002,A_B1_VS_B2,COOJA_SIMULATION,512,1,gilbert,0.5,2.0,none,200002,valid,none,,,runs/A-kem512-gilbert-prr0p50-L2-rep02-seed200002-v1/cooja.log,0b29e77d0269a7c79339e6ebe4bd1eac25fdd7ea8536ec2ca4f28ff452ae87b1,9924,97,success,0,FAILED_PROTOCOL
A-kem512-gilbert-prr0p50-L2-rep02-seed200002-v2,A-kem512-gilbert-prr0p50-L2-rep02-seed200002,A_B1_VS_B2,COOJA_SIMULATION,512,2,gilbert,0.5,2.0,none,200002,valid,none,,,runs/A-kem512-gilbert-prr0p50-L2-rep02-seed200002-v2/cooja.log,3d571125513d30a00eb463461a7c7b90e45a27a4926cca17e09ec2ccca39037b,10158,99,success,0,FAILED_PROTOCOL
A-kem512-gilbert-prr0p50-L2-rep03-seed200003-v1,A-kem512-gilbert-prr0p50-L2-rep03-seed200003,A_B1_VS_B2,COOJA_SIMULATION,512,1,gilbert,0.5,2.0,none,200003,valid,none,,,runs/A-kem512-gilbert-prr0p50-L2-rep03-seed200003-v1/cooja.log,c19780538c61e5b00d408627705b5255e10279da83ec200a982f056f182661c7,11449,114,success,0,FAILED_PROTOCOL
A-kem512-gilbert-prr0p50-L2-rep03-seed200003-v2,A-kem512-gilbert-prr0p50-L2-rep03-seed200003,A_B1_VS_B2,COOJA_SIMULATION,512,2,gilbert,0.5,2.0,none,200003,valid,none,,,runs/A-kem512-gilbert-prr0p50-L2-rep03-seed200003-v2/cooja.log,8afba303c8087cc71470852785b87e7e4287ad3fb3d4ab236eb9feb08ec88e22,11683,116,success,0,FAILED_PROTOCOL
A-kem512-gilbert-prr0p50-L2-rep04-seed200004-v1,A-kem512-gilbert-prr0p50-L2-rep04-seed200004,A_B1_VS_B2,COOJA_SIMULATION,512,1,gilbert,0.5,2.0,none,200004,valid,none,,,runs/A-kem512-gilbert-prr0p50-L2-rep04-seed200004-v1/cooja.log,def030145e38dfc382b09b763420577403316db1915481a95fd735371e8b7f9a,10662,106,success,0,FAILED_PROTOCOL
A-kem512-gilbert-prr0p50-L2-rep04-seed200004-v2,A-kem512-gilbert-prr0p50-L2-rep04-seed200004,A_B1_VS_B2,COOJA_SIMULATION,512,2,gilbert,0.5,2.0,none,200004,valid,none,,,runs/A-kem512-gilbert-prr0p50-L2-rep04-seed200004-v2/cooja.log,545245e4af143f352d90315941e88407034fd45b0aaa41acfb87fef4596f6a0b,10896,108,success,0,FAILED_PROTOCOL
A-kem512-gilbert-prr0p50-L2-rep05-seed200005-v1,A-kem512-gilbert-prr0p50-L2-rep05-seed200005,A_B1_VS_B2,COOJA_SIMULATION,512,1,gilbert,0.5,2.0,none,200005,valid,none,,,runs/A-kem512-gilbert-prr0p50-L2-rep05-seed200005-v1/cooja.log,8e0705744db0251bf80c3a7394dd7921aa8413351003700a351ee4ba2e40e480,11935,120,success,0,FAILED_PROTOCOL
A-kem512-gilbert-prr0p50-L2-rep05-seed200005-v2,A-kem512-gilbert-prr0p50-L2-rep05-seed200005,A_B1_VS_B2,COOJA_SIMULATION,512,2,gilbert,0.5,2.0,none,200005,valid,none,,,runs/A-kem512-gilbert-prr0p50-L2-rep05-seed200005-v2/cooja.log,584821d71e9aee92be146ec1f5723fe51a5902a9ca1e7b3392b0b001985d36ef,12169,122,success,0,FAILED_PROTOCOL
A-kem512-gilbert-prr0p50-L2-rep06-seed200006-v1,A-kem512-gilbert-prr0p50-L2-rep06-seed200006,A_B1_VS_B2,COOJA_SIMULATION,512,1,gilbert,0.5,2.0,none,200006,valid,none,,,runs/A-kem512-gilbert-prr0p50-L2-rep06-seed200006-v1/cooja.log,c4ee5ce26595d2c3b94927e91dc7ec83281451c265acc38a925a49cf4ca10e9a,11930,120,success,0,FAILED_PROTOCOL
A-kem512-gilbert-prr0p50-L2-rep06-seed200006-v2,A-kem512-gilbert-prr0p50-L2-rep06-seed200006,A_B1_VS_B2,COOJA_SIMULATION,512,2,gilbert,0.5,2.0,none,200006,valid,none,,,runs/A-kem512-gilbert-prr0p50-L2-rep06-seed200006-v2/cooja.log,fde35688d496f8d9df4ee193736a2c19726e7fb9f9deea261e918c3f008b5208,12164,122,success,0,FAILED_PROTOCOL
A-kem512-gilbert-prr0p50-L2-rep07-seed200007-v1,A-kem512-gilbert-prr0p50-L2-rep07-seed200007,A_B1_VS_B2,COOJA_SIMULATION,512,1,gilbert,0.5,2.0,none,200007,valid,none,,,runs/A-kem512-gilbert-prr0p50-L2-rep07-seed200007-v1/cooja.log,4c462493cd80877dc3880c509b3ea524a9a22200de4ae7e6f62fa8789cf194a8,10758,106,success,0,FAILED_PROTOCOL
A-kem512-gilbert-prr0p50-L2-rep07-seed200007-v2,A-kem512-gilbert-prr0p50-L2-rep07-seed200007,A_B1_VS_B2,COOJA_SIMULATION,512,2,gilbert,0.5,2.0,none,200007,valid,none,,,runs/A-kem512-gilbert-prr0p50-L2-rep07-seed200007-v2/cooja.log,12a924fd7b506acced5573fd85f77a2f04cfea8522c3870e770d4a0be87a16d1,10992,108,success,0,FAILED_PROTOCOL
A-kem512-gilbert-prr0p50-L2-rep08-seed200008-v1,A-kem512-gilbert-prr0p50-L2-rep08-seed200008,A_B1_VS_B2,COOJA_SIMULATION,512,1,gilbert,0.5,2.0,none,200008,valid,none,,,runs/A-kem512-gilbert-prr0p50-L2-rep08-seed200008-v1/cooja.log,67071a469b3f6434c5c691905cf2f9d0b870e0dd87fdd64a93d3f650abaf7bff,10674,106,success,0,FAILED_PROTOCOL
A-kem512-gilbert-prr0p50-L2-rep08-seed200008-v2,A-kem512-gilbert-prr0p50-L2-rep08-seed200008,A_B1_VS_B2,COOJA_SIMULATION,512,2,gilbert,0.5,2.0,none,200008,valid,none,,,runs/A-kem512-gilbert-prr0p50-L2-rep08-seed200008-v2/cooja.log,06395a95a7d646740ed5a92a6f6d4bee8b61838f6e93caa052eb9d3c8b2811bb,10908,108,success,0,FAILED_PROTOCOL
A-kem512-gilbert-prr0p50-L2-rep09-seed200009-v1,A-kem512-gilbert-prr0p50-L2-rep09-seed200009,A_B1_VS_B2,COOJA_SIMULATION,512,1,gilbert,0.5,2.0,none,200009,valid,none,,,runs/A-kem512-gilbert-prr0p50-L2-rep09-seed200009-v1/cooja.log,215d6b1c624e45e2066262a612a440879242e35e1738cb36f5534083185514db,11006,110,success,0,FAILED_PROTOCOL
A-kem512-gilbert-prr0p50-L2-rep09-seed200009-v2,A-kem512-gilbert-prr0p50-L2-rep09-seed200009,A_B1_VS_B2,COOJA_SIMULATION,512,2,gilbert,0.5,2.0,none,200009,valid,none,,,runs/A-kem512-gilbert-prr0p50-L2-rep09-seed200009-v2/cooja.log,741ba8414515e4c07cd458b25f630367b1ed28ca8c207dd358c81d6501d22c8c,11240,112,success,0,FAILED_PROTOCOL
A-kem512-gilbert-prr0p50-L2-rep10-seed200010-v1,A-kem512-gilbert-prr0p50-L2-rep10-seed200010,A_B1_VS_B2,COOJA_SIMULATION,512,1,gilbert,0.5,2.0,none,200010,valid,none,,,runs/A-kem512-gilbert-prr0p50-L2-rep10-seed200010-v1/cooja.log,b96a4f82ccee7a9d44539ce1fdea8274c573e90da56bf222e0ec213f05488e8d,11865,119,success,0,FAILED_PROTOCOL
A-kem512-gilbert-prr0p50-L2-rep10-seed200010-v2,A-kem512-gilbert-prr0p50-L2-rep10-seed200010,A_B1_VS_B2,COOJA_SIMULATION,512,2,gilbert,0.5,2.0,none,200010,valid,none,,,runs/A-kem512-gilbert-prr0p50-L2-rep10-seed200010-v2/cooja.log,6bc049f5f666cd4ffb14e4051cf8689fc22fd957678f884785def1f2c209d871,12099,121,success,0,FAILED_PROTOCOL
A-kem512-gilbert-prr0p50-L2-rep11-seed200011-v1,A-kem512-gilbert-prr0p50-L2-rep11-seed200011,A_B1_VS_B2,COOJA_SIMULATION,512,1,gilbert,0.5,2.0,none,200011,valid,none,,,runs/A-kem512-gilbert-prr0p50-L2-rep11-seed200011-v1/cooja.log,2f4e66eed62af062c294f53138ec773163e68facb85d5429a0a0fbd64f811f7f,11136,111,success,0,FAILED_PROTOCOL
A-kem512-gilbert-prr0p50-L2-rep11-seed200011-v2,A-kem512-gilbert-prr0p50-L2-rep11-seed200011,A_B1_VS_B2,COOJA_SIMULATION,512,2,gilbert,0.5,2.0,none,200011,valid,none,,,runs/A-kem512-gilbert-prr0p50-L2-rep11-seed200011-v2/cooja.log,51be9171055cbf3c6bd06b86f3d995754962b2804e747e017f758d673cb4d838,11370,113,success,0,FAILED_PROTOCOL
A-kem512-gilbert-prr0p50-L2-rep12-seed200012-v1,A-kem512-gilbert-prr0p50-L2-rep12-seed200012,A_B1_VS_B2,COOJA_SIMULATION,512,1,gilbert,0.5,2.0,none,200012,valid,none,,,runs/A-kem512-gilbert-prr0p50-L2-rep12-seed200012-v1/cooja.log,0df9dc15dd2339adde97521639478950fae0d79b56bd7df6f3c78af754028eec,12474,125,success,0,FAILED_PROTOCOL
A-kem512-gilbert-prr0p50-L2-rep12-seed200012-v2,A-kem512-gilbert-prr0p50-L2-rep12-seed200012,A_B1_VS_B2,COOJA_SIMULATION,512,2,gilbert,0.5,2.0,none,200012,valid,none,,,runs/A-kem512-gilbert-prr0p50-L2-rep12-seed200012-v2/cooja.log,6397392cb7e7076ecb73cec6dd3d3e8da90b8ba8cc59ebf44b5305322c5a6565,12708,127,success,0,FAILED_PROTOCOL
A-kem512-gilbert-prr0p50-L2-rep13-seed200013-v1,A-kem512-gilbert-prr0p50-L2-rep13-seed200013,A_B1_VS_B2,COOJA_SIMULATION,512,1,gilbert,0.5,2.0,none,200013,valid,none,,,runs/A-kem512-gilbert-prr0p50-L2-rep13-seed200013-v1/cooja.log,33deed7d991acea39cafd7e757820bf4e542f52c6f85404fa75adf1bb85e40e7,11836,118,success,0,FAILED_PROTOCOL
A-kem512-gilbert-prr0p50-L2-rep13-seed200013-v2,A-kem512-gilbert-prr0p50-L2-rep13-seed200013,A_B1_VS_B2,COOJA_SIMULATION,512,2,gilbert,0.5,2.0,none,200013,valid,none,,,runs/A-kem512-gilbert-prr0p50-L2-rep13-seed200013-v2/cooja.log,5edbf5d1e192621e221c8984e8892325e051b58753fd389fcef49445005eb98e,12070,120,success,0,FAILED_PROTOCOL
A-kem512-gilbert-prr0p50-L2-rep14-seed200014-v1,A-kem512-gilbert-prr0p50-L2-rep14-seed200014,A_B1_VS_B2,COOJA_SIMULATION,512,1,gilbert,0.5,2.0,none,200014,valid,none,,,runs/A-kem512-gilbert-prr0p50-L2-rep14-seed200014-v1/cooja.log,3d447aab9ac2e02671bcbe178d72136dd204ff6852e00670291828428f36a48e,9922,97,success,0,FAILED_PROTOCOL
A-kem512-gilbert-prr0p50-L2-rep14-seed200014-v2,A-kem512-gilbert-prr0p50-L2-rep14-seed200014,A_B1_VS_B2,COOJA_SIMULATION,512,2,gilbert,0.5,2.0,none,200014,valid,none,,,runs/A-kem512-gilbert-prr0p50-L2-rep14-seed200014-v2/cooja.log,9a4e5cb86b2535f55f20c1e8915c0cf49b09d9b2eb8125bff6c28b510a21a71c,10156,99,success,0,FAILED_PROTOCOL
A-kem512-gilbert-prr0p50-L2-rep15-seed200015-v1,A-kem512-gilbert-prr0p50-L2-rep15-seed200015,A_B1_VS_B2,COOJA_SIMULATION,512,1,gilbert,0.5,2.0,none,200015,valid,none,,,runs/A-kem512-gilbert-prr0p50-L2-rep15-seed200015-v1/cooja.log,dc6ded41c703355e464c80f910276855c4c96bdf3435c21a7212258e12f1bb14,11173,111,success,0,FAILED_PROTOCOL
A-kem512-gilbert-prr0p50-L2-rep15-seed200015-v2,A-kem512-gilbert-prr0p50-L2-rep15-seed200015,A_B1_VS_B2,COOJA_SIMULATION,512,2,gilbert,0.5,2.0,none,200015,valid,none,,,runs/A-kem512-gilbert-prr0p50-L2-rep15-seed200015-v2/cooja.log,a5e1b9f46ae6d43ba22446e357faf1e5b6252eb772895f1ddc1c2bd25278336b,11407,113,success,0,FAILED_PROTOCOL
A-kem512-gilbert-prr0p50-L2-rep16-seed200016-v1,A-kem512-gilbert-prr0p50-L2-rep16-seed200016,A_B1_VS_B2,COOJA_SIMULATION,512,1,gilbert,0.5,2.0,none,200016,valid,none,,,runs/A-kem512-gilbert-prr0p50-L2-rep16-seed200016-v1/cooja.log,68bb336e59f828b836a4703c640fee38677e15ceaddb786d98587d21c2924e29,11673,117,success,0,FAILED_PROTOCOL
A-kem512-gilbert-prr0p50-L2-rep16-seed200016-v2,A-kem512-gilbert-prr0p50-L2-rep16-seed200016,A_B1_VS_B2,COOJA_SIMULATION,512,2,gilbert,0.5,2.0,none,200016,valid,none,,,runs/A-kem512-gilbert-prr0p50-L2-rep16-seed200016-v2/cooja.log,4cd05aeb6d998bc61f123b55745031739984a3acd66c3f882ae2a21932da91da,11907,119,success,0,FAILED_PROTOCOL
A-kem512-gilbert-prr0p50-L2-rep17-seed200017-v1,A-kem512-gilbert-prr0p50-L2-rep17-seed200017,A_B1_VS_B2,COOJA_SIMULATION,512,1,gilbert,0.5,2.0,none,200017,valid,none,,,runs/A-kem512-gilbert-prr0p50-L2-rep17-seed200017-v1/cooja.log,e2ba2ff8c55814e73c912700d463e52ce890dc7cbc42a427b903a734f68d2791,10073,99,success,0,FAILED_PROTOCOL
A-kem512-gilbert-prr0p50-L2-rep17-seed200017-v2,A-kem512-gilbert-prr0p50-L2-rep17-seed200017,A_B1_VS_B2,COOJA_SIMULATION,512,2,gilbert,0.5,2.0,none,200017,valid,none,,,runs/A-kem512-gilbert-prr0p50-L2-rep17-seed200017-v2/cooja.log,2247614c511adaffdc1a76883b21df3a1d29e0f4a47d29a1a789b1da00f896ec,10307,101,success,0,FAILED_PROTOCOL
A-kem512-gilbert-prr0p50-L2-rep18-seed200018-v1,A-kem512-gilbert-prr0p50-L2-rep18-seed200018,A_B1_VS_B2,COOJA_SIMULATION,512,1,gilbert,0.5,2.0,none,200018,valid,none,,,runs/A-kem512-gilbert-prr0p50-L2-rep18-seed200018-v1/cooja.log,738ce6c2671103d17b0a5e635976f24bc40bc99771c17a76f6dd80be18b93f5d,12324,124,success,0,FAILED_PROTOCOL
A-kem512-gilbert-prr0p50-L2-rep18-seed200018-v2,A-kem512-gilbert-prr0p50-L2-rep18-seed200018,A_B1_VS_B2,COOJA_SIMULATION,512,2,gilbert,0.5,2.0,none,200018,valid,none,,,runs/A-kem512-gilbert-prr0p50-L2-rep18-seed200018-v2/cooja.log,774f2a7c158b2e892da7a9ffe62407c4cb71a92f93d75a1065f0b24aaef0035a,12558,126,success,0,FAILED_PROTOCOL
A-kem512-gilbert-prr0p50-L2-rep19-seed200019-v1,A-kem512-gilbert-prr0p50-L2-rep19-seed200019,A_B1_VS_B2,COOJA_SIMULATION,512,1,gilbert,0.5,2.0,none,200019,valid,none,,,runs/A-kem512-gilbert-prr0p50-L2-rep19-seed200019-v1/cooja.log,073676063fbbd7f81c99a2d9c07f72089fe2e2e6fdfb7fd092ca64e06f27ce9b,11143,111,success,0,FAILED_PROTOCOL
A-kem512-gilbert-prr0p50-L2-rep19-seed200019-v2,A-kem512-gilbert-prr0p50-L2-rep19-seed200019,A_B1_VS_B2,COOJA_SIMULATION,512,2,gilbert,0.5,2.0,none,200019,valid,none,,,runs/A-kem512-gilbert-prr0p50-L2-rep19-seed200019-v2/cooja.log,fde7966aa85d73f23d8c76bde49746f36ee4ca969bf334d0f817e35b14fb9408,11377,113,success,0,FAILED_PROTOCOL
A-kem512-gilbert-prr0p50-L2-rep20-seed200020-v1,A-kem512-gilbert-prr0p50-L2-rep20-seed200020,A_B1_VS_B2,COOJA_SIMULATION,512,1,gilbert,0.5,2.0,none,200020,valid,none,,,runs/A-kem512-gilbert-prr0p50-L2-rep20-seed200020-v1/cooja.log,928395ff707ebce17c0e6ca00b60d5ebc3bf675468c399b50dd6c5e78177de40,11978,120,success,0,FAILED_PROTOCOL
A-kem512-gilbert-prr0p50-L2-rep20-seed200020-v2,A-kem512-gilbert-prr0p50-L2-rep20-seed200020,A_B1_VS_B2,COOJA_SIMULATION,512,2,gilbert,0.5,2.0,none,200020,valid,none,,,runs/A-kem512-gilbert-prr0p50-L2-rep20-seed200020-v2/cooja.log,62e3bd55c4f0530c257da8c5c823f75e950fca6e3f87401594c2685d6b9987dc,12212,122,success,0,FAILED_PROTOCOL
A-kem512-gilbert-prr0p50-L2-rep21-seed200021-v1,A-kem512-gilbert-prr0p50-L2-rep21-seed200021,A_B1_VS_B2,COOJA_SIMULATION,512,1,gilbert,0.5,2.0,none,200021,valid,none,,,runs/A-kem512-gilbert-prr0p50-L2-rep21-seed200021-v1/cooja.log,eff0bcf72e87340d8e024af14a7e00c569605cacf27dfc1436e9dc8da1ee9fda,12397,125,success,0,FAILED_PROTOCOL
A-kem512-gilbert-prr0p50-L2-rep21-seed200021-v2,A-kem512-gilbert-prr0p50-L2-rep21-seed200021,A_B1_VS_B2,COOJA_SIMULATION,512,2,gilbert,0.5,2.0,none,200021,valid,none,,,runs/A-kem512-gilbert-prr0p50-L2-rep21-seed200021-v2/cooja.log,c14dfe6aab594d3108f2eb74bb34696631f9e0701f1ab4f56ae0b27d9f5fc4d4,12631,127,success,0,FAILED_PROTOCOL
A-kem512-gilbert-prr0p50-L2-rep22-seed200022-v1,A-kem512-gilbert-prr0p50-L2-rep22-seed200022,A_B1_VS_B2,COOJA_SIMULATION,512,1,gilbert,0.5,2.0,none,200022,valid,none,,,runs/A-kem512-gilbert-prr0p50-L2-rep22-seed200022-v1/cooja.log,62fe29ecc4ff4a18854bdf2f35aa5ae077ec206ccb32e766aedfffaa4c5b3e90,11122,111,success,0,FAILED_PROTOCOL
A-kem512-gilbert-prr0p50-L2-rep22-seed200022-v2,A-kem512-gilbert-prr0p50-L2-rep22-seed200022,A_B1_VS_B2,COOJA_SIMULATION,512,2,gilbert,0.5,2.0,none,200022,valid,none,,,runs/A-kem512-gilbert-prr0p50-L2-rep22-seed200022-v2/cooja.log,d2c0c1c63ab08673129fb56536e8fb43de1f3dc5761ff26e346bb80cd3769255,11356,113,success,0,FAILED_PROTOCOL
A-kem512-gilbert-prr0p50-L2-rep23-seed200023-v1,A-kem512-gilbert-prr0p50-L2-rep23-seed200023,A_B1_VS_B2,COOJA_SIMULATION,512,1,gilbert,0.5,2.0,none,200023,valid,none,,,runs/A-kem512-gilbert-prr0p50-L2-rep23-seed200023-v1/cooja.log,5570b55ce15e94269a5ff2758b8a9ec895ba1a4f7d59d32ffc3f8061adb6c98d,10529,104,success,0,FAILED_PROTOCOL
A-kem512-gilbert-prr0p50-L2-rep23-seed200023-v2,A-kem512-gilbert-prr0p50-L2-rep23-seed200023,A_B1_VS_B2,COOJA_SIMULATION,512,2,gilbert,0.5,2.0,none,200023,valid,none,,,runs/A-kem512-gilbert-prr0p50-L2-rep23-seed200023-v2/cooja.log,cd3419c23652540e9adf8c15c773dca54d02c08d0abfcdbd73031595aec1136b,10763,106,success,0,FAILED_PROTOCOL
A-kem512-gilbert-prr0p50-L2-rep24-seed200024-v1,A-kem512-gilbert-prr0p50-L2-rep24-seed200024,A_B1_VS_B2,COOJA_SIMULATION,512,1,gilbert,0.5,2.0,none,200024,valid,none,,,runs/A-kem512-gilbert-prr0p50-L2-rep24-seed200024-v1/cooja.log,c6985dcab0dd8508de3d1f5166ad52d36d41f7d4fd57be3189d9cb3d1503c822,10532,104,success,0,FAILED_PROTOCOL
A-kem512-gilbert-prr0p50-L2-rep24-seed200024-v2,A-kem512-gilbert-prr0p50-L2-rep24-seed200024,A_B1_VS_B2,COOJA_SIMULATION,512,2,gilbert,0.5,2.0,none,200024,valid,none,,,runs/A-kem512-gilbert-prr0p50-L2-rep24-seed200024-v2/cooja.log,5c586c5fce70212abcdc03f9b513fcbf023b72b8117a521d6c7aa526dc3bcf5c,10766,106,success,0,FAILED_PROTOCOL
A-kem512-gilbert-prr0p50-L2-rep25-seed200025-v1,A-kem512-gilbert-prr0p50-L2-rep25-seed200025,A_B1_VS_B2,COOJA_SIMULATION,512,1,gilbert,0.5,2.0,none,200025,valid,none,,,runs/A-kem512-gilbert-prr0p50-L2-rep25-seed200025-v1/cooja.log,549c6f87f7677280ab6963a543f8faa2ef52af977a81750c5fc1d6ff03ba84ec,10871,108,success,0,FAILED_PROTOCOL
A-kem512-gilbert-prr0p50-L2-rep25-seed200025-v2,A-kem512-gilbert-prr0p50-L2-rep25-seed200025,A_B1_VS_B2,COOJA_SIMULATION,512,2,gilbert,0.5,2.0,none,200025,valid,none,,,runs/A-kem512-gilbert-prr0p50-L2-rep25-seed200025-v2/cooja.log,dd107fb9ab2dc1ef6ad8a98e56f1e538eff8d161848b0ff83f4f488a85434daa,11105,110,success,0,FAILED_PROTOCOL
A-kem512-gilbert-prr0p50-L2-rep26-seed200026-v1,A-kem512-gilbert-prr0p50-L2-rep26-seed200026,A_B1_VS_B2,COOJA_SIMULATION,512,1,gilbert,0.5,2.0,none,200026,valid,none,,,runs/A-kem512-gilbert-prr0p50-L2-rep26-seed200026-v1/cooja.log,4211f9bd752f99500402f95955dfd9bc6b31d1ea2ff2ff85789e1b33ecc83ace,12426,125,success,0,FAILED_PROTOCOL
A-kem512-gilbert-prr0p50-L2-rep26-seed200026-v2,A-kem512-gilbert-prr0p50-L2-rep26-seed200026,A_B1_VS_B2,COOJA_SIMULATION,512,2,gilbert,0.5,2.0,none,200026,valid,none,,,runs/A-kem512-gilbert-prr0p50-L2-rep26-seed200026-v2/cooja.log,ebf9f07445a72fb4aaff6169f26de6c10eaf040382f42c06f8a16e3329d2f8b2,12660,127,success,0,FAILED_PROTOCOL
A-kem512-gilbert-prr0p50-L2-rep27-seed200027-v1,A-kem512-gilbert-prr0p50-L2-rep27-seed200027,A_B1_VS_B2,COOJA_SIMULATION,512,1,gilbert,0.5,2.0,none,200027,valid,none,,,runs/A-kem512-gilbert-prr0p50-L2-rep27-seed200027-v1/cooja.log,67633031cd2e224504edc5a21b28c1525b41fb9bc4f5cca26a58271b32527884,9426,92,success,0,FAILED_PROTOCOL
A-kem512-gilbert-prr0p50-L2-rep27-seed200027-v2,A-kem512-gilbert-prr0p50-L2-rep27-seed200027,A_B1_VS_B2,COOJA_SIMULATION,512,2,gilbert,0.5,2.0,none,200027,valid,none,,,runs/A-kem512-gilbert-prr0p50-L2-rep27-seed200027-v2/cooja.log,383aaf4f4ece727c95dbe14f6742936f1b95f2552adf03cb43eab4718219e72e,9660,94,success,0,FAILED_PROTOCOL
A-kem512-gilbert-prr0p50-L2-rep28-seed200028-v1,A-kem512-gilbert-prr0p50-L2-rep28-seed200028,A_B1_VS_B2,COOJA_SIMULATION,512,1,gilbert,0.5,2.0,none,200028,valid,none,,,runs/A-kem512-gilbert-prr0p50-L2-rep28-seed200028-v1/cooja.log,5de359351b01bb9fe8bf13fe0184dafb43108f46d7f80b3bfac394af15144e89,11062,110,success,0,FAILED_PROTOCOL
A-kem512-gilbert-prr0p50-L2-rep28-seed200028-v2,A-kem512-gilbert-prr0p50-L2-rep28-seed200028,A_B1_VS_B2,COOJA_SIMULATION,512,2,gilbert,0.5,2.0,none,200028,valid,none,,,runs/A-kem512-gilbert-prr0p50-L2-rep28-seed200028-v2/cooja.log,aae42d24d4b8f23ad8f20e80a28e0af5817495c9d9e93330360a2b74b469fa2b,11296,112,success,0,FAILED_PROTOCOL
A-kem512-gilbert-prr0p50-L2-rep29-seed200029-v1,A-kem512-gilbert-prr0p50-L2-rep29-seed200029,A_B1_VS_B2,COOJA_SIMULATION,512,1,gilbert,0.5,2.0,none,200029,valid,none,,,runs/A-kem512-gilbert-prr0p50-L2-rep29-seed200029-v1/cooja.log,488e76678d933aa180fe415d1b21138da1647b93e44cd49c3aa3772cf538eaa2,9990,98,success,0,FAILED_PROTOCOL
A-kem512-gilbert-prr0p50-L2-rep29-seed200029-v2,A-kem512-gilbert-prr0p50-L2-rep29-seed200029,A_B1_VS_B2,COOJA_SIMULATION,512,2,gilbert,0.5,2.0,none,200029,valid,none,,,runs/A-kem512-gilbert-prr0p50-L2-rep29-seed200029-v2/cooja.log,64732fda98f2631d5fe1fb1170882ae1b52db2f4ae3297677fc735bb845a145f,10224,100,success,0,FAILED_PROTOCOL
A-kem512-gilbert-prr0p50-L2-rep30-seed200030-v1,A-kem512-gilbert-prr0p50-L2-rep30-seed200030,A_B1_VS_B2,COOJA_SIMULATION,512,1,gilbert,0.5,2.0,none,200030,valid,none,,,runs/A-kem512-gilbert-prr0p50-L2-rep30-seed200030-v1/cooja.log,b3f040ced1e1fb4f12a267ff8135d0d730265266f903b3fc8b6e293fd22bbf17,11640,116,success,0,FAILED_PROTOCOL
A-kem512-gilbert-prr0p50-L2-rep30-seed200030-v2,A-kem512-gilbert-prr0p50-L2-rep30-seed200030,A_B1_VS_B2,COOJA_SIMULATION,512,2,gilbert,0.5,2.0,none,200030,valid,none,,,runs/A-kem512-gilbert-prr0p50-L2-rep30-seed200030-v2/cooja.log,ad262d18d990bc9518940c9bfb17cf188dbc15a17559d5e8ce4c5110c44719bd,11874,118,success,0,FAILED_PROTOCOL
A-kem512-gilbert-prr0p50-L5-rep01-seed200001-v1,A-kem512-gilbert-prr0p50-L5-rep01-seed200001,A_B1_VS_B2,COOJA_SIMULATION,512,1,gilbert,0.5,5.0,none,200001,valid,none,,,runs/A-kem512-gilbert-prr0p50-L5-rep01-seed200001-v1/cooja.log,53520a4069910c2e316b173bef03fa3fc96e86649e2037d75c82764ea10eb676,10034,99,success,0,FAILED_PROTOCOL
A-kem512-gilbert-prr0p50-L5-rep01-seed200001-v2,A-kem512-gilbert-prr0p50-L5-rep01-seed200001,A_B1_VS_B2,COOJA_SIMULATION,512,2,gilbert,0.5,5.0,none,200001,valid,none,,,runs/A-kem512-gilbert-prr0p50-L5-rep01-seed200001-v2/cooja.log,fcfba44d6de9b88a196ff49fca182758eea5d470568b78b7c9c5378a86d0c818,10268,101,success,0,FAILED_PROTOCOL
A-kem512-gilbert-prr0p50-L5-rep02-seed200002-v1,A-kem512-gilbert-prr0p50-L5-rep02-seed200002,A_B1_VS_B2,COOJA_SIMULATION,512,1,gilbert,0.5,5.0,none,200002,valid,none,,,runs/A-kem512-gilbert-prr0p50-L5-rep02-seed200002-v1/cooja.log,5e04718b8ddea2c6dbd792ab17d44cb7d4ea8faf05e5744e309150cc05ac5b51,8741,84,success,0,FAILED_PROTOCOL
A-kem512-gilbert-prr0p50-L5-rep02-seed200002-v2,A-kem512-gilbert-prr0p50-L5-rep02-seed200002,A_B1_VS_B2,COOJA_SIMULATION,512,2,gilbert,0.5,5.0,none,200002,valid,none,,,runs/A-kem512-gilbert-prr0p50-L5-rep02-seed200002-v2/cooja.log,d682d7e770095d9c4443fd5014cc6154de54ad9e9eb481a5c6e874a9fcdf1a50,8975,86,success,0,FAILED_PROTOCOL
A-kem512-gilbert-prr0p50-L5-rep03-seed200003-v1,A-kem512-gilbert-prr0p50-L5-rep03-seed200003,A_B1_VS_B2,COOJA_SIMULATION,512,1,gilbert,0.5,5.0,none,200003,valid,none,,,runs/A-kem512-gilbert-prr0p50-L5-rep03-seed200003-v1/cooja.log,1b33aef8146403540da03adf2ad1076931da03eff8456cc628f53acdc6b8f16e,10533,104,success,0,FAILED_PROTOCOL
A-kem512-gilbert-prr0p50-L5-rep03-seed200003-v2,A-kem512-gilbert-prr0p50-L5-rep03-seed200003,A_B1_VS_B2,COOJA_SIMULATION,512,2,gilbert,0.5,5.0,none,200003,valid,none,,,runs/A-kem512-gilbert-prr0p50-L5-rep03-seed200003-v2/cooja.log,cf8acb189386f24edc8301aaa447288a981dea3016cb38164a6c714ba965b84d,10767,106,success,0,FAILED_PROTOCOL
A-kem512-gilbert-prr0p50-L5-rep04-seed200004-v1,A-kem512-gilbert-prr0p50-L5-rep04-seed200004,A_B1_VS_B2,COOJA_SIMULATION,512,1,gilbert,0.5,5.0,none,200004,valid,none,,,runs/A-kem512-gilbert-prr0p50-L5-rep04-seed200004-v1/cooja.log,899edb706f0fd1fe81526b3d6025306373ba52113a9e2fd4da2728de49037052,11700,117,success,0,FAILED_PROTOCOL
A-kem512-gilbert-prr0p50-L5-rep04-seed200004-v2,A-kem512-gilbert-prr0p50-L5-rep04-seed200004,A_B1_VS_B2,COOJA_SIMULATION,512,2,gilbert,0.5,5.0,none,200004,valid,none,,,runs/A-kem512-gilbert-prr0p50-L5-rep04-seed200004-v2/cooja.log,2cf633bbbb24f3a507573eb9c2cb3b540bcc08294adabbb947e7a315a58ea0a7,11934,119,success,0,FAILED_PROTOCOL
A-kem512-gilbert-prr0p50-L5-rep05-seed200005-v1,A-kem512-gilbert-prr0p50-L5-rep05-seed200005,A_B1_VS_B2,COOJA_SIMULATION,512,1,gilbert,0.5,5.0,none,200005,valid,none,,,runs/A-kem512-gilbert-prr0p50-L5-rep05-seed200005-v1/cooja.log,160bf52f54f893074bac3df219e6785261c3886cd9a555786b83bde13c82e804,12861,130,success,0,FAILED_PROTOCOL
A-kem512-gilbert-prr0p50-L5-rep05-seed200005-v2,A-kem512-gilbert-prr0p50-L5-rep05-seed200005,A_B1_VS_B2,COOJA_SIMULATION,512,2,gilbert,0.5,5.0,none,200005,valid,none,,,runs/A-kem512-gilbert-prr0p50-L5-rep05-seed200005-v2/cooja.log,6165d2ccdf244c0c246e477db60ee903f012ef7dee11cc746a2d4a712de42e6b,13095,132,success,0,FAILED_PROTOCOL
A-kem512-gilbert-prr0p50-L5-rep06-seed200006-v1,A-kem512-gilbert-prr0p50-L5-rep06-seed200006,A_B1_VS_B2,COOJA_SIMULATION,512,1,gilbert,0.5,5.0,none,200006,valid,none,,,runs/A-kem512-gilbert-prr0p50-L5-rep06-seed200006-v1/cooja.log,b6bde6cadaa2b0787253566884361dce9bb343e3747f31a602647efaddfdea7d,13141,133,success,0,FAILED_PROTOCOL
A-kem512-gilbert-prr0p50-L5-rep06-seed200006-v2,A-kem512-gilbert-prr0p50-L5-rep06-seed200006,A_B1_VS_B2,COOJA_SIMULATION,512,2,gilbert,0.5,5.0,none,200006,valid,none,,,runs/A-kem512-gilbert-prr0p50-L5-rep06-seed200006-v2/cooja.log,90c383ef42a0cc9b0313397025965885b9fd5cee9f43fd8a9ab6751396df8aed,13375,135,success,0,FAILED_PROTOCOL
A-kem512-gilbert-prr0p50-L5-rep07-seed200007-v1,A-kem512-gilbert-prr0p50-L5-rep07-seed200007,A_B1_VS_B2,COOJA_SIMULATION,512,1,gilbert,0.5,5.0,none,200007,valid,none,,,runs/A-kem512-gilbert-prr0p50-L5-rep07-seed200007-v1/cooja.log,743ce1e60c39946f2bf9532859de2607ddfecec0a35b3df621118082c47ef4a9,12478,125,success,0,FAILED_PROTOCOL
A-kem512-gilbert-prr0p50-L5-rep07-seed200007-v2,A-kem512-gilbert-prr0p50-L5-rep07-seed200007,A_B1_VS_B2,COOJA_SIMULATION,512,2,gilbert,0.5,5.0,none,200007,valid,none,,,runs/A-kem512-gilbert-prr0p50-L5-rep07-seed200007-v2/cooja.log,a2eb2e7221dc1b5e06a55f75615eaf2c4f080e1cd29990eeb21a4c5226fc78f3,12712,127,success,0,FAILED_PROTOCOL
A-kem512-gilbert-prr0p50-L5-rep08-seed200008-v1,A-kem512-gilbert-prr0p50-L5-rep08-seed200008,A_B1_VS_B2,COOJA_SIMULATION,512,1,gilbert,0.5,5.0,none,200008,valid,none,,,runs/A-kem512-gilbert-prr0p50-L5-rep08-seed200008-v1/cooja.log,550930f0c1d8804894d658a854ec43b46be830db80fc50989bba1f8e86fd9bf2,12573,128,success,0,FAILED_PROTOCOL
A-kem512-gilbert-prr0p50-L5-rep08-seed200008-v2,A-kem512-gilbert-prr0p50-L5-rep08-seed200008,A_B1_VS_B2,COOJA_SIMULATION,512,2,gilbert,0.5,5.0,none,200008,valid,none,,,runs/A-kem512-gilbert-prr0p50-L5-rep08-seed200008-v2/cooja.log,934982ee77996a7b29f39f0e02b243ca56be396a2a87b275d9b625518f7d7954,12807,130,success,0,FAILED_PROTOCOL
A-kem512-gilbert-prr0p50-L5-rep09-seed200009-v1,A-kem512-gilbert-prr0p50-L5-rep09-seed200009,A_B1_VS_B2,COOJA_SIMULATION,512,1,gilbert,0.5,5.0,none,200009,valid,none,,,runs/A-kem512-gilbert-prr0p50-L5-rep09-seed200009-v1/cooja.log,e8f166fb9166dfd833d5578c6c2d361bd3d65ba3ca5cbdf4fb282f9c20d5495c,13513,138,success,0,FAILED_PROTOCOL
A-kem512-gilbert-prr0p50-L5-rep09-seed200009-v2,A-kem512-gilbert-prr0p50-L5-rep09-seed200009,A_B1_VS_B2,COOJA_SIMULATION,512,2,gilbert,0.5,5.0,none,200009,valid,none,,,runs/A-kem512-gilbert-prr0p50-L5-rep09-seed200009-v2/cooja.log,778f0314b24c3af61b1f783f519a98aa74576ee143596768acdf7a630b3e19c7,13747,140,success,0,FAILED_PROTOCOL
A-kem512-gilbert-prr0p50-L5-rep10-seed200010-v1,A-kem512-gilbert-prr0p50-L5-rep10-seed200010,A_B1_VS_B2,COOJA_SIMULATION,512,1,gilbert,0.5,5.0,none,200010,valid,none,,,runs/A-kem512-gilbert-prr0p50-L5-rep10-seed200010-v1/cooja.log,ff909a8e612c41cb603c564e3d4bfc69a670b405b8b9c54166d88da962f24da7,10076,99,success,0,FAILED_PROTOCOL
A-kem512-gilbert-prr0p50-L5-rep10-seed200010-v2,A-kem512-gilbert-prr0p50-L5-rep10-seed200010,A_B1_VS_B2,COOJA_SIMULATION,512,2,gilbert,0.5,5.0,none,200010,valid,none,,,runs/A-kem512-gilbert-prr0p50-L5-rep10-seed200010-v2/cooja.log,fa634f020cb776a5849919f777066765d2fa81eaaef4bf09a29d71e2b2973026,10310,101,success,0,FAILED_PROTOCOL
A-kem512-gilbert-prr0p50-L5-rep11-seed200011-v1,A-kem512-gilbert-prr0p50-L5-rep11-seed200011,A_B1_VS_B2,COOJA_SIMULATION,512,1,gilbert,0.5,5.0,none,200011,valid,none,,,runs/A-kem512-gilbert-prr0p50-L5-rep11-seed200011-v1/cooja.log,1ce6cec702d112dfd780911818bb73e29830f72a58fab5938dee92c66ebcc32f,9414,92,success,0,FAILED_PROTOCOL
A-kem512-gilbert-prr0p50-L5-rep11-seed200011-v2,A-kem512-gilbert-prr0p50-L5-rep11-seed200011,A_B1_VS_B2,COOJA_SIMULATION,512,2,gilbert,0.5,5.0,none,200011,valid,none,,,runs/A-kem512-gilbert-prr0p50-L5-rep11-seed200011-v2/cooja.log,958be66e455db15705c3654495744d7200afc48b3430e7acca3d81ea96759e1c,9648,94,success,0,FAILED_PROTOCOL
A-kem512-gilbert-prr0p50-L5-rep12-seed200012-v1,A-kem512-gilbert-prr0p50-L5-rep12-seed200012,A_B1_VS_B2,COOJA_SIMULATION,512,1,gilbert,0.5,5.0,none,200012,valid,none,,,runs/A-kem512-gilbert-prr0p50-L5-rep12-seed200012-v1/cooja.log,e15646e667406d5b627b4e28a5765a78642ca6777d3a6ab9ca3f4608914e69e6,13122,132,success,0,FAILED_PROTOCOL
A-kem512-gilbert-prr0p50-L5-rep12-seed200012-v2,A-kem512-gilbert-prr0p50-L5-rep12-seed200012,A_B1_VS_B2,COOJA_SIMULATION,512,2,gilbert,0.5,5.0,none,200012,valid,none,,,runs/A-kem512-gilbert-prr0p50-L5-rep12-seed200012-v2/cooja.log,c333a8c1a7b02d7089003a1b2503cb1b4c6c72259e2ed8994b5a0ab3df5ebde1,13356,134,success,0,FAILED_PROTOCOL
A-kem512-gilbert-prr0p50-L5-rep13-seed200013-v1,A-kem512-gilbert-prr0p50-L5-rep13-seed200013,A_B1_VS_B2,COOJA_SIMULATION,512,1,gilbert,0.5,5.0,none,200013,valid,none,,,runs/A-kem512-gilbert-prr0p50-L5-rep13-seed200013-v1/cooja.log,05941da392caa06aae8a7085d94fa4eb89d552705699f0ea41ab6fab9c10f281,10842,107,success,0,FAILED_PROTOCOL
A-kem512-gilbert-prr0p50-L5-rep13-seed200013-v2,A-kem512-gilbert-prr0p50-L5-rep13-seed200013,A_B1_VS_B2,COOJA_SIMULATION,512,2,gilbert,0.5,5.0,none,200013,valid,none,,,runs/A-kem512-gilbert-prr0p50-L5-rep13-seed200013-v2/cooja.log,15ea5fd7a9b493a0f8c17a07c91a9d60f14f21f444232b5b28907f0d3e9138aa,11076,109,success,0,FAILED_PROTOCOL
A-kem512-gilbert-prr0p50-L5-rep14-seed200014-v1,A-kem512-gilbert-prr0p50-L5-rep14-seed200014,A_B1_VS_B2,COOJA_SIMULATION,512,1,gilbert,0.5,5.0,none,200014,valid,none,,,runs/A-kem512-gilbert-prr0p50-L5-rep14-seed200014-v1/cooja.log,148d001212fcd88639e65eb606fe7142e984cab30d3ce435658c09a1e9960cf1,9805,96,success,0,FAILED_PROTOCOL
A-kem512-gilbert-prr0p50-L5-rep14-seed200014-v2,A-kem512-gilbert-prr0p50-L5-rep14-seed200014,A_B1_VS_B2,COOJA_SIMULATION,512,2,gilbert,0.5,5.0,none,200014,valid,none,,,runs/A-kem512-gilbert-prr0p50-L5-rep14-seed200014-v2/cooja.log,eab070569a3e8cb44bc01fd628d0e70756118925ea1d8b7ea44fa62ff779c1db,10039,98,success,0,FAILED_PROTOCOL
A-kem512-gilbert-prr0p50-L5-rep15-seed200015-v1,A-kem512-gilbert-prr0p50-L5-rep15-seed200015,A_B1_VS_B2,COOJA_SIMULATION,512,1,gilbert,0.5,5.0,none,200015,valid,none,,,runs/A-kem512-gilbert-prr0p50-L5-rep15-seed200015-v1/cooja.log,eb579e5236bc5905dca01480cc79bf49127e582a08ba8aca40568b2994fcf3e0,13362,137,success,0,FAILED_PROTOCOL
A-kem512-gilbert-prr0p50-L5-rep15-seed200015-v2,A-kem512-gilbert-prr0p50-L5-rep15-seed200015,A_B1_VS_B2,COOJA_SIMULATION,512,2,gilbert,0.5,5.0,none,200015,valid,none,,,runs/A-kem512-gilbert-prr0p50-L5-rep15-seed200015-v2/cooja.log,627be4d165f44ee005ec5265c64fd8d10f8af7a23403c38df9de882f596197d6,13596,139,success,0,FAILED_PROTOCOL
A-kem512-gilbert-prr0p50-L5-rep16-seed200016-v1,A-kem512-gilbert-prr0p50-L5-rep16-seed200016,A_B1_VS_B2,COOJA_SIMULATION,512,1,gilbert,0.5,5.0,none,200016,valid,none,,,runs/A-kem512-gilbert-prr0p50-L5-rep16-seed200016-v1/cooja.log,aabda9f901f7f62568f8ba50a05a2f84448a05861f9708506493163ca00a4912,11000,109,success,0,FAILED_PROTOCOL
A-kem512-gilbert-prr0p50-L5-rep16-seed200016-v2,A-kem512-gilbert-prr0p50-L5-rep16-seed200016,A_B1_VS_B2,COOJA_SIMULATION,512,2,gilbert,0.5,5.0,none,200016,valid,none,,,runs/A-kem512-gilbert-prr0p50-L5-rep16-seed200016-v2/cooja.log,d2b96f3e6d23eb7655ddcac5287ca7cd0cd72f81d8b69b03d734c1faec62fdd2,11234,111,success,0,FAILED_PROTOCOL
A-kem512-gilbert-prr0p50-L5-rep17-seed200017-v1,A-kem512-gilbert-prr0p50-L5-rep17-seed200017,A_B1_VS_B2,COOJA_SIMULATION,512,1,gilbert,0.5,5.0,none,200017,valid,none,,,runs/A-kem512-gilbert-prr0p50-L5-rep17-seed200017-v1/cooja.log,339b7fb48e113cfe56c5f39cc033b029c6b37eb1080ac66ac85ffacd23de454d,9995,98,success,0,FAILED_PROTOCOL
A-kem512-gilbert-prr0p50-L5-rep17-seed200017-v2,A-kem512-gilbert-prr0p50-L5-rep17-seed200017,A_B1_VS_B2,COOJA_SIMULATION,512,2,gilbert,0.5,5.0,none,200017,valid,none,,,runs/A-kem512-gilbert-prr0p50-L5-rep17-seed200017-v2/cooja.log,e57a36dde753d1c283fd43eb3d2a320014eb99409f045c86f7cdb4aef0fb0f22,10229,100,success,0,FAILED_PROTOCOL
A-kem512-gilbert-prr0p50-L5-rep18-seed200018-v1,A-kem512-gilbert-prr0p50-L5-rep18-seed200018,A_B1_VS_B2,COOJA_SIMULATION,512,1,gilbert,0.5,5.0,none,200018,valid,none,,,runs/A-kem512-gilbert-prr0p50-L5-rep18-seed200018-v1/cooja.log,f1933cb4ff4d4658745c93c6f4ac646d3438fcf8ff3522f7e09f0c49b8971e7e,11594,116,success,0,FAILED_PROTOCOL
A-kem512-gilbert-prr0p50-L5-rep18-seed200018-v2,A-kem512-gilbert-prr0p50-L5-rep18-seed200018,A_B1_VS_B2,COOJA_SIMULATION,512,2,gilbert,0.5,5.0,none,200018,valid,none,,,runs/A-kem512-gilbert-prr0p50-L5-rep18-seed200018-v2/cooja.log,a5da2f34cb01795dad640b56926f2a6f87d06e9bd1990f0bd720cb29b526432a,11828,118,success,0,FAILED_PROTOCOL
A-kem512-gilbert-prr0p50-L5-rep19-seed200019-v1,A-kem512-gilbert-prr0p50-L5-rep19-seed200019,A_B1_VS_B2,COOJA_SIMULATION,512,1,gilbert,0.5,5.0,none,200019,valid,none,,,runs/A-kem512-gilbert-prr0p50-L5-rep19-seed200019-v1/cooja.log,116cf6465f61d0c8df5c98a8f3956e45423b7c383805ce26628532208b80441c,12319,124,success,0,FAILED_PROTOCOL
A-kem512-gilbert-prr0p50-L5-rep19-seed200019-v2,A-kem512-gilbert-prr0p50-L5-rep19-seed200019,A_B1_VS_B2,COOJA_SIMULATION,512,2,gilbert,0.5,5.0,none,200019,valid,none,,,runs/A-kem512-gilbert-prr0p50-L5-rep19-seed200019-v2/cooja.log,7a0e356362b04af7964b98696ef3a7b5a23f8bb374d08051a57dd8393498f118,12553,126,success,0,FAILED_PROTOCOL
A-kem512-gilbert-prr0p50-L5-rep20-seed200020-v1,A-kem512-gilbert-prr0p50-L5-rep20-seed200020,A_B1_VS_B2,COOJA_SIMULATION,512,1,gilbert,0.5,5.0,none,200020,valid,none,,,runs/A-kem512-gilbert-prr0p50-L5-rep20-seed200020-v1/cooja.log,91d6e202a5811aec3c9644257a37b2e1a2bda9da039fa28b17a84cd2b4de021e,11501,115,success,0,FAILED_PROTOCOL
A-kem512-gilbert-prr0p50-L5-rep20-seed200020-v2,A-kem512-gilbert-prr0p50-L5-rep20-seed200020,A_B1_VS_B2,COOJA_SIMULATION,512,2,gilbert,0.5,5.0,none,200020,valid,none,,,runs/A-kem512-gilbert-prr0p50-L5-rep20-seed200020-v2/cooja.log,04d24d3c0cc294046be322b473f710ccde8db472fcfb074e55e992c087dbe079,11735,117,success,0,FAILED_PROTOCOL
A-kem512-gilbert-prr0p50-L5-rep21-seed200021-v1,A-kem512-gilbert-prr0p50-L5-rep21-seed200021,A_B1_VS_B2,COOJA_SIMULATION,512,1,gilbert,0.5,5.0,none,200021,valid,none,,,runs/A-kem512-gilbert-prr0p50-L5-rep21-seed200021-v1/cooja.log,574af39d55c87f0217bb6ea71d2c1c86691be6603785f1af9afb09dc969b0837,13515,139,success,0,FAILED_PROTOCOL
A-kem512-gilbert-prr0p50-L5-rep21-seed200021-v2,A-kem512-gilbert-prr0p50-L5-rep21-seed200021,A_B1_VS_B2,COOJA_SIMULATION,512,2,gilbert,0.5,5.0,none,200021,valid,none,,,runs/A-kem512-gilbert-prr0p50-L5-rep21-seed200021-v2/cooja.log,1cafe4f977bbaa39fd73d6e08387433a8ac556e3033106a9698878d578f571ea,13749,141,success,0,FAILED_PROTOCOL
A-kem512-gilbert-prr0p50-L5-rep22-seed200022-v1,A-kem512-gilbert-prr0p50-L5-rep22-seed200022,A_B1_VS_B2,COOJA_SIMULATION,512,1,gilbert,0.5,5.0,none,200022,valid,none,,,runs/A-kem512-gilbert-prr0p50-L5-rep22-seed200022-v1/cooja.log,3deb0e6e774a22dd5f68a0fda09a96f813332321c5ce08f3214aad65f6a2ba7e,12303,124,success,0,FAILED_PROTOCOL
A-kem512-gilbert-prr0p50-L5-rep22-seed200022-v2,A-kem512-gilbert-prr0p50-L5-rep22-seed200022,A_B1_VS_B2,COOJA_SIMULATION,512,2,gilbert,0.5,5.0,none,200022,valid,none,,,runs/A-kem512-gilbert-prr0p50-L5-rep22-seed200022-v2/cooja.log,100edccc1c8e632f76d075ae8da85a5ea12a3c33c07ba2252bff38a22dec853c,12537,126,success,0,FAILED_PROTOCOL
A-kem512-gilbert-prr0p50-L5-rep23-seed200023-v1,A-kem512-gilbert-prr0p50-L5-rep23-seed200023,A_B1_VS_B2,COOJA_SIMULATION,512,1,gilbert,0.5,5.0,none,200023,valid,none,,,runs/A-kem512-gilbert-prr0p50-L5-rep23-seed200023-v1/cooja.log,0f6a03cd5affcff2038981f6ce4a1b9f60e4a61770ee383b1a5042a702b03fec,10531,104,success,0,FAILED_PROTOCOL
A-kem512-gilbert-prr0p50-L5-rep23-seed200023-v2,A-kem512-gilbert-prr0p50-L5-rep23-seed200023,A_B1_VS_B2,COOJA_SIMULATION,512,2,gilbert,0.5,5.0,none,200023,valid,none,,,runs/A-kem512-gilbert-prr0p50-L5-rep23-seed200023-v2/cooja.log,430896871edb80cf9dba1e1da27dfc566aea22ae22fd141f99ef736122b9c683,10765,106,success,0,FAILED_PROTOCOL
A-kem512-gilbert-prr0p50-L5-rep24-seed200024-v1,A-kem512-gilbert-prr0p50-L5-rep24-seed200024,A_B1_VS_B2,COOJA_SIMULATION,512,1,gilbert,0.5,5.0,none,200024,valid,none,,,runs/A-kem512-gilbert-prr0p50-L5-rep24-seed200024-v1/cooja.log,cfa35f5f789fa09ba7e7129e9f67f45828dd5fe1d1b8d97956295d8ce9064374,8669,83,success,0,FAILED_PROTOCOL
A-kem512-gilbert-prr0p50-L5-rep24-seed200024-v2,A-kem512-gilbert-prr0p50-L5-rep24-seed200024,A_B1_VS_B2,COOJA_SIMULATION,512,2,gilbert,0.5,5.0,none,200024,valid,none,,,runs/A-kem512-gilbert-prr0p50-L5-rep24-seed200024-v2/cooja.log,bb171e2a70fee6a38f5a7d33a2b1a3b5c5432278bd3ad664b306f66185483e66,8903,85,success,0,FAILED_PROTOCOL
A-kem512-gilbert-prr0p50-L5-rep25-seed200025-v1,A-kem512-gilbert-prr0p50-L5-rep25-seed200025,A_B1_VS_B2,COOJA_SIMULATION,512,1,gilbert,0.5,5.0,none,200025,valid,none,,,runs/A-kem512-gilbert-prr0p50-L5-rep25-seed200025-v1/cooja.log,ea97b16be69d2b947c0762d04b561e1baddeaae21db34e6e8c83f017c3d58e96,10060,99,success,0,FAILED_PROTOCOL
A-kem512-gilbert-prr0p50-L5-rep25-seed200025-v2,A-kem512-gilbert-prr0p50-L5-rep25-seed200025,A_B1_VS_B2,COOJA_SIMULATION,512,2,gilbert,0.5,5.0,none,200025,valid,none,,,runs/A-kem512-gilbert-prr0p50-L5-rep25-seed200025-v2/cooja.log,113345e51873304cc5c48b5c81a8a1385769fce0049240a8286ee09a3a15fb07,10294,101,success,0,FAILED_PROTOCOL
A-kem512-gilbert-prr0p50-L5-rep26-seed200026-v1,A-kem512-gilbert-prr0p50-L5-rep26-seed200026,A_B1_VS_B2,COOJA_SIMULATION,512,1,gilbert,0.5,5.0,none,200026,valid,none,,,runs/A-kem512-gilbert-prr0p50-L5-rep26-seed200026-v1/cooja.log,f93dc4f994b1a760694452641f16a5f02815bfaa85a6ef62b54e0e4dd2936762,9755,96,success,0,FAILED_PROTOCOL
A-kem512-gilbert-prr0p50-L5-rep26-seed200026-v2,A-kem512-gilbert-prr0p50-L5-rep26-seed200026,A_B1_VS_B2,COOJA_SIMULATION,512,2,gilbert,0.5,5.0,none,200026,valid,none,,,runs/A-kem512-gilbert-prr0p50-L5-rep26-seed200026-v2/cooja.log,4fe82d574038fddd761babc8e356974d4c827982b4d4bf1fef6f8b15e540f1a4,9989,98,success,0,FAILED_PROTOCOL
A-kem512-gilbert-prr0p50-L5-rep27-seed200027-v1,A-kem512-gilbert-prr0p50-L5-rep27-seed200027,A_B1_VS_B2,COOJA_SIMULATION,512,1,gilbert,0.5,5.0,none,200027,valid,none,,,runs/A-kem512-gilbert-prr0p50-L5-rep27-seed200027-v1/cooja.log,bdb8d31ea764d337be2d449c332cdb762dcf262a9e5415f8d10466e3439681a1,10615,105,success,0,FAILED_PROTOCOL
A-kem512-gilbert-prr0p50-L5-rep27-seed200027-v2,A-kem512-gilbert-prr0p50-L5-rep27-seed200027,A_B1_VS_B2,COOJA_SIMULATION,512,2,gilbert,0.5,5.0,none,200027,valid,none,,,runs/A-kem512-gilbert-prr0p50-L5-rep27-seed200027-v2/cooja.log,f8493ed6b507a7e7197683f0c245d587e9de897c2a597eb6bf8270474b58a41e,10849,107,success,0,FAILED_PROTOCOL
A-kem512-gilbert-prr0p50-L5-rep28-seed200028-v1,A-kem512-gilbert-prr0p50-L5-rep28-seed200028,A_B1_VS_B2,COOJA_SIMULATION,512,1,gilbert,0.5,5.0,none,200028,valid,none,,,runs/A-kem512-gilbert-prr0p50-L5-rep28-seed200028-v1/cooja.log,f12c218394f4bc868bea3a6656a7569c55e79360dcd5fccf77cd3c82245ae96c,12130,122,success,0,FAILED_PROTOCOL
A-kem512-gilbert-prr0p50-L5-rep28-seed200028-v2,A-kem512-gilbert-prr0p50-L5-rep28-seed200028,A_B1_VS_B2,COOJA_SIMULATION,512,2,gilbert,0.5,5.0,none,200028,valid,none,,,runs/A-kem512-gilbert-prr0p50-L5-rep28-seed200028-v2/cooja.log,d12a96b094070050a4be26ca0be1b339c16510cb4e9096f38e854d0280889b0f,12364,124,success,0,FAILED_PROTOCOL
A-kem512-gilbert-prr0p50-L5-rep29-seed200029-v1,A-kem512-gilbert-prr0p50-L5-rep29-seed200029,A_B1_VS_B2,COOJA_SIMULATION,512,1,gilbert,0.5,5.0,none,200029,valid,none,,,runs/A-kem512-gilbert-prr0p50-L5-rep29-seed200029-v1/cooja.log,2d3578013b37709e0bc88c2f6b6c6c3552bcb7440ffd813435862db5913ced7d,11782,116,success,0,FAILED_PROTOCOL
A-kem512-gilbert-prr0p50-L5-rep29-seed200029-v2,A-kem512-gilbert-prr0p50-L5-rep29-seed200029,A_B1_VS_B2,COOJA_SIMULATION,512,2,gilbert,0.5,5.0,none,200029,valid,none,,,runs/A-kem512-gilbert-prr0p50-L5-rep29-seed200029-v2/cooja.log,a44ad7ac4ca9709cd03ff299869d3ffcf1eb72e16ef4e61c7ff1a58f165cf0a5,13671,136,success,0,FAILED_PROTOCOL
A-kem512-gilbert-prr0p50-L5-rep30-seed200030-v1,A-kem512-gilbert-prr0p50-L5-rep30-seed200030,A_B1_VS_B2,COOJA_SIMULATION,512,1,gilbert,0.5,5.0,none,200030,valid,none,,,runs/A-kem512-gilbert-prr0p50-L5-rep30-seed200030-v1/cooja.log,25c9afe959f7c8b4fb7e5c8417ec2f7c0ae93276e061cc99a737d392b935a44b,11208,112,success,0,FAILED_PROTOCOL
A-kem512-gilbert-prr0p50-L5-rep30-seed200030-v2,A-kem512-gilbert-prr0p50-L5-rep30-seed200030,A_B1_VS_B2,COOJA_SIMULATION,512,2,gilbert,0.5,5.0,none,200030,valid,none,,,runs/A-kem512-gilbert-prr0p50-L5-rep30-seed200030-v2/cooja.log,6ebf6e48fe6a187f6a70f63769d6ceccbbc5d2d61c89b000c9a965a0e1b6cc8f,11442,114,success,0,FAILED_PROTOCOL
A-kem512-gilbert-prr0p50-L10-rep01-seed200001-v1,A-kem512-gilbert-prr0p50-L10-rep01-seed200001,A_B1_VS_B2,COOJA_SIMULATION,512,1,gilbert,0.5,10.0,none,200001,valid,none,,,runs/A-kem512-gilbert-prr0p50-L10-rep01-seed200001-v1/cooja.log,53520a4069910c2e316b173bef03fa3fc96e86649e2037d75c82764ea10eb676,10034,99,success,0,FAILED_PROTOCOL
A-kem512-gilbert-prr0p50-L10-rep01-seed200001-v2,A-kem512-gilbert-prr0p50-L10-rep01-seed200001,A_B1_VS_B2,COOJA_SIMULATION,512,2,gilbert,0.5,10.0,none,200001,valid,none,,,runs/A-kem512-gilbert-prr0p50-L10-rep01-seed200001-v2/cooja.log,fcfba44d6de9b88a196ff49fca182758eea5d470568b78b7c9c5378a86d0c818,10268,101,success,0,FAILED_PROTOCOL
A-kem512-gilbert-prr0p50-L10-rep02-seed200002-v1,A-kem512-gilbert-prr0p50-L10-rep02-seed200002,A_B1_VS_B2,COOJA_SIMULATION,512,1,gilbert,0.5,10.0,none,200002,valid,none,,,runs/A-kem512-gilbert-prr0p50-L10-rep02-seed200002-v1/cooja.log,5e04718b8ddea2c6dbd792ab17d44cb7d4ea8faf05e5744e309150cc05ac5b51,8741,84,success,0,FAILED_PROTOCOL
A-kem512-gilbert-prr0p50-L10-rep02-seed200002-v2,A-kem512-gilbert-prr0p50-L10-rep02-seed200002,A_B1_VS_B2,COOJA_SIMULATION,512,2,gilbert,0.5,10.0,none,200002,valid,none,,,runs/A-kem512-gilbert-prr0p50-L10-rep02-seed200002-v2/cooja.log,d682d7e770095d9c4443fd5014cc6154de54ad9e9eb481a5c6e874a9fcdf1a50,8975,86,success,0,FAILED_PROTOCOL
A-kem512-gilbert-prr0p50-L10-rep03-seed200003-v1,A-kem512-gilbert-prr0p50-L10-rep03-seed200003,A_B1_VS_B2,COOJA_SIMULATION,512,1,gilbert,0.5,10.0,none,200003,valid,none,,,runs/A-kem512-gilbert-prr0p50-L10-rep03-seed200003-v1/cooja.log,034be8e85e508d3d7a4f0ef5f4c5448fb9167e8ba2cf4d3baa87de7ed9a3bc46,12657,128,success,0,FAILED_PROTOCOL
A-kem512-gilbert-prr0p50-L10-rep03-seed200003-v2,A-kem512-gilbert-prr0p50-L10-rep03-seed200003,A_B1_VS_B2,COOJA_SIMULATION,512,2,gilbert,0.5,10.0,none,200003,valid,none,,,runs/A-kem512-gilbert-prr0p50-L10-rep03-seed200003-v2/cooja.log,ae9ef0fd6987e1a711f46a6bc5c9c4ebc0e1f1a2dbce702c65143ecc98b739d7,12891,130,success,0,FAILED_PROTOCOL
A-kem512-gilbert-prr0p50-L10-rep04-seed200004-v1,A-kem512-gilbert-prr0p50-L10-rep04-seed200004,A_B1_VS_B2,COOJA_SIMULATION,512,1,gilbert,0.5,10.0,none,200004,valid,none,,,runs/A-kem512-gilbert-prr0p50-L10-rep04-seed200004-v1/cooja.log,bea5350d1f130388ad6c48cbc3da5b667c5ffcee67d0ab324c867838b7d28630,12876,129,success,0,FAILED_PROTOCOL
A-kem512-gilbert-prr0p50-L10-rep04-seed200004-v2,A-kem512-gilbert-prr0p50-L10-rep04-seed200004,A_B1_VS_B2,COOJA_SIMULATION,512,2,gilbert,0.5,10.0,none,200004,valid,none,,,runs/A-kem512-gilbert-prr0p50-L10-rep04-seed200004-v2/cooja.log,f621ae93d9da8fc1a129a421d0f0f61f5be5917dd1a67ea6cce3a8de0057ae3c,15544,158,success,0,FAILED_PROTOCOL
A-kem512-gilbert-prr0p50-L10-rep05-seed200005-v1,A-kem512-gilbert-prr0p50-L10-rep05-seed200005,A_B1_VS_B2,COOJA_SIMULATION,512,1,gilbert,0.5,10.0,none,200005,valid,none,,,runs/A-kem512-gilbert-prr0p50-L10-rep05-seed200005-v1/cooja.log,a0b89579e84885dd2027bdb5b4323be9d54f763be90ebd521a1270a719a1acee,11662,117,success,0,FAILED_PROTOCOL
A-kem512-gilbert-prr0p50-L10-rep05-seed200005-v2,A-kem512-gilbert-prr0p50-L10-rep05-seed200005,A_B1_VS_B2,COOJA_SIMULATION,512,2,gilbert,0.5,10.0,none,200005,valid,none,,,runs/A-kem512-gilbert-prr0p50-L10-rep05-seed200005-v2/cooja.log,4c3ace834332f8acd8f6e8b0af4a0e9d59f9aa6b5b816a85166ddcdd73b8e8dc,11896,119,success,0,FAILED_PROTOCOL
A-kem512-gilbert-prr0p50-L10-rep06-seed200006-v1,A-kem512-gilbert-prr0p50-L10-rep06-seed200006,A_B1_VS_B2,COOJA_SIMULATION,512,1,gilbert,0.5,10.0,none,200006,valid,none,,,runs/A-kem512-gilbert-prr0p50-L10-rep06-seed200006-v1/cooja.log,35d275d2f20e53cadd50d3247b30afa691ab619a5f1fa5c7e9a52f93fe5929dd,11558,114,success,0,FAILED_PROTOCOL
A-kem512-gilbert-prr0p50-L10-rep06-seed200006-v2,A-kem512-gilbert-prr0p50-L10-rep06-seed200006,A_B1_VS_B2,COOJA_SIMULATION,512,2,gilbert,0.5,10.0,none,200006,valid,none,,,runs/A-kem512-gilbert-prr0p50-L10-rep06-seed200006-v2/cooja.log,acf44815a5604f49cd9a5f133c1ee1758178e5898b5a6d2cbc2a2f746e2c8c91,13559,136,success,0,FAILED_PROTOCOL
A-kem512-gilbert-prr0p50-L10-rep07-seed200007-v1,A-kem512-gilbert-prr0p50-L10-rep07-seed200007,A_B1_VS_B2,COOJA_SIMULATION,512,1,gilbert,0.5,10.0,none,200007,valid,none,,,runs/A-kem512-gilbert-prr0p50-L10-rep07-seed200007-v1/cooja.log,97715e89277c74337a4f1fa255d1a352b2928f7817efe23173dff808d0ef8e61,8736,84,success,0,FAILED_PROTOCOL
A-kem512-gilbert-prr0p50-L10-rep07-seed200007-v2,A-kem512-gilbert-prr0p50-L10-rep07-seed200007,A_B1_VS_B2,COOJA_SIMULATION,512,2,gilbert,0.5,10.0,none,200007,valid,none,,,runs/A-kem512-gilbert-prr0p50-L10-rep07-seed200007-v2/cooja.log,d9f4ff903f842aca76131f17c9a6aaa3eae701e3b6760caf973b1ea85dfe9882,8970,86,success,0,FAILED_PROTOCOL
A-kem512-gilbert-prr0p50-L10-rep08-seed200008-v1,A-kem512-gilbert-prr0p50-L10-rep08-seed200008,A_B1_VS_B2,COOJA_SIMULATION,512,1,gilbert,0.5,10.0,none,200008,valid,none,,,runs/A-kem512-gilbert-prr0p50-L10-rep08-seed200008-v1/cooja.log,b3f973353846904d45150b4d797b859125c39bc8c17f6383c1c31c67c7eb96ab,12587,127,success,0,FAILED_PROTOCOL
A-kem512-gilbert-prr0p50-L10-rep08-seed200008-v2,A-kem512-gilbert-prr0p50-L10-rep08-seed200008,A_B1_VS_B2,COOJA_SIMULATION,512,2,gilbert,0.5,10.0,none,200008,valid,none,,,runs/A-kem512-gilbert-prr0p50-L10-rep08-seed200008-v2/cooja.log,80c09614b54ff00059fcd98d04556b043285b8bc0211bec2fb5cb0a9cc0adc76,12821,129,success,0,FAILED_PROTOCOL
A-kem512-gilbert-prr0p50-L10-rep09-seed200009-v1,A-kem512-gilbert-prr0p50-L10-rep09-seed200009,A_B1_VS_B2,COOJA_SIMULATION,512,1,gilbert,0.5,10.0,none,200009,valid,none,,,runs/A-kem512-gilbert-prr0p50-L10-rep09-seed200009-v1/cooja.log,9aac8b1e7859ba833c05b1dbdc4ab2174d746c7a4dccf6f44a476616c462c1c0,12990,131,success,0,FAILED_PROTOCOL
A-kem512-gilbert-prr0p50-L10-rep09-seed200009-v2,A-kem512-gilbert-prr0p50-L10-rep09-seed200009,A_B1_VS_B2,COOJA_SIMULATION,512,2,gilbert,0.5,10.0,none,200009,valid,none,,,runs/A-kem512-gilbert-prr0p50-L10-rep09-seed200009-v2/cooja.log,618fd4843ae661e89f1f1d489be295e2a82063ffbfa102a5a7b25ac72583eda4,13224,133,success,0,FAILED_PROTOCOL
A-kem512-gilbert-prr0p50-L10-rep10-seed200010-v1,A-kem512-gilbert-prr0p50-L10-rep10-seed200010,A_B1_VS_B2,COOJA_SIMULATION,512,1,gilbert,0.5,10.0,none,200010,valid,none,,,runs/A-kem512-gilbert-prr0p50-L10-rep10-seed200010-v1/cooja.log,a4a9369c75654287e6a93cfc22a291604ced20724eda3584d45106d95f410a26,8589,82,success,0,FAILED_PROTOCOL
A-kem512-gilbert-prr0p50-L10-rep10-seed200010-v2,A-kem512-gilbert-prr0p50-L10-rep10-seed200010,A_B1_VS_B2,COOJA_SIMULATION,512,2,gilbert,0.5,10.0,none,200010,valid,none,,,runs/A-kem512-gilbert-prr0p50-L10-rep10-seed200010-v2/cooja.log,090c34cc086df99741a829d8aebd871f52e8b9480d4dc07469f7911db8bb18f6,8823,84,success,0,FAILED_PROTOCOL
A-kem512-gilbert-prr0p50-L10-rep11-seed200011-v1,A-kem512-gilbert-prr0p50-L10-rep11-seed200011,A_B1_VS_B2,COOJA_SIMULATION,512,1,gilbert,0.5,10.0,none,200011,valid,none,,,runs/A-kem512-gilbert-prr0p50-L10-rep11-seed200011-v1/cooja.log,1c8fbb35012e9103640350945b0ac0fcb5f99ecf74f5c60233ef5cea4f63b9d8,11737,118,success,0,FAILED_PROTOCOL
A-kem512-gilbert-prr0p50-L10-rep11-seed200011-v2,A-kem512-gilbert-prr0p50-L10-rep11-seed200011,A_B1_VS_B2,COOJA_SIMULATION,512,2,gilbert,0.5,10.0,none,200011,valid,none,,,runs/A-kem512-gilbert-prr0p50-L10-rep11-seed200011-v2/cooja.log,cbf4684549c05323d1c50c4ea08915c6978440d0809d6d2f7005c8fad39ea6d7,11971,120,success,0,FAILED_PROTOCOL
A-kem512-gilbert-prr0p50-L10-rep12-seed200012-v1,A-kem512-gilbert-prr0p50-L10-rep12-seed200012,A_B1_VS_B2,COOJA_SIMULATION,512,1,gilbert,0.5,10.0,none,200012,valid,none,,,runs/A-kem512-gilbert-prr0p50-L10-rep12-seed200012-v1/cooja.log,5b84111f3209ba4feea417c43ddc44d22601e25cfd5c2dfe013738be07fefc6f,8702,83,success,0,FAILED_PROTOCOL
A-kem512-gilbert-prr0p50-L10-rep12-seed200012-v2,A-kem512-gilbert-prr0p50-L10-rep12-seed200012,A_B1_VS_B2,COOJA_SIMULATION,512,2,gilbert,0.5,10.0,none,200012,valid,none,,,runs/A-kem512-gilbert-prr0p50-L10-rep12-seed200012-v2/cooja.log,6ffc790a0f757970f38d36c5b5eea96f1615597c567442bc7621b04a24cadba6,8936,85,success,0,FAILED_PROTOCOL
A-kem512-gilbert-prr0p50-L10-rep13-seed200013-v1,A-kem512-gilbert-prr0p50-L10-rep13-seed200013,A_B1_VS_B2,COOJA_SIMULATION,512,1,gilbert,0.5,10.0,none,200013,valid,none,,,runs/A-kem512-gilbert-prr0p50-L10-rep13-seed200013-v1/cooja.log,e6bf59dec4b9c548315327456deae70d74122db187ecf64c98981f784671a803,8466,81,success,0,FAILED_PROTOCOL
A-kem512-gilbert-prr0p50-L10-rep13-seed200013-v2,A-kem512-gilbert-prr0p50-L10-rep13-seed200013,A_B1_VS_B2,COOJA_SIMULATION,512,2,gilbert,0.5,10.0,none,200013,valid,none,,,runs/A-kem512-gilbert-prr0p50-L10-rep13-seed200013-v2/cooja.log,2b666418080e74c44c645d7d7ce0867e5bdcf631d8e7d4809d093aaa61bd558a,8700,83,success,0,FAILED_PROTOCOL
A-kem512-gilbert-prr0p50-L10-rep14-seed200014-v1,A-kem512-gilbert-prr0p50-L10-rep14-seed200014,A_B1_VS_B2,COOJA_SIMULATION,512,1,gilbert,0.5,10.0,none,200014,valid,none,,,runs/A-kem512-gilbert-prr0p50-L10-rep14-seed200014-v1/cooja.log,22b7c75cf75d01971f208d222059fc4d87299defc72a840aa3e75deda8b9d93c,8392,80,success,0,FAILED_PROTOCOL
A-kem512-gilbert-prr0p50-L10-rep14-seed200014-v2,A-kem512-gilbert-prr0p50-L10-rep14-seed200014,A_B1_VS_B2,COOJA_SIMULATION,512,2,gilbert,0.5,10.0,none,200014,valid,none,,,runs/A-kem512-gilbert-prr0p50-L10-rep14-seed200014-v2/cooja.log,ba4bc6d4dc3711ac50fbe8eaafb25be10ebac6aea61d4465b0f619e4f6c6f22c,8626,82,success,0,FAILED_PROTOCOL
A-kem512-gilbert-prr0p50-L10-rep15-seed200015-v1,A-kem512-gilbert-prr0p50-L10-rep15-seed200015,A_B1_VS_B2,COOJA_SIMULATION,512,1,gilbert,0.5,10.0,none,200015,valid,none,,,runs/A-kem512-gilbert-prr0p50-L10-rep15-seed200015-v1/cooja.log,e2a054096fcb65d770ca96339808b3cc2a33784c03df8b63f372e4da9b822ae5,13654,140,success,0,FAILED_PROTOCOL
A-kem512-gilbert-prr0p50-L10-rep15-seed200015-v2,A-kem512-gilbert-prr0p50-L10-rep15-seed200015,A_B1_VS_B2,COOJA_SIMULATION,512,2,gilbert,0.5,10.0,none,200015,valid,none,,,runs/A-kem512-gilbert-prr0p50-L10-rep15-seed200015-v2/cooja.log,ac1c1f5994c03f4fbf1fc5fb00befba95b5df8deac84af59f7ee62469166baf0,13888,142,success,0,FAILED_PROTOCOL
A-kem512-gilbert-prr0p50-L10-rep16-seed200016-v1,A-kem512-gilbert-prr0p50-L10-rep16-seed200016,A_B1_VS_B2,COOJA_SIMULATION,512,1,gilbert,0.5,10.0,none,200016,valid,none,,,runs/A-kem512-gilbert-prr0p50-L10-rep16-seed200016-v1/cooja.log,191355696bbcbd9ff434663f2b3a455508ff3751399833dd192be29990049348,8399,80,success,0,FAILED_PROTOCOL
A-kem512-gilbert-prr0p50-L10-rep16-seed200016-v2,A-kem512-gilbert-prr0p50-L10-rep16-seed200016,A_B1_VS_B2,COOJA_SIMULATION,512,2,gilbert,0.5,10.0,none,200016,valid,none,,,runs/A-kem512-gilbert-prr0p50-L10-rep16-seed200016-v2/cooja.log,a1aee062cc04be7d216974974a754a8a0ebf227dbfc6916a027995e8e5db848c,8633,82,success,0,FAILED_PROTOCOL
A-kem512-gilbert-prr0p50-L10-rep17-seed200017-v1,A-kem512-gilbert-prr0p50-L10-rep17-seed200017,A_B1_VS_B2,COOJA_SIMULATION,512,1,gilbert,0.5,10.0,none,200017,valid,none,,,runs/A-kem512-gilbert-prr0p50-L10-rep17-seed200017-v1/cooja.log,8fc6b86e40a72ee2663039d472c2797eee5968c4190a445141f2ec1fa3e66163,11590,117,success,0,FAILED_PROTOCOL
A-kem512-gilbert-prr0p50-L10-rep17-seed200017-v2,A-kem512-gilbert-prr0p50-L10-rep17-seed200017,A_B1_VS_B2,COOJA_SIMULATION,512,2,gilbert,0.5,10.0,none,200017,valid,none,,,runs/A-kem512-gilbert-prr0p50-L10-rep17-seed200017-v2/cooja.log,af84b59eda8464fb4a03618ac06ca6d26955199a4550a87c6d80090c1000e929,11824,119,success,0,FAILED_PROTOCOL
A-kem512-gilbert-prr0p50-L10-rep18-seed200018-v1,A-kem512-gilbert-prr0p50-L10-rep18-seed200018,A_B1_VS_B2,COOJA_SIMULATION,512,1,gilbert,0.5,10.0,none,200018,valid,none,,,runs/A-kem512-gilbert-prr0p50-L10-rep18-seed200018-v1/cooja.log,1fe8491963f0132ecac04aac7ab8a3504dab139d5dbf3d085900ae35de6e62f0,8999,87,success,0,FAILED_PROTOCOL
A-kem512-gilbert-prr0p50-L10-rep18-seed200018-v2,A-kem512-gilbert-prr0p50-L10-rep18-seed200018,A_B1_VS_B2,COOJA_SIMULATION,512,2,gilbert,0.5,10.0,none,200018,valid,none,,,runs/A-kem512-gilbert-prr0p50-L10-rep18-seed200018-v2/cooja.log,1fb17825db9dde76d2ac69a93ca3709b300e174019b73f8cc2751a7e5dc2d8bc,9233,89,success,0,FAILED_PROTOCOL
A-kem512-gilbert-prr0p50-L10-rep19-seed200019-v1,A-kem512-gilbert-prr0p50-L10-rep19-seed200019,A_B1_VS_B2,COOJA_SIMULATION,512,1,gilbert,0.5,10.0,none,200019,valid,none,,,runs/A-kem512-gilbert-prr0p50-L10-rep19-seed200019-v1/cooja.log,49f32b5e4030233aec13b59571efb58abdf3e5decf33f38625fb3b5e7987e83f,16816,173,success,0,FAILED_PROTOCOL
A-kem512-gilbert-prr0p50-L10-rep19-seed200019-v2,A-kem512-gilbert-prr0p50-L10-rep19-seed200019,A_B1_VS_B2,COOJA_SIMULATION,512,2,gilbert,0.5,10.0,none,200019,valid,none,,,runs/A-kem512-gilbert-prr0p50-L10-rep19-seed200019-v2/cooja.log,d466e487410d230cceccb5fa55c065f4b1ca305b90321681c0b8aac3637214fe,18510,194,success,0,FAILED_PROTOCOL
A-kem512-gilbert-prr0p50-L10-rep20-seed200020-v1,A-kem512-gilbert-prr0p50-L10-rep20-seed200020,A_B1_VS_B2,COOJA_SIMULATION,512,1,gilbert,0.5,10.0,none,200020,valid,none,,,runs/A-kem512-gilbert-prr0p50-L10-rep20-seed200020-v1/cooja.log,f82c38dd0c6b12e0ab531964c21eba86404e06967d23841495bc0cc2e2266017,13204,135,success,0,FAILED_PROTOCOL
A-kem512-gilbert-prr0p50-L10-rep20-seed200020-v2,A-kem512-gilbert-prr0p50-L10-rep20-seed200020,A_B1_VS_B2,COOJA_SIMULATION,512,2,gilbert,0.5,10.0,none,200020,valid,none,,,runs/A-kem512-gilbert-prr0p50-L10-rep20-seed200020-v2/cooja.log,f98227e140783fdb2099b5791fddeec320277f76c6dde8e82c10d5ae35931d01,13438,137,success,0,FAILED_PROTOCOL
A-kem512-gilbert-prr0p50-L10-rep21-seed200021-v1,A-kem512-gilbert-prr0p50-L10-rep21-seed200021,A_B1_VS_B2,COOJA_SIMULATION,512,1,gilbert,0.5,10.0,none,200021,valid,none,,,runs/A-kem512-gilbert-prr0p50-L10-rep21-seed200021-v1/cooja.log,786c6a50c5eeae1d3e9cca971cf56d7c1fa338a3765b8f777f7364cc3de46e50,8736,84,success,0,FAILED_PROTOCOL
A-kem512-gilbert-prr0p50-L10-rep21-seed200021-v2,A-kem512-gilbert-prr0p50-L10-rep21-seed200021,A_B1_VS_B2,COOJA_SIMULATION,512,2,gilbert,0.5,10.0,none,200021,valid,none,,,runs/A-kem512-gilbert-prr0p50-L10-rep21-seed200021-v2/cooja.log,9a29e0865710c7cfb18cc9a99609dd986bce45f1d65be63e3458d7d3be2438ee,8970,86,success,0,FAILED_PROTOCOL
A-kem512-gilbert-prr0p50-L10-rep22-seed200022-v1,A-kem512-gilbert-prr0p50-L10-rep22-seed200022,A_B1_VS_B2,COOJA_SIMULATION,512,1,gilbert,0.5,10.0,none,200022,valid,none,,,runs/A-kem512-gilbert-prr0p50-L10-rep22-seed200022-v1/cooja.log,83711ad3d1b048417b01a62d5e7e60e7b9372fc4932cd0b86a11e8961c6a53f2,12421,125,success,0,FAILED_PROTOCOL
A-kem512-gilbert-prr0p50-L10-rep22-seed200022-v2,A-kem512-gilbert-prr0p50-L10-rep22-seed200022,A_B1_VS_B2,COOJA_SIMULATION,512,2,gilbert,0.5,10.0,none,200022,valid,none,,,runs/A-kem512-gilbert-prr0p50-L10-rep22-seed200022-v2/cooja.log,915778803d8102905b8c930dbeb0d3c991f0d2ef15c1d210c71d96539aa123d4,12655,127,success,0,FAILED_PROTOCOL
A-kem512-gilbert-prr0p50-L10-rep23-seed200023-v1,A-kem512-gilbert-prr0p50-L10-rep23-seed200023,A_B1_VS_B2,COOJA_SIMULATION,512,1,gilbert,0.5,10.0,none,200023,valid,none,,,runs/A-kem512-gilbert-prr0p50-L10-rep23-seed200023-v1/cooja.log,405a8d9fa24e0540735a553abffec40d22e2daf822efc1dfce9dd56db360ca01,12212,123,success,0,FAILED_PROTOCOL
A-kem512-gilbert-prr0p50-L10-rep23-seed200023-v2,A-kem512-gilbert-prr0p50-L10-rep23-seed200023,A_B1_VS_B2,COOJA_SIMULATION,512,2,gilbert,0.5,10.0,none,200023,valid,none,,,runs/A-kem512-gilbert-prr0p50-L10-rep23-seed200023-v2/cooja.log,e000115b25e909532912d592f8e1190720dad8b6c1b7fd3e56ff94deddc4727f,12446,125,success,0,FAILED_PROTOCOL
A-kem512-gilbert-prr0p50-L10-rep24-seed200024-v1,A-kem512-gilbert-prr0p50-L10-rep24-seed200024,A_B1_VS_B2,COOJA_SIMULATION,512,1,gilbert,0.5,10.0,none,200024,valid,none,,,runs/A-kem512-gilbert-prr0p50-L10-rep24-seed200024-v1/cooja.log,507071cb21576991aec3d087698659b66c1310e7fb1b9195e9eca98272bfb018,8059,76,success,0,FAILED_PROTOCOL
A-kem512-gilbert-prr0p50-L10-rep24-seed200024-v2,A-kem512-gilbert-prr0p50-L10-rep24-seed200024,A_B1_VS_B2,COOJA_SIMULATION,512,2,gilbert,0.5,10.0,none,200024,valid,none,,,runs/A-kem512-gilbert-prr0p50-L10-rep24-seed200024-v2/cooja.log,9eea1e5552e919b6dbbf457a6b1bec822325c06f931c9fb24813ba40bef48b9d,8293,78,success,0,FAILED_PROTOCOL
A-kem512-gilbert-prr0p50-L10-rep25-seed200025-v1,A-kem512-gilbert-prr0p50-L10-rep25-seed200025,A_B1_VS_B2,COOJA_SIMULATION,512,1,gilbert,0.5,10.0,none,200025,valid,none,,,runs/A-kem512-gilbert-prr0p50-L10-rep25-seed200025-v1/cooja.log,477c8eaba65992c92827298d3331156f3f3faa6010d4154aff6f6a836718617b,10756,107,success,0,FAILED_PROTOCOL
A-kem512-gilbert-prr0p50-L10-rep25-seed200025-v2,A-kem512-gilbert-prr0p50-L10-rep25-seed200025,A_B1_VS_B2,COOJA_SIMULATION,512,2,gilbert,0.5,10.0,none,200025,valid,none,,,runs/A-kem512-gilbert-prr0p50-L10-rep25-seed200025-v2/cooja.log,31e424518f0748bc247dbbe9a6a607fa2dd6d73fffe6d8b0098b6f812961a6c3,10990,109,success,0,FAILED_PROTOCOL
A-kem512-gilbert-prr0p50-L10-rep26-seed200026-v1,A-kem512-gilbert-prr0p50-L10-rep26-seed200026,A_B1_VS_B2,COOJA_SIMULATION,512,1,gilbert,0.5,10.0,none,200026,valid,none,,,runs/A-kem512-gilbert-prr0p50-L10-rep26-seed200026-v1/cooja.log,f93dc4f994b1a760694452641f16a5f02815bfaa85a6ef62b54e0e4dd2936762,9755,96,success,0,FAILED_PROTOCOL
A-kem512-gilbert-prr0p50-L10-rep26-seed200026-v2,A-kem512-gilbert-prr0p50-L10-rep26-seed200026,A_B1_VS_B2,COOJA_SIMULATION,512,2,gilbert,0.5,10.0,none,200026,valid,none,,,runs/A-kem512-gilbert-prr0p50-L10-rep26-seed200026-v2/cooja.log,4fe82d574038fddd761babc8e356974d4c827982b4d4bf1fef6f8b15e540f1a4,9989,98,success,0,FAILED_PROTOCOL
A-kem512-gilbert-prr0p50-L10-rep27-seed200027-v1,A-kem512-gilbert-prr0p50-L10-rep27-seed200027,A_B1_VS_B2,COOJA_SIMULATION,512,1,gilbert,0.5,10.0,none,200027,valid,none,,,runs/A-kem512-gilbert-prr0p50-L10-rep27-seed200027-v1/cooja.log,ca3ef7ac9ff28943a039bbe86365e1964ae238cfc52698f3706545632e983194,10990,110,success,0,FAILED_PROTOCOL
A-kem512-gilbert-prr0p50-L10-rep27-seed200027-v2,A-kem512-gilbert-prr0p50-L10-rep27-seed200027,A_B1_VS_B2,COOJA_SIMULATION,512,2,gilbert,0.5,10.0,none,200027,valid,none,,,runs/A-kem512-gilbert-prr0p50-L10-rep27-seed200027-v2/cooja.log,6f00cfae5695103a1acfa70fa283b58674af4d1fd6d18a05a76d49df11cb67f5,11224,112,success,0,FAILED_PROTOCOL
A-kem512-gilbert-prr0p50-L10-rep28-seed200028-v1,A-kem512-gilbert-prr0p50-L10-rep28-seed200028,A_B1_VS_B2,COOJA_SIMULATION,512,1,gilbert,0.5,10.0,none,200028,valid,none,,,runs/A-kem512-gilbert-prr0p50-L10-rep28-seed200028-v1/cooja.log,b6bb8caac6c3a147e43caad9e7c2dad97b84ee6820b22a291ec574b8c3896365,8886,86,success,0,FAILED_PROTOCOL
A-kem512-gilbert-prr0p50-L10-rep28-seed200028-v2,A-kem512-gilbert-prr0p50-L10-rep28-seed200028,A_B1_VS_B2,COOJA_SIMULATION,512,2,gilbert,0.5,10.0,none,200028,valid,none,,,runs/A-kem512-gilbert-prr0p50-L10-rep28-seed200028-v2/cooja.log,844aa7afbea764dc98aedea926ffc185a212dd3883af0c3210eb274bef5adc90,9120,88,success,0,FAILED_PROTOCOL
A-kem512-gilbert-prr0p50-L10-rep29-seed200029-v1,A-kem512-gilbert-prr0p50-L10-rep29-seed200029,A_B1_VS_B2,COOJA_SIMULATION,512,1,gilbert,0.5,10.0,none,200029,valid,none,,,runs/A-kem512-gilbert-prr0p50-L10-rep29-seed200029-v1/cooja.log,c70858407586922338ef70a306e2cd77cb7fc6d4b9aec3d790a1da73740ea7a0,11459,112,success,0,FAILED_PROTOCOL
A-kem512-gilbert-prr0p50-L10-rep29-seed200029-v2,A-kem512-gilbert-prr0p50-L10-rep29-seed200029,A_B1_VS_B2,COOJA_SIMULATION,512,2,gilbert,0.5,10.0,none,200029,valid,none,,,runs/A-kem512-gilbert-prr0p50-L10-rep29-seed200029-v2/cooja.log,e4be24c4aa871dd2933c7fd982b6bbb5cc4e1a9f0228717f4b8c736c05490967,13181,130,success,0,FAILED_PROTOCOL
A-kem512-gilbert-prr0p50-L10-rep30-seed200030-v1,A-kem512-gilbert-prr0p50-L10-rep30-seed200030,A_B1_VS_B2,COOJA_SIMULATION,512,1,gilbert,0.5,10.0,none,200030,valid,none,,,runs/A-kem512-gilbert-prr0p50-L10-rep30-seed200030-v1/cooja.log,20d4bdb8494be1969dd007a0a11a5ba7991440fa0001b345ed382d5a939f0876,12043,122,success,0,FAILED_PROTOCOL
A-kem512-gilbert-prr0p50-L10-rep30-seed200030-v2,A-kem512-gilbert-prr0p50-L10-rep30-seed200030,A_B1_VS_B2,COOJA_SIMULATION,512,2,gilbert,0.5,10.0,none,200030,valid,none,,,runs/A-kem512-gilbert-prr0p50-L10-rep30-seed200030-v2/cooja.log,d0b901c02644cacf1319c3791172339cc4b4909b84a76ceecea6611045cd5c24,12277,124,success,0,FAILED_PROTOCOL
A-kem512-gilbert-prr0p85-L2-rep01-seed200001-v1,A-kem512-gilbert-prr0p85-L2-rep01-seed200001,A_B1_VS_B2,COOJA_SIMULATION,512,1,gilbert,0.85,2.0,none,200001,valid,none,,,runs/A-kem512-gilbert-prr0p85-L2-rep01-seed200001-v1/cooja.log,046c8b58081459dbfbc39e52cfc1949cc2a64fe59ef57c92a0583360d1eecdc4,11954,118,success,0,FAILED_PROTOCOL
A-kem512-gilbert-prr0p85-L2-rep01-seed200001-v2,A-kem512-gilbert-prr0p85-L2-rep01-seed200001,A_B1_VS_B2,COOJA_SIMULATION,512,2,gilbert,0.85,2.0,none,200001,valid,none,,,runs/A-kem512-gilbert-prr0p85-L2-rep01-seed200001-v2/cooja.log,161886a6880bc07a8c6ba014892a9bbc1e6a42427d62642e50c51e53a1b20e4f,12449,126,success,0,FAILED_PROTOCOL
A-kem512-gilbert-prr0p85-L2-rep02-seed200002-v1,A-kem512-gilbert-prr0p85-L2-rep02-seed200002,A_B1_VS_B2,COOJA_SIMULATION,512,1,gilbert,0.85,2.0,none,200002,valid,none,,,runs/A-kem512-gilbert-prr0p85-L2-rep02-seed200002-v1/cooja.log,73a8785e722c00f9c80839b426f9be1a75f8b0d4d4c689d0f3370259b665878c,10885,110,success,0,FAILED_PROTOCOL
A-kem512-gilbert-prr0p85-L2-rep02-seed200002-v2,A-kem512-gilbert-prr0p85-L2-rep02-seed200002,A_B1_VS_B2,COOJA_SIMULATION,512,2,gilbert,0.85,2.0,none,200002,valid,none,,,runs/A-kem512-gilbert-prr0p85-L2-rep02-seed200002-v2/cooja.log,06419663eb07da6bf82a6527cfd8fdacdd398113c7109546977f17b5e6f6e67a,11119,112,success,0,FAILED_PROTOCOL
A-kem512-gilbert-prr0p85-L2-rep03-seed200003-v1,A-kem512-gilbert-prr0p85-L2-rep03-seed200003,A_B1_VS_B2,COOJA_SIMULATION,512,1,gilbert,0.85,2.0,none,200003,valid,none,,,runs/A-kem512-gilbert-prr0p85-L2-rep03-seed200003-v1/cooja.log,85efb5e5091a53131080aab6922c249da3d4796b6f71b1698cc168c6f4f1fd4d,13512,139,success,0,FAILED_PROTOCOL
A-kem512-gilbert-prr0p85-L2-rep03-seed200003-v2,A-kem512-gilbert-prr0p85-L2-rep03-seed200003,A_B1_VS_B2,COOJA_SIMULATION,512,2,gilbert,0.85,2.0,none,200003,valid,none,,,runs/A-kem512-gilbert-prr0p85-L2-rep03-seed200003-v2/cooja.log,120d6929ba7b14911212a41cbd808fa480497e457f448b6f3674ad88b8d5223d,13746,141,success,0,FAILED_PROTOCOL
A-kem512-gilbert-prr0p85-L2-rep04-seed200004-v1,A-kem512-gilbert-prr0p85-L2-rep04-seed200004,A_B1_VS_B2,COOJA_SIMULATION,512,1,gilbert,0.85,2.0,none,200004,valid,none,,,runs/A-kem512-gilbert-prr0p85-L2-rep04-seed200004-v1/cooja.log,cb7865b4b691f8e44103a37f4853abc5e14ae3d860c59ef84af66fed6cb61e2e,11132,110,success,0,FAILED_PROTOCOL
A-kem512-gilbert-prr0p85-L2-rep04-seed200004-v2,A-kem512-gilbert-prr0p85-L2-rep04-seed200004,A_B1_VS_B2,COOJA_SIMULATION,512,2,gilbert,0.85,2.0,none,200004,valid,none,,,runs/A-kem512-gilbert-prr0p85-L2-rep04-seed200004-v2/cooja.log,f92cf4354204724edbd1afd20946726e4d9cd89f9160aa20dabcfb3b5da65849,16616,169,success,0,FAILED_PROTOCOL
A-kem512-gilbert-prr0p85-L2-rep05-seed200005-v1,A-kem512-gilbert-prr0p85-L2-rep05-seed200005,A_B1_VS_B2,COOJA_SIMULATION,512,1,gilbert,0.85,2.0,none,200005,valid,none,,,runs/A-kem512-gilbert-prr0p85-L2-rep05-seed200005-v1/cooja.log,8f6ce5b16da85b327c19f7d966209fa4872dc4925d26445e8a0f58c0e8bbbb8f,13792,142,success,0,FAILED_PROTOCOL
A-kem512-gilbert-prr0p85-L2-rep05-seed200005-v2,A-kem512-gilbert-prr0p85-L2-rep05-seed200005,A_B1_VS_B2,COOJA_SIMULATION,512,2,gilbert,0.85,2.0,none,200005,valid,none,,,runs/A-kem512-gilbert-prr0p85-L2-rep05-seed200005-v2/cooja.log,3b465ea411c33bf9f353fd1fd6d0e2fa58f286ca8022ca9115ad9060d34970f6,14026,144,success,0,FAILED_PROTOCOL
A-kem512-gilbert-prr0p85-L2-rep06-seed200006-v1,A-kem512-gilbert-prr0p85-L2-rep06-seed200006,A_B1_VS_B2,COOJA_SIMULATION,512,1,gilbert,0.85,2.0,none,200006,valid,none,,,runs/A-kem512-gilbert-prr0p85-L2-rep06-seed200006-v1/cooja.log,cc8070bb58a616ee2f04d450b5a581f36d65b7c50bcaf25c8dbd38908bb4e94e,13560,136,success,0,FAILED_PROTOCOL
A-kem512-gilbert-prr0p85-L2-rep06-seed200006-v2,A-kem512-gilbert-prr0p85-L2-rep06-seed200006,A_B1_VS_B2,COOJA_SIMULATION,512,2,gilbert,0.85,2.0,none,200006,valid,none,,,runs/A-kem512-gilbert-prr0p85-L2-rep06-seed200006-v2/cooja.log,35fd60095825d2173549b855a1d49dbc3bf8edbff40590cf4bb047aa8201c45c,18042,181,success,1,SUCCESS
A-kem512-gilbert-prr0p85-L2-rep07-seed200007-v1,A-kem512-gilbert-prr0p85-L2-rep07-seed200007,A_B1_VS_B2,COOJA_SIMULATION,512,1,gilbert,0.85,2.0,none,200007,valid,none,,,runs/A-kem512-gilbert-prr0p85-L2-rep07-seed200007-v1/cooja.log,f855877aa537f2d76ed71a4676b5651b0974525915f7f382c0d4202e99a0d424,10908,115,success,1,SUCCESS
A-kem512-gilbert-prr0p85-L2-rep07-seed200007-v2,A-kem512-gilbert-prr0p85-L2-rep07-seed200007,A_B1_VS_B2,COOJA_SIMULATION,512,2,gilbert,0.85,2.0,none,200007,valid,none,,,runs/A-kem512-gilbert-prr0p85-L2-rep07-seed200007-v2/cooja.log,a3bee530368188e6441e692b4cbf8363846d9b988bfabc6e5b276ee56dd56e9d,14812,147,success,1,SUCCESS
A-kem512-gilbert-prr0p85-L2-rep08-seed200008-v1,A-kem512-gilbert-prr0p85-L2-rep08-seed200008,A_B1_VS_B2,COOJA_SIMULATION,512,1,gilbert,0.85,2.0,none,200008,valid,none,,,runs/A-kem512-gilbert-prr0p85-L2-rep08-seed200008-v1/cooja.log,1dd9d3845ea16abe14b6b79dbbcb9f46748e85331358131fc9538da1a30cdcaa,13255,136,success,0,FAILED_PROTOCOL
A-kem512-gilbert-prr0p85-L2-rep08-seed200008-v2,A-kem512-gilbert-prr0p85-L2-rep08-seed200008,A_B1_VS_B2,COOJA_SIMULATION,512,2,gilbert,0.85,2.0,none,200008,valid,none,,,runs/A-kem512-gilbert-prr0p85-L2-rep08-seed200008-v2/cooja.log,30c913960fed3e947dcb6c3417a2d96018f7a0dc8005fbefd08051dc1bca8716,13489,138,success,0,FAILED_PROTOCOL
A-kem512-gilbert-prr0p85-L2-rep09-seed200009-v1,A-kem512-gilbert-prr0p85-L2-rep09-seed200009,A_B1_VS_B2,COOJA_SIMULATION,512,1,gilbert,0.85,2.0,none,200009,valid,none,,,runs/A-kem512-gilbert-prr0p85-L2-rep09-seed200009-v1/cooja.log,d4a0b8c9c7c38b0aff1f63f7c3f6a114a2d0a65383ac0bcf22fe323883892439,16058,164,success,0,FAILED_PROTOCOL
A-kem512-gilbert-prr0p85-L2-rep09-seed200009-v2,A-kem512-gilbert-prr0p85-L2-rep09-seed200009,A_B1_VS_B2,COOJA_SIMULATION,512,2,gilbert,0.85,2.0,none,200009,valid,none,,,runs/A-kem512-gilbert-prr0p85-L2-rep09-seed200009-v2/cooja.log,8b374687a85fc973de4b58017cbcd45171fea861b6884d06c503e7a88da92398,16938,176,success,0,FAILED_PROTOCOL
A-kem512-gilbert-prr0p85-L2-rep10-seed200010-v1,A-kem512-gilbert-prr0p85-L2-rep10-seed200010,A_B1_VS_B2,COOJA_SIMULATION,512,1,gilbert,0.85,2.0,none,200010,valid,none,,,runs/A-kem512-gilbert-prr0p85-L2-rep10-seed200010-v1/cooja.log,943fa9c1b233d2f7feb607f42991684c59da5a4622c8829086cc8b40ebae26da,11151,110,success,0,FAILED_PROTOCOL
A-kem512-gilbert-prr0p85-L2-rep10-seed200010-v2,A-kem512-gilbert-prr0p85-L2-rep10-seed200010,A_B1_VS_B2,COOJA_SIMULATION,512,2,gilbert,0.85,2.0,none,200010,valid,none,,,runs/A-kem512-gilbert-prr0p85-L2-rep10-seed200010-v2/cooja.log,666ed68e8154fa6d2ef7c3fa21e735ae11b5bff3b8e6e0bfc3ceda97403c2f76,15845,158,success,1,SUCCESS
A-kem512-gilbert-prr0p85-L2-rep11-seed200011-v1,A-kem512-gilbert-prr0p85-L2-rep11-seed200011,A_B1_VS_B2,COOJA_SIMULATION,512,1,gilbert,0.85,2.0,none,200011,valid,none,,,runs/A-kem512-gilbert-prr0p85-L2-rep11-seed200011-v1/cooja.log,029f3812822c0f37788aa9df8117623207842ff97ecb852bb0a7022d5bc8bfd2,12618,129,success,0,FAILED_PROTOCOL
A-kem512-gilbert-prr0p85-L2-rep11-seed200011-v2,A-kem512-gilbert-prr0p85-L2-rep11-seed200011,A_B1_VS_B2,COOJA_SIMULATION,512,2,gilbert,0.85,2.0,none,200011,valid,none,,,runs/A-kem512-gilbert-prr0p85-L2-rep11-seed200011-v2/cooja.log,96a0e89af9fb7c3d96c66fa263ca5a39b4131faae67598b12b7ccfcc22d2267d,12852,131,success,0,FAILED_PROTOCOL
A-kem512-gilbert-prr0p85-L2-rep12-seed200012-v1,A-kem512-gilbert-prr0p85-L2-rep12-seed200012,A_B1_VS_B2,COOJA_SIMULATION,512,1,gilbert,0.85,2.0,none,200012,valid,none,,,runs/A-kem512-gilbert-prr0p85-L2-rep12-seed200012-v1/cooja.log,f2b7002eee6ef7023c800a7508855386cf882a3ebe99de7b1aa2a06437952724,11523,117,success,0,FAILED_PROTOCOL
A-kem512-gilbert-prr0p85-L2-rep12-seed200012-v2,A-kem512-gilbert-prr0p85-L2-rep12-seed200012,A_B1_VS_B2,COOJA_SIMULATION,512,2,gilbert,0.85,2.0,none,200012,valid,none,,,runs/A-kem512-gilbert-prr0p85-L2-rep12-seed200012-v2/cooja.log,9bac86b46259d9a306ca5cb58ba5824e8ae2ed1b0ff050b317001c21538c6ca8,11757,119,success,0,FAILED_PROTOCOL
A-kem512-gilbert-prr0p85-L2-rep13-seed200013-v1,A-kem512-gilbert-prr0p85-L2-rep13-seed200013,A_B1_VS_B2,COOJA_SIMULATION,512,1,gilbert,0.85,2.0,none,200013,valid,none,,,runs/A-kem512-gilbert-prr0p85-L2-rep13-seed200013-v1/cooja.log,779361099116e9c0023092a515072f929b1c5a9bb438e3f56b2580e1e7ac859e,10917,115,success,1,SUCCESS
A-kem512-gilbert-prr0p85-L2-rep13-seed200013-v2,A-kem512-gilbert-prr0p85-L2-rep13-seed200013,A_B1_VS_B2,COOJA_SIMULATION,512,2,gilbert,0.85,2.0,none,200013,valid,none,,,runs/A-kem512-gilbert-prr0p85-L2-rep13-seed200013-v2/cooja.log,82e9a3e6d0db0f8c3fa952bcd7ccd174d87111e6eb64060f69920dd8d6de911c,14821,147,success,1,SUCCESS
A-kem512-gilbert-prr0p85-L2-rep14-seed200014-v1,A-kem512-gilbert-prr0p85-L2-rep14-seed200014,A_B1_VS_B2,COOJA_SIMULATION,512,1,gilbert,0.85,2.0,none,200014,valid,none,,,runs/A-kem512-gilbert-prr0p85-L2-rep14-seed200014-v1/cooja.log,6353d81b908b0c94d38435f98a6e00c5a3a0bc8a956f46f15abd9475ea0af868,11867,118,success,0,FAILED_PROTOCOL
A-kem512-gilbert-prr0p85-L2-rep14-seed200014-v2,A-kem512-gilbert-prr0p85-L2-rep14-seed200014,A_B1_VS_B2,COOJA_SIMULATION,512,2,gilbert,0.85,2.0,none,200014,valid,none,,,runs/A-kem512-gilbert-prr0p85-L2-rep14-seed200014-v2/cooja.log,728affbe06858b81f48e7821f94178cb733337b31ea53069e12c9f36b37027a9,16642,168,success,1,SUCCESS
A-kem512-gilbert-prr0p85-L2-rep15-seed200015-v1,A-kem512-gilbert-prr0p85-L2-rep15-seed200015,A_B1_VS_B2,COOJA_SIMULATION,512,1,gilbert,0.85,2.0,none,200015,valid,none,,,runs/A-kem512-gilbert-prr0p85-L2-rep15-seed200015-v1/cooja.log,f3d1f2868601ca2f2ee2f12bbb70db15b1918027fae6ac5fc10fb42ba34d963d,12463,125,success,0,FAILED_PROTOCOL
A-kem512-gilbert-prr0p85-L2-rep15-seed200015-v2,A-kem512-gilbert-prr0p85-L2-rep15-seed200015,A_B1_VS_B2,COOJA_SIMULATION,512,2,gilbert,0.85,2.0,none,200015,valid,none,,,runs/A-kem512-gilbert-prr0p85-L2-rep15-seed200015-v2/cooja.log,ce66f39d82d7090ae508f0cec0ac01a9eccad612a09b9d604c4b3c4b3ca1fc70,15550,155,success,1,SUCCESS
A-kem512-gilbert-prr0p85-L2-rep16-seed200016-v1,A-kem512-gilbert-prr0p85-L2-rep16-seed200016,A_B1_VS_B2,COOJA_SIMULATION,512,1,gilbert,0.85,2.0,none,200016,valid,none,,,runs/A-kem512-gilbert-prr0p85-L2-rep16-seed200016-v1/cooja.log,32e0fc2de804a7294baed104ea75a31d3f12d80543fddcb9cd702a1367333ecf,11463,116,success,0,FAILED_PROTOCOL
A-kem512-gilbert-prr0p85-L2-rep16-seed200016-v2,A-kem512-gilbert-prr0p85-L2-rep16-seed200016,A_B1_VS_B2,COOJA_SIMULATION,512,2,gilbert,0.85,2.0,none,200016,valid,none,,,runs/A-kem512-gilbert-prr0p85-L2-rep16-seed200016-v2/cooja.log,b5f14f4f60699418b267b29cc17baca15598679dae95dc4ce755dfcf47485f42,11697,118,success,0,FAILED_PROTOCOL
A-kem512-gilbert-prr0p85-L2-rep17-seed200017-v1,A-kem512-gilbert-prr0p85-L2-rep17-seed200017,A_B1_VS_B2,COOJA_SIMULATION,512,1,gilbert,0.85,2.0,none,200017,valid,none,,,runs/A-kem512-gilbert-prr0p85-L2-rep17-seed200017-v1/cooja.log,aed78c8510b32f8f28fda0551367e5c45c4bb6b1eca72c5e1550f63e724992c1,14117,146,success,0,FAILED_PROTOCOL
A-kem512-gilbert-prr0p85-L2-rep17-seed200017-v2,A-kem512-gilbert-prr0p85-L2-rep17-seed200017,A_B1_VS_B2,COOJA_SIMULATION,512,2,gilbert,0.85,2.0,none,200017,valid,none,,,runs/A-kem512-gilbert-prr0p85-L2-rep17-seed200017-v2/cooja.log,d42196356220555c61ba4bf801dca779312933815a0d5c0d0b19630745fdec82,14351,148,success,0,FAILED_PROTOCOL
A-kem512-gilbert-prr0p85-L2-rep18-seed200018-v1,A-kem512-gilbert-prr0p85-L2-rep18-seed200018,A_B1_VS_B2,COOJA_SIMULATION,512,1,gilbert,0.85,2.0,none,200018,valid,none,,,runs/A-kem512-gilbert-prr0p85-L2-rep18-seed200018-v1/cooja.log,37931057855ebddd6cc81453a193c2110fa3b88f14d8c69f2ab25a25b36b40e1,11851,120,success,0,FAILED_PROTOCOL
A-kem512-gilbert-prr0p85-L2-rep18-seed200018-v2,A-kem512-gilbert-prr0p85-L2-rep18-seed200018,A_B1_VS_B2,COOJA_SIMULATION,512,2,gilbert,0.85,2.0,none,200018,valid,none,,,runs/A-kem512-gilbert-prr0p85-L2-rep18-seed200018-v2/cooja.log,b698ac0719d2acacf20182e5806e940fb3c2f313030bc92aad99a8498d5ca0e3,12085,122,success,0,FAILED_PROTOCOL
A-kem512-gilbert-prr0p85-L2-rep19-seed200019-v1,A-kem512-gilbert-prr0p85-L2-rep19-seed200019,A_B1_VS_B2,COOJA_SIMULATION,512,1,gilbert,0.85,2.0,none,200019,valid,none,,,runs/A-kem512-gilbert-prr0p85-L2-rep19-seed200019-v1/cooja.log,27593f42172a83ce10ea35116e1ca367f931dae95603301b390d1d9f7f30f8a6,16503,170,success,0,FAILED_PROTOCOL
A-kem512-gilbert-prr0p85-L2-rep19-seed200019-v2,A-kem512-gilbert-prr0p85-L2-rep19-seed200019,A_B1_VS_B2,COOJA_SIMULATION,512,2,gilbert,0.85,2.0,none,200019,valid,none,,,runs/A-kem512-gilbert-prr0p85-L2-rep19-seed200019-v2/cooja.log,af860a17b33041a4e852bed50b63ec8fe2c324dc82a16527a8d1acfd0c05423c,15383,153,success,1,SUCCESS
A-kem512-gilbert-prr0p85-L2-rep20-seed200020-v1,A-kem512-gilbert-prr0p85-L2-rep20-seed200020,A_B1_VS_B2,COOJA_SIMULATION,512,1,gilbert,0.85,2.0,none,200020,valid,none,,,runs/A-kem512-gilbert-prr0p85-L2-rep20-seed200020-v1/cooja.log,c89a28dc6859d02a74a21e926e2f57a8ccfbf8785ea3fecbabebf87164ed1334,11624,118,success,0,FAILED_PROTOCOL
A-kem512-gilbert-prr0p85-L2-rep20-seed200020-v2,A-kem512-gilbert-prr0p85-L2-rep20-seed200020,A_B1_VS_B2,COOJA_SIMULATION,512,2,gilbert,0.85,2.0,none,200020,valid,none,,,runs/A-kem512-gilbert-prr0p85-L2-rep20-seed200020-v2/cooja.log,b2546ecc94c8fb6c460546333e975ce430473e1c83f37c9f0d64c8977f7bc157,11858,120,success,0,FAILED_PROTOCOL
A-kem512-gilbert-prr0p85-L2-rep21-seed200021-v1,A-kem512-gilbert-prr0p85-L2-rep21-seed200021,A_B1_VS_B2,COOJA_SIMULATION,512,1,gilbert,0.85,2.0,none,200021,valid,none,,,runs/A-kem512-gilbert-prr0p85-L2-rep21-seed200021-v1/cooja.log,3330651f2819c020c3b2595d8da0eec5a2f9f4efe7bea984314a7f6dc8586d8c,13720,138,success,0,FAILED_PROTOCOL
A-kem512-gilbert-prr0p85-L2-rep21-seed200021-v2,A-kem512-gilbert-prr0p85-L2-rep21-seed200021,A_B1_VS_B2,COOJA_SIMULATION,512,2,gilbert,0.85,2.0,none,200021,valid,none,,,runs/A-kem512-gilbert-prr0p85-L2-rep21-seed200021-v2/cooja.log,6aa0abeb18a8b17c8ef2bc31424a8a562a1165e5ef4bdc2801710f496a5aa2c0,16634,167,success,1,SUCCESS
A-kem512-gilbert-prr0p85-L2-rep22-seed200022-v1,A-kem512-gilbert-prr0p85-L2-rep22-seed200022,A_B1_VS_B2,COOJA_SIMULATION,512,1,gilbert,0.85,2.0,none,200022,valid,none,,,runs/A-kem512-gilbert-prr0p85-L2-rep22-seed200022-v1/cooja.log,a1bf43afaeda90febdc6c19bf2c3161a9e7c3c08a2147a7792180e2e40fd7242,13581,140,success,0,FAILED_PROTOCOL
A-kem512-gilbert-prr0p85-L2-rep22-seed200022-v2,A-kem512-gilbert-prr0p85-L2-rep22-seed200022,A_B1_VS_B2,COOJA_SIMULATION,512,2,gilbert,0.85,2.0,none,200022,valid,none,,,runs/A-kem512-gilbert-prr0p85-L2-rep22-seed200022-v2/cooja.log,7532863edd9beef6afc0423a4e45a49a3ff645b95f52f9ea272753313ebea5ce,13815,142,success,0,FAILED_PROTOCOL
A-kem512-gilbert-prr0p85-L2-rep23-seed200023-v1,A-kem512-gilbert-prr0p85-L2-rep23-seed200023,A_B1_VS_B2,COOJA_SIMULATION,512,1,gilbert,0.85,2.0,none,200023,valid,none,,,runs/A-kem512-gilbert-prr0p85-L2-rep23-seed200023-v1/cooja.log,b8d2eb540b563c14f9f99d6cf55327b816922a4a423285dc77ac5562734fa92f,12726,130,success,0,FAILED_PROTOCOL
A-kem512-gilbert-prr0p85-L2-rep23-seed200023-v2,A-kem512-gilbert-prr0p85-L2-rep23-seed200023,A_B1_VS_B2,COOJA_SIMULATION,512,2,gilbert,0.85,2.0,none,200023,valid,none,,,runs/A-kem512-gilbert-prr0p85-L2-rep23-seed200023-v2/cooja.log,690e063a8de374dd9e6b8970205ad265ea7a9c341eb13af8fb0f01930fa11353,12960,132,success,0,FAILED_PROTOCOL
A-kem512-gilbert-prr0p85-L2-rep24-seed200024-v1,A-kem512-gilbert-prr0p85-L2-rep24-seed200024,A_B1_VS_B2,COOJA_SIMULATION,512,1,gilbert,0.85,2.0,none,200024,valid,none,,,runs/A-kem512-gilbert-prr0p85-L2-rep24-seed200024-v1/cooja.log,90cb71487ccceeecf6b91ed5f084594404a0a7c0a9b4b22c38d8e8afd2b342bc,16153,166,success,0,FAILED_PROTOCOL
A-kem512-gilbert-prr0p85-L2-rep24-seed200024-v2,A-kem512-gilbert-prr0p85-L2-rep24-seed200024,A_B1_VS_B2,COOJA_SIMULATION,512,2,gilbert,0.85,2.0,none,200024,valid,none,,,runs/A-kem512-gilbert-prr0p85-L2-rep24-seed200024-v2/cooja.log,9d0534b110c6fdcaef71731f2b8b2d04181829385312c7ac93e3f0672b9ed2b4,15651,156,success,1,SUCCESS
A-kem512-gilbert-prr0p85-L2-rep25-seed200025-v1,A-kem512-gilbert-prr0p85-L2-rep25-seed200025,A_B1_VS_B2,COOJA_SIMULATION,512,1,gilbert,0.85,2.0,none,200025,valid,none,,,runs/A-kem512-gilbert-prr0p85-L2-rep25-seed200025-v1/cooja.log,43bdf0bf529f08dc3f2954dd8fce7422be92cbb42385a9e9d9926a23da1197e0,12602,129,success,0,FAILED_PROTOCOL
A-kem512-gilbert-prr0p85-L2-rep25-seed200025-v2,A-kem512-gilbert-prr0p85-L2-rep25-seed200025,A_B1_VS_B2,COOJA_SIMULATION,512,2,gilbert,0.85,2.0,none,200025,valid,none,,,runs/A-kem512-gilbert-prr0p85-L2-rep25-seed200025-v2/cooja.log,58685bfc39641a3665eb6b170e36328909d67f92c96cf79ba0ed6181c7acefb5,12836,131,success,0,FAILED_PROTOCOL
A-kem512-gilbert-prr0p85-L2-rep26-seed200026-v1,A-kem512-gilbert-prr0p85-L2-rep26-seed200026,A_B1_VS_B2,COOJA_SIMULATION,512,1,gilbert,0.85,2.0,none,200026,valid,none,,,runs/A-kem512-gilbert-prr0p85-L2-rep26-seed200026-v1/cooja.log,7b2900d0fb9386ee7a50531c21a309384fad6102accc7c14d954a060bfdfb05b,12527,128,success,0,FAILED_PROTOCOL
A-kem512-gilbert-prr0p85-L2-rep26-seed200026-v2,A-kem512-gilbert-prr0p85-L2-rep26-seed200026,A_B1_VS_B2,COOJA_SIMULATION,512,2,gilbert,0.85,2.0,none,200026,valid,none,,,runs/A-kem512-gilbert-prr0p85-L2-rep26-seed200026-v2/cooja.log,7620cd41bb4122059ae9209647ee2c7b413647ef8abe62303db8aaec30ce6bf8,12761,130,success,0,FAILED_PROTOCOL
A-kem512-gilbert-prr0p85-L2-rep27-seed200027-v1,A-kem512-gilbert-prr0p85-L2-rep27-seed200027,A_B1_VS_B2,COOJA_SIMULATION,512,1,gilbert,0.85,2.0,none,200027,valid,none,,,runs/A-kem512-gilbert-prr0p85-L2-rep27-seed200027-v1/cooja.log,5674d7362559b2a7545ecb88dd29a82337dff262b77ff2b15abcffe4a40fa163,9425,92,success,0,FAILED_PROTOCOL
A-kem512-gilbert-prr0p85-L2-rep27-seed200027-v2,A-kem512-gilbert-prr0p85-L2-rep27-seed200027,A_B1_VS_B2,COOJA_SIMULATION,512,2,gilbert,0.85,2.0,none,200027,valid,none,,,runs/A-kem512-gilbert-prr0p85-L2-rep27-seed200027-v2/cooja.log,1cc47a190c82680f374b45c1c0fa36697d3771f12ef973b74cf3a149de9c0f4d,9659,94,success,0,FAILED_PROTOCOL
A-kem512-gilbert-prr0p85-L2-rep28-seed200028-v1,A-kem512-gilbert-prr0p85-L2-rep28-seed200028,A_B1_VS_B2,COOJA_SIMULATION,512,1,gilbert,0.85,2.0,none,200028,valid,none,,,runs/A-kem512-gilbert-prr0p85-L2-rep28-seed200028-v1/cooja.log,b4cdf1c2a00db6145708fbde8553c88d4fdd5b2b78bb963ff0ca0cf7b4782b50,10840,114,success,1,SUCCESS
A-kem512-gilbert-prr0p85-L2-rep28-seed200028-v2,A-kem512-gilbert-prr0p85-L2-rep28-seed200028,A_B1_VS_B2,COOJA_SIMULATION,512,2,gilbert,0.85,2.0,none,200028,valid,none,,,runs/A-kem512-gilbert-prr0p85-L2-rep28-seed200028-v2/cooja.log,b628f75cc0d7aa00677e67135657390cc0b47cbf579281855af7be6ceb612a86,14744,146,success,1,SUCCESS
A-kem512-gilbert-prr0p85-L2-rep29-seed200029-v1,A-kem512-gilbert-prr0p85-L2-rep29-seed200029,A_B1_VS_B2,COOJA_SIMULATION,512,1,gilbert,0.85,2.0,none,200029,valid,none,,,runs/A-kem512-gilbert-prr0p85-L2-rep29-seed200029-v1/cooja.log,0b3f25119c8963a0fa6600811145b8ad1226ed486739f7c2f108e51769dab099,16456,170,success,0,FAILED_PROTOCOL
A-kem512-gilbert-prr0p85-L2-rep29-seed200029-v2,A-kem512-gilbert-prr0p85-L2-rep29-seed200029,A_B1_VS_B2,COOJA_SIMULATION,512,2,gilbert,0.85,2.0,none,200029,valid,none,,,runs/A-kem512-gilbert-prr0p85-L2-rep29-seed200029-v2/cooja.log,a978ef8d57d3248e4066ed595cee003f12e9e8379690445906bce1f298d14f69,15908,159,success,1,SUCCESS
A-kem512-gilbert-prr0p85-L2-rep30-seed200030-v1,A-kem512-gilbert-prr0p85-L2-rep30-seed200030,A_B1_VS_B2,COOJA_SIMULATION,512,1,gilbert,0.85,2.0,none,200030,valid,none,,,runs/A-kem512-gilbert-prr0p85-L2-rep30-seed200030-v1/cooja.log,693f7f4be170cc655a5b9ce9845976db7f034ec38812d513e10ebe20430839b9,11228,111,success,0,FAILED_PROTOCOL
A-kem512-gilbert-prr0p85-L2-rep30-seed200030-v2,A-kem512-gilbert-prr0p85-L2-rep30-seed200030,A_B1_VS_B2,COOJA_SIMULATION,512,2,gilbert,0.85,2.0,none,200030,valid,none,,,runs/A-kem512-gilbert-prr0p85-L2-rep30-seed200030-v2/cooja.log,b5e4192ccdc6e6e9bcd910f5b06e3fbc973bd78eac11d48b7f3a8e13e695bffa,16763,168,success,1,SUCCESS
A-kem512-gilbert-prr0p85-L5-rep01-seed200001-v1,A-kem512-gilbert-prr0p85-L5-rep01-seed200001,A_B1_VS_B2,COOJA_SIMULATION,512,1,gilbert,0.85,5.0,none,200001,valid,none,,,runs/A-kem512-gilbert-prr0p85-L5-rep01-seed200001-v1/cooja.log,865b050c63c8c1c8a7220adeae977320834f8a4cf17e758888e6c859ac6999b1,10911,115,success,1,SUCCESS
A-kem512-gilbert-prr0p85-L5-rep01-seed200001-v2,A-kem512-gilbert-prr0p85-L5-rep01-seed200001,A_B1_VS_B2,COOJA_SIMULATION,512,2,gilbert,0.85,5.0,none,200001,valid,none,,,runs/A-kem512-gilbert-prr0p85-L5-rep01-seed200001-v2/cooja.log,2375c8f59243af62152515e013bc64ef2a09a06f221ddfb3a3d96a23025f0878,14815,147,success,1,SUCCESS
A-kem512-gilbert-prr0p85-L5-rep02-seed200002-v1,A-kem512-gilbert-prr0p85-L5-rep02-seed200002,A_B1_VS_B2,COOJA_SIMULATION,512,1,gilbert,0.85,5.0,none,200002,valid,none,,,runs/A-kem512-gilbert-prr0p85-L5-rep02-seed200002-v1/cooja.log,5e04718b8ddea2c6dbd792ab17d44cb7d4ea8faf05e5744e309150cc05ac5b51,8741,84,success,0,FAILED_PROTOCOL
A-kem512-gilbert-prr0p85-L5-rep02-seed200002-v2,A-kem512-gilbert-prr0p85-L5-rep02-seed200002,A_B1_VS_B2,COOJA_SIMULATION,512,2,gilbert,0.85,5.0,none,200002,valid,none,,,runs/A-kem512-gilbert-prr0p85-L5-rep02-seed200002-v2/cooja.log,d682d7e770095d9c4443fd5014cc6154de54ad9e9eb481a5c6e874a9fcdf1a50,8975,86,success,0,FAILED_PROTOCOL
A-kem512-gilbert-prr0p85-L5-rep03-seed200003-v1,A-kem512-gilbert-prr0p85-L5-rep03-seed200003,A_B1_VS_B2,COOJA_SIMULATION,512,1,gilbert,0.85,5.0,none,200003,valid,none,,,runs/A-kem512-gilbert-prr0p85-L5-rep03-seed200003-v1/cooja.log,29656671ff9d1fb78e987cdf452f437d643fa7455bbc4de7a64084a555031cdc,13365,137,success,0,FAILED_PROTOCOL
A-kem512-gilbert-prr0p85-L5-rep03-seed200003-v2,A-kem512-gilbert-prr0p85-L5-rep03-seed200003,A_B1_VS_B2,COOJA_SIMULATION,512,2,gilbert,0.85,5.0,none,200003,valid,none,,,runs/A-kem512-gilbert-prr0p85-L5-rep03-seed200003-v2/cooja.log,77f5983a52db71af9ad4110bc342018b2e3bcefccb7e4a23a84e3a54505ae5aa,13599,139,success,0,FAILED_PROTOCOL
A-kem512-gilbert-prr0p85-L5-rep04-seed200004-v1,A-kem512-gilbert-prr0p85-L5-rep04-seed200004,A_B1_VS_B2,COOJA_SIMULATION,512,1,gilbert,0.85,5.0,none,200004,valid,none,,,runs/A-kem512-gilbert-prr0p85-L5-rep04-seed200004-v1/cooja.log,cb7865b4b691f8e44103a37f4853abc5e14ae3d860c59ef84af66fed6cb61e2e,11132,110,success,0,FAILED_PROTOCOL
A-kem512-gilbert-prr0p85-L5-rep04-seed200004-v2,A-kem512-gilbert-prr0p85-L5-rep04-seed200004,A_B1_VS_B2,COOJA_SIMULATION,512,2,gilbert,0.85,5.0,none,200004,valid,none,,,runs/A-kem512-gilbert-prr0p85-L5-rep04-seed200004-v2/cooja.log,01075d471bec4f066dd6e3b8a5c9fbfe15bffbf9101176d290022d254f9e6032,16616,169,success,0,FAILED_PROTOCOL
A-kem512-gilbert-prr0p85-L5-rep05-seed200005-v1,A-kem512-gilbert-prr0p85-L5-rep05-seed200005,A_B1_VS_B2,COOJA_SIMULATION,512,1,gilbert,0.85,5.0,none,200005,valid,none,,,runs/A-kem512-gilbert-prr0p85-L5-rep05-seed200005-v1/cooja.log,d01835b7d7ea7adec62130582044ba0d4253fb1353f583c988bf6a2b69b6dc38,13942,144,success,0,FAILED_PROTOCOL
A-kem512-gilbert-prr0p85-L5-rep05-seed200005-v2,A-kem512-gilbert-prr0p85-L5-rep05-seed200005,A_B1_VS_B2,COOJA_SIMULATION,512,2,gilbert,0.85,5.0,none,200005,valid,none,,,runs/A-kem512-gilbert-prr0p85-L5-rep05-seed200005-v2/cooja.log,572e4dcc78e02f22ac5806112d663a76272d2aa4b169a51235f47ebab58eedfe,14176,146,success,0,FAILED_PROTOCOL
A-kem512-gilbert-prr0p85-L5-rep06-seed200006-v1,A-kem512-gilbert-prr0p85-L5-rep06-seed200006,A_B1_VS_B2,COOJA_SIMULATION,512,1,gilbert,0.85,5.0,none,200006,valid,none,,,runs/A-kem512-gilbert-prr0p85-L5-rep06-seed200006-v1/cooja.log,106a9e1a2576afb87f0b909cbf0141ba9952e4155572b72229ec305a0a89408c,13709,138,success,0,FAILED_PROTOCOL
A-kem512-gilbert-prr0p85-L5-rep06-seed200006-v2,A-kem512-gilbert-prr0p85-L5-rep06-seed200006,A_B1_VS_B2,COOJA_SIMULATION,512,2,gilbert,0.85,5.0,none,200006,valid,none,,,runs/A-kem512-gilbert-prr0p85-L5-rep06-seed200006-v2/cooja.log,09bd7dc5e8e041be4ff6d0bba995bcd89ccbbe7243ddb3e3c9e70ea70e5e72e7,15367,153,success,1,SUCCESS
A-kem512-gilbert-prr0p85-L5-rep07-seed200007-v1,A-kem512-gilbert-prr0p85-L5-rep07-seed200007,A_B1_VS_B2,COOJA_SIMULATION,512,1,gilbert,0.85,5.0,none,200007,valid,none,,,runs/A-kem512-gilbert-prr0p85-L5-rep07-seed200007-v1/cooja.log,78b7f9637b2e531911ec85b8432ba77f5e5de6072c5192f47801aa499166c305,10908,115,success,1,SUCCESS
A-kem512-gilbert-prr0p85-L5-rep07-seed200007-v2,A-kem512-gilbert-prr0p85-L5-rep07-seed200007,A_B1_VS_B2,COOJA_SIMULATION,512,2,gilbert,0.85,5.0,none,200007,valid,none,,,runs/A-kem512-gilbert-prr0p85-L5-rep07-seed200007-v2/cooja.log,588c3573b0b93754d48809ab7e2a8f47d4e813dab535528c72bee65a6959f329,14812,147,success,1,SUCCESS
A-kem512-gilbert-prr0p85-L5-rep08-seed200008-v1,A-kem512-gilbert-prr0p85-L5-rep08-seed200008,A_B1_VS_B2,COOJA_SIMULATION,512,1,gilbert,0.85,5.0,none,200008,valid,none,,,runs/A-kem512-gilbert-prr0p85-L5-rep08-seed200008-v1/cooja.log,012eaa09728f4034b7f89dc3948750dde85f8b1495034da24d0b625d5bc2378d,13178,135,success,0,FAILED_PROTOCOL
A-kem512-gilbert-prr0p85-L5-rep08-seed200008-v2,A-kem512-gilbert-prr0p85-L5-rep08-seed200008,A_B1_VS_B2,COOJA_SIMULATION,512,2,gilbert,0.85,5.0,none,200008,valid,none,,,runs/A-kem512-gilbert-prr0p85-L5-rep08-seed200008-v2/cooja.log,69249571bd6e0e0e9c1a37103d4e19aa139c581de3699007e58c1c5807470a9d,13412,137,success,0,FAILED_PROTOCOL
A-kem512-gilbert-prr0p85-L5-rep09-seed200009-v1,A-kem512-gilbert-prr0p85-L5-rep09-seed200009,A_B1_VS_B2,COOJA_SIMULATION,512,1,gilbert,0.85,5.0,none,200009,valid,none,,,runs/A-kem512-gilbert-prr0p85-L5-rep09-seed200009-v1/cooja.log,3563da3e4d043ebcb8ada7e1288d1e45e3a97d06f619166d84f1936c41bca7f4,14690,152,success,0,FAILED_PROTOCOL
A-kem512-gilbert-prr0p85-L5-rep09-seed200009-v2,A-kem512-gilbert-prr0p85-L5-rep09-seed200009,A_B1_VS_B2,COOJA_SIMULATION,512,2,gilbert,0.85,5.0,none,200009,valid,none,,,runs/A-kem512-gilbert-prr0p85-L5-rep09-seed200009-v2/cooja.log,a9254f6227d6aed820701d074920fcacce338c1fbbbb034783f1b507326c31fb,14924,154,success,0,FAILED_PROTOCOL
A-kem512-gilbert-prr0p85-L5-rep10-seed200010-v1,A-kem512-gilbert-prr0p85-L5-rep10-seed200010,A_B1_VS_B2,COOJA_SIMULATION,512,1,gilbert,0.85,5.0,none,200010,valid,none,,,runs/A-kem512-gilbert-prr0p85-L5-rep10-seed200010-v1/cooja.log,90928b81144f6e91c64b0b7f1d4e6bbbf36da856338e1183050eb8667b3687f9,10917,115,success,1,SUCCESS
A-kem512-gilbert-prr0p85-L5-rep10-seed200010-v2,A-kem512-gilbert-prr0p85-L5-rep10-seed200010,A_B1_VS_B2,COOJA_SIMULATION,512,2,gilbert,0.85,5.0,none,200010,valid,none,,,runs/A-kem512-gilbert-prr0p85-L5-rep10-seed200010-v2/cooja.log,25298b68fae7c2739b6340b52d1c6d7be333fa9c2c201ec6f306599c4ddbe90a,14821,147,success,1,SUCCESS
A-kem512-gilbert-prr0p85-L5-rep11-seed200011-v1,A-kem512-gilbert-prr0p85-L5-rep11-seed200011,A_B1_VS_B2,COOJA_SIMULATION,512,1,gilbert,0.85,5.0,none,200011,valid,none,,,runs/A-kem512-gilbert-prr0p85-L5-rep11-seed200011-v1/cooja.log,c3e9379e98c92e763d56f1898861bff6e8c5bd1a7bbed4a5c2c5f34e411f4aa1,9783,96,success,0,FAILED_PROTOCOL
A-kem512-gilbert-prr0p85-L5-rep11-seed200011-v2,A-kem512-gilbert-prr0p85-L5-rep11-seed200011,A_B1_VS_B2,COOJA_SIMULATION,512,2,gilbert,0.85,5.0,none,200011,valid,none,,,runs/A-kem512-gilbert-prr0p85-L5-rep11-seed200011-v2/cooja.log,d0401e4c7a4c048269cad756cf5a14473536de1e1add2aedbe72307382f40ea5,10017,98,success,0,FAILED_PROTOCOL
A-kem512-gilbert-prr0p85-L5-rep12-seed200012-v1,A-kem512-gilbert-prr0p85-L5-rep12-seed200012,A_B1_VS_B2,COOJA_SIMULATION,512,1,gilbert,0.85,5.0,none,200012,valid,none,,,runs/A-kem512-gilbert-prr0p85-L5-rep12-seed200012-v1/cooja.log,f3a4102e10ebda9b72f05e5bb50961c6aa163eb37df571667484737531312d48,11671,119,success,0,FAILED_PROTOCOL
A-kem512-gilbert-prr0p85-L5-rep12-seed200012-v2,A-kem512-gilbert-prr0p85-L5-rep12-seed200012,A_B1_VS_B2,COOJA_SIMULATION,512,2,gilbert,0.85,5.0,none,200012,valid,none,,,runs/A-kem512-gilbert-prr0p85-L5-rep12-seed200012-v2/cooja.log,c31d7679076028e03e1d2581081adf7feb9c6f790787bba4ab3daa1f09b9b569,11905,121,success,0,FAILED_PROTOCOL
A-kem512-gilbert-prr0p85-L5-rep13-seed200013-v1,A-kem512-gilbert-prr0p85-L5-rep13-seed200013,A_B1_VS_B2,COOJA_SIMULATION,512,1,gilbert,0.85,5.0,none,200013,valid,none,,,runs/A-kem512-gilbert-prr0p85-L5-rep13-seed200013-v1/cooja.log,168d40acd4a27c15180e5be5b4793597d33ee5a58ffd82fde2e5838176e3155e,10917,115,success,1,SUCCESS
A-kem512-gilbert-prr0p85-L5-rep13-seed200013-v2,A-kem512-gilbert-prr0p85-L5-rep13-seed200013,A_B1_VS_B2,COOJA_SIMULATION,512,2,gilbert,0.85,5.0,none,200013,valid,none,,,runs/A-kem512-gilbert-prr0p85-L5-rep13-seed200013-v2/cooja.log,eeda5750a9fb05f4914a36725d858b654e1f034ea9c849e6dfd7525a0ecb24a1,14821,147,success,1,SUCCESS
A-kem512-gilbert-prr0p85-L5-rep14-seed200014-v1,A-kem512-gilbert-prr0p85-L5-rep14-seed200014,A_B1_VS_B2,COOJA_SIMULATION,512,1,gilbert,0.85,5.0,none,200014,valid,none,,,runs/A-kem512-gilbert-prr0p85-L5-rep14-seed200014-v1/cooja.log,bb7540a63bb839edb59f12862524d4e9146c85792ee35a93d19eb5aa807eedf7,11034,109,success,0,FAILED_PROTOCOL
A-kem512-gilbert-prr0p85-L5-rep14-seed200014-v2,A-kem512-gilbert-prr0p85-L5-rep14-seed200014,A_B1_VS_B2,COOJA_SIMULATION,512,2,gilbert,0.85,5.0,none,200014,valid,none,,,runs/A-kem512-gilbert-prr0p85-L5-rep14-seed200014-v2/cooja.log,478f546843097ab335dd7cc690178324144de07ee90961daa40c1ed56e78f30b,15371,153,success,1,SUCCESS
A-kem512-gilbert-prr0p85-L5-rep15-seed200015-v1,A-kem512-gilbert-prr0p85-L5-rep15-seed200015,A_B1_VS_B2,COOJA_SIMULATION,512,1,gilbert,0.85,5.0,none,200015,valid,none,,,runs/A-kem512-gilbert-prr0p85-L5-rep15-seed200015-v1/cooja.log,0a27033f78b3539d3391c1ffe739ca143b6a62ff71b96aaec497106a3a576e68,13165,132,success,0,FAILED_PROTOCOL
A-kem512-gilbert-prr0p85-L5-rep15-seed200015-v2,A-kem512-gilbert-prr0p85-L5-rep15-seed200015,A_B1_VS_B2,COOJA_SIMULATION,512,2,gilbert,0.85,5.0,none,200015,valid,none,,,runs/A-kem512-gilbert-prr0p85-L5-rep15-seed200015-v2/cooja.log,9aa2c7340c2b4e0c8555fa74150e7e9d884b35c5b6873ec2ab729378c04404cb,16904,173,success,0,FAILED_PROTOCOL
A-kem512-gilbert-prr0p85-L5-rep16-seed200016-v1,A-kem512-gilbert-prr0p85-L5-rep16-seed200016,A_B1_VS_B2,COOJA_SIMULATION,512,1,gilbert,0.85,5.0,none,200016,valid,none,,,runs/A-kem512-gilbert-prr0p85-L5-rep16-seed200016-v1/cooja.log,1081468e2d538d4f2d1a03468f7accfee635aeab06d8a4b38ef38ca39a89ad59,11941,121,success,0,FAILED_PROTOCOL
A-kem512-gilbert-prr0p85-L5-rep16-seed200016-v2,A-kem512-gilbert-prr0p85-L5-rep16-seed200016,A_B1_VS_B2,COOJA_SIMULATION,512,2,gilbert,0.85,5.0,none,200016,valid,none,,,runs/A-kem512-gilbert-prr0p85-L5-rep16-seed200016-v2/cooja.log,1ec5d7d3c45c50757bc44bc819a8d38270c55d940a76b81b6cc850b7eca7bdec,12175,123,success,0,FAILED_PROTOCOL
A-kem512-gilbert-prr0p85-L5-rep17-seed200017-v1,A-kem512-gilbert-prr0p85-L5-rep17-seed200017,A_B1_VS_B2,COOJA_SIMULATION,512,1,gilbert,0.85,5.0,none,200017,valid,none,,,runs/A-kem512-gilbert-prr0p85-L5-rep17-seed200017-v1/cooja.log,e25968fefa7773655db3475fe867122d43971dece5fe2fa3934e22e7268fc70f,13593,140,success,0,FAILED_PROTOCOL
A-kem512-gilbert-prr0p85-L5-rep17-seed200017-v2,A-kem512-gilbert-prr0p85-L5-rep17-seed200017,A_B1_VS_B2,COOJA_SIMULATION,512,2,gilbert,0.85,5.0,none,200017,valid,none,,,runs/A-kem512-gilbert-prr0p85-L5-rep17-seed200017-v2/cooja.log,a2b6684d4134003d725e3dbce0543e34188afc2ee15b11bede62e9b512ef5faf,13827,142,success,0,FAILED_PROTOCOL
A-kem512-gilbert-prr0p85-L5-rep18-seed200018-v1,A-kem512-gilbert-prr0p85-L5-rep18-seed200018,A_B1_VS_B2,COOJA_SIMULATION,512,1,gilbert,0.85,5.0,none,200018,valid,none,,,runs/A-kem512-gilbert-prr0p85-L5-rep18-seed200018-v1/cooja.log,0164dae4743ba6b77673041f0bb7f8aeac7811cfacf25049ab8c5fadc39e7b32,13798,141,success,0,FAILED_PROTOCOL
A-kem512-gilbert-prr0p85-L5-rep18-seed200018-v2,A-kem512-gilbert-prr0p85-L5-rep18-seed200018,A_B1_VS_B2,COOJA_SIMULATION,512,2,gilbert,0.85,5.0,none,200018,valid,none,,,runs/A-kem512-gilbert-prr0p85-L5-rep18-seed200018-v2/cooja.log,bfacbb52103243f0eb4ccdb474c0ede822a808ad6a54e0682f8caa25ebeebfa5,14032,143,success,0,FAILED_PROTOCOL
A-kem512-gilbert-prr0p85-L5-rep19-seed200019-v1,A-kem512-gilbert-prr0p85-L5-rep19-seed200019,A_B1_VS_B2,COOJA_SIMULATION,512,1,gilbert,0.85,5.0,none,200019,valid,none,,,runs/A-kem512-gilbert-prr0p85-L5-rep19-seed200019-v1/cooja.log,a97eae16cb2564d7fc88295e80139f3ee528ee55be9053b49a2b73fe82dd9afe,10917,115,success,1,SUCCESS
A-kem512-gilbert-prr0p85-L5-rep19-seed200019-v2,A-kem512-gilbert-prr0p85-L5-rep19-seed200019,A_B1_VS_B2,COOJA_SIMULATION,512,2,gilbert,0.85,5.0,none,200019,valid,none,,,runs/A-kem512-gilbert-prr0p85-L5-rep19-seed200019-v2/cooja.log,a429c78fb583c9e05a939e369f854045a6bcef57bd32bb9006e1dae037480e1f,14821,147,success,1,SUCCESS
A-kem512-gilbert-prr0p85-L5-rep20-seed200020-v1,A-kem512-gilbert-prr0p85-L5-rep20-seed200020,A_B1_VS_B2,COOJA_SIMULATION,512,1,gilbert,0.85,5.0,none,200020,valid,none,,,runs/A-kem512-gilbert-prr0p85-L5-rep20-seed200020-v1/cooja.log,630b291b57e630bcfad1a541b051344b3a4e74dbe9a23dc507519631a338333d,13057,130,success,0,FAILED_PROTOCOL
A-kem512-gilbert-prr0p85-L5-rep20-seed200020-v2,A-kem512-gilbert-prr0p85-L5-rep20-seed200020,A_B1_VS_B2,COOJA_SIMULATION,512,2,gilbert,0.85,5.0,none,200020,valid,none,,,runs/A-kem512-gilbert-prr0p85-L5-rep20-seed200020-v2/cooja.log,b1f8fea60502c8d3ecb59ddeef06fe73e0c9c9776342eeb8e25421afca5bc28b,16277,164,success,1,SUCCESS
A-kem512-gilbert-prr0p85-L5-rep21-seed200021-v1,A-kem512-gilbert-prr0p85-L5-rep21-seed200021,A_B1_VS_B2,COOJA_SIMULATION,512,1,gilbert,0.85,5.0,none,200021,valid,none,,,runs/A-kem512-gilbert-prr0p85-L5-rep21-seed200021-v1/cooja.log,e47560144d6d5efc1a37ad2ebc9e224faf0deb7fb9a425c68d7a407064c324ef,10908,115,success,1,SUCCESS
A-kem512-gilbert-prr0p85-L5-rep21-seed200021-v2,A-kem512-gilbert-prr0p85-L5-rep21-seed200021,A_B1_VS_B2,COOJA_SIMULATION,512,2,gilbert,0.85,5.0,none,200021,valid,none,,,runs/A-kem512-gilbert-prr0p85-L5-rep21-seed200021-v2/cooja.log,6bcf8e6b640bbdddbc81867004c1bab33a315c84bfb41a2a1deedc775844b19b,14812,147,success,1,SUCCESS
A-kem512-gilbert-prr0p85-L5-rep22-seed200022-v1,A-kem512-gilbert-prr0p85-L5-rep22-seed200022,A_B1_VS_B2,COOJA_SIMULATION,512,1,gilbert,0.85,5.0,none,200022,valid,none,,,runs/A-kem512-gilbert-prr0p85-L5-rep22-seed200022-v1/cooja.log,2a7193750f8b32948ff2cb3309103e5bd12f2a3c12da2e8f5af83416921132c6,13288,136,success,0,FAILED_PROTOCOL
A-kem512-gilbert-prr0p85-L5-rep22-seed200022-v2,A-kem512-gilbert-prr0p85-L5-rep22-seed200022,A_B1_VS_B2,COOJA_SIMULATION,512,2,gilbert,0.85,5.0,none,200022,valid,none,,,runs/A-kem512-gilbert-prr0p85-L5-rep22-seed200022-v2/cooja.log,880b987fb7b1f1bc39fd154bda10eaf499544716fd05147228a3d08be9311a38,13522,138,success,0,FAILED_PROTOCOL
A-kem512-gilbert-prr0p85-L5-rep23-seed200023-v1,A-kem512-gilbert-prr0p85-L5-rep23-seed200023,A_B1_VS_B2,COOJA_SIMULATION,512,1,gilbert,0.85,5.0,none,200023,valid,none,,,runs/A-kem512-gilbert-prr0p85-L5-rep23-seed200023-v1/cooja.log,90da7cdd9b74b0eac08458562cdef5b55118cf139ea17cba600e01634a07eab4,10840,114,success,1,SUCCESS
A-kem512-gilbert-prr0p85-L5-rep23-seed200023-v2,A-kem512-gilbert-prr0p85-L5-rep23-seed200023,A_B1_VS_B2,COOJA_SIMULATION,512,2,gilbert,0.85,5.0,none,200023,valid,none,,,runs/A-kem512-gilbert-prr0p85-L5-rep23-seed200023-v2/cooja.log,4f84be8332c0beee6d9e63bc5459d2773e7abbcc7db6d9225015b0abbca8125f,14744,146,success,1,SUCCESS
A-kem512-gilbert-prr0p85-L5-rep24-seed200024-v1,A-kem512-gilbert-prr0p85-L5-rep24-seed200024,A_B1_VS_B2,COOJA_SIMULATION,512,1,gilbert,0.85,5.0,none,200024,valid,none,,,runs/A-kem512-gilbert-prr0p85-L5-rep24-seed200024-v1/cooja.log,2b94e27dd8ff8cd9c3ffba54d8fd34ac0815cd5d84bd61f1ed162d01bfebc74a,11934,118,success,0,FAILED_PROTOCOL
A-kem512-gilbert-prr0p85-L5-rep24-seed200024-v2,A-kem512-gilbert-prr0p85-L5-rep24-seed200024,A_B1_VS_B2,COOJA_SIMULATION,512,2,gilbert,0.85,5.0,none,200024,valid,none,,,runs/A-kem512-gilbert-prr0p85-L5-rep24-seed200024-v2/cooja.log,575f40ce9b9340361966d4c5b89c29486d9047d07657ea83146c5b54ffb6bea7,17011,171,success,1,SUCCESS
A-kem512-gilbert-prr0p85-L5-rep25-seed200025-v1,A-kem512-gilbert-prr0p85-L5-rep25-seed200025,A_B1_VS_B2,COOJA_SIMULATION,512,1,gilbert,0.85,5.0,none,200025,valid,none,,,runs/A-kem512-gilbert-prr0p85-L5-rep25-seed200025-v1/cooja.log,c861d01ddcb3c7fba18fe91e2ac7e2efc0f3f02b5b20b5a7a540ca55e0e579e9,15464,157,success,0,FAILED_PROTOCOL
A-kem512-gilbert-prr0p85-L5-rep25-seed200025-v2,A-kem512-gilbert-prr0p85-L5-rep25-seed200025,A_B1_VS_B2,COOJA_SIMULATION,512,2,gilbert,0.85,5.0,none,200025,valid,none,,,runs/A-kem512-gilbert-prr0p85-L5-rep25-seed200025-v2/cooja.log,620ef8b34553121055f8e04d22ecd3755129702552dd97f20f0eac83329e5633,15163,154,success,0,FAILED_PROTOCOL
A-kem512-gilbert-prr0p85-L5-rep26-seed200026-v1,A-kem512-gilbert-prr0p85-L5-rep26-seed200026,A_B1_VS_B2,COOJA_SIMULATION,512,1,gilbert,0.85,5.0,none,200026,valid,none,,,runs/A-kem512-gilbert-prr0p85-L5-rep26-seed200026-v1/cooja.log,ea38bc186259c1b5ef85d6b2923d89c98416e61968e2d7a1b56c844d43c0dc07,18520,192,success,0,FAILED_PROTOCOL
A-kem512-gilbert-prr0p85-L5-rep26-seed200026-v2,A-kem512-gilbert-prr0p85-L5-rep26-seed200026,A_B1_VS_B2,COOJA_SIMULATION,512,2,gilbert,0.85,5.0,none,200026,valid,none,,,runs/A-kem512-gilbert-prr0p85-L5-rep26-seed200026-v2/cooja.log,d02de3484cfbd1f19d8835f2fb0273acc722d42f08a2db54801058b0b3605d87,21022,219,success,0,FAILED_PROTOCOL
A-kem512-gilbert-prr0p85-L5-rep27-seed200027-v1,A-kem512-gilbert-prr0p85-L5-rep27-seed200027,A_B1_VS_B2,COOJA_SIMULATION,512,1,gilbert,0.85,5.0,none,200027,valid,none,,,runs/A-kem512-gilbert-prr0p85-L5-rep27-seed200027-v1/cooja.log,ca3ef7ac9ff28943a039bbe86365e1964ae238cfc52698f3706545632e983194,10990,110,success,0,FAILED_PROTOCOL
A-kem512-gilbert-prr0p85-L5-rep27-seed200027-v2,A-kem512-gilbert-prr0p85-L5-rep27-seed200027,A_B1_VS_B2,COOJA_SIMULATION,512,2,gilbert,0.85,5.0,none,200027,valid,none,,,runs/A-kem512-gilbert-prr0p85-L5-rep27-seed200027-v2/cooja.log,6f00cfae5695103a1acfa70fa283b58674af4d1fd6d18a05a76d49df11cb67f5,11224,112,success,0,FAILED_PROTOCOL
A-kem512-gilbert-prr0p85-L5-rep28-seed200028-v1,A-kem512-gilbert-prr0p85-L5-rep28-seed200028,A_B1_VS_B2,COOJA_SIMULATION,512,1,gilbert,0.85,5.0,none,200028,valid,none,,,runs/A-kem512-gilbert-prr0p85-L5-rep28-seed200028-v1/cooja.log,09d0c872708d62c38bf0b09c5bbd058c69b3064af57f09324a037100f2917e87,12225,121,success,0,FAILED_PROTOCOL
A-kem512-gilbert-prr0p85-L5-rep28-seed200028-v2,A-kem512-gilbert-prr0p85-L5-rep28-seed200028,A_B1_VS_B2,COOJA_SIMULATION,512,2,gilbert,0.85,5.0,none,200028,valid,none,,,runs/A-kem512-gilbert-prr0p85-L5-rep28-seed200028-v2/cooja.log,19091d5fa8399864014d1e6931f971f58b4cb564c89cf9156bc3c1e674ea9a39,12600,128,success,0,FAILED_PROTOCOL
A-kem512-gilbert-prr0p85-L5-rep29-seed200029-v1,A-kem512-gilbert-prr0p85-L5-rep29-seed200029,A_B1_VS_B2,COOJA_SIMULATION,512,1,gilbert,0.85,5.0,none,200029,valid,none,,,runs/A-kem512-gilbert-prr0p85-L5-rep29-seed200029-v1/cooja.log,fa9ceedbd26c32292442fe206f015f986a8e7d106168cf8dcff8107cf10b7b93,11683,115,success,0,FAILED_PROTOCOL
A-kem512-gilbert-prr0p85-L5-rep29-seed200029-v2,A-kem512-gilbert-prr0p85-L5-rep29-seed200029,A_B1_VS_B2,COOJA_SIMULATION,512,2,gilbert,0.85,5.0,none,200029,valid,none,,,runs/A-kem512-gilbert-prr0p85-L5-rep29-seed200029-v2/cooja.log,839c2b28d9e7ebc8384f8e3fee3f96e90fff618bf547fcef4e2b549b08322f92,13405,133,success,0,FAILED_PROTOCOL
A-kem512-gilbert-prr0p85-L5-rep30-seed200030-v1,A-kem512-gilbert-prr0p85-L5-rep30-seed200030,A_B1_VS_B2,COOJA_SIMULATION,512,1,gilbert,0.85,5.0,none,200030,valid,none,,,runs/A-kem512-gilbert-prr0p85-L5-rep30-seed200030-v1/cooja.log,c40d1258a8075d691c383434814d0de4aa103b2a12baacbce81f89d63c68ce4b,10915,107,success,0,FAILED_PROTOCOL
A-kem512-gilbert-prr0p85-L5-rep30-seed200030-v2,A-kem512-gilbert-prr0p85-L5-rep30-seed200030,A_B1_VS_B2,COOJA_SIMULATION,512,2,gilbert,0.85,5.0,none,200030,valid,none,,,runs/A-kem512-gilbert-prr0p85-L5-rep30-seed200030-v2/cooja.log,9bf8bdfdf1acedbb9c55bbd1df38592c05b235b7f98fb7d9e2e5928c882cf78a,16196,162,success,1,SUCCESS
A-kem512-gilbert-prr0p85-L10-rep01-seed200001-v1,A-kem512-gilbert-prr0p85-L10-rep01-seed200001,A_B1_VS_B2,COOJA_SIMULATION,512,1,gilbert,0.85,10.0,none,200001,valid,none,,,runs/A-kem512-gilbert-prr0p85-L10-rep01-seed200001-v1/cooja.log,865b050c63c8c1c8a7220adeae977320834f8a4cf17e758888e6c859ac6999b1,10911,115,success,1,SUCCESS
A-kem512-gilbert-prr0p85-L10-rep01-seed200001-v2,A-kem512-gilbert-prr0p85-L10-rep01-seed200001,A_B1_VS_B2,COOJA_SIMULATION,512,2,gilbert,0.85,10.0,none,200001,valid,none,,,runs/A-kem512-gilbert-prr0p85-L10-rep01-seed200001-v2/cooja.log,2375c8f59243af62152515e013bc64ef2a09a06f221ddfb3a3d96a23025f0878,14815,147,success,1,SUCCESS
A-kem512-gilbert-prr0p85-L10-rep02-seed200002-v1,A-kem512-gilbert-prr0p85-L10-rep02-seed200002,A_B1_VS_B2,COOJA_SIMULATION,512,1,gilbert,0.85,10.0,none,200002,valid,none,,,runs/A-kem512-gilbert-prr0p85-L10-rep02-seed200002-v1/cooja.log,5e04718b8ddea2c6dbd792ab17d44cb7d4ea8faf05e5744e309150cc05ac5b51,8741,84,success,0,FAILED_PROTOCOL
A-kem512-gilbert-prr0p85-L10-rep02-seed200002-v2,A-kem512-gilbert-prr0p85-L10-rep02-seed200002,A_B1_VS_B2,COOJA_SIMULATION,512,2,gilbert,0.85,10.0,none,200002,valid,none,,,runs/A-kem512-gilbert-prr0p85-L10-rep02-seed200002-v2/cooja.log,d682d7e770095d9c4443fd5014cc6154de54ad9e9eb481a5c6e874a9fcdf1a50,8975,86,success,0,FAILED_PROTOCOL
A-kem512-gilbert-prr0p85-L10-rep03-seed200003-v1,A-kem512-gilbert-prr0p85-L10-rep03-seed200003,A_B1_VS_B2,COOJA_SIMULATION,512,1,gilbert,0.85,10.0,none,200003,valid,none,,,runs/A-kem512-gilbert-prr0p85-L10-rep03-seed200003-v1/cooja.log,6b78d8faa2bdb5d585969febb16c6fb94852823a3cca6139507dbe961fe3f13e,13060,134,success,0,FAILED_PROTOCOL
A-kem512-gilbert-prr0p85-L10-rep03-seed200003-v2,A-kem512-gilbert-prr0p85-L10-rep03-seed200003,A_B1_VS_B2,COOJA_SIMULATION,512,2,gilbert,0.85,10.0,none,200003,valid,none,,,runs/A-kem512-gilbert-prr0p85-L10-rep03-seed200003-v2/cooja.log,e2028f05280ccecbceb22aecab36fad37187a8f13bcfaaf711ca155f76deb1c9,13294,136,success,0,FAILED_PROTOCOL
A-kem512-gilbert-prr0p85-L10-rep04-seed200004-v1,A-kem512-gilbert-prr0p85-L10-rep04-seed200004,A_B1_VS_B2,COOJA_SIMULATION,512,1,gilbert,0.85,10.0,none,200004,valid,none,,,runs/A-kem512-gilbert-prr0p85-L10-rep04-seed200004-v1/cooja.log,0614473fd7eb8deaedf479dd9b10939ee086ed855489c55461ac3d4aee8237a1,10914,115,success,1,SUCCESS
A-kem512-gilbert-prr0p85-L10-rep04-seed200004-v2,A-kem512-gilbert-prr0p85-L10-rep04-seed200004,A_B1_VS_B2,COOJA_SIMULATION,512,2,gilbert,0.85,10.0,none,200004,valid,none,,,runs/A-kem512-gilbert-prr0p85-L10-rep04-seed200004-v2/cooja.log,2193706752d0c1bc752a95d1eed2edd689e5352e49daee9087e2ebe0a8888a99,14864,156,success,1,SUCCESS
A-kem512-gilbert-prr0p85-L10-rep05-seed200005-v1,A-kem512-gilbert-prr0p85-L10-rep05-seed200005,A_B1_VS_B2,COOJA_SIMULATION,512,1,gilbert,0.85,10.0,none,200005,valid,none,,,runs/A-kem512-gilbert-prr0p85-L10-rep05-seed200005-v1/cooja.log,b5ac6489c02ce6908338986c54e8c4d28af0712f2a36034707937867e7de84a8,11351,115,success,0,FAILED_PROTOCOL
A-kem512-gilbert-prr0p85-L10-rep05-seed200005-v2,A-kem512-gilbert-prr0p85-L10-rep05-seed200005,A_B1_VS_B2,COOJA_SIMULATION,512,2,gilbert,0.85,10.0,none,200005,valid,none,,,runs/A-kem512-gilbert-prr0p85-L10-rep05-seed200005-v2/cooja.log,ed42cdb4186541eb67a67ce837b457add080f805efcfba9daf01e8956a17a64e,11585,117,success,0,FAILED_PROTOCOL
A-kem512-gilbert-prr0p85-L10-rep06-seed200006-v1,A-kem512-gilbert-prr0p85-L10-rep06-seed200006,A_B1_VS_B2,COOJA_SIMULATION,512,1,gilbert,0.85,10.0,none,200006,valid,none,,,runs/A-kem512-gilbert-prr0p85-L10-rep06-seed200006-v1/cooja.log,c381990c44c36164114b51348dfe7b12961331d31c288e6ba78a3bd2357cb2c8,13529,136,success,0,FAILED_PROTOCOL
A-kem512-gilbert-prr0p85-L10-rep06-seed200006-v2,A-kem512-gilbert-prr0p85-L10-rep06-seed200006,A_B1_VS_B2,COOJA_SIMULATION,512,2,gilbert,0.85,10.0,none,200006,valid,none,,,runs/A-kem512-gilbert-prr0p85-L10-rep06-seed200006-v2/cooja.log,defd74032d2f897c563a9b4a0d9390b55d9ec13c9f0bb1e566ae618e0895621c,15686,157,success,1,SUCCESS
A-kem512-gilbert-prr0p85-L10-rep07-seed200007-v1,A-kem512-gilbert-prr0p85-L10-rep07-seed200007,A_B1_VS_B2,COOJA_SIMULATION,512,1,gilbert,0.85,10.0,none,200007,valid,none,,,runs/A-kem512-gilbert-prr0p85-L10-rep07-seed200007-v1/cooja.log,78b7f9637b2e531911ec85b8432ba77f5e5de6072c5192f47801aa499166c305,10908,115,success,1,SUCCESS
A-kem512-gilbert-prr0p85-L10-rep07-seed200007-v2,A-kem512-gilbert-prr0p85-L10-rep07-seed200007,A_B1_VS_B2,COOJA_SIMULATION,512,2,gilbert,0.85,10.0,none,200007,valid,none,,,runs/A-kem512-gilbert-prr0p85-L10-rep07-seed200007-v2/cooja.log,588c3573b0b93754d48809ab7e2a8f47d4e813dab535528c72bee65a6959f329,14812,147,success,1,SUCCESS
A-kem512-gilbert-prr0p85-L10-rep08-seed200008-v1,A-kem512-gilbert-prr0p85-L10-rep08-seed200008,A_B1_VS_B2,COOJA_SIMULATION,512,1,gilbert,0.85,10.0,none,200008,valid,none,,,runs/A-kem512-gilbert-prr0p85-L10-rep08-seed200008-v1/cooja.log,efbd80dc0926866f72c2b9a10f7b5837214bbe04e3a16a010ec326ed8e5c234f,12734,129,success,0,FAILED_PROTOCOL
A-kem512-gilbert-prr0p85-L10-rep08-seed200008-v2,A-kem512-gilbert-prr0p85-L10-rep08-seed200008,A_B1_VS_B2,COOJA_SIMULATION,512,2,gilbert,0.85,10.0,none,200008,valid,none,,,runs/A-kem512-gilbert-prr0p85-L10-rep08-seed200008-v2/cooja.log,656fdbaccceda292d1e1696b93ce90a462f6c9bedf7c37ddf8fdf703a9c6e70d,12968,131,success,0,FAILED_PROTOCOL
A-kem512-gilbert-prr0p85-L10-rep09-seed200009-v1,A-kem512-gilbert-prr0p85-L10-rep09-seed200009,A_B1_VS_B2,COOJA_SIMULATION,512,1,gilbert,0.85,10.0,none,200009,valid,none,,,runs/A-kem512-gilbert-prr0p85-L10-rep09-seed200009-v1/cooja.log,ea88286ee51332bed6eaccbf73c36ef4ed1b4119fd291399f0128dff6af57a0c,14986,156,success,0,FAILED_PROTOCOL
A-kem512-gilbert-prr0p85-L10-rep09-seed200009-v2,A-kem512-gilbert-prr0p85-L10-rep09-seed200009,A_B1_VS_B2,COOJA_SIMULATION,512,2,gilbert,0.85,10.0,none,200009,valid,none,,,runs/A-kem512-gilbert-prr0p85-L10-rep09-seed200009-v2/cooja.log,7c9f7a1e5a969257c56bf410f21faba2565b679c8b5a2cc521632ac335117b4e,15220,158,success,0,FAILED_PROTOCOL
A-kem512-gilbert-prr0p85-L10-rep10-seed200010-v1,A-kem512-gilbert-prr0p85-L10-rep10-seed200010,A_B1_VS_B2,COOJA_SIMULATION,512,1,gilbert,0.85,10.0,none,200010,valid,none,,,runs/A-kem512-gilbert-prr0p85-L10-rep10-seed200010-v1/cooja.log,09ecaed7adc45e8e5b06f3b9f73f3e67cf4f1c08da73414f7b0d6d9a2808746d,15809,159,success,0,FAILED_PROTOCOL
A-kem512-gilbert-prr0p85-L10-rep10-seed200010-v2,A-kem512-gilbert-prr0p85-L10-rep10-seed200010,A_B1_VS_B2,COOJA_SIMULATION,512,2,gilbert,0.85,10.0,none,200010,valid,none,,,runs/A-kem512-gilbert-prr0p85-L10-rep10-seed200010-v2/cooja.log,19a7d0820f1f10387e084b4faf11ed3e4ebc5700e0a65e12b524fd06ea395eec,23045,241,success,0,FAILED_PROTOCOL
A-kem512-gilbert-prr0p85-L10-rep11-seed200011-v1,A-kem512-gilbert-prr0p85-L10-rep11-seed200011,A_B1_VS_B2,COOJA_SIMULATION,512,1,gilbert,0.85,10.0,none,200011,valid,none,,,runs/A-kem512-gilbert-prr0p85-L10-rep11-seed200011-v1/cooja.log,b79619029e45405e071b06b8680fdb3fea96dd23d4821bf8523530ffae62fbe1,11476,121,success,1,SUCCESS
A-kem512-gilbert-prr0p85-L10-rep11-seed200011-v2,A-kem512-gilbert-prr0p85-L10-rep11-seed200011,A_B1_VS_B2,COOJA_SIMULATION,512,2,gilbert,0.85,10.0,none,200011,valid,none,,,runs/A-kem512-gilbert-prr0p85-L10-rep11-seed200011-v2/cooja.log,bfbc310f757998bc8717001fb65113c3dceb08cebb196e8f800b257b087e5de6,15380,153,success,1,SUCCESS
A-kem512-gilbert-prr0p85-L10-rep12-seed200012-v1,A-kem512-gilbert-prr0p85-L10-rep12-seed200012,A_B1_VS_B2,COOJA_SIMULATION,512,1,gilbert,0.85,10.0,none,200012,valid,none,,,runs/A-kem512-gilbert-prr0p85-L10-rep12-seed200012-v1/cooja.log,092e384b2d4f2c12eb2b5734283ce9b48c3846d502f350fd2520ea896068003a,8926,86,success,0,FAILED_PROTOCOL
A-kem512-gilbert-prr0p85-L10-rep12-seed200012-v2,A-kem512-gilbert-prr0p85-L10-rep12-seed200012,A_B1_VS_B2,COOJA_SIMULATION,512,2,gilbert,0.85,10.0,none,200012,valid,none,,,runs/A-kem512-gilbert-prr0p85-L10-rep12-seed200012-v2/cooja.log,47a6b1ee09347810debfc0df07f1c606f26ad844d035a0ec9a854ae44dda3e3c,9160,88,success,0,FAILED_PROTOCOL
A-kem512-gilbert-prr0p85-L10-rep13-seed200013-v1,A-kem512-gilbert-prr0p85-L10-rep13-seed200013,A_B1_VS_B2,COOJA_SIMULATION,512,1,gilbert,0.85,10.0,none,200013,valid,none,,,runs/A-kem512-gilbert-prr0p85-L10-rep13-seed200013-v1/cooja.log,168d40acd4a27c15180e5be5b4793597d33ee5a58ffd82fde2e5838176e3155e,10917,115,success,1,SUCCESS
A-kem512-gilbert-prr0p85-L10-rep13-seed200013-v2,A-kem512-gilbert-prr0p85-L10-rep13-seed200013,A_B1_VS_B2,COOJA_SIMULATION,512,2,gilbert,0.85,10.0,none,200013,valid,none,,,runs/A-kem512-gilbert-prr0p85-L10-rep13-seed200013-v2/cooja.log,eeda5750a9fb05f4914a36725d858b654e1f034ea9c849e6dfd7525a0ecb24a1,14821,147,success,1,SUCCESS
A-kem512-gilbert-prr0p85-L10-rep14-seed200014-v1,A-kem512-gilbert-prr0p85-L10-rep14-seed200014,A_B1_VS_B2,COOJA_SIMULATION,512,1,gilbert,0.85,10.0,none,200014,valid,none,,,runs/A-kem512-gilbert-prr0p85-L10-rep14-seed200014-v1/cooja.log,bb7540a63bb839edb59f12862524d4e9146c85792ee35a93d19eb5aa807eedf7,11034,109,success,0,FAILED_PROTOCOL
A-kem512-gilbert-prr0p85-L10-rep14-seed200014-v2,A-kem512-gilbert-prr0p85-L10-rep14-seed200014,A_B1_VS_B2,COOJA_SIMULATION,512,2,gilbert,0.85,10.0,none,200014,valid,none,,,runs/A-kem512-gilbert-prr0p85-L10-rep14-seed200014-v2/cooja.log,478f546843097ab335dd7cc690178324144de07ee90961daa40c1ed56e78f30b,15371,153,success,1,SUCCESS
A-kem512-gilbert-prr0p85-L10-rep15-seed200015-v1,A-kem512-gilbert-prr0p85-L10-rep15-seed200015,A_B1_VS_B2,COOJA_SIMULATION,512,1,gilbert,0.85,10.0,none,200015,valid,none,,,runs/A-kem512-gilbert-prr0p85-L10-rep15-seed200015-v1/cooja.log,2aa6e4ceb9fd0227baa42bc29ba9e5527efb642fcc678a817e2d04832054b40e,17473,179,success,0,FAILED_PROTOCOL
A-kem512-gilbert-prr0p85-L10-rep15-seed200015-v2,A-kem512-gilbert-prr0p85-L10-rep15-seed200015,A_B1_VS_B2,COOJA_SIMULATION,512,2,gilbert,0.85,10.0,none,200015,valid,none,,,runs/A-kem512-gilbert-prr0p85-L10-rep15-seed200015-v2/cooja.log,2b6198021437187d21b326741af5e93ecd77f01d42bf73ace7ff708fc79b5b60,18479,191,success,0,FAILED_PROTOCOL
A-kem512-gilbert-prr0p85-L10-rep16-seed200016-v1,A-kem512-gilbert-prr0p85-L10-rep16-seed200016,A_B1_VS_B2,COOJA_SIMULATION,512,1,gilbert,0.85,10.0,none,200016,valid,none,,,runs/A-kem512-gilbert-prr0p85-L10-rep16-seed200016-v1/cooja.log,5bb129ed0dbc5790400fb81015e78d5164f717ac67cb7a1dcde8506bf2eba271,8473,81,success,0,FAILED_PROTOCOL
A-kem512-gilbert-prr0p85-L10-rep16-seed200016-v2,A-kem512-gilbert-prr0p85-L10-rep16-seed200016,A_B1_VS_B2,COOJA_SIMULATION,512,2,gilbert,0.85,10.0,none,200016,valid,none,,,runs/A-kem512-gilbert-prr0p85-L10-rep16-seed200016-v2/cooja.log,466bc3ceba64ee5f6a275f6bb6a1058df451dcaf43c87a915a220d832b84ab0c,8707,83,success,0,FAILED_PROTOCOL
A-kem512-gilbert-prr0p85-L10-rep17-seed200017-v1,A-kem512-gilbert-prr0p85-L10-rep17-seed200017,A_B1_VS_B2,COOJA_SIMULATION,512,1,gilbert,0.85,10.0,none,200017,valid,none,,,runs/A-kem512-gilbert-prr0p85-L10-rep17-seed200017-v1/cooja.log,556c768e3a43155020469a1987c34fed9e8afb208895d52874d840701d6286f0,10917,115,success,1,SUCCESS
A-kem512-gilbert-prr0p85-L10-rep17-seed200017-v2,A-kem512-gilbert-prr0p85-L10-rep17-seed200017,A_B1_VS_B2,COOJA_SIMULATION,512,2,gilbert,0.85,10.0,none,200017,valid,none,,,runs/A-kem512-gilbert-prr0p85-L10-rep17-seed200017-v2/cooja.log,57aeb3192cc6a339798cb6a4fef3e4ccfe0df6b76a95f90ed26e106e656035e2,14821,147,success,1,SUCCESS
A-kem512-gilbert-prr0p85-L10-rep18-seed200018-v1,A-kem512-gilbert-prr0p85-L10-rep18-seed200018,A_B1_VS_B2,COOJA_SIMULATION,512,1,gilbert,0.85,10.0,none,200018,valid,none,,,runs/A-kem512-gilbert-prr0p85-L10-rep18-seed200018-v1/cooja.log,1fe8491963f0132ecac04aac7ab8a3504dab139d5dbf3d085900ae35de6e62f0,8999,87,success,0,FAILED_PROTOCOL
A-kem512-gilbert-prr0p85-L10-rep18-seed200018-v2,A-kem512-gilbert-prr0p85-L10-rep18-seed200018,A_B1_VS_B2,COOJA_SIMULATION,512,2,gilbert,0.85,10.0,none,200018,valid,none,,,runs/A-kem512-gilbert-prr0p85-L10-rep18-seed200018-v2/cooja.log,1fb17825db9dde76d2ac69a93ca3709b300e174019b73f8cc2751a7e5dc2d8bc,9233,89,success,0,FAILED_PROTOCOL
A-kem512-gilbert-prr0p85-L10-rep19-seed200019-v1,A-kem512-gilbert-prr0p85-L10-rep19-seed200019,A_B1_VS_B2,COOJA_SIMULATION,512,1,gilbert,0.85,10.0,none,200019,valid,none,,,runs/A-kem512-gilbert-prr0p85-L10-rep19-seed200019-v1/cooja.log,a97eae16cb2564d7fc88295e80139f3ee528ee55be9053b49a2b73fe82dd9afe,10917,115,success,1,SUCCESS
A-kem512-gilbert-prr0p85-L10-rep19-seed200019-v2,A-kem512-gilbert-prr0p85-L10-rep19-seed200019,A_B1_VS_B2,COOJA_SIMULATION,512,2,gilbert,0.85,10.0,none,200019,valid,none,,,runs/A-kem512-gilbert-prr0p85-L10-rep19-seed200019-v2/cooja.log,a429c78fb583c9e05a939e369f854045a6bcef57bd32bb9006e1dae037480e1f,14821,147,success,1,SUCCESS
A-kem512-gilbert-prr0p85-L10-rep20-seed200020-v1,A-kem512-gilbert-prr0p85-L10-rep20-seed200020,A_B1_VS_B2,COOJA_SIMULATION,512,1,gilbert,0.85,10.0,none,200020,valid,none,,,runs/A-kem512-gilbert-prr0p85-L10-rep20-seed200020-v1/cooja.log,630b291b57e630bcfad1a541b051344b3a4e74dbe9a23dc507519631a338333d,13057,130,success,0,FAILED_PROTOCOL
A-kem512-gilbert-prr0p85-L10-rep20-seed200020-v2,A-kem512-gilbert-prr0p85-L10-rep20-seed200020,A_B1_VS_B2,COOJA_SIMULATION,512,2,gilbert,0.85,10.0,none,200020,valid,none,,,runs/A-kem512-gilbert-prr0p85-L10-rep20-seed200020-v2/cooja.log,b1f8fea60502c8d3ecb59ddeef06fe73e0c9c9776342eeb8e25421afca5bc28b,16277,164,success,1,SUCCESS
A-kem512-gilbert-prr0p85-L10-rep21-seed200021-v1,A-kem512-gilbert-prr0p85-L10-rep21-seed200021,A_B1_VS_B2,COOJA_SIMULATION,512,1,gilbert,0.85,10.0,none,200021,valid,none,,,runs/A-kem512-gilbert-prr0p85-L10-rep21-seed200021-v1/cooja.log,e47560144d6d5efc1a37ad2ebc9e224faf0deb7fb9a425c68d7a407064c324ef,10908,115,success,1,SUCCESS
A-kem512-gilbert-prr0p85-L10-rep21-seed200021-v2,A-kem512-gilbert-prr0p85-L10-rep21-seed200021,A_B1_VS_B2,COOJA_SIMULATION,512,2,gilbert,0.85,10.0,none,200021,valid,none,,,runs/A-kem512-gilbert-prr0p85-L10-rep21-seed200021-v2/cooja.log,6bcf8e6b640bbdddbc81867004c1bab33a315c84bfb41a2a1deedc775844b19b,14812,147,success,1,SUCCESS
A-kem512-gilbert-prr0p85-L10-rep22-seed200022-v1,A-kem512-gilbert-prr0p85-L10-rep22-seed200022,A_B1_VS_B2,COOJA_SIMULATION,512,1,gilbert,0.85,10.0,none,200022,valid,none,,,runs/A-kem512-gilbert-prr0p85-L10-rep22-seed200022-v1/cooja.log,2a7193750f8b32948ff2cb3309103e5bd12f2a3c12da2e8f5af83416921132c6,13288,136,success,0,FAILED_PROTOCOL
A-kem512-gilbert-prr0p85-L10-rep22-seed200022-v2,A-kem512-gilbert-prr0p85-L10-rep22-seed200022,A_B1_VS_B2,COOJA_SIMULATION,512,2,gilbert,0.85,10.0,none,200022,valid,none,,,runs/A-kem512-gilbert-prr0p85-L10-rep22-seed200022-v2/cooja.log,880b987fb7b1f1bc39fd154bda10eaf499544716fd05147228a3d08be9311a38,13522,138,success,0,FAILED_PROTOCOL
A-kem512-gilbert-prr0p85-L10-rep23-seed200023-v1,A-kem512-gilbert-prr0p85-L10-rep23-seed200023,A_B1_VS_B2,COOJA_SIMULATION,512,1,gilbert,0.85,10.0,none,200023,valid,none,,,runs/A-kem512-gilbert-prr0p85-L10-rep23-seed200023-v1/cooja.log,90da7cdd9b74b0eac08458562cdef5b55118cf139ea17cba600e01634a07eab4,10840,114,success,1,SUCCESS
A-kem512-gilbert-prr0p85-L10-rep23-seed200023-v2,A-kem512-gilbert-prr0p85-L10-rep23-seed200023,A_B1_VS_B2,COOJA_SIMULATION,512,2,gilbert,0.85,10.0,none,200023,valid,none,,,runs/A-kem512-gilbert-prr0p85-L10-rep23-seed200023-v2/cooja.log,4f84be8332c0beee6d9e63bc5459d2773e7abbcc7db6d9225015b0abbca8125f,14744,146,success,1,SUCCESS
A-kem512-gilbert-prr0p85-L10-rep24-seed200024-v1,A-kem512-gilbert-prr0p85-L10-rep24-seed200024,A_B1_VS_B2,COOJA_SIMULATION,512,1,gilbert,0.85,10.0,none,200024,valid,none,,,runs/A-kem512-gilbert-prr0p85-L10-rep24-seed200024-v1/cooja.log,a1521ede6319799f05e73e60cbceb25cac3b9aa0a8579abe2a0a6568302643ed,13353,134,success,0,FAILED_PROTOCOL
A-kem512-gilbert-prr0p85-L10-rep24-seed200024-v2,A-kem512-gilbert-prr0p85-L10-rep24-seed200024,A_B1_VS_B2,COOJA_SIMULATION,512,2,gilbert,0.85,10.0,none,200024,valid,none,,,runs/A-kem512-gilbert-prr0p85-L10-rep24-seed200024-v2/cooja.log,2caeb6b4af77fa565e11312d8b1b35111578d334e8ecca4bd44ff917af65de17,16379,167,success,0,FAILED_PROTOCOL
A-kem512-gilbert-prr0p85-L10-rep25-seed200025-v1,A-kem512-gilbert-prr0p85-L10-rep25-seed200025,A_B1_VS_B2,COOJA_SIMULATION,512,1,gilbert,0.85,10.0,none,200025,valid,none,,,runs/A-kem512-gilbert-prr0p85-L10-rep25-seed200025-v1/cooja.log,bc863e5ecc8b8b8be534087a0b334168d15670ab67ba6b7695054151fed11349,10908,115,success,1,SUCCESS
A-kem512-gilbert-prr0p85-L10-rep25-seed200025-v2,A-kem512-gilbert-prr0p85-L10-rep25-seed200025,A_B1_VS_B2,COOJA_SIMULATION,512,2,gilbert,0.85,10.0,none,200025,valid,none,,,runs/A-kem512-gilbert-prr0p85-L10-rep25-seed200025-v2/cooja.log,e0ceca7bebee4135541bd5209459c935e91452eba6b81c337b9412d0584d0e7a,14858,156,success,1,SUCCESS
A-kem512-gilbert-prr0p85-L10-rep26-seed200026-v1,A-kem512-gilbert-prr0p85-L10-rep26-seed200026,A_B1_VS_B2,COOJA_SIMULATION,512,1,gilbert,0.85,10.0,none,200026,valid,none,,,runs/A-kem512-gilbert-prr0p85-L10-rep26-seed200026-v1/cooja.log,bf1c1415b48e281ab9aaea0c778b18c730730db6ee0e93d244fafd0d9c718a7c,10911,115,success,1,SUCCESS
A-kem512-gilbert-prr0p85-L10-rep26-seed200026-v2,A-kem512-gilbert-prr0p85-L10-rep26-seed200026,A_B1_VS_B2,COOJA_SIMULATION,512,2,gilbert,0.85,10.0,none,200026,valid,none,,,runs/A-kem512-gilbert-prr0p85-L10-rep26-seed200026-v2/cooja.log,36d565352896aceb22f20f88a300c6cdb450380b4857294a2ef1776c1a127739,14815,147,success,1,SUCCESS
A-kem512-gilbert-prr0p85-L10-rep27-seed200027-v1,A-kem512-gilbert-prr0p85-L10-rep27-seed200027,A_B1_VS_B2,COOJA_SIMULATION,512,1,gilbert,0.85,10.0,none,200027,valid,none,,,runs/A-kem512-gilbert-prr0p85-L10-rep27-seed200027-v1/cooja.log,ca3ef7ac9ff28943a039bbe86365e1964ae238cfc52698f3706545632e983194,10990,110,success,0,FAILED_PROTOCOL
A-kem512-gilbert-prr0p85-L10-rep27-seed200027-v2,A-kem512-gilbert-prr0p85-L10-rep27-seed200027,A_B1_VS_B2,COOJA_SIMULATION,512,2,gilbert,0.85,10.0,none,200027,valid,none,,,runs/A-kem512-gilbert-prr0p85-L10-rep27-seed200027-v2/cooja.log,6f00cfae5695103a1acfa70fa283b58674af4d1fd6d18a05a76d49df11cb67f5,11224,112,success,0,FAILED_PROTOCOL
A-kem512-gilbert-prr0p85-L10-rep28-seed200028-v1,A-kem512-gilbert-prr0p85-L10-rep28-seed200028,A_B1_VS_B2,COOJA_SIMULATION,512,1,gilbert,0.85,10.0,none,200028,valid,none,,,runs/A-kem512-gilbert-prr0p85-L10-rep28-seed200028-v1/cooja.log,6b3f4458e79d019b015f98b7b0dfd05f43662017f9ca64122f0b7e4132e0bea1,10914,115,success,1,SUCCESS
A-kem512-gilbert-prr0p85-L10-rep28-seed200028-v2,A-kem512-gilbert-prr0p85-L10-rep28-seed200028,A_B1_VS_B2,COOJA_SIMULATION,512,2,gilbert,0.85,10.0,none,200028,valid,none,,,runs/A-kem512-gilbert-prr0p85-L10-rep28-seed200028-v2/cooja.log,ee8aa31d3558681b4cbd702d6662f0b8dfef8dfe4871dd109a204b4bc23960da,14818,147,success,1,SUCCESS
A-kem512-gilbert-prr0p85-L10-rep29-seed200029-v1,A-kem512-gilbert-prr0p85-L10-rep29-seed200029,A_B1_VS_B2,COOJA_SIMULATION,512,1,gilbert,0.85,10.0,none,200029,valid,none,,,runs/A-kem512-gilbert-prr0p85-L10-rep29-seed200029-v1/cooja.log,0129d679e27a234f1eac7c37d637943fbbd67029caa1483d112e7d49baa4808b,11683,115,success,0,FAILED_PROTOCOL
A-kem512-gilbert-prr0p85-L10-rep29-seed200029-v2,A-kem512-gilbert-prr0p85-L10-rep29-seed200029,A_B1_VS_B2,COOJA_SIMULATION,512,2,gilbert,0.85,10.0,none,200029,valid,none,,,runs/A-kem512-gilbert-prr0p85-L10-rep29-seed200029-v2/cooja.log,633939a35cf8d703371ad3062413e80b08ca2ce044654de30454f8f96c9c1586,13405,133,success,0,FAILED_PROTOCOL
A-kem512-gilbert-prr0p85-L10-rep30-seed200030-v1,A-kem512-gilbert-prr0p85-L10-rep30-seed200030,A_B1_VS_B2,COOJA_SIMULATION,512,1,gilbert,0.85,10.0,none,200030,valid,none,,,runs/A-kem512-gilbert-prr0p85-L10-rep30-seed200030-v1/cooja.log,72f0c9a7a55854ffc40ffa8bb175d4825e467ff25817599c3c46478731ad17b7,14253,143,success,0,FAILED_PROTOCOL
A-kem512-gilbert-prr0p85-L10-rep30-seed200030-v2,A-kem512-gilbert-prr0p85-L10-rep30-seed200030,A_B1_VS_B2,COOJA_SIMULATION,512,2,gilbert,0.85,10.0,none,200030,valid,none,,,runs/A-kem512-gilbert-prr0p85-L10-rep30-seed200030-v2/cooja.log,6e1758ab138030a481f5f32966de4ac0eb708f6c397e5ecc78d76f8ef275fcb6,16558,170,success,0,FAILED_PROTOCOL
A-kem512-gilbert-prr0p90-L2-rep01-seed200001-v1,A-kem512-gilbert-prr0p90-L2-rep01-seed200001,A_B1_VS_B2,COOJA_SIMULATION,512,1,gilbert,0.9,2.0,none,200001,valid,none,,,runs/A-kem512-gilbert-prr0p90-L2-rep01-seed200001-v1/cooja.log,7071d1f2784d018995974ff5633a219e55bc1c8c6b49313392c7eb4785750806,10911,115,success,1,SUCCESS
A-kem512-gilbert-prr0p90-L2-rep01-seed200001-v2,A-kem512-gilbert-prr0p90-L2-rep01-seed200001,A_B1_VS_B2,COOJA_SIMULATION,512,2,gilbert,0.9,2.0,none,200001,valid,none,,,runs/A-kem512-gilbert-prr0p90-L2-rep01-seed200001-v2/cooja.log,9ab975b4cc3e2861771eb06a5b871323989f7b87a0e0cc254a76777d1e624341,14815,147,success,1,SUCCESS
A-kem512-gilbert-prr0p90-L2-rep02-seed200002-v1,A-kem512-gilbert-prr0p90-L2-rep02-seed200002,A_B1_VS_B2,COOJA_SIMULATION,512,1,gilbert,0.9,2.0,none,200002,valid,none,,,runs/A-kem512-gilbert-prr0p90-L2-rep02-seed200002-v1/cooja.log,73a8785e722c00f9c80839b426f9be1a75f8b0d4d4c689d0f3370259b665878c,10885,110,success,0,FAILED_PROTOCOL
A-kem512-gilbert-prr0p90-L2-rep02-seed200002-v2,A-kem512-gilbert-prr0p90-L2-rep02-seed200002,A_B1_VS_B2,COOJA_SIMULATION,512,2,gilbert,0.9,2.0,none,200002,valid,none,,,runs/A-kem512-gilbert-prr0p90-L2-rep02-seed200002-v2/cooja.log,06419663eb07da6bf82a6527cfd8fdacdd398113c7109546977f17b5e6f6e67a,11119,112,success,0,FAILED_PROTOCOL
A-kem512-gilbert-prr0p90-L2-rep03-seed200003-v1,A-kem512-gilbert-prr0p90-L2-rep03-seed200003,A_B1_VS_B2,COOJA_SIMULATION,512,1,gilbert,0.9,2.0,none,200003,valid,none,,,runs/A-kem512-gilbert-prr0p90-L2-rep03-seed200003-v1/cooja.log,d50fde8b3ac1f5f83a1fbca6fd82c2d6054437418cf1f5f051f32644f8e0963c,13662,141,success,0,FAILED_PROTOCOL
A-kem512-gilbert-prr0p90-L2-rep03-seed200003-v2,A-kem512-gilbert-prr0p90-L2-rep03-seed200003,A_B1_VS_B2,COOJA_SIMULATION,512,2,gilbert,0.9,2.0,none,200003,valid,none,,,runs/A-kem512-gilbert-prr0p90-L2-rep03-seed200003-v2/cooja.log,d37f7af495d4a02cab6fd1180e212ef4b440dfd17a46c42db9850ea818d45836,13896,143,success,0,FAILED_PROTOCOL
A-kem512-gilbert-prr0p90-L2-rep04-seed200004-v1,A-kem512-gilbert-prr0p90-L2-rep04-seed200004,A_B1_VS_B2,COOJA_SIMULATION,512,1,gilbert,0.9,2.0,none,200004,valid,none,,,runs/A-kem512-gilbert-prr0p90-L2-rep04-seed200004-v1/cooja.log,cb7865b4b691f8e44103a37f4853abc5e14ae3d860c59ef84af66fed6cb61e2e,11132,110,success,0,FAILED_PROTOCOL
A-kem512-gilbert-prr0p90-L2-rep04-seed200004-v2,A-kem512-gilbert-prr0p90-L2-rep04-seed200004,A_B1_VS_B2,COOJA_SIMULATION,512,2,gilbert,0.9,2.0,none,200004,valid,none,,,runs/A-kem512-gilbert-prr0p90-L2-rep04-seed200004-v2/cooja.log,fbdc341fd93948d6f16438d38ca443acd1e88cf7fcdb8d176e6a88319964253b,16691,170,success,0,FAILED_PROTOCOL
A-kem512-gilbert-prr0p90-L2-rep05-seed200005-v1,A-kem512-gilbert-prr0p90-L2-rep05-seed200005,A_B1_VS_B2,COOJA_SIMULATION,512,1,gilbert,0.9,2.0,none,200005,valid,none,,,runs/A-kem512-gilbert-prr0p90-L2-rep05-seed200005-v1/cooja.log,a999b4f1f1f287bc4a59804a9b981acdf1b7f67e14552dadb2b717afd4c8f927,13867,143,success,0,FAILED_PROTOCOL
A-kem512-gilbert-prr0p90-L2-rep05-seed200005-v2,A-kem512-gilbert-prr0p90-L2-rep05-seed200005,A_B1_VS_B2,COOJA_SIMULATION,512,2,gilbert,0.9,2.0,none,200005,valid,none,,,runs/A-kem512-gilbert-prr0p90-L2-rep05-seed200005-v2/cooja.log,991372611b7c5510df0db81c99455cda3ef725069ca945ecbf82d973ab67e3af,14101,145,success,0,FAILED_PROTOCOL
A-kem512-gilbert-prr0p90-L2-rep06-seed200006-v1,A-kem512-gilbert-prr0p90-L2-rep06-seed200006,A_B1_VS_B2,COOJA_SIMULATION,512,1,gilbert,0.9,2.0,none,200006,valid,none,,,runs/A-kem512-gilbert-prr0p90-L2-rep06-seed200006-v1/cooja.log,21446ab6201941373cfd5941e57d2741437c740039626c8eb6018090578d1769,13709,138,success,0,FAILED_PROTOCOL
A-kem512-gilbert-prr0p90-L2-rep06-seed200006-v2,A-kem512-gilbert-prr0p90-L2-rep06-seed200006,A_B1_VS_B2,COOJA_SIMULATION,512,2,gilbert,0.9,2.0,none,200006,valid,none,,,runs/A-kem512-gilbert-prr0p90-L2-rep06-seed200006-v2/cooja.log,d068a4070e45b2da9895e7d74145014bc59fea08a4db2e2b207342db85245906,15367,153,success,1,SUCCESS
A-kem512-gilbert-prr0p90-L2-rep07-seed200007-v1,A-kem512-gilbert-prr0p90-L2-rep07-seed200007,A_B1_VS_B2,COOJA_SIMULATION,512,1,gilbert,0.9,2.0,none,200007,valid,none,,,runs/A-kem512-gilbert-prr0p90-L2-rep07-seed200007-v1/cooja.log,78b7f9637b2e531911ec85b8432ba77f5e5de6072c5192f47801aa499166c305,10908,115,success,1,SUCCESS
A-kem512-gilbert-prr0p90-L2-rep07-seed200007-v2,A-kem512-gilbert-prr0p90-L2-rep07-seed200007,A_B1_VS_B2,COOJA_SIMULATION,512,2,gilbert,0.9,2.0,none,200007,valid,none,,,runs/A-kem512-gilbert-prr0p90-L2-rep07-seed200007-v2/cooja.log,588c3573b0b93754d48809ab7e2a8f47d4e813dab535528c72bee65a6959f329,14812,147,success,1,SUCCESS
A-kem512-gilbert-prr0p90-L2-rep08-seed200008-v1,A-kem512-gilbert-prr0p90-L2-rep08-seed200008,A_B1_VS_B2,COOJA_SIMULATION,512,1,gilbert,0.9,2.0,none,200008,valid,none,,,runs/A-kem512-gilbert-prr0p90-L2-rep08-seed200008-v1/cooja.log,7eb61946c13a7e91be74fd7abfac4026019b043dc1a8b45331b7bb2a5b27d7a0,13522,139,success,0,FAILED_PROTOCOL
A-kem512-gilbert-prr0p90-L2-rep08-seed200008-v2,A-kem512-gilbert-prr0p90-L2-rep08-seed200008,A_B1_VS_B2,COOJA_SIMULATION,512,2,gilbert,0.9,2.0,none,200008,valid,none,,,runs/A-kem512-gilbert-prr0p90-L2-rep08-seed200008-v2/cooja.log,2f76e620980000672cb6993a4bd47464def16012b208dee5f52f69d3e4069c4b,13756,141,success,0,FAILED_PROTOCOL
A-kem512-gilbert-prr0p90-L2-rep09-seed200009-v1,A-kem512-gilbert-prr0p90-L2-rep09-seed200009,A_B1_VS_B2,COOJA_SIMULATION,512,1,gilbert,0.9,2.0,none,200009,valid,none,,,runs/A-kem512-gilbert-prr0p90-L2-rep09-seed200009-v1/cooja.log,a7c92e81e41adb6f1c9de52be899fb134b1f11733250afc30cfe09791236cd2a,16400,168,success,0,FAILED_PROTOCOL
A-kem512-gilbert-prr0p90-L2-rep09-seed200009-v2,A-kem512-gilbert-prr0p90-L2-rep09-seed200009,A_B1_VS_B2,COOJA_SIMULATION,512,2,gilbert,0.9,2.0,none,200009,valid,none,,,runs/A-kem512-gilbert-prr0p90-L2-rep09-seed200009-v2/cooja.log,2d16a448ded03754f7ee191be2d91845a3735a80430acb68dbe8d9a044094629,17283,180,success,0,FAILED_PROTOCOL
A-kem512-gilbert-prr0p90-L2-rep10-seed200010-v1,A-kem512-gilbert-prr0p90-L2-rep10-seed200010,A_B1_VS_B2,COOJA_SIMULATION,512,1,gilbert,0.9,2.0,none,200010,valid,none,,,runs/A-kem512-gilbert-prr0p90-L2-rep10-seed200010-v1/cooja.log,90928b81144f6e91c64b0b7f1d4e6bbbf36da856338e1183050eb8667b3687f9,10917,115,success,1,SUCCESS
A-kem512-gilbert-prr0p90-L2-rep10-seed200010-v2,A-kem512-gilbert-prr0p90-L2-rep10-seed200010,A_B1_VS_B2,COOJA_SIMULATION,512,2,gilbert,0.9,2.0,none,200010,valid,none,,,runs/A-kem512-gilbert-prr0p90-L2-rep10-seed200010-v2/cooja.log,25298b68fae7c2739b6340b52d1c6d7be333fa9c2c201ec6f306599c4ddbe90a,14821,147,success,1,SUCCESS
A-kem512-gilbert-prr0p90-L2-rep11-seed200011-v1,A-kem512-gilbert-prr0p90-L2-rep11-seed200011,A_B1_VS_B2,COOJA_SIMULATION,512,1,gilbert,0.9,2.0,none,200011,valid,none,,,runs/A-kem512-gilbert-prr0p90-L2-rep11-seed200011-v1/cooja.log,029f3812822c0f37788aa9df8117623207842ff97ecb852bb0a7022d5bc8bfd2,12618,129,success,0,FAILED_PROTOCOL
A-kem512-gilbert-prr0p90-L2-rep11-seed200011-v2,A-kem512-gilbert-prr0p90-L2-rep11-seed200011,A_B1_VS_B2,COOJA_SIMULATION,512,2,gilbert,0.9,2.0,none,200011,valid,none,,,runs/A-kem512-gilbert-prr0p90-L2-rep11-seed200011-v2/cooja.log,96a0e89af9fb7c3d96c66fa263ca5a39b4131faae67598b12b7ccfcc22d2267d,12852,131,success,0,FAILED_PROTOCOL
A-kem512-gilbert-prr0p90-L2-rep12-seed200012-v1,A-kem512-gilbert-prr0p90-L2-rep12-seed200012,A_B1_VS_B2,COOJA_SIMULATION,512,1,gilbert,0.9,2.0,none,200012,valid,none,,,runs/A-kem512-gilbert-prr0p90-L2-rep12-seed200012-v1/cooja.log,f2b7002eee6ef7023c800a7508855386cf882a3ebe99de7b1aa2a06437952724,11523,117,success,0,FAILED_PROTOCOL
A-kem512-gilbert-prr0p90-L2-rep12-seed200012-v2,A-kem512-gilbert-prr0p90-L2-rep12-seed200012,A_B1_VS_B2,COOJA_SIMULATION,512,2,gilbert,0.9,2.0,none,200012,valid,none,,,runs/A-kem512-gilbert-prr0p90-L2-rep12-seed200012-v2/cooja.log,9bac86b46259d9a306ca5cb58ba5824e8ae2ed1b0ff050b317001c21538c6ca8,11757,119,success,0,FAILED_PROTOCOL
A-kem512-gilbert-prr0p90-L2-rep13-seed200013-v1,A-kem512-gilbert-prr0p90-L2-rep13-seed200013,A_B1_VS_B2,COOJA_SIMULATION,512,1,gilbert,0.9,2.0,none,200013,valid,none,,,runs/A-kem512-gilbert-prr0p90-L2-rep13-seed200013-v1/cooja.log,779361099116e9c0023092a515072f929b1c5a9bb438e3f56b2580e1e7ac859e,10917,115,success,1,SUCCESS
A-kem512-gilbert-prr0p90-L2-rep13-seed200013-v2,A-kem512-gilbert-prr0p90-L2-rep13-seed200013,A_B1_VS_B2,COOJA_SIMULATION,512,2,gilbert,0.9,2.0,none,200013,valid,none,,,runs/A-kem512-gilbert-prr0p90-L2-rep13-seed200013-v2/cooja.log,82e9a3e6d0db0f8c3fa952bcd7ccd174d87111e6eb64060f69920dd8d6de911c,14821,147,success,1,SUCCESS
A-kem512-gilbert-prr0p90-L2-rep14-seed200014-v1,A-kem512-gilbert-prr0p90-L2-rep14-seed200014,A_B1_VS_B2,COOJA_SIMULATION,512,1,gilbert,0.9,2.0,none,200014,valid,none,,,runs/A-kem512-gilbert-prr0p90-L2-rep14-seed200014-v1/cooja.log,bb7540a63bb839edb59f12862524d4e9146c85792ee35a93d19eb5aa807eedf7,11034,109,success,0,FAILED_PROTOCOL
A-kem512-gilbert-prr0p90-L2-rep14-seed200014-v2,A-kem512-gilbert-prr0p90-L2-rep14-seed200014,A_B1_VS_B2,COOJA_SIMULATION,512,2,gilbert,0.9,2.0,none,200014,valid,none,,,runs/A-kem512-gilbert-prr0p90-L2-rep14-seed200014-v2/cooja.log,9ac4901c1efbd57aba228bf10b06b14544fa3b99858e94f6ce5da8481ada7c73,15371,153,success,1,SUCCESS
A-kem512-gilbert-prr0p90-L2-rep15-seed200015-v1,A-kem512-gilbert-prr0p90-L2-rep15-seed200015,A_B1_VS_B2,COOJA_SIMULATION,512,1,gilbert,0.9,2.0,none,200015,valid,none,,,runs/A-kem512-gilbert-prr0p90-L2-rep15-seed200015-v1/cooja.log,060bb80d5b039826eff638514ddbe3c19e9f41b04174750c7b3f883c413d9bff,11218,111,success,0,FAILED_PROTOCOL
A-kem512-gilbert-prr0p90-L2-rep15-seed200015-v2,A-kem512-gilbert-prr0p90-L2-rep15-seed200015,A_B1_VS_B2,COOJA_SIMULATION,512,2,gilbert,0.9,2.0,none,200015,valid,none,,,runs/A-kem512-gilbert-prr0p90-L2-rep15-seed200015-v2/cooja.log,f5d3a80fa23a7cd9f1f7457ab409e633a62dab36ad0fff20ade901a3e0f813f4,16698,171,success,0,FAILED_PROTOCOL
A-kem512-gilbert-prr0p90-L2-rep16-seed200016-v1,A-kem512-gilbert-prr0p90-L2-rep16-seed200016,A_B1_VS_B2,COOJA_SIMULATION,512,1,gilbert,0.9,2.0,none,200016,valid,none,,,runs/A-kem512-gilbert-prr0p90-L2-rep16-seed200016-v1/cooja.log,b9d45b9be0250d208d4580d2a38877d90fa668c8ae8f5c97ea16e1e873b42e1b,11076,112,success,0,FAILED_PROTOCOL
A-kem512-gilbert-prr0p90-L2-rep16-seed200016-v2,A-kem512-gilbert-prr0p90-L2-rep16-seed200016,A_B1_VS_B2,COOJA_SIMULATION,512,2,gilbert,0.9,2.0,none,200016,valid,none,,,runs/A-kem512-gilbert-prr0p90-L2-rep16-seed200016-v2/cooja.log,0508eed5ff74f9a4e4c58683c5da9cf18df3f1a544d0444c86724dcc392916e4,11310,114,success,0,FAILED_PROTOCOL
A-kem512-gilbert-prr0p90-L2-rep17-seed200017-v1,A-kem512-gilbert-prr0p90-L2-rep17-seed200017,A_B1_VS_B2,COOJA_SIMULATION,512,1,gilbert,0.9,2.0,none,200017,valid,none,,,runs/A-kem512-gilbert-prr0p90-L2-rep17-seed200017-v1/cooja.log,1dd4f4452681b86b8280fe5dbe1a215d179599afd68feb4bf2654f68afbcb583,14192,147,success,0,FAILED_PROTOCOL
A-kem512-gilbert-prr0p90-L2-rep17-seed200017-v2,A-kem512-gilbert-prr0p90-L2-rep17-seed200017,A_B1_VS_B2,COOJA_SIMULATION,512,2,gilbert,0.9,2.0,none,200017,valid,none,,,runs/A-kem512-gilbert-prr0p90-L2-rep17-seed200017-v2/cooja.log,d07ab6ebd4c77b8fc3384ecbe4acb2f5dbd3003829aae47a4163bb033c6da466,14426,149,success,0,FAILED_PROTOCOL
A-kem512-gilbert-prr0p90-L2-rep18-seed200018-v1,A-kem512-gilbert-prr0p90-L2-rep18-seed200018,A_B1_VS_B2,COOJA_SIMULATION,512,1,gilbert,0.9,2.0,none,200018,valid,none,,,runs/A-kem512-gilbert-prr0p90-L2-rep18-seed200018-v1/cooja.log,e3cdfd64e7486326096ebc8312c02bc99a72b8dc98abbc78034cf5a8a625f8b2,11397,113,success,0,FAILED_PROTOCOL
A-kem512-gilbert-prr0p90-L2-rep18-seed200018-v2,A-kem512-gilbert-prr0p90-L2-rep18-seed200018,A_B1_VS_B2,COOJA_SIMULATION,512,2,gilbert,0.9,2.0,none,200018,valid,none,,,runs/A-kem512-gilbert-prr0p90-L2-rep18-seed200018-v2/cooja.log,f650db04dafadcb5729b8ed5535c3b6456023e50b29eaaa91b5adf1306c90b9a,16234,163,success,1,SUCCESS
A-kem512-gilbert-prr0p90-L2-rep19-seed200019-v1,A-kem512-gilbert-prr0p90-L2-rep19-seed200019,A_B1_VS_B2,COOJA_SIMULATION,512,1,gilbert,0.9,2.0,none,200019,valid,none,,,runs/A-kem512-gilbert-prr0p90-L2-rep19-seed200019-v1/cooja.log,265a62349d5bdffca116f1e1f647ffd1fa24d9cd7ee5935725d5c4ca6c547d1f,11183,110,success,0,FAILED_PROTOCOL
A-kem512-gilbert-prr0p90-L2-rep19-seed200019-v2,A-kem512-gilbert-prr0p90-L2-rep19-seed200019,A_B1_VS_B2,COOJA_SIMULATION,512,2,gilbert,0.9,2.0,none,200019,valid,none,,,runs/A-kem512-gilbert-prr0p90-L2-rep19-seed200019-v2/cooja.log,94e13dcdd4b782d3360a9d48ec7e6f2695787c9bd6686aba740b25abd7312dc0,15457,154,success,1,SUCCESS
A-kem512-gilbert-prr0p90-L2-rep20-seed200020-v1,A-kem512-gilbert-prr0p90-L2-rep20-seed200020,A_B1_VS_B2,COOJA_SIMULATION,512,1,gilbert,0.9,2.0,none,200020,valid,none,,,runs/A-kem512-gilbert-prr0p90-L2-rep20-seed200020-v1/cooja.log,c89a28dc6859d02a74a21e926e2f57a8ccfbf8785ea3fecbabebf87164ed1334,11624,118,success,0,FAILED_PROTOCOL
A-kem512-gilbert-prr0p90-L2-rep20-seed200020-v2,A-kem512-gilbert-prr0p90-L2-rep20-seed200020,A_B1_VS_B2,COOJA_SIMULATION,512,2,gilbert,0.9,2.0,none,200020,valid,none,,,runs/A-kem512-gilbert-prr0p90-L2-rep20-seed200020-v2/cooja.log,b2546ecc94c8fb6c460546333e975ce430473e1c83f37c9f0d64c8977f7bc157,11858,120,success,0,FAILED_PROTOCOL
A-kem512-gilbert-prr0p90-L2-rep21-seed200021-v1,A-kem512-gilbert-prr0p90-L2-rep21-seed200021,A_B1_VS_B2,COOJA_SIMULATION,512,1,gilbert,0.9,2.0,none,200021,valid,none,,,runs/A-kem512-gilbert-prr0p90-L2-rep21-seed200021-v1/cooja.log,310c371ad61ef841f4d045adba1afbaacf9835b7133efcf54c39db3d49462c30,13794,139,success,0,FAILED_PROTOCOL
A-kem512-gilbert-prr0p90-L2-rep21-seed200021-v2,A-kem512-gilbert-prr0p90-L2-rep21-seed200021,A_B1_VS_B2,COOJA_SIMULATION,512,2,gilbert,0.9,2.0,none,200021,valid,none,,,runs/A-kem512-gilbert-prr0p90-L2-rep21-seed200021-v2/cooja.log,9b4d8ef636db017d5dd058414c87f4ade8ffc85e449ae7a6e636e208ed3ae718,15681,157,success,1,SUCCESS
A-kem512-gilbert-prr0p90-L2-rep22-seed200022-v1,A-kem512-gilbert-prr0p90-L2-rep22-seed200022,A_B1_VS_B2,COOJA_SIMULATION,512,1,gilbert,0.9,2.0,none,200022,valid,none,,,runs/A-kem512-gilbert-prr0p90-L2-rep22-seed200022-v1/cooja.log,a9db63faea5cb09bb669024572630d768cc90b9dc307fb477b7bd71c15b8b30d,13806,143,success,0,FAILED_PROTOCOL
A-kem512-gilbert-prr0p90-L2-rep22-seed200022-v2,A-kem512-gilbert-prr0p90-L2-rep22-seed200022,A_B1_VS_B2,COOJA_SIMULATION,512,2,gilbert,0.9,2.0,none,200022,valid,none,,,runs/A-kem512-gilbert-prr0p90-L2-rep22-seed200022-v2/cooja.log,34691e0ecc45a3fd2c2b04e1ef8fbecd806c6d55d90ae2fd449fedef22e87f3d,14040,145,success,0,FAILED_PROTOCOL
A-kem512-gilbert-prr0p90-L2-rep23-seed200023-v1,A-kem512-gilbert-prr0p90-L2-rep23-seed200023,A_B1_VS_B2,COOJA_SIMULATION,512,1,gilbert,0.9,2.0,none,200023,valid,none,,,runs/A-kem512-gilbert-prr0p90-L2-rep23-seed200023-v1/cooja.log,8a82b46702ab79e31570611f056a24d9934f0ec639b5284806184d96155cae19,12098,121,success,0,FAILED_PROTOCOL
A-kem512-gilbert-prr0p90-L2-rep23-seed200023-v2,A-kem512-gilbert-prr0p90-L2-rep23-seed200023,A_B1_VS_B2,COOJA_SIMULATION,512,2,gilbert,0.9,2.0,none,200023,valid,none,,,runs/A-kem512-gilbert-prr0p90-L2-rep23-seed200023-v2/cooja.log,94e5edf746b87308c9d1fd58fad4ed48cdf58116605806980dadb59f6cd5abca,15613,156,success,1,SUCCESS
A-kem512-gilbert-prr0p90-L2-rep24-seed200024-v1,A-kem512-gilbert-prr0p90-L2-rep24-seed200024,A_B1_VS_B2,COOJA_SIMULATION,512,1,gilbert,0.9,2.0,none,200024,valid,none,,,runs/A-kem512-gilbert-prr0p90-L2-rep24-seed200024-v1/cooja.log,90cb71487ccceeecf6b91ed5f084594404a0a7c0a9b4b22c38d8e8afd2b342bc,16153,166,success,0,FAILED_PROTOCOL
A-kem512-gilbert-prr0p90-L2-rep24-seed200024-v2,A-kem512-gilbert-prr0p90-L2-rep24-seed200024,A_B1_VS_B2,COOJA_SIMULATION,512,2,gilbert,0.9,2.0,none,200024,valid,none,,,runs/A-kem512-gilbert-prr0p90-L2-rep24-seed200024-v2/cooja.log,9d0534b110c6fdcaef71731f2b8b2d04181829385312c7ac93e3f0672b9ed2b4,15651,156,success,1,SUCCESS
A-kem512-gilbert-prr0p90-L2-rep25-seed200025-v1,A-kem512-gilbert-prr0p90-L2-rep25-seed200025,A_B1_VS_B2,COOJA_SIMULATION,512,1,gilbert,0.9,2.0,none,200025,valid,none,,,runs/A-kem512-gilbert-prr0p90-L2-rep25-seed200025-v1/cooja.log,17b2680f567634eae9b933624522281e575e97e4108dcb72ad43bb036a4ce273,11143,110,success,0,FAILED_PROTOCOL
A-kem512-gilbert-prr0p90-L2-rep25-seed200025-v2,A-kem512-gilbert-prr0p90-L2-rep25-seed200025,A_B1_VS_B2,COOJA_SIMULATION,512,2,gilbert,0.9,2.0,none,200025,valid,none,,,runs/A-kem512-gilbert-prr0p90-L2-rep25-seed200025-v2/cooja.log,1ee5b628718bcceb7c18b5f1eeeaaf215bfc10256445bb2a4d28c5d0a08667e9,15361,153,success,1,SUCCESS
A-kem512-gilbert-prr0p90-L2-rep26-seed200026-v1,A-kem512-gilbert-prr0p90-L2-rep26-seed200026,A_B1_VS_B2,COOJA_SIMULATION,512,1,gilbert,0.9,2.0,none,200026,valid,none,,,runs/A-kem512-gilbert-prr0p90-L2-rep26-seed200026-v1/cooja.log,b8ffc53c59afe7e3a8540a4cd6a4bd955d9d429829286ae909b2f3a716a286d5,10837,114,success,1,SUCCESS
A-kem512-gilbert-prr0p90-L2-rep26-seed200026-v2,A-kem512-gilbert-prr0p90-L2-rep26-seed200026,A_B1_VS_B2,COOJA_SIMULATION,512,2,gilbert,0.9,2.0,none,200026,valid,none,,,runs/A-kem512-gilbert-prr0p90-L2-rep26-seed200026-v2/cooja.log,b7e72de339e7f3f323d4530806ec780f42367ce09574d5a12e82e935e2855323,14741,146,success,1,SUCCESS
A-kem512-gilbert-prr0p90-L2-rep27-seed200027-v1,A-kem512-gilbert-prr0p90-L2-rep27-seed200027,A_B1_VS_B2,COOJA_SIMULATION,512,1,gilbert,0.9,2.0,none,200027,valid,none,,,runs/A-kem512-gilbert-prr0p90-L2-rep27-seed200027-v1/cooja.log,5674d7362559b2a7545ecb88dd29a82337dff262b77ff2b15abcffe4a40fa163,9425,92,success,0,FAILED_PROTOCOL
A-kem512-gilbert-prr0p90-L2-rep27-seed200027-v2,A-kem512-gilbert-prr0p90-L2-rep27-seed200027,A_B1_VS_B2,COOJA_SIMULATION,512,2,gilbert,0.9,2.0,none,200027,valid,none,,,runs/A-kem512-gilbert-prr0p90-L2-rep27-seed200027-v2/cooja.log,1cc47a190c82680f374b45c1c0fa36697d3771f12ef973b74cf3a149de9c0f4d,9659,94,success,0,FAILED_PROTOCOL
A-kem512-gilbert-prr0p90-L2-rep28-seed200028-v1,A-kem512-gilbert-prr0p90-L2-rep28-seed200028,A_B1_VS_B2,COOJA_SIMULATION,512,1,gilbert,0.9,2.0,none,200028,valid,none,,,runs/A-kem512-gilbert-prr0p90-L2-rep28-seed200028-v1/cooja.log,8224194b0b7a50552a3dee134a142a6c246c95b7aa5d8e28908c5b7ef56fde60,10840,114,success,1,SUCCESS
A-kem512-gilbert-prr0p90-L2-rep28-seed200028-v2,A-kem512-gilbert-prr0p90-L2-rep28-seed200028,A_B1_VS_B2,COOJA_SIMULATION,512,2,gilbert,0.9,2.0,none,200028,valid,none,,,runs/A-kem512-gilbert-prr0p90-L2-rep28-seed200028-v2/cooja.log,826d2f82e12a9b943bc4e8190621e9d83aa3e2272686384a3bb61be00276f687,14744,146,success,1,SUCCESS
A-kem512-gilbert-prr0p90-L2-rep29-seed200029-v1,A-kem512-gilbert-prr0p90-L2-rep29-seed200029,A_B1_VS_B2,COOJA_SIMULATION,512,1,gilbert,0.9,2.0,none,200029,valid,none,,,runs/A-kem512-gilbert-prr0p90-L2-rep29-seed200029-v1/cooja.log,ec7fc7923ab81c0a93791a80c51f4ed48f79725bb0ef13cc00da47d02655a129,15929,164,success,0,FAILED_PROTOCOL
A-kem512-gilbert-prr0p90-L2-rep29-seed200029-v2,A-kem512-gilbert-prr0p90-L2-rep29-seed200029,A_B1_VS_B2,COOJA_SIMULATION,512,2,gilbert,0.9,2.0,none,200029,valid,none,,,runs/A-kem512-gilbert-prr0p90-L2-rep29-seed200029-v2/cooja.log,e911fc1de187c48b5e6e8a318d7ddd9fa16f3ae9ad51be1b2dc1f10d5f849c19,15457,154,success,1,SUCCESS
A-kem512-gilbert-prr0p90-L2-rep30-seed200030-v1,A-kem512-gilbert-prr0p90-L2-rep30-seed200030,A_B1_VS_B2,COOJA_SIMULATION,512,1,gilbert,0.9,2.0,none,200030,valid,none,,,runs/A-kem512-gilbert-prr0p90-L2-rep30-seed200030-v1/cooja.log,06bdea382a94f17c3743723ca85cc1738f7e9ddb7d0161cd68d77638e11e92fd,11228,111,success,0,FAILED_PROTOCOL
A-kem512-gilbert-prr0p90-L2-rep30-seed200030-v2,A-kem512-gilbert-prr0p90-L2-rep30-seed200030,A_B1_VS_B2,COOJA_SIMULATION,512,2,gilbert,0.9,2.0,none,200030,valid,none,,,runs/A-kem512-gilbert-prr0p90-L2-rep30-seed200030-v2/cooja.log,792e16b0e3aa0b842b26bc89e4eb7a3c98da1c173b293978e2485c05922f5901,16081,161,success,1,SUCCESS
A-kem512-gilbert-prr0p90-L5-rep01-seed200001-v1,A-kem512-gilbert-prr0p90-L5-rep01-seed200001,A_B1_VS_B2,COOJA_SIMULATION,512,1,gilbert,0.9,5.0,none,200001,valid,none,,,runs/A-kem512-gilbert-prr0p90-L5-rep01-seed200001-v1/cooja.log,865b050c63c8c1c8a7220adeae977320834f8a4cf17e758888e6c859ac6999b1,10911,115,success,1,SUCCESS
A-kem512-gilbert-prr0p90-L5-rep01-seed200001-v2,A-kem512-gilbert-prr0p90-L5-rep01-seed200001,A_B1_VS_B2,COOJA_SIMULATION,512,2,gilbert,0.9,5.0,none,200001,valid,none,,,runs/A-kem512-gilbert-prr0p90-L5-rep01-seed200001-v2/cooja.log,2375c8f59243af62152515e013bc64ef2a09a06f221ddfb3a3d96a23025f0878,14815,147,success,1,SUCCESS
A-kem512-gilbert-prr0p90-L5-rep02-seed200002-v1,A-kem512-gilbert-prr0p90-L5-rep02-seed200002,A_B1_VS_B2,COOJA_SIMULATION,512,1,gilbert,0.9,5.0,none,200002,valid,none,,,runs/A-kem512-gilbert-prr0p90-L5-rep02-seed200002-v1/cooja.log,5e04718b8ddea2c6dbd792ab17d44cb7d4ea8faf05e5744e309150cc05ac5b51,8741,84,success,0,FAILED_PROTOCOL
A-kem512-gilbert-prr0p90-L5-rep02-seed200002-v2,A-kem512-gilbert-prr0p90-L5-rep02-seed200002,A_B1_VS_B2,COOJA_SIMULATION,512,2,gilbert,0.9,5.0,none,200002,valid,none,,,runs/A-kem512-gilbert-prr0p90-L5-rep02-seed200002-v2/cooja.log,d682d7e770095d9c4443fd5014cc6154de54ad9e9eb481a5c6e874a9fcdf1a50,8975,86,success,0,FAILED_PROTOCOL
A-kem512-gilbert-prr0p90-L5-rep03-seed200003-v1,A-kem512-gilbert-prr0p90-L5-rep03-seed200003,A_B1_VS_B2,COOJA_SIMULATION,512,1,gilbert,0.9,5.0,none,200003,valid,none,,,runs/A-kem512-gilbert-prr0p90-L5-rep03-seed200003-v1/cooja.log,e4b3d49ebd27993a625f69df58dcebf64c145e692002e223d9741e3b193d011d,10867,110,success,0,FAILED_PROTOCOL
A-kem512-gilbert-prr0p90-L5-rep03-seed200003-v2,A-kem512-gilbert-prr0p90-L5-rep03-seed200003,A_B1_VS_B2,COOJA_SIMULATION,512,2,gilbert,0.9,5.0,none,200003,valid,none,,,runs/A-kem512-gilbert-prr0p90-L5-rep03-seed200003-v2/cooja.log,37fd59f246b0c2f05ddbe39ae7fd8d9cdeec604f59dc372289c3761fc97d237c,11101,112,success,0,FAILED_PROTOCOL
A-kem512-gilbert-prr0p90-L5-rep04-seed200004-v1,A-kem512-gilbert-prr0p90-L5-rep04-seed200004,A_B1_VS_B2,COOJA_SIMULATION,512,1,gilbert,0.9,5.0,none,200004,valid,none,,,runs/A-kem512-gilbert-prr0p90-L5-rep04-seed200004-v1/cooja.log,0b71d5d7e757fd87aec6cce042492ef815cf62e802e906cb38adddf6dd2288d8,11206,111,success,0,FAILED_PROTOCOL
A-kem512-gilbert-prr0p90-L5-rep04-seed200004-v2,A-kem512-gilbert-prr0p90-L5-rep04-seed200004,A_B1_VS_B2,COOJA_SIMULATION,512,2,gilbert,0.9,5.0,none,200004,valid,none,,,runs/A-kem512-gilbert-prr0p90-L5-rep04-seed200004-v2/cooja.log,4ca9786ea7fa88b71e1c709cf2e7e7005a9f443956fe5da887ddee6cbdc2e769,15762,166,success,1,SUCCESS
A-kem512-gilbert-prr0p90-L5-rep05-seed200005-v1,A-kem512-gilbert-prr0p90-L5-rep05-seed200005,A_B1_VS_B2,COOJA_SIMULATION,512,1,gilbert,0.9,5.0,none,200005,valid,none,,,runs/A-kem512-gilbert-prr0p90-L5-rep05-seed200005-v1/cooja.log,b5ac6489c02ce6908338986c54e8c4d28af0712f2a36034707937867e7de84a8,11351,115,success,0,FAILED_PROTOCOL
A-kem512-gilbert-prr0p90-L5-rep05-seed200005-v2,A-kem512-gilbert-prr0p90-L5-rep05-seed200005,A_B1_VS_B2,COOJA_SIMULATION,512,2,gilbert,0.9,5.0,none,200005,valid,none,,,runs/A-kem512-gilbert-prr0p90-L5-rep05-seed200005-v2/cooja.log,ed42cdb4186541eb67a67ce837b457add080f805efcfba9daf01e8956a17a64e,11585,117,success,0,FAILED_PROTOCOL
A-kem512-gilbert-prr0p90-L5-rep06-seed200006-v1,A-kem512-gilbert-prr0p90-L5-rep06-seed200006,A_B1_VS_B2,COOJA_SIMULATION,512,1,gilbert,0.9,5.0,none,200006,valid,none,,,runs/A-kem512-gilbert-prr0p90-L5-rep06-seed200006-v1/cooja.log,106a9e1a2576afb87f0b909cbf0141ba9952e4155572b72229ec305a0a89408c,13709,138,success,0,FAILED_PROTOCOL
A-kem512-gilbert-prr0p90-L5-rep06-seed200006-v2,A-kem512-gilbert-prr0p90-L5-rep06-seed200006,A_B1_VS_B2,COOJA_SIMULATION,512,2,gilbert,0.9,5.0,none,200006,valid,none,,,runs/A-kem512-gilbert-prr0p90-L5-rep06-seed200006-v2/cooja.log,09bd7dc5e8e041be4ff6d0bba995bcd89ccbbe7243ddb3e3c9e70ea70e5e72e7,15367,153,success,1,SUCCESS
A-kem512-gilbert-prr0p90-L5-rep07-seed200007-v1,A-kem512-gilbert-prr0p90-L5-rep07-seed200007,A_B1_VS_B2,COOJA_SIMULATION,512,1,gilbert,0.9,5.0,none,200007,valid,none,,,runs/A-kem512-gilbert-prr0p90-L5-rep07-seed200007-v1/cooja.log,78b7f9637b2e531911ec85b8432ba77f5e5de6072c5192f47801aa499166c305,10908,115,success,1,SUCCESS
A-kem512-gilbert-prr0p90-L5-rep07-seed200007-v2,A-kem512-gilbert-prr0p90-L5-rep07-seed200007,A_B1_VS_B2,COOJA_SIMULATION,512,2,gilbert,0.9,5.0,none,200007,valid,none,,,runs/A-kem512-gilbert-prr0p90-L5-rep07-seed200007-v2/cooja.log,588c3573b0b93754d48809ab7e2a8f47d4e813dab535528c72bee65a6959f329,14812,147,success,1,SUCCESS
A-kem512-gilbert-prr0p90-L5-rep08-seed200008-v1,A-kem512-gilbert-prr0p90-L5-rep08-seed200008,A_B1_VS_B2,COOJA_SIMULATION,512,1,gilbert,0.9,5.0,none,200008,valid,none,,,runs/A-kem512-gilbert-prr0p90-L5-rep08-seed200008-v1/cooja.log,012eaa09728f4034b7f89dc3948750dde85f8b1495034da24d0b625d5bc2378d,13178,135,success,0,FAILED_PROTOCOL
A-kem512-gilbert-prr0p90-L5-rep08-seed200008-v2,A-kem512-gilbert-prr0p90-L5-rep08-seed200008,A_B1_VS_B2,COOJA_SIMULATION,512,2,gilbert,0.9,5.0,none,200008,valid,none,,,runs/A-kem512-gilbert-prr0p90-L5-rep08-seed200008-v2/cooja.log,69249571bd6e0e0e9c1a37103d4e19aa139c581de3699007e58c1c5807470a9d,13412,137,success,0,FAILED_PROTOCOL
A-kem512-gilbert-prr0p90-L5-rep09-seed200009-v1,A-kem512-gilbert-prr0p90-L5-rep09-seed200009,A_B1_VS_B2,COOJA_SIMULATION,512,1,gilbert,0.9,5.0,none,200009,valid,none,,,runs/A-kem512-gilbert-prr0p90-L5-rep09-seed200009-v1/cooja.log,ea88286ee51332bed6eaccbf73c36ef4ed1b4119fd291399f0128dff6af57a0c,14986,156,success,0,FAILED_PROTOCOL
A-kem512-gilbert-prr0p90-L5-rep09-seed200009-v2,A-kem512-gilbert-prr0p90-L5-rep09-seed200009,A_B1_VS_B2,COOJA_SIMULATION,512,2,gilbert,0.9,5.0,none,200009,valid,none,,,runs/A-kem512-gilbert-prr0p90-L5-rep09-seed200009-v2/cooja.log,7c9f7a1e5a969257c56bf410f21faba2565b679c8b5a2cc521632ac335117b4e,15220,158,success,0,FAILED_PROTOCOL
A-kem512-gilbert-prr0p90-L5-rep10-seed200010-v1,A-kem512-gilbert-prr0p90-L5-rep10-seed200010,A_B1_VS_B2,COOJA_SIMULATION,512,1,gilbert,0.9,5.0,none,200010,valid,none,,,runs/A-kem512-gilbert-prr0p90-L5-rep10-seed200010-v1/cooja.log,f6df3f72c4d296d4eccde20fdc760add60c54a2776071f9ab98c1141b496e2f6,10917,115,success,1,SUCCESS
A-kem512-gilbert-prr0p90-L5-rep10-seed200010-v2,A-kem512-gilbert-prr0p90-L5-rep10-seed200010,A_B1_VS_B2,COOJA_SIMULATION,512,2,gilbert,0.9,5.0,none,200010,valid,none,,,runs/A-kem512-gilbert-prr0p90-L5-rep10-seed200010-v2/cooja.log,a1f0193431c03b9c294d15780c58048e866a49d89630a13ef9d57660da28347b,14821,147,success,1,SUCCESS
A-kem512-gilbert-prr0p90-L5-rep11-seed200011-v1,A-kem512-gilbert-prr0p90-L5-rep11-seed200011,A_B1_VS_B2,COOJA_SIMULATION,512,1,gilbert,0.9,5.0,none,200011,valid,none,,,runs/A-kem512-gilbert-prr0p90-L5-rep11-seed200011-v1/cooja.log,639ab836e61cf91423f27b83ebd5e597f526ec2011adf277c6ddbb40dc8e0118,11214,118,success,1,SUCCESS
A-kem512-gilbert-prr0p90-L5-rep11-seed200011-v2,A-kem512-gilbert-prr0p90-L5-rep11-seed200011,A_B1_VS_B2,COOJA_SIMULATION,512,2,gilbert,0.9,5.0,none,200011,valid,none,,,runs/A-kem512-gilbert-prr0p90-L5-rep11-seed200011-v2/cooja.log,e6ca8dee9ecd54df84d85ceb87e1ead9664b9e5c398a34dd1300bcf0df5bd7d9,15118,150,success,1,SUCCESS
A-kem512-gilbert-prr0p90-L5-rep12-seed200012-v1,A-kem512-gilbert-prr0p90-L5-rep12-seed200012,A_B1_VS_B2,COOJA_SIMULATION,512,1,gilbert,0.9,5.0,none,200012,valid,none,,,runs/A-kem512-gilbert-prr0p90-L5-rep12-seed200012-v1/cooja.log,f3a4102e10ebda9b72f05e5bb50961c6aa163eb37df571667484737531312d48,11671,119,success,0,FAILED_PROTOCOL
A-kem512-gilbert-prr0p90-L5-rep12-seed200012-v2,A-kem512-gilbert-prr0p90-L5-rep12-seed200012,A_B1_VS_B2,COOJA_SIMULATION,512,2,gilbert,0.9,5.0,none,200012,valid,none,,,runs/A-kem512-gilbert-prr0p90-L5-rep12-seed200012-v2/cooja.log,c31d7679076028e03e1d2581081adf7feb9c6f790787bba4ab3daa1f09b9b569,11905,121,success,0,FAILED_PROTOCOL
A-kem512-gilbert-prr0p90-L5-rep13-seed200013-v1,A-kem512-gilbert-prr0p90-L5-rep13-seed200013,A_B1_VS_B2,COOJA_SIMULATION,512,1,gilbert,0.9,5.0,none,200013,valid,none,,,runs/A-kem512-gilbert-prr0p90-L5-rep13-seed200013-v1/cooja.log,168d40acd4a27c15180e5be5b4793597d33ee5a58ffd82fde2e5838176e3155e,10917,115,success,1,SUCCESS
A-kem512-gilbert-prr0p90-L5-rep13-seed200013-v2,A-kem512-gilbert-prr0p90-L5-rep13-seed200013,A_B1_VS_B2,COOJA_SIMULATION,512,2,gilbert,0.9,5.0,none,200013,valid,none,,,runs/A-kem512-gilbert-prr0p90-L5-rep13-seed200013-v2/cooja.log,eeda5750a9fb05f4914a36725d858b654e1f034ea9c849e6dfd7525a0ecb24a1,14821,147,success,1,SUCCESS
A-kem512-gilbert-prr0p90-L5-rep14-seed200014-v1,A-kem512-gilbert-prr0p90-L5-rep14-seed200014,A_B1_VS_B2,COOJA_SIMULATION,512,1,gilbert,0.9,5.0,none,200014,valid,none,,,runs/A-kem512-gilbert-prr0p90-L5-rep14-seed200014-v1/cooja.log,bb7540a63bb839edb59f12862524d4e9146c85792ee35a93d19eb5aa807eedf7,11034,109,success,0,FAILED_PROTOCOL
A-kem512-gilbert-prr0p90-L5-rep14-seed200014-v2,A-kem512-gilbert-prr0p90-L5-rep14-seed200014,A_B1_VS_B2,COOJA_SIMULATION,512,2,gilbert,0.9,5.0,none,200014,valid,none,,,runs/A-kem512-gilbert-prr0p90-L5-rep14-seed200014-v2/cooja.log,478f546843097ab335dd7cc690178324144de07ee90961daa40c1ed56e78f30b,15371,153,success,1,SUCCESS
A-kem512-gilbert-prr0p90-L5-rep15-seed200015-v1,A-kem512-gilbert-prr0p90-L5-rep15-seed200015,A_B1_VS_B2,COOJA_SIMULATION,512,1,gilbert,0.9,5.0,none,200015,valid,none,,,runs/A-kem512-gilbert-prr0p90-L5-rep15-seed200015-v1/cooja.log,e62d9f72a48af3191546f55e6b61a649ae545202c67f622f19687deb37459d77,17473,179,success,0,FAILED_PROTOCOL
A-kem512-gilbert-prr0p90-L5-rep15-seed200015-v2,A-kem512-gilbert-prr0p90-L5-rep15-seed200015,A_B1_VS_B2,COOJA_SIMULATION,512,2,gilbert,0.9,5.0,none,200015,valid,none,,,runs/A-kem512-gilbert-prr0p90-L5-rep15-seed200015-v2/cooja.log,956f87aeebd01ff0df2431f145003247b1b14c7b40ad29dc43f9054902ac6612,18479,191,success,0,FAILED_PROTOCOL
A-kem512-gilbert-prr0p90-L5-rep16-seed200016-v1,A-kem512-gilbert-prr0p90-L5-rep16-seed200016,A_B1_VS_B2,COOJA_SIMULATION,512,1,gilbert,0.9,5.0,none,200016,valid,none,,,runs/A-kem512-gilbert-prr0p90-L5-rep16-seed200016-v1/cooja.log,1081468e2d538d4f2d1a03468f7accfee635aeab06d8a4b38ef38ca39a89ad59,11941,121,success,0,FAILED_PROTOCOL
A-kem512-gilbert-prr0p90-L5-rep16-seed200016-v2,A-kem512-gilbert-prr0p90-L5-rep16-seed200016,A_B1_VS_B2,COOJA_SIMULATION,512,2,gilbert,0.9,5.0,none,200016,valid,none,,,runs/A-kem512-gilbert-prr0p90-L5-rep16-seed200016-v2/cooja.log,1ec5d7d3c45c50757bc44bc819a8d38270c55d940a76b81b6cc850b7eca7bdec,12175,123,success,0,FAILED_PROTOCOL
A-kem512-gilbert-prr0p90-L5-rep17-seed200017-v1,A-kem512-gilbert-prr0p90-L5-rep17-seed200017,A_B1_VS_B2,COOJA_SIMULATION,512,1,gilbert,0.9,5.0,none,200017,valid,none,,,runs/A-kem512-gilbert-prr0p90-L5-rep17-seed200017-v1/cooja.log,e25968fefa7773655db3475fe867122d43971dece5fe2fa3934e22e7268fc70f,13593,140,success,0,FAILED_PROTOCOL
A-kem512-gilbert-prr0p90-L5-rep17-seed200017-v2,A-kem512-gilbert-prr0p90-L5-rep17-seed200017,A_B1_VS_B2,COOJA_SIMULATION,512,2,gilbert,0.9,5.0,none,200017,valid,none,,,runs/A-kem512-gilbert-prr0p90-L5-rep17-seed200017-v2/cooja.log,a2b6684d4134003d725e3dbce0543e34188afc2ee15b11bede62e9b512ef5faf,13827,142,success,0,FAILED_PROTOCOL
A-kem512-gilbert-prr0p90-L5-rep18-seed200018-v1,A-kem512-gilbert-prr0p90-L5-rep18-seed200018,A_B1_VS_B2,COOJA_SIMULATION,512,1,gilbert,0.9,5.0,none,200018,valid,none,,,runs/A-kem512-gilbert-prr0p90-L5-rep18-seed200018-v1/cooja.log,e197db32fe90cc090609587a09d5598505173acd291796c7a8f1ecf42bfd3a4e,11488,114,success,0,FAILED_PROTOCOL
A-kem512-gilbert-prr0p90-L5-rep18-seed200018-v2,A-kem512-gilbert-prr0p90-L5-rep18-seed200018,A_B1_VS_B2,COOJA_SIMULATION,512,2,gilbert,0.9,5.0,none,200018,valid,none,,,runs/A-kem512-gilbert-prr0p90-L5-rep18-seed200018-v2/cooja.log,c29989a0fb514bb48d4c4b6174195aea4b1eeb4d176a124e723251ce00acd98a,15369,153,success,1,SUCCESS
A-kem512-gilbert-prr0p90-L5-rep19-seed200019-v1,A-kem512-gilbert-prr0p90-L5-rep19-seed200019,A_B1_VS_B2,COOJA_SIMULATION,512,1,gilbert,0.9,5.0,none,200019,valid,none,,,runs/A-kem512-gilbert-prr0p90-L5-rep19-seed200019-v1/cooja.log,a97eae16cb2564d7fc88295e80139f3ee528ee55be9053b49a2b73fe82dd9afe,10917,115,success,1,SUCCESS
A-kem512-gilbert-prr0p90-L5-rep19-seed200019-v2,A-kem512-gilbert-prr0p90-L5-rep19-seed200019,A_B1_VS_B2,COOJA_SIMULATION,512,2,gilbert,0.9,5.0,none,200019,valid,none,,,runs/A-kem512-gilbert-prr0p90-L5-rep19-seed200019-v2/cooja.log,a429c78fb583c9e05a939e369f854045a6bcef57bd32bb9006e1dae037480e1f,14821,147,success,1,SUCCESS
A-kem512-gilbert-prr0p90-L5-rep20-seed200020-v1,A-kem512-gilbert-prr0p90-L5-rep20-seed200020,A_B1_VS_B2,COOJA_SIMULATION,512,1,gilbert,0.9,5.0,none,200020,valid,none,,,runs/A-kem512-gilbert-prr0p90-L5-rep20-seed200020-v1/cooja.log,630b291b57e630bcfad1a541b051344b3a4e74dbe9a23dc507519631a338333d,13057,130,success,0,FAILED_PROTOCOL
A-kem512-gilbert-prr0p90-L5-rep20-seed200020-v2,A-kem512-gilbert-prr0p90-L5-rep20-seed200020,A_B1_VS_B2,COOJA_SIMULATION,512,2,gilbert,0.9,5.0,none,200020,valid,none,,,runs/A-kem512-gilbert-prr0p90-L5-rep20-seed200020-v2/cooja.log,b1f8fea60502c8d3ecb59ddeef06fe73e0c9c9776342eeb8e25421afca5bc28b,16277,164,success,1,SUCCESS
A-kem512-gilbert-prr0p90-L5-rep21-seed200021-v1,A-kem512-gilbert-prr0p90-L5-rep21-seed200021,A_B1_VS_B2,COOJA_SIMULATION,512,1,gilbert,0.9,5.0,none,200021,valid,none,,,runs/A-kem512-gilbert-prr0p90-L5-rep21-seed200021-v1/cooja.log,e47560144d6d5efc1a37ad2ebc9e224faf0deb7fb9a425c68d7a407064c324ef,10908,115,success,1,SUCCESS
A-kem512-gilbert-prr0p90-L5-rep21-seed200021-v2,A-kem512-gilbert-prr0p90-L5-rep21-seed200021,A_B1_VS_B2,COOJA_SIMULATION,512,2,gilbert,0.9,5.0,none,200021,valid,none,,,runs/A-kem512-gilbert-prr0p90-L5-rep21-seed200021-v2/cooja.log,6bcf8e6b640bbdddbc81867004c1bab33a315c84bfb41a2a1deedc775844b19b,14812,147,success,1,SUCCESS
A-kem512-gilbert-prr0p90-L5-rep22-seed200022-v1,A-kem512-gilbert-prr0p90-L5-rep22-seed200022,A_B1_VS_B2,COOJA_SIMULATION,512,1,gilbert,0.9,5.0,none,200022,valid,none,,,runs/A-kem512-gilbert-prr0p90-L5-rep22-seed200022-v1/cooja.log,2a7193750f8b32948ff2cb3309103e5bd12f2a3c12da2e8f5af83416921132c6,13288,136,success,0,FAILED_PROTOCOL
A-kem512-gilbert-prr0p90-L5-rep22-seed200022-v2,A-kem512-gilbert-prr0p90-L5-rep22-seed200022,A_B1_VS_B2,COOJA_SIMULATION,512,2,gilbert,0.9,5.0,none,200022,valid,none,,,runs/A-kem512-gilbert-prr0p90-L5-rep22-seed200022-v2/cooja.log,880b987fb7b1f1bc39fd154bda10eaf499544716fd05147228a3d08be9311a38,13522,138,success,0,FAILED_PROTOCOL
A-kem512-gilbert-prr0p90-L5-rep23-seed200023-v1,A-kem512-gilbert-prr0p90-L5-rep23-seed200023,A_B1_VS_B2,COOJA_SIMULATION,512,1,gilbert,0.9,5.0,none,200023,valid,none,,,runs/A-kem512-gilbert-prr0p90-L5-rep23-seed200023-v1/cooja.log,90da7cdd9b74b0eac08458562cdef5b55118cf139ea17cba600e01634a07eab4,10840,114,success,1,SUCCESS
A-kem512-gilbert-prr0p90-L5-rep23-seed200023-v2,A-kem512-gilbert-prr0p90-L5-rep23-seed200023,A_B1_VS_B2,COOJA_SIMULATION,512,2,gilbert,0.9,5.0,none,200023,valid,none,,,runs/A-kem512-gilbert-prr0p90-L5-rep23-seed200023-v2/cooja.log,4f84be8332c0beee6d9e63bc5459d2773e7abbcc7db6d9225015b0abbca8125f,14744,146,success,1,SUCCESS
A-kem512-gilbert-prr0p90-L5-rep24-seed200024-v1,A-kem512-gilbert-prr0p90-L5-rep24-seed200024,A_B1_VS_B2,COOJA_SIMULATION,512,1,gilbert,0.9,5.0,none,200024,valid,none,,,runs/A-kem512-gilbert-prr0p90-L5-rep24-seed200024-v1/cooja.log,691a9b219762d1567e55b00e5bbc4787f2c81bd5150662e576afa1f2f7ef34dc,10914,115,success,1,SUCCESS
A-kem512-gilbert-prr0p90-L5-rep24-seed200024-v2,A-kem512-gilbert-prr0p90-L5-rep24-seed200024,A_B1_VS_B2,COOJA_SIMULATION,512,2,gilbert,0.9,5.0,none,200024,valid,none,,,runs/A-kem512-gilbert-prr0p90-L5-rep24-seed200024-v2/cooja.log,7ae49bbfbd05fff863a354eb7ab4dd33bd5af04c533615625bded4d22a6b2d41,14818,147,success,1,SUCCESS
A-kem512-gilbert-prr0p90-L5-rep25-seed200025-v1,A-kem512-gilbert-prr0p90-L5-rep25-seed200025,A_B1_VS_B2,COOJA_SIMULATION,512,1,gilbert,0.9,5.0,none,200025,valid,none,,,runs/A-kem512-gilbert-prr0p90-L5-rep25-seed200025-v1/cooja.log,c861d01ddcb3c7fba18fe91e2ac7e2efc0f3f02b5b20b5a7a540ca55e0e579e9,15464,157,success,0,FAILED_PROTOCOL
A-kem512-gilbert-prr0p90-L5-rep25-seed200025-v2,A-kem512-gilbert-prr0p90-L5-rep25-seed200025,A_B1_VS_B2,COOJA_SIMULATION,512,2,gilbert,0.9,5.0,none,200025,valid,none,,,runs/A-kem512-gilbert-prr0p90-L5-rep25-seed200025-v2/cooja.log,620ef8b34553121055f8e04d22ecd3755129702552dd97f20f0eac83329e5633,15163,154,success,0,FAILED_PROTOCOL
A-kem512-gilbert-prr0p90-L5-rep26-seed200026-v1,A-kem512-gilbert-prr0p90-L5-rep26-seed200026,A_B1_VS_B2,COOJA_SIMULATION,512,1,gilbert,0.9,5.0,none,200026,valid,none,,,runs/A-kem512-gilbert-prr0p90-L5-rep26-seed200026-v1/cooja.log,bf1c1415b48e281ab9aaea0c778b18c730730db6ee0e93d244fafd0d9c718a7c,10911,115,success,1,SUCCESS
A-kem512-gilbert-prr0p90-L5-rep26-seed200026-v2,A-kem512-gilbert-prr0p90-L5-rep26-seed200026,A_B1_VS_B2,COOJA_SIMULATION,512,2,gilbert,0.9,5.0,none,200026,valid,none,,,runs/A-kem512-gilbert-prr0p90-L5-rep26-seed200026-v2/cooja.log,36d565352896aceb22f20f88a300c6cdb450380b4857294a2ef1776c1a127739,14815,147,success,1,SUCCESS
A-kem512-gilbert-prr0p90-L5-rep27-seed200027-v1,A-kem512-gilbert-prr0p90-L5-rep27-seed200027,A_B1_VS_B2,COOJA_SIMULATION,512,1,gilbert,0.9,5.0,none,200027,valid,none,,,runs/A-kem512-gilbert-prr0p90-L5-rep27-seed200027-v1/cooja.log,ca3ef7ac9ff28943a039bbe86365e1964ae238cfc52698f3706545632e983194,10990,110,success,0,FAILED_PROTOCOL
A-kem512-gilbert-prr0p90-L5-rep27-seed200027-v2,A-kem512-gilbert-prr0p90-L5-rep27-seed200027,A_B1_VS_B2,COOJA_SIMULATION,512,2,gilbert,0.9,5.0,none,200027,valid,none,,,runs/A-kem512-gilbert-prr0p90-L5-rep27-seed200027-v2/cooja.log,6f00cfae5695103a1acfa70fa283b58674af4d1fd6d18a05a76d49df11cb67f5,11224,112,success,0,FAILED_PROTOCOL
A-kem512-gilbert-prr0p90-L5-rep28-seed200028-v1,A-kem512-gilbert-prr0p90-L5-rep28-seed200028,A_B1_VS_B2,COOJA_SIMULATION,512,1,gilbert,0.9,5.0,none,200028,valid,none,,,runs/A-kem512-gilbert-prr0p90-L5-rep28-seed200028-v1/cooja.log,6b3f4458e79d019b015f98b7b0dfd05f43662017f9ca64122f0b7e4132e0bea1,10914,115,success,1,SUCCESS
A-kem512-gilbert-prr0p90-L5-rep28-seed200028-v2,A-kem512-gilbert-prr0p90-L5-rep28-seed200028,A_B1_VS_B2,COOJA_SIMULATION,512,2,gilbert,0.9,5.0,none,200028,valid,none,,,runs/A-kem512-gilbert-prr0p90-L5-rep28-seed200028-v2/cooja.log,ee8aa31d3558681b4cbd702d6662f0b8dfef8dfe4871dd109a204b4bc23960da,14818,147,success,1,SUCCESS
A-kem512-gilbert-prr0p90-L5-rep29-seed200029-v1,A-kem512-gilbert-prr0p90-L5-rep29-seed200029,A_B1_VS_B2,COOJA_SIMULATION,512,1,gilbert,0.9,5.0,none,200029,valid,none,,,runs/A-kem512-gilbert-prr0p90-L5-rep29-seed200029-v1/cooja.log,0129d679e27a234f1eac7c37d637943fbbd67029caa1483d112e7d49baa4808b,11683,115,success,0,FAILED_PROTOCOL
A-kem512-gilbert-prr0p90-L5-rep29-seed200029-v2,A-kem512-gilbert-prr0p90-L5-rep29-seed200029,A_B1_VS_B2,COOJA_SIMULATION,512,2,gilbert,0.9,5.0,none,200029,valid,none,,,runs/A-kem512-gilbert-prr0p90-L5-rep29-seed200029-v2/cooja.log,633939a35cf8d703371ad3062413e80b08ca2ce044654de30454f8f96c9c1586,13405,133,success,0,FAILED_PROTOCOL
A-kem512-gilbert-prr0p90-L5-rep30-seed200030-v1,A-kem512-gilbert-prr0p90-L5-rep30-seed200030,A_B1_VS_B2,COOJA_SIMULATION,512,1,gilbert,0.9,5.0,none,200030,valid,none,,,runs/A-kem512-gilbert-prr0p90-L5-rep30-seed200030-v1/cooja.log,72f0c9a7a55854ffc40ffa8bb175d4825e467ff25817599c3c46478731ad17b7,14253,143,success,0,FAILED_PROTOCOL
A-kem512-gilbert-prr0p90-L5-rep30-seed200030-v2,A-kem512-gilbert-prr0p90-L5-rep30-seed200030,A_B1_VS_B2,COOJA_SIMULATION,512,2,gilbert,0.9,5.0,none,200030,valid,none,,,runs/A-kem512-gilbert-prr0p90-L5-rep30-seed200030-v2/cooja.log,6e1758ab138030a481f5f32966de4ac0eb708f6c397e5ecc78d76f8ef275fcb6,16558,170,success,0,FAILED_PROTOCOL
A-kem512-gilbert-prr0p90-L10-rep01-seed200001-v1,A-kem512-gilbert-prr0p90-L10-rep01-seed200001,A_B1_VS_B2,COOJA_SIMULATION,512,1,gilbert,0.9,10.0,none,200001,valid,none,,,runs/A-kem512-gilbert-prr0p90-L10-rep01-seed200001-v1/cooja.log,865b050c63c8c1c8a7220adeae977320834f8a4cf17e758888e6c859ac6999b1,10911,115,success,1,SUCCESS
A-kem512-gilbert-prr0p90-L10-rep01-seed200001-v2,A-kem512-gilbert-prr0p90-L10-rep01-seed200001,A_B1_VS_B2,COOJA_SIMULATION,512,2,gilbert,0.9,10.0,none,200001,valid,none,,,runs/A-kem512-gilbert-prr0p90-L10-rep01-seed200001-v2/cooja.log,2375c8f59243af62152515e013bc64ef2a09a06f221ddfb3a3d96a23025f0878,14815,147,success,1,SUCCESS
A-kem512-gilbert-prr0p90-L10-rep02-seed200002-v1,A-kem512-gilbert-prr0p90-L10-rep02-seed200002,A_B1_VS_B2,COOJA_SIMULATION,512,1,gilbert,0.9,10.0,none,200002,valid,none,,,runs/A-kem512-gilbert-prr0p90-L10-rep02-seed200002-v1/cooja.log,5e04718b8ddea2c6dbd792ab17d44cb7d4ea8faf05e5744e309150cc05ac5b51,8741,84,success,0,FAILED_PROTOCOL
A-kem512-gilbert-prr0p90-L10-rep02-seed200002-v2,A-kem512-gilbert-prr0p90-L10-rep02-seed200002,A_B1_VS_B2,COOJA_SIMULATION,512,2,gilbert,0.9,10.0,none,200002,valid,none,,,runs/A-kem512-gilbert-prr0p90-L10-rep02-seed200002-v2/cooja.log,d682d7e770095d9c4443fd5014cc6154de54ad9e9eb481a5c6e874a9fcdf1a50,8975,86,success,0,FAILED_PROTOCOL
A-kem512-gilbert-prr0p90-L10-rep03-seed200003-v1,A-kem512-gilbert-prr0p90-L10-rep03-seed200003,A_B1_VS_B2,COOJA_SIMULATION,512,1,gilbert,0.9,10.0,none,200003,valid,none,,,runs/A-kem512-gilbert-prr0p90-L10-rep03-seed200003-v1/cooja.log,6b78d8faa2bdb5d585969febb16c6fb94852823a3cca6139507dbe961fe3f13e,13060,134,success,0,FAILED_PROTOCOL
A-kem512-gilbert-prr0p90-L10-rep03-seed200003-v2,A-kem512-gilbert-prr0p90-L10-rep03-seed200003,A_B1_VS_B2,COOJA_SIMULATION,512,2,gilbert,0.9,10.0,none,200003,valid,none,,,runs/A-kem512-gilbert-prr0p90-L10-rep03-seed200003-v2/cooja.log,e2028f05280ccecbceb22aecab36fad37187a8f13bcfaaf711ca155f76deb1c9,13294,136,success,0,FAILED_PROTOCOL
A-kem512-gilbert-prr0p90-L10-rep04-seed200004-v1,A-kem512-gilbert-prr0p90-L10-rep04-seed200004,A_B1_VS_B2,COOJA_SIMULATION,512,1,gilbert,0.9,10.0,none,200004,valid,none,,,runs/A-kem512-gilbert-prr0p90-L10-rep04-seed200004-v1/cooja.log,0614473fd7eb8deaedf479dd9b10939ee086ed855489c55461ac3d4aee8237a1,10914,115,success,1,SUCCESS
A-kem512-gilbert-prr0p90-L10-rep04-seed200004-v2,A-kem512-gilbert-prr0p90-L10-rep04-seed200004,A_B1_VS_B2,COOJA_SIMULATION,512,2,gilbert,0.9,10.0,none,200004,valid,none,,,runs/A-kem512-gilbert-prr0p90-L10-rep04-seed200004-v2/cooja.log,2193706752d0c1bc752a95d1eed2edd689e5352e49daee9087e2ebe0a8888a99,14864,156,success,1,SUCCESS
A-kem512-gilbert-prr0p90-L10-rep05-seed200005-v1,A-kem512-gilbert-prr0p90-L10-rep05-seed200005,A_B1_VS_B2,COOJA_SIMULATION,512,1,gilbert,0.9,10.0,none,200005,valid,none,,,runs/A-kem512-gilbert-prr0p90-L10-rep05-seed200005-v1/cooja.log,b5ac6489c02ce6908338986c54e8c4d28af0712f2a36034707937867e7de84a8,11351,115,success,0,FAILED_PROTOCOL
A-kem512-gilbert-prr0p90-L10-rep05-seed200005-v2,A-kem512-gilbert-prr0p90-L10-rep05-seed200005,A_B1_VS_B2,COOJA_SIMULATION,512,2,gilbert,0.9,10.0,none,200005,valid,none,,,runs/A-kem512-gilbert-prr0p90-L10-rep05-seed200005-v2/cooja.log,ed42cdb4186541eb67a67ce837b457add080f805efcfba9daf01e8956a17a64e,11585,117,success,0,FAILED_PROTOCOL
A-kem512-gilbert-prr0p90-L10-rep06-seed200006-v1,A-kem512-gilbert-prr0p90-L10-rep06-seed200006,A_B1_VS_B2,COOJA_SIMULATION,512,1,gilbert,0.9,10.0,none,200006,valid,none,,,runs/A-kem512-gilbert-prr0p90-L10-rep06-seed200006-v1/cooja.log,c381990c44c36164114b51348dfe7b12961331d31c288e6ba78a3bd2357cb2c8,13529,136,success,0,FAILED_PROTOCOL
A-kem512-gilbert-prr0p90-L10-rep06-seed200006-v2,A-kem512-gilbert-prr0p90-L10-rep06-seed200006,A_B1_VS_B2,COOJA_SIMULATION,512,2,gilbert,0.9,10.0,none,200006,valid,none,,,runs/A-kem512-gilbert-prr0p90-L10-rep06-seed200006-v2/cooja.log,defd74032d2f897c563a9b4a0d9390b55d9ec13c9f0bb1e566ae618e0895621c,15686,157,success,1,SUCCESS
A-kem512-gilbert-prr0p90-L10-rep07-seed200007-v1,A-kem512-gilbert-prr0p90-L10-rep07-seed200007,A_B1_VS_B2,COOJA_SIMULATION,512,1,gilbert,0.9,10.0,none,200007,valid,none,,,runs/A-kem512-gilbert-prr0p90-L10-rep07-seed200007-v1/cooja.log,78b7f9637b2e531911ec85b8432ba77f5e5de6072c5192f47801aa499166c305,10908,115,success,1,SUCCESS
A-kem512-gilbert-prr0p90-L10-rep07-seed200007-v2,A-kem512-gilbert-prr0p90-L10-rep07-seed200007,A_B1_VS_B2,COOJA_SIMULATION,512,2,gilbert,0.9,10.0,none,200007,valid,none,,,runs/A-kem512-gilbert-prr0p90-L10-rep07-seed200007-v2/cooja.log,588c3573b0b93754d48809ab7e2a8f47d4e813dab535528c72bee65a6959f329,14812,147,success,1,SUCCESS
A-kem512-gilbert-prr0p90-L10-rep08-seed200008-v1,A-kem512-gilbert-prr0p90-L10-rep08-seed200008,A_B1_VS_B2,COOJA_SIMULATION,512,1,gilbert,0.9,10.0,none,200008,valid,none,,,runs/A-kem512-gilbert-prr0p90-L10-rep08-seed200008-v1/cooja.log,81b1b6c59383da83c48bd5012bbf051b0bce769b9d6c14bc711985ea576d0237,14929,153,success,0,FAILED_PROTOCOL
A-kem512-gilbert-prr0p90-L10-rep08-seed200008-v2,A-kem512-gilbert-prr0p90-L10-rep08-seed200008,A_B1_VS_B2,COOJA_SIMULATION,512,2,gilbert,0.9,10.0,none,200008,valid,none,,,runs/A-kem512-gilbert-prr0p90-L10-rep08-seed200008-v2/cooja.log,d6e4760082b320fd04065dbd7a9d2240bfaa15f5b02b7186f36568911b0df8f3,15999,161,success,1,SUCCESS
A-kem512-gilbert-prr0p90-L10-rep09-seed200009-v1,A-kem512-gilbert-prr0p90-L10-rep09-seed200009,A_B1_VS_B2,COOJA_SIMULATION,512,1,gilbert,0.9,10.0,none,200009,valid,none,,,runs/A-kem512-gilbert-prr0p90-L10-rep09-seed200009-v1/cooja.log,ea88286ee51332bed6eaccbf73c36ef4ed1b4119fd291399f0128dff6af57a0c,14986,156,success,0,FAILED_PROTOCOL
A-kem512-gilbert-prr0p90-L10-rep09-seed200009-v2,A-kem512-gilbert-prr0p90-L10-rep09-seed200009,A_B1_VS_B2,COOJA_SIMULATION,512,2,gilbert,0.9,10.0,none,200009,valid,none,,,runs/A-kem512-gilbert-prr0p90-L10-rep09-seed200009-v2/cooja.log,7c9f7a1e5a969257c56bf410f21faba2565b679c8b5a2cc521632ac335117b4e,15220,158,success,0,FAILED_PROTOCOL
A-kem512-gilbert-prr0p90-L10-rep10-seed200010-v1,A-kem512-gilbert-prr0p90-L10-rep10-seed200010,A_B1_VS_B2,COOJA_SIMULATION,512,1,gilbert,0.9,10.0,none,200010,valid,none,,,runs/A-kem512-gilbert-prr0p90-L10-rep10-seed200010-v1/cooja.log,cc832a3b9b18afacc71459525eda717895e4d814a27630d9450ba6574d6fed93,10917,115,success,1,SUCCESS
A-kem512-gilbert-prr0p90-L10-rep10-seed200010-v2,A-kem512-gilbert-prr0p90-L10-rep10-seed200010,A_B1_VS_B2,COOJA_SIMULATION,512,2,gilbert,0.9,10.0,none,200010,valid,none,,,runs/A-kem512-gilbert-prr0p90-L10-rep10-seed200010-v2/cooja.log,1158daabcf4cff7e6ef422da4a5bc21ae036b92d4b4aa1efe9491f19b17841ec,14821,147,success,1,SUCCESS
A-kem512-gilbert-prr0p90-L10-rep11-seed200011-v1,A-kem512-gilbert-prr0p90-L10-rep11-seed200011,A_B1_VS_B2,COOJA_SIMULATION,512,1,gilbert,0.9,10.0,none,200011,valid,none,,,runs/A-kem512-gilbert-prr0p90-L10-rep11-seed200011-v1/cooja.log,b79619029e45405e071b06b8680fdb3fea96dd23d4821bf8523530ffae62fbe1,11476,121,success,1,SUCCESS
A-kem512-gilbert-prr0p90-L10-rep11-seed200011-v2,A-kem512-gilbert-prr0p90-L10-rep11-seed200011,A_B1_VS_B2,COOJA_SIMULATION,512,2,gilbert,0.9,10.0,none,200011,valid,none,,,runs/A-kem512-gilbert-prr0p90-L10-rep11-seed200011-v2/cooja.log,bfbc310f757998bc8717001fb65113c3dceb08cebb196e8f800b257b087e5de6,15380,153,success,1,SUCCESS
A-kem512-gilbert-prr0p90-L10-rep12-seed200012-v1,A-kem512-gilbert-prr0p90-L10-rep12-seed200012,A_B1_VS_B2,COOJA_SIMULATION,512,1,gilbert,0.9,10.0,none,200012,valid,none,,,runs/A-kem512-gilbert-prr0p90-L10-rep12-seed200012-v1/cooja.log,092e384b2d4f2c12eb2b5734283ce9b48c3846d502f350fd2520ea896068003a,8926,86,success,0,FAILED_PROTOCOL
A-kem512-gilbert-prr0p90-L10-rep12-seed200012-v2,A-kem512-gilbert-prr0p90-L10-rep12-seed200012,A_B1_VS_B2,COOJA_SIMULATION,512,2,gilbert,0.9,10.0,none,200012,valid,none,,,runs/A-kem512-gilbert-prr0p90-L10-rep12-seed200012-v2/cooja.log,47a6b1ee09347810debfc0df07f1c606f26ad844d035a0ec9a854ae44dda3e3c,9160,88,success,0,FAILED_PROTOCOL
A-kem512-gilbert-prr0p90-L10-rep13-seed200013-v1,A-kem512-gilbert-prr0p90-L10-rep13-seed200013,A_B1_VS_B2,COOJA_SIMULATION,512,1,gilbert,0.9,10.0,none,200013,valid,none,,,runs/A-kem512-gilbert-prr0p90-L10-rep13-seed200013-v1/cooja.log,168d40acd4a27c15180e5be5b4793597d33ee5a58ffd82fde2e5838176e3155e,10917,115,success,1,SUCCESS
A-kem512-gilbert-prr0p90-L10-rep13-seed200013-v2,A-kem512-gilbert-prr0p90-L10-rep13-seed200013,A_B1_VS_B2,COOJA_SIMULATION,512,2,gilbert,0.9,10.0,none,200013,valid,none,,,runs/A-kem512-gilbert-prr0p90-L10-rep13-seed200013-v2/cooja.log,eeda5750a9fb05f4914a36725d858b654e1f034ea9c849e6dfd7525a0ecb24a1,14821,147,success,1,SUCCESS
A-kem512-gilbert-prr0p90-L10-rep14-seed200014-v1,A-kem512-gilbert-prr0p90-L10-rep14-seed200014,A_B1_VS_B2,COOJA_SIMULATION,512,1,gilbert,0.9,10.0,none,200014,valid,none,,,runs/A-kem512-gilbert-prr0p90-L10-rep14-seed200014-v1/cooja.log,baf414051b012b81dcfacd39d09b97788be6079766a8ea76c33686bfe0484248,10917,115,success,1,SUCCESS
A-kem512-gilbert-prr0p90-L10-rep14-seed200014-v2,A-kem512-gilbert-prr0p90-L10-rep14-seed200014,A_B1_VS_B2,COOJA_SIMULATION,512,2,gilbert,0.9,10.0,none,200014,valid,none,,,runs/A-kem512-gilbert-prr0p90-L10-rep14-seed200014-v2/cooja.log,b8efd70f0abf8b376ad7f2603bb6d5b8c9a309abe0ba9c4080f48473df80656a,14821,147,success,1,SUCCESS
A-kem512-gilbert-prr0p90-L10-rep15-seed200015-v1,A-kem512-gilbert-prr0p90-L10-rep15-seed200015,A_B1_VS_B2,COOJA_SIMULATION,512,1,gilbert,0.9,10.0,none,200015,valid,none,,,runs/A-kem512-gilbert-prr0p90-L10-rep15-seed200015-v1/cooja.log,2aa6e4ceb9fd0227baa42bc29ba9e5527efb642fcc678a817e2d04832054b40e,17473,179,success,0,FAILED_PROTOCOL
A-kem512-gilbert-prr0p90-L10-rep15-seed200015-v2,A-kem512-gilbert-prr0p90-L10-rep15-seed200015,A_B1_VS_B2,COOJA_SIMULATION,512,2,gilbert,0.9,10.0,none,200015,valid,none,,,runs/A-kem512-gilbert-prr0p90-L10-rep15-seed200015-v2/cooja.log,2b6198021437187d21b326741af5e93ecd77f01d42bf73ace7ff708fc79b5b60,18479,191,success,0,FAILED_PROTOCOL
A-kem512-gilbert-prr0p90-L10-rep16-seed200016-v1,A-kem512-gilbert-prr0p90-L10-rep16-seed200016,A_B1_VS_B2,COOJA_SIMULATION,512,1,gilbert,0.9,10.0,none,200016,valid,none,,,runs/A-kem512-gilbert-prr0p90-L10-rep16-seed200016-v1/cooja.log,5bb129ed0dbc5790400fb81015e78d5164f717ac67cb7a1dcde8506bf2eba271,8473,81,success,0,FAILED_PROTOCOL
A-kem512-gilbert-prr0p90-L10-rep16-seed200016-v2,A-kem512-gilbert-prr0p90-L10-rep16-seed200016,A_B1_VS_B2,COOJA_SIMULATION,512,2,gilbert,0.9,10.0,none,200016,valid,none,,,runs/A-kem512-gilbert-prr0p90-L10-rep16-seed200016-v2/cooja.log,466bc3ceba64ee5f6a275f6bb6a1058df451dcaf43c87a915a220d832b84ab0c,8707,83,success,0,FAILED_PROTOCOL
A-kem512-gilbert-prr0p90-L10-rep17-seed200017-v1,A-kem512-gilbert-prr0p90-L10-rep17-seed200017,A_B1_VS_B2,COOJA_SIMULATION,512,1,gilbert,0.9,10.0,none,200017,valid,none,,,runs/A-kem512-gilbert-prr0p90-L10-rep17-seed200017-v1/cooja.log,556c768e3a43155020469a1987c34fed9e8afb208895d52874d840701d6286f0,10917,115,success,1,SUCCESS
A-kem512-gilbert-prr0p90-L10-rep17-seed200017-v2,A-kem512-gilbert-prr0p90-L10-rep17-seed200017,A_B1_VS_B2,COOJA_SIMULATION,512,2,gilbert,0.9,10.0,none,200017,valid,none,,,runs/A-kem512-gilbert-prr0p90-L10-rep17-seed200017-v2/cooja.log,57aeb3192cc6a339798cb6a4fef3e4ccfe0df6b76a95f90ed26e106e656035e2,14821,147,success,1,SUCCESS
A-kem512-gilbert-prr0p90-L10-rep18-seed200018-v1,A-kem512-gilbert-prr0p90-L10-rep18-seed200018,A_B1_VS_B2,COOJA_SIMULATION,512,1,gilbert,0.9,10.0,none,200018,valid,none,,,runs/A-kem512-gilbert-prr0p90-L10-rep18-seed200018-v1/cooja.log,5e99d6bff6bce713554d397fd04b87d720f1bd1e7782a857d5ee5ca54da59d11,10911,115,success,1,SUCCESS
A-kem512-gilbert-prr0p90-L10-rep18-seed200018-v2,A-kem512-gilbert-prr0p90-L10-rep18-seed200018,A_B1_VS_B2,COOJA_SIMULATION,512,2,gilbert,0.9,10.0,none,200018,valid,none,,,runs/A-kem512-gilbert-prr0p90-L10-rep18-seed200018-v2/cooja.log,03337bfd107d93ef31313e40f1f131c0244f931e666ae6d261ef824660eeeb76,14815,147,success,1,SUCCESS
A-kem512-gilbert-prr0p90-L10-rep19-seed200019-v1,A-kem512-gilbert-prr0p90-L10-rep19-seed200019,A_B1_VS_B2,COOJA_SIMULATION,512,1,gilbert,0.9,10.0,none,200019,valid,none,,,runs/A-kem512-gilbert-prr0p90-L10-rep19-seed200019-v1/cooja.log,a97eae16cb2564d7fc88295e80139f3ee528ee55be9053b49a2b73fe82dd9afe,10917,115,success,1,SUCCESS
A-kem512-gilbert-prr0p90-L10-rep19-seed200019-v2,A-kem512-gilbert-prr0p90-L10-rep19-seed200019,A_B1_VS_B2,COOJA_SIMULATION,512,2,gilbert,0.9,10.0,none,200019,valid,none,,,runs/A-kem512-gilbert-prr0p90-L10-rep19-seed200019-v2/cooja.log,a429c78fb583c9e05a939e369f854045a6bcef57bd32bb9006e1dae037480e1f,14821,147,success,1,SUCCESS
A-kem512-gilbert-prr0p90-L10-rep20-seed200020-v1,A-kem512-gilbert-prr0p90-L10-rep20-seed200020,A_B1_VS_B2,COOJA_SIMULATION,512,1,gilbert,0.9,10.0,none,200020,valid,none,,,runs/A-kem512-gilbert-prr0p90-L10-rep20-seed200020-v1/cooja.log,9bc8d61623e57aad9e642d0849d9f4a40ce8024f00dfb04cd64bd8728701b7c7,13206,132,success,0,FAILED_PROTOCOL
A-kem512-gilbert-prr0p90-L10-rep20-seed200020-v2,A-kem512-gilbert-prr0p90-L10-rep20-seed200020,A_B1_VS_B2,COOJA_SIMULATION,512,2,gilbert,0.9,10.0,none,200020,valid,none,,,runs/A-kem512-gilbert-prr0p90-L10-rep20-seed200020-v2/cooja.log,b1f8fea60502c8d3ecb59ddeef06fe73e0c9c9776342eeb8e25421afca5bc28b,16277,164,success,1,SUCCESS
A-kem512-gilbert-prr0p90-L10-rep21-seed200021-v1,A-kem512-gilbert-prr0p90-L10-rep21-seed200021,A_B1_VS_B2,COOJA_SIMULATION,512,1,gilbert,0.9,10.0,none,200021,valid,none,,,runs/A-kem512-gilbert-prr0p90-L10-rep21-seed200021-v1/cooja.log,e47560144d6d5efc1a37ad2ebc9e224faf0deb7fb9a425c68d7a407064c324ef,10908,115,success,1,SUCCESS
A-kem512-gilbert-prr0p90-L10-rep21-seed200021-v2,A-kem512-gilbert-prr0p90-L10-rep21-seed200021,A_B1_VS_B2,COOJA_SIMULATION,512,2,gilbert,0.9,10.0,none,200021,valid,none,,,runs/A-kem512-gilbert-prr0p90-L10-rep21-seed200021-v2/cooja.log,6bcf8e6b640bbdddbc81867004c1bab33a315c84bfb41a2a1deedc775844b19b,14812,147,success,1,SUCCESS
A-kem512-gilbert-prr0p90-L10-rep22-seed200022-v1,A-kem512-gilbert-prr0p90-L10-rep22-seed200022,A_B1_VS_B2,COOJA_SIMULATION,512,1,gilbert,0.9,10.0,none,200022,valid,none,,,runs/A-kem512-gilbert-prr0p90-L10-rep22-seed200022-v1/cooja.log,2a7193750f8b32948ff2cb3309103e5bd12f2a3c12da2e8f5af83416921132c6,13288,136,success,0,FAILED_PROTOCOL
A-kem512-gilbert-prr0p90-L10-rep22-seed200022-v2,A-kem512-gilbert-prr0p90-L10-rep22-seed200022,A_B1_VS_B2,COOJA_SIMULATION,512,2,gilbert,0.9,10.0,none,200022,valid,none,,,runs/A-kem512-gilbert-prr0p90-L10-rep22-seed200022-v2/cooja.log,880b987fb7b1f1bc39fd154bda10eaf499544716fd05147228a3d08be9311a38,13522,138,success,0,FAILED_PROTOCOL
A-kem512-gilbert-prr0p90-L10-rep23-seed200023-v1,A-kem512-gilbert-prr0p90-L10-rep23-seed200023,A_B1_VS_B2,COOJA_SIMULATION,512,1,gilbert,0.9,10.0,none,200023,valid,none,,,runs/A-kem512-gilbert-prr0p90-L10-rep23-seed200023-v1/cooja.log,394cf9d9cff4ab9a2e05ffbccf2e329567d6cb0f480612313480b8c69d4ed5a6,10914,115,success,1,SUCCESS
A-kem512-gilbert-prr0p90-L10-rep23-seed200023-v2,A-kem512-gilbert-prr0p90-L10-rep23-seed200023,A_B1_VS_B2,COOJA_SIMULATION,512,2,gilbert,0.9,10.0,none,200023,valid,none,,,runs/A-kem512-gilbert-prr0p90-L10-rep23-seed200023-v2/cooja.log,0d8ec5967de223b8a2569b1b10179ccb98c1306d8fea18ea3f8d21f8c07f458d,14818,147,success,1,SUCCESS
A-kem512-gilbert-prr0p90-L10-rep24-seed200024-v1,A-kem512-gilbert-prr0p90-L10-rep24-seed200024,A_B1_VS_B2,COOJA_SIMULATION,512,1,gilbert,0.9,10.0,none,200024,valid,none,,,runs/A-kem512-gilbert-prr0p90-L10-rep24-seed200024-v1/cooja.log,d6ee5001e287103052a76565609fec6da146ec6974879ad4c131612f87316c76,10914,115,success,1,SUCCESS
A-kem512-gilbert-prr0p90-L10-rep24-seed200024-v2,A-kem512-gilbert-prr0p90-L10-rep24-seed200024,A_B1_VS_B2,COOJA_SIMULATION,512,2,gilbert,0.9,10.0,none,200024,valid,none,,,runs/A-kem512-gilbert-prr0p90-L10-rep24-seed200024-v2/cooja.log,f52bae8ae256832184ed87e3ce8dca68cbfbc5bab5ba106159d63c88519fa592,14818,147,success,1,SUCCESS
A-kem512-gilbert-prr0p90-L10-rep25-seed200025-v1,A-kem512-gilbert-prr0p90-L10-rep25-seed200025,A_B1_VS_B2,COOJA_SIMULATION,512,1,gilbert,0.9,10.0,none,200025,valid,none,,,runs/A-kem512-gilbert-prr0p90-L10-rep25-seed200025-v1/cooja.log,d116f6fdb22622e51cd32cd99f21d7bb901067c370cdc6526e547aeab1bb74ea,10908,115,success,1,SUCCESS
A-kem512-gilbert-prr0p90-L10-rep25-seed200025-v2,A-kem512-gilbert-prr0p90-L10-rep25-seed200025,A_B1_VS_B2,COOJA_SIMULATION,512,2,gilbert,0.9,10.0,none,200025,valid,none,,,runs/A-kem512-gilbert-prr0p90-L10-rep25-seed200025-v2/cooja.log,390f90b1d57aba1abac3db82c8d4aab3031bcbd159da3d186916b234cb49e612,14812,147,success,1,SUCCESS
A-kem512-gilbert-prr0p90-L10-rep26-seed200026-v1,A-kem512-gilbert-prr0p90-L10-rep26-seed200026,A_B1_VS_B2,COOJA_SIMULATION,512,1,gilbert,0.9,10.0,none,200026,valid,none,,,runs/A-kem512-gilbert-prr0p90-L10-rep26-seed200026-v1/cooja.log,bf1c1415b48e281ab9aaea0c778b18c730730db6ee0e93d244fafd0d9c718a7c,10911,115,success,1,SUCCESS
A-kem512-gilbert-prr0p90-L10-rep26-seed200026-v2,A-kem512-gilbert-prr0p90-L10-rep26-seed200026,A_B1_VS_B2,COOJA_SIMULATION,512,2,gilbert,0.9,10.0,none,200026,valid,none,,,runs/A-kem512-gilbert-prr0p90-L10-rep26-seed200026-v2/cooja.log,36d565352896aceb22f20f88a300c6cdb450380b4857294a2ef1776c1a127739,14815,147,success,1,SUCCESS
A-kem512-gilbert-prr0p90-L10-rep27-seed200027-v1,A-kem512-gilbert-prr0p90-L10-rep27-seed200027,A_B1_VS_B2,COOJA_SIMULATION,512,1,gilbert,0.9,10.0,none,200027,valid,none,,,runs/A-kem512-gilbert-prr0p90-L10-rep27-seed200027-v1/cooja.log,ca3ef7ac9ff28943a039bbe86365e1964ae238cfc52698f3706545632e983194,10990,110,success,0,FAILED_PROTOCOL
A-kem512-gilbert-prr0p90-L10-rep27-seed200027-v2,A-kem512-gilbert-prr0p90-L10-rep27-seed200027,A_B1_VS_B2,COOJA_SIMULATION,512,2,gilbert,0.9,10.0,none,200027,valid,none,,,runs/A-kem512-gilbert-prr0p90-L10-rep27-seed200027-v2/cooja.log,6f00cfae5695103a1acfa70fa283b58674af4d1fd6d18a05a76d49df11cb67f5,11224,112,success,0,FAILED_PROTOCOL
A-kem512-gilbert-prr0p90-L10-rep28-seed200028-v1,A-kem512-gilbert-prr0p90-L10-rep28-seed200028,A_B1_VS_B2,COOJA_SIMULATION,512,1,gilbert,0.9,10.0,none,200028,valid,none,,,runs/A-kem512-gilbert-prr0p90-L10-rep28-seed200028-v1/cooja.log,6b3f4458e79d019b015f98b7b0dfd05f43662017f9ca64122f0b7e4132e0bea1,10914,115,success,1,SUCCESS
A-kem512-gilbert-prr0p90-L10-rep28-seed200028-v2,A-kem512-gilbert-prr0p90-L10-rep28-seed200028,A_B1_VS_B2,COOJA_SIMULATION,512,2,gilbert,0.9,10.0,none,200028,valid,none,,,runs/A-kem512-gilbert-prr0p90-L10-rep28-seed200028-v2/cooja.log,ee8aa31d3558681b4cbd702d6662f0b8dfef8dfe4871dd109a204b4bc23960da,14818,147,success,1,SUCCESS
A-kem512-gilbert-prr0p90-L10-rep29-seed200029-v1,A-kem512-gilbert-prr0p90-L10-rep29-seed200029,A_B1_VS_B2,COOJA_SIMULATION,512,1,gilbert,0.9,10.0,none,200029,valid,none,,,runs/A-kem512-gilbert-prr0p90-L10-rep29-seed200029-v1/cooja.log,a02b3a3ba4d9dd10138b9b43f918797d8738a1c3ea84151defd36ad3bca07f95,11494,113,success,0,FAILED_PROTOCOL
A-kem512-gilbert-prr0p90-L10-rep29-seed200029-v2,A-kem512-gilbert-prr0p90-L10-rep29-seed200029,A_B1_VS_B2,COOJA_SIMULATION,512,2,gilbert,0.9,10.0,none,200029,valid,none,,,runs/A-kem512-gilbert-prr0p90-L10-rep29-seed200029-v2/cooja.log,b8ea0b1cd9d549aef7a9dc5532f9f675d6cf9cb507050d5f57bab036d854b1a2,13596,135,success,0,FAILED_PROTOCOL
A-kem512-gilbert-prr0p90-L10-rep30-seed200030-v1,A-kem512-gilbert-prr0p90-L10-rep30-seed200030,A_B1_VS_B2,COOJA_SIMULATION,512,1,gilbert,0.9,10.0,none,200030,valid,none,,,runs/A-kem512-gilbert-prr0p90-L10-rep30-seed200030-v1/cooja.log,72f0c9a7a55854ffc40ffa8bb175d4825e467ff25817599c3c46478731ad17b7,14253,143,success,0,FAILED_PROTOCOL
A-kem512-gilbert-prr0p90-L10-rep30-seed200030-v2,A-kem512-gilbert-prr0p90-L10-rep30-seed200030,A_B1_VS_B2,COOJA_SIMULATION,512,2,gilbert,0.9,10.0,none,200030,valid,none,,,runs/A-kem512-gilbert-prr0p90-L10-rep30-seed200030-v2/cooja.log,6e1758ab138030a481f5f32966de4ac0eb708f6c397e5ecc78d76f8ef275fcb6,16558,170,success,0,FAILED_PROTOCOL
A-kem512-gilbert-prr0p95-L2-rep01-seed200001-v1,A-kem512-gilbert-prr0p95-L2-rep01-seed200001,A_B1_VS_B2,COOJA_SIMULATION,512,1,gilbert,0.95,2.0,none,200001,valid,none,,,runs/A-kem512-gilbert-prr0p95-L2-rep01-seed200001-v1/cooja.log,865b050c63c8c1c8a7220adeae977320834f8a4cf17e758888e6c859ac6999b1,10911,115,success,1,SUCCESS
A-kem512-gilbert-prr0p95-L2-rep01-seed200001-v2,A-kem512-gilbert-prr0p95-L2-rep01-seed200001,A_B1_VS_B2,COOJA_SIMULATION,512,2,gilbert,0.95,2.0,none,200001,valid,none,,,runs/A-kem512-gilbert-prr0p95-L2-rep01-seed200001-v2/cooja.log,2375c8f59243af62152515e013bc64ef2a09a06f221ddfb3a3d96a23025f0878,14815,147,success,1,SUCCESS
A-kem512-gilbert-prr0p95-L2-rep02-seed200002-v1,A-kem512-gilbert-prr0p95-L2-rep02-seed200002,A_B1_VS_B2,COOJA_SIMULATION,512,1,gilbert,0.95,2.0,none,200002,valid,none,,,runs/A-kem512-gilbert-prr0p95-L2-rep02-seed200002-v1/cooja.log,73a8785e722c00f9c80839b426f9be1a75f8b0d4d4c689d0f3370259b665878c,10885,110,success,0,FAILED_PROTOCOL
A-kem512-gilbert-prr0p95-L2-rep02-seed200002-v2,A-kem512-gilbert-prr0p95-L2-rep02-seed200002,A_B1_VS_B2,COOJA_SIMULATION,512,2,gilbert,0.95,2.0,none,200002,valid,none,,,runs/A-kem512-gilbert-prr0p95-L2-rep02-seed200002-v2/cooja.log,06419663eb07da6bf82a6527cfd8fdacdd398113c7109546977f17b5e6f6e67a,11119,112,success,0,FAILED_PROTOCOL
A-kem512-gilbert-prr0p95-L2-rep03-seed200003-v1,A-kem512-gilbert-prr0p95-L2-rep03-seed200003,A_B1_VS_B2,COOJA_SIMULATION,512,1,gilbert,0.95,2.0,none,200003,valid,none,,,runs/A-kem512-gilbert-prr0p95-L2-rep03-seed200003-v1/cooja.log,e4b3d49ebd27993a625f69df58dcebf64c145e692002e223d9741e3b193d011d,10867,110,success,0,FAILED_PROTOCOL
A-kem512-gilbert-prr0p95-L2-rep03-seed200003-v2,A-kem512-gilbert-prr0p95-L2-rep03-seed200003,A_B1_VS_B2,COOJA_SIMULATION,512,2,gilbert,0.95,2.0,none,200003,valid,none,,,runs/A-kem512-gilbert-prr0p95-L2-rep03-seed200003-v2/cooja.log,37fd59f246b0c2f05ddbe39ae7fd8d9cdeec604f59dc372289c3761fc97d237c,11101,112,success,0,FAILED_PROTOCOL
A-kem512-gilbert-prr0p95-L2-rep04-seed200004-v1,A-kem512-gilbert-prr0p95-L2-rep04-seed200004,A_B1_VS_B2,COOJA_SIMULATION,512,1,gilbert,0.95,2.0,none,200004,valid,none,,,runs/A-kem512-gilbert-prr0p95-L2-rep04-seed200004-v1/cooja.log,cb7865b4b691f8e44103a37f4853abc5e14ae3d860c59ef84af66fed6cb61e2e,11132,110,success,0,FAILED_PROTOCOL
A-kem512-gilbert-prr0p95-L2-rep04-seed200004-v2,A-kem512-gilbert-prr0p95-L2-rep04-seed200004,A_B1_VS_B2,COOJA_SIMULATION,512,2,gilbert,0.95,2.0,none,200004,valid,none,,,runs/A-kem512-gilbert-prr0p95-L2-rep04-seed200004-v2/cooja.log,fbdc341fd93948d6f16438d38ca443acd1e88cf7fcdb8d176e6a88319964253b,16691,170,success,0,FAILED_PROTOCOL
A-kem512-gilbert-prr0p95-L2-rep05-seed200005-v1,A-kem512-gilbert-prr0p95-L2-rep05-seed200005,A_B1_VS_B2,COOJA_SIMULATION,512,1,gilbert,0.95,2.0,none,200005,valid,none,,,runs/A-kem512-gilbert-prr0p95-L2-rep05-seed200005-v1/cooja.log,b5ac6489c02ce6908338986c54e8c4d28af0712f2a36034707937867e7de84a8,11351,115,success,0,FAILED_PROTOCOL
A-kem512-gilbert-prr0p95-L2-rep05-seed200005-v2,A-kem512-gilbert-prr0p95-L2-rep05-seed200005,A_B1_VS_B2,COOJA_SIMULATION,512,2,gilbert,0.95,2.0,none,200005,valid,none,,,runs/A-kem512-gilbert-prr0p95-L2-rep05-seed200005-v2/cooja.log,ed42cdb4186541eb67a67ce837b457add080f805efcfba9daf01e8956a17a64e,11585,117,success,0,FAILED_PROTOCOL
A-kem512-gilbert-prr0p95-L2-rep06-seed200006-v1,A-kem512-gilbert-prr0p95-L2-rep06-seed200006,A_B1_VS_B2,COOJA_SIMULATION,512,1,gilbert,0.95,2.0,none,200006,valid,none,,,runs/A-kem512-gilbert-prr0p95-L2-rep06-seed200006-v1/cooja.log,106a9e1a2576afb87f0b909cbf0141ba9952e4155572b72229ec305a0a89408c,13709,138,success,0,FAILED_PROTOCOL
A-kem512-gilbert-prr0p95-L2-rep06-seed200006-v2,A-kem512-gilbert-prr0p95-L2-rep06-seed200006,A_B1_VS_B2,COOJA_SIMULATION,512,2,gilbert,0.95,2.0,none,200006,valid,none,,,runs/A-kem512-gilbert-prr0p95-L2-rep06-seed200006-v2/cooja.log,09bd7dc5e8e041be4ff6d0bba995bcd89ccbbe7243ddb3e3c9e70ea70e5e72e7,15367,153,success,1,SUCCESS
A-kem512-gilbert-prr0p95-L2-rep07-seed200007-v1,A-kem512-gilbert-prr0p95-L2-rep07-seed200007,A_B1_VS_B2,COOJA_SIMULATION,512,1,gilbert,0.95,2.0,none,200007,valid,none,,,runs/A-kem512-gilbert-prr0p95-L2-rep07-seed200007-v1/cooja.log,78b7f9637b2e531911ec85b8432ba77f5e5de6072c5192f47801aa499166c305,10908,115,success,1,SUCCESS
A-kem512-gilbert-prr0p95-L2-rep07-seed200007-v2,A-kem512-gilbert-prr0p95-L2-rep07-seed200007,A_B1_VS_B2,COOJA_SIMULATION,512,2,gilbert,0.95,2.0,none,200007,valid,none,,,runs/A-kem512-gilbert-prr0p95-L2-rep07-seed200007-v2/cooja.log,588c3573b0b93754d48809ab7e2a8f47d4e813dab535528c72bee65a6959f329,14812,147,success,1,SUCCESS
A-kem512-gilbert-prr0p95-L2-rep08-seed200008-v1,A-kem512-gilbert-prr0p95-L2-rep08-seed200008,A_B1_VS_B2,COOJA_SIMULATION,512,1,gilbert,0.95,2.0,none,200008,valid,none,,,runs/A-kem512-gilbert-prr0p95-L2-rep08-seed200008-v1/cooja.log,369c12344838de7325c86005a4ef39f50772a683c6b22d648aa0dc765b81154d,13403,138,success,0,FAILED_PROTOCOL
A-kem512-gilbert-prr0p95-L2-rep08-seed200008-v2,A-kem512-gilbert-prr0p95-L2-rep08-seed200008,A_B1_VS_B2,COOJA_SIMULATION,512,2,gilbert,0.95,2.0,none,200008,valid,none,,,runs/A-kem512-gilbert-prr0p95-L2-rep08-seed200008-v2/cooja.log,9e3ee47359c3e6bc4fd5de2088fce10f26a5865f09614c0ff6a841d48cb8734e,13637,140,success,0,FAILED_PROTOCOL
A-kem512-gilbert-prr0p95-L2-rep09-seed200009-v1,A-kem512-gilbert-prr0p95-L2-rep09-seed200009,A_B1_VS_B2,COOJA_SIMULATION,512,1,gilbert,0.95,2.0,none,200009,valid,none,,,runs/A-kem512-gilbert-prr0p95-L2-rep09-seed200009-v1/cooja.log,0450d42e28a760412405ab80264988216cbc617778c902da40e3734212b3fd85,12431,124,success,0,FAILED_PROTOCOL
A-kem512-gilbert-prr0p95-L2-rep09-seed200009-v2,A-kem512-gilbert-prr0p95-L2-rep09-seed200009,A_B1_VS_B2,COOJA_SIMULATION,512,2,gilbert,0.95,2.0,none,200009,valid,none,,,runs/A-kem512-gilbert-prr0p95-L2-rep09-seed200009-v2/cooja.log,b06262aab779aa2d887e141f5a6e2aad0053ed8bee035c20567331f6a9d6fbf2,13317,136,success,0,FAILED_PROTOCOL
A-kem512-gilbert-prr0p95-L2-rep10-seed200010-v1,A-kem512-gilbert-prr0p95-L2-rep10-seed200010,A_B1_VS_B2,COOJA_SIMULATION,512,1,gilbert,0.95,2.0,none,200010,valid,none,,,runs/A-kem512-gilbert-prr0p95-L2-rep10-seed200010-v1/cooja.log,f6df3f72c4d296d4eccde20fdc760add60c54a2776071f9ab98c1141b496e2f6,10917,115,success,1,SUCCESS
A-kem512-gilbert-prr0p95-L2-rep10-seed200010-v2,A-kem512-gilbert-prr0p95-L2-rep10-seed200010,A_B1_VS_B2,COOJA_SIMULATION,512,2,gilbert,0.95,2.0,none,200010,valid,none,,,runs/A-kem512-gilbert-prr0p95-L2-rep10-seed200010-v2/cooja.log,a1f0193431c03b9c294d15780c58048e866a49d89630a13ef9d57660da28347b,14821,147,success,1,SUCCESS
A-kem512-gilbert-prr0p95-L2-rep11-seed200011-v1,A-kem512-gilbert-prr0p95-L2-rep11-seed200011,A_B1_VS_B2,COOJA_SIMULATION,512,1,gilbert,0.95,2.0,none,200011,valid,none,,,runs/A-kem512-gilbert-prr0p95-L2-rep11-seed200011-v1/cooja.log,fe1a7c45fc2d369ecb6132f7cdbeebb3e5663d2a5116e033e3444ced2430d93a,12217,121,success,0,FAILED_PROTOCOL
A-kem512-gilbert-prr0p95-L2-rep11-seed200011-v2,A-kem512-gilbert-prr0p95-L2-rep11-seed200011,A_B1_VS_B2,COOJA_SIMULATION,512,2,gilbert,0.95,2.0,none,200011,valid,none,,,runs/A-kem512-gilbert-prr0p95-L2-rep11-seed200011-v2/cooja.log,685f3b299fc682e827fec3fb58e525f50f8bae97007c7c6a7fa8c246a2a12f21,12595,128,success,0,FAILED_PROTOCOL
A-kem512-gilbert-prr0p95-L2-rep12-seed200012-v1,A-kem512-gilbert-prr0p95-L2-rep12-seed200012,A_B1_VS_B2,COOJA_SIMULATION,512,1,gilbert,0.95,2.0,none,200012,valid,none,,,runs/A-kem512-gilbert-prr0p95-L2-rep12-seed200012-v1/cooja.log,f3a4102e10ebda9b72f05e5bb50961c6aa163eb37df571667484737531312d48,11671,119,success,0,FAILED_PROTOCOL
A-kem512-gilbert-prr0p95-L2-rep12-seed200012-v2,A-kem512-gilbert-prr0p95-L2-rep12-seed200012,A_B1_VS_B2,COOJA_SIMULATION,512,2,gilbert,0.95,2.0,none,200012,valid,none,,,runs/A-kem512-gilbert-prr0p95-L2-rep12-seed200012-v2/cooja.log,c31d7679076028e03e1d2581081adf7feb9c6f790787bba4ab3daa1f09b9b569,11905,121,success,0,FAILED_PROTOCOL
A-kem512-gilbert-prr0p95-L2-rep13-seed200013-v1,A-kem512-gilbert-prr0p95-L2-rep13-seed200013,A_B1_VS_B2,COOJA_SIMULATION,512,1,gilbert,0.95,2.0,none,200013,valid,none,,,runs/A-kem512-gilbert-prr0p95-L2-rep13-seed200013-v1/cooja.log,168d40acd4a27c15180e5be5b4793597d33ee5a58ffd82fde2e5838176e3155e,10917,115,success,1,SUCCESS
A-kem512-gilbert-prr0p95-L2-rep13-seed200013-v2,A-kem512-gilbert-prr0p95-L2-rep13-seed200013,A_B1_VS_B2,COOJA_SIMULATION,512,2,gilbert,0.95,2.0,none,200013,valid,none,,,runs/A-kem512-gilbert-prr0p95-L2-rep13-seed200013-v2/cooja.log,eeda5750a9fb05f4914a36725d858b654e1f034ea9c849e6dfd7525a0ecb24a1,14821,147,success,1,SUCCESS
A-kem512-gilbert-prr0p95-L2-rep14-seed200014-v1,A-kem512-gilbert-prr0p95-L2-rep14-seed200014,A_B1_VS_B2,COOJA_SIMULATION,512,1,gilbert,0.95,2.0,none,200014,valid,none,,,runs/A-kem512-gilbert-prr0p95-L2-rep14-seed200014-v1/cooja.log,bb7540a63bb839edb59f12862524d4e9146c85792ee35a93d19eb5aa807eedf7,11034,109,success,0,FAILED_PROTOCOL
A-kem512-gilbert-prr0p95-L2-rep14-seed200014-v2,A-kem512-gilbert-prr0p95-L2-rep14-seed200014,A_B1_VS_B2,COOJA_SIMULATION,512,2,gilbert,0.95,2.0,none,200014,valid,none,,,runs/A-kem512-gilbert-prr0p95-L2-rep14-seed200014-v2/cooja.log,478f546843097ab335dd7cc690178324144de07ee90961daa40c1ed56e78f30b,15371,153,success,1,SUCCESS
A-kem512-gilbert-prr0p95-L2-rep15-seed200015-v1,A-kem512-gilbert-prr0p95-L2-rep15-seed200015,A_B1_VS_B2,COOJA_SIMULATION,512,1,gilbert,0.95,2.0,none,200015,valid,none,,,runs/A-kem512-gilbert-prr0p95-L2-rep15-seed200015-v1/cooja.log,5a5a7605eba05591cb5a57ca2a07feb6c117731ceec2e48d4d4c2b1a9420aab6,10908,115,success,1,SUCCESS
A-kem512-gilbert-prr0p95-L2-rep15-seed200015-v2,A-kem512-gilbert-prr0p95-L2-rep15-seed200015,A_B1_VS_B2,COOJA_SIMULATION,512,2,gilbert,0.95,2.0,none,200015,valid,none,,,runs/A-kem512-gilbert-prr0p95-L2-rep15-seed200015-v2/cooja.log,cd3a80dbc3de8f7c68ff9295f9c5619d91e966efbfa875b57b50a20204dcaafa,14812,147,success,1,SUCCESS
A-kem512-gilbert-prr0p95-L2-rep16-seed200016-v1,A-kem512-gilbert-prr0p95-L2-rep16-seed200016,A_B1_VS_B2,COOJA_SIMULATION,512,1,gilbert,0.95,2.0,none,200016,valid,none,,,runs/A-kem512-gilbert-prr0p95-L2-rep16-seed200016-v1/cooja.log,a5b5c9fe8c740a7b2bf83f46f00a9787f77d8cde83cb097ad895dfbbd94e12b5,11150,113,success,0,FAILED_PROTOCOL
A-kem512-gilbert-prr0p95-L2-rep16-seed200016-v2,A-kem512-gilbert-prr0p95-L2-rep16-seed200016,A_B1_VS_B2,COOJA_SIMULATION,512,2,gilbert,0.95,2.0,none,200016,valid,none,,,runs/A-kem512-gilbert-prr0p95-L2-rep16-seed200016-v2/cooja.log,af6e2d65fd01a30657d95d64a9285ace4de7fc9681fda4130c914df54e04c139,11384,115,success,0,FAILED_PROTOCOL
A-kem512-gilbert-prr0p95-L2-rep17-seed200017-v1,A-kem512-gilbert-prr0p95-L2-rep17-seed200017,A_B1_VS_B2,COOJA_SIMULATION,512,1,gilbert,0.95,2.0,none,200017,valid,none,,,runs/A-kem512-gilbert-prr0p95-L2-rep17-seed200017-v1/cooja.log,dc12772cd93c4b1718607da60db8dca56c84c15ac89f89531625555fac681171,13889,144,success,0,FAILED_PROTOCOL
A-kem512-gilbert-prr0p95-L2-rep17-seed200017-v2,A-kem512-gilbert-prr0p95-L2-rep17-seed200017,A_B1_VS_B2,COOJA_SIMULATION,512,2,gilbert,0.95,2.0,none,200017,valid,none,,,runs/A-kem512-gilbert-prr0p95-L2-rep17-seed200017-v2/cooja.log,019cd47bd95794b9c8278103ef5f2b704134e6b160df3c5fc3b78715e8da602f,14123,146,success,0,FAILED_PROTOCOL
A-kem512-gilbert-prr0p95-L2-rep18-seed200018-v1,A-kem512-gilbert-prr0p95-L2-rep18-seed200018,A_B1_VS_B2,COOJA_SIMULATION,512,1,gilbert,0.95,2.0,none,200018,valid,none,,,runs/A-kem512-gilbert-prr0p95-L2-rep18-seed200018-v1/cooja.log,6337715a8afea5276cb0c84d553c3d57a07ea3a6dc49782d0e167ceade8b0f49,11397,113,success,0,FAILED_PROTOCOL
A-kem512-gilbert-prr0p95-L2-rep18-seed200018-v2,A-kem512-gilbert-prr0p95-L2-rep18-seed200018,A_B1_VS_B2,COOJA_SIMULATION,512,2,gilbert,0.95,2.0,none,200018,valid,none,,,runs/A-kem512-gilbert-prr0p95-L2-rep18-seed200018-v2/cooja.log,b688e605bd6613f06519e83d743867a368018a57f5c353d7687e8b1e9d818ccf,15524,155,success,1,SUCCESS
A-kem512-gilbert-prr0p95-L2-rep19-seed200019-v1,A-kem512-gilbert-prr0p95-L2-rep19-seed200019,A_B1_VS_B2,COOJA_SIMULATION,512,1,gilbert,0.95,2.0,none,200019,valid,none,,,runs/A-kem512-gilbert-prr0p95-L2-rep19-seed200019-v1/cooja.log,a97eae16cb2564d7fc88295e80139f3ee528ee55be9053b49a2b73fe82dd9afe,10917,115,success,1,SUCCESS
A-kem512-gilbert-prr0p95-L2-rep19-seed200019-v2,A-kem512-gilbert-prr0p95-L2-rep19-seed200019,A_B1_VS_B2,COOJA_SIMULATION,512,2,gilbert,0.95,2.0,none,200019,valid,none,,,runs/A-kem512-gilbert-prr0p95-L2-rep19-seed200019-v2/cooja.log,a429c78fb583c9e05a939e369f854045a6bcef57bd32bb9006e1dae037480e1f,14821,147,success,1,SUCCESS
A-kem512-gilbert-prr0p95-L2-rep20-seed200020-v1,A-kem512-gilbert-prr0p95-L2-rep20-seed200020,A_B1_VS_B2,COOJA_SIMULATION,512,1,gilbert,0.95,2.0,none,200020,valid,none,,,runs/A-kem512-gilbert-prr0p95-L2-rep20-seed200020-v1/cooja.log,62590d2ea5b9131d743ec8f94078f0144e2d099e6548794c37b4f64b8f48fc3d,13401,134,success,0,FAILED_PROTOCOL
A-kem512-gilbert-prr0p95-L2-rep20-seed200020-v2,A-kem512-gilbert-prr0p95-L2-rep20-seed200020,A_B1_VS_B2,COOJA_SIMULATION,512,2,gilbert,0.95,2.0,none,200020,valid,none,,,runs/A-kem512-gilbert-prr0p95-L2-rep20-seed200020-v2/cooja.log,2e9c8fdf4c16ed7aa10cf32d6c2c6e9fe35f32dd9fdd5f3b0bb48f4d715f2cd5,15800,158,success,1,SUCCESS
A-kem512-gilbert-prr0p95-L2-rep21-seed200021-v1,A-kem512-gilbert-prr0p95-L2-rep21-seed200021,A_B1_VS_B2,COOJA_SIMULATION,512,1,gilbert,0.95,2.0,none,200021,valid,none,,,runs/A-kem512-gilbert-prr0p95-L2-rep21-seed200021-v1/cooja.log,e47560144d6d5efc1a37ad2ebc9e224faf0deb7fb9a425c68d7a407064c324ef,10908,115,success,1,SUCCESS
A-kem512-gilbert-prr0p95-L2-rep21-seed200021-v2,A-kem512-gilbert-prr0p95-L2-rep21-seed200021,A_B1_VS_B2,COOJA_SIMULATION,512,2,gilbert,0.95,2.0,none,200021,valid,none,,,runs/A-kem512-gilbert-prr0p95-L2-rep21-seed200021-v2/cooja.log,6bcf8e6b640bbdddbc81867004c1bab33a315c84bfb41a2a1deedc775844b19b,14812,147,success,1,SUCCESS
A-kem512-gilbert-prr0p95-L2-rep22-seed200022-v1,A-kem512-gilbert-prr0p95-L2-rep22-seed200022,A_B1_VS_B2,COOJA_SIMULATION,512,1,gilbert,0.95,2.0,none,200022,valid,none,,,runs/A-kem512-gilbert-prr0p95-L2-rep22-seed200022-v1/cooja.log,a9db63faea5cb09bb669024572630d768cc90b9dc307fb477b7bd71c15b8b30d,13806,143,success,0,FAILED_PROTOCOL
A-kem512-gilbert-prr0p95-L2-rep22-seed200022-v2,A-kem512-gilbert-prr0p95-L2-rep22-seed200022,A_B1_VS_B2,COOJA_SIMULATION,512,2,gilbert,0.95,2.0,none,200022,valid,none,,,runs/A-kem512-gilbert-prr0p95-L2-rep22-seed200022-v2/cooja.log,34691e0ecc45a3fd2c2b04e1ef8fbecd806c6d55d90ae2fd449fedef22e87f3d,14040,145,success,0,FAILED_PROTOCOL
A-kem512-gilbert-prr0p95-L2-rep23-seed200023-v1,A-kem512-gilbert-prr0p95-L2-rep23-seed200023,A_B1_VS_B2,COOJA_SIMULATION,512,1,gilbert,0.95,2.0,none,200023,valid,none,,,runs/A-kem512-gilbert-prr0p95-L2-rep23-seed200023-v1/cooja.log,90da7cdd9b74b0eac08458562cdef5b55118cf139ea17cba600e01634a07eab4,10840,114,success,1,SUCCESS
A-kem512-gilbert-prr0p95-L2-rep23-seed200023-v2,A-kem512-gilbert-prr0p95-L2-rep23-seed200023,A_B1_VS_B2,COOJA_SIMULATION,512,2,gilbert,0.95,2.0,none,200023,valid,none,,,runs/A-kem512-gilbert-prr0p95-L2-rep23-seed200023-v2/cooja.log,4f84be8332c0beee6d9e63bc5459d2773e7abbcc7db6d9225015b0abbca8125f,14744,146,success,1,SUCCESS
A-kem512-gilbert-prr0p95-L2-rep24-seed200024-v1,A-kem512-gilbert-prr0p95-L2-rep24-seed200024,A_B1_VS_B2,COOJA_SIMULATION,512,1,gilbert,0.95,2.0,none,200024,valid,none,,,runs/A-kem512-gilbert-prr0p95-L2-rep24-seed200024-v1/cooja.log,4db95ecf1c3ec1a2bc697082f756973b4e99759998e186f52196b16b7a88a026,11478,114,success,0,FAILED_PROTOCOL
A-kem512-gilbert-prr0p95-L2-rep24-seed200024-v2,A-kem512-gilbert-prr0p95-L2-rep24-seed200024,A_B1_VS_B2,COOJA_SIMULATION,512,2,gilbert,0.95,2.0,none,200024,valid,none,,,runs/A-kem512-gilbert-prr0p95-L2-rep24-seed200024-v2/cooja.log,821a0a642704392ef2e4ab4826898d328ac32dbd8a76db6ea5152d28c4d7bffb,15651,156,success,1,SUCCESS
A-kem512-gilbert-prr0p95-L2-rep25-seed200025-v1,A-kem512-gilbert-prr0p95-L2-rep25-seed200025,A_B1_VS_B2,COOJA_SIMULATION,512,1,gilbert,0.95,2.0,none,200025,valid,none,,,runs/A-kem512-gilbert-prr0p95-L2-rep25-seed200025-v1/cooja.log,17b2680f567634eae9b933624522281e575e97e4108dcb72ad43bb036a4ce273,11143,110,success,0,FAILED_PROTOCOL
A-kem512-gilbert-prr0p95-L2-rep25-seed200025-v2,A-kem512-gilbert-prr0p95-L2-rep25-seed200025,A_B1_VS_B2,COOJA_SIMULATION,512,2,gilbert,0.95,2.0,none,200025,valid,none,,,runs/A-kem512-gilbert-prr0p95-L2-rep25-seed200025-v2/cooja.log,1ee5b628718bcceb7c18b5f1eeeaaf215bfc10256445bb2a4d28c5d0a08667e9,15361,153,success,1,SUCCESS
A-kem512-gilbert-prr0p95-L2-rep26-seed200026-v1,A-kem512-gilbert-prr0p95-L2-rep26-seed200026,A_B1_VS_B2,COOJA_SIMULATION,512,1,gilbert,0.95,2.0,none,200026,valid,none,,,runs/A-kem512-gilbert-prr0p95-L2-rep26-seed200026-v1/cooja.log,b8ffc53c59afe7e3a8540a4cd6a4bd955d9d429829286ae909b2f3a716a286d5,10837,114,success,1,SUCCESS
A-kem512-gilbert-prr0p95-L2-rep26-seed200026-v2,A-kem512-gilbert-prr0p95-L2-rep26-seed200026,A_B1_VS_B2,COOJA_SIMULATION,512,2,gilbert,0.95,2.0,none,200026,valid,none,,,runs/A-kem512-gilbert-prr0p95-L2-rep26-seed200026-v2/cooja.log,b7e72de339e7f3f323d4530806ec780f42367ce09574d5a12e82e935e2855323,14741,146,success,1,SUCCESS
A-kem512-gilbert-prr0p95-L2-rep27-seed200027-v1,A-kem512-gilbert-prr0p95-L2-rep27-seed200027,A_B1_VS_B2,COOJA_SIMULATION,512,1,gilbert,0.95,2.0,none,200027,valid,none,,,runs/A-kem512-gilbert-prr0p95-L2-rep27-seed200027-v1/cooja.log,e5ca0acc3a21736d8596bda3c5545672812eb3226db222e02244abbd490d74de,9540,94,success,0,FAILED_PROTOCOL
A-kem512-gilbert-prr0p95-L2-rep27-seed200027-v2,A-kem512-gilbert-prr0p95-L2-rep27-seed200027,A_B1_VS_B2,COOJA_SIMULATION,512,2,gilbert,0.95,2.0,none,200027,valid,none,,,runs/A-kem512-gilbert-prr0p95-L2-rep27-seed200027-v2/cooja.log,56823288bc5b992ee0aa44abaf28b0db1130aa811af40e3b128ac2ccb147163c,9774,96,success,0,FAILED_PROTOCOL
A-kem512-gilbert-prr0p95-L2-rep28-seed200028-v1,A-kem512-gilbert-prr0p95-L2-rep28-seed200028,A_B1_VS_B2,COOJA_SIMULATION,512,1,gilbert,0.95,2.0,none,200028,valid,none,,,runs/A-kem512-gilbert-prr0p95-L2-rep28-seed200028-v1/cooja.log,6b3f4458e79d019b015f98b7b0dfd05f43662017f9ca64122f0b7e4132e0bea1,10914,115,success,1,SUCCESS
A-kem512-gilbert-prr0p95-L2-rep28-seed200028-v2,A-kem512-gilbert-prr0p95-L2-rep28-seed200028,A_B1_VS_B2,COOJA_SIMULATION,512,2,gilbert,0.95,2.0,none,200028,valid,none,,,runs/A-kem512-gilbert-prr0p95-L2-rep28-seed200028-v2/cooja.log,ee8aa31d3558681b4cbd702d6662f0b8dfef8dfe4871dd109a204b4bc23960da,14818,147,success,1,SUCCESS
A-kem512-gilbert-prr0p95-L2-rep29-seed200029-v1,A-kem512-gilbert-prr0p95-L2-rep29-seed200029,A_B1_VS_B2,COOJA_SIMULATION,512,1,gilbert,0.95,2.0,none,200029,valid,none,,,runs/A-kem512-gilbert-prr0p95-L2-rep29-seed200029-v1/cooja.log,97ed214d4ddd27dccb3eeb0f72affe10835093ffc4663f26a36178c1fe965bc6,12194,122,success,0,FAILED_PROTOCOL
A-kem512-gilbert-prr0p95-L2-rep29-seed200029-v2,A-kem512-gilbert-prr0p95-L2-rep29-seed200029,A_B1_VS_B2,COOJA_SIMULATION,512,2,gilbert,0.95,2.0,none,200029,valid,none,,,runs/A-kem512-gilbert-prr0p95-L2-rep29-seed200029-v2/cooja.log,6d788bc0cfb2ab6d68ccb2a898281c4e9f91367d8e0fcc1a584c1f292c0499a2,15457,154,success,1,SUCCESS
A-kem512-gilbert-prr0p95-L2-rep30-seed200030-v1,A-kem512-gilbert-prr0p95-L2-rep30-seed200030,A_B1_VS_B2,COOJA_SIMULATION,512,1,gilbert,0.95,2.0,none,200030,valid,none,,,runs/A-kem512-gilbert-prr0p95-L2-rep30-seed200030-v1/cooja.log,06bdea382a94f17c3743723ca85cc1738f7e9ddb7d0161cd68d77638e11e92fd,11228,111,success,0,FAILED_PROTOCOL
A-kem512-gilbert-prr0p95-L2-rep30-seed200030-v2,A-kem512-gilbert-prr0p95-L2-rep30-seed200030,A_B1_VS_B2,COOJA_SIMULATION,512,2,gilbert,0.95,2.0,none,200030,valid,none,,,runs/A-kem512-gilbert-prr0p95-L2-rep30-seed200030-v2/cooja.log,18902e7d6450e762e96502b7cc7ee82b76777f003859e4500f0d051db0bb017e,15371,153,success,1,SUCCESS
A-kem512-gilbert-prr0p95-L5-rep01-seed200001-v1,A-kem512-gilbert-prr0p95-L5-rep01-seed200001,A_B1_VS_B2,COOJA_SIMULATION,512,1,gilbert,0.95,5.0,none,200001,valid,none,,,runs/A-kem512-gilbert-prr0p95-L5-rep01-seed200001-v1/cooja.log,865b050c63c8c1c8a7220adeae977320834f8a4cf17e758888e6c859ac6999b1,10911,115,success,1,SUCCESS
A-kem512-gilbert-prr0p95-L5-rep01-seed200001-v2,A-kem512-gilbert-prr0p95-L5-rep01-seed200001,A_B1_VS_B2,COOJA_SIMULATION,512,2,gilbert,0.95,5.0,none,200001,valid,none,,,runs/A-kem512-gilbert-prr0p95-L5-rep01-seed200001-v2/cooja.log,2375c8f59243af62152515e013bc64ef2a09a06f221ddfb3a3d96a23025f0878,14815,147,success,1,SUCCESS
A-kem512-gilbert-prr0p95-L5-rep02-seed200002-v1,A-kem512-gilbert-prr0p95-L5-rep02-seed200002,A_B1_VS_B2,COOJA_SIMULATION,512,1,gilbert,0.95,5.0,none,200002,valid,none,,,runs/A-kem512-gilbert-prr0p95-L5-rep02-seed200002-v1/cooja.log,5e04718b8ddea2c6dbd792ab17d44cb7d4ea8faf05e5744e309150cc05ac5b51,8741,84,success,0,FAILED_PROTOCOL
A-kem512-gilbert-prr0p95-L5-rep02-seed200002-v2,A-kem512-gilbert-prr0p95-L5-rep02-seed200002,A_B1_VS_B2,COOJA_SIMULATION,512,2,gilbert,0.95,5.0,none,200002,valid,none,,,runs/A-kem512-gilbert-prr0p95-L5-rep02-seed200002-v2/cooja.log,d682d7e770095d9c4443fd5014cc6154de54ad9e9eb481a5c6e874a9fcdf1a50,8975,86,success,0,FAILED_PROTOCOL
A-kem512-gilbert-prr0p95-L5-rep03-seed200003-v1,A-kem512-gilbert-prr0p95-L5-rep03-seed200003,A_B1_VS_B2,COOJA_SIMULATION,512,1,gilbert,0.95,5.0,none,200003,valid,none,,,runs/A-kem512-gilbert-prr0p95-L5-rep03-seed200003-v1/cooja.log,e4b3d49ebd27993a625f69df58dcebf64c145e692002e223d9741e3b193d011d,10867,110,success,0,FAILED_PROTOCOL
A-kem512-gilbert-prr0p95-L5-rep03-seed200003-v2,A-kem512-gilbert-prr0p95-L5-rep03-seed200003,A_B1_VS_B2,COOJA_SIMULATION,512,2,gilbert,0.95,5.0,none,200003,valid,none,,,runs/A-kem512-gilbert-prr0p95-L5-rep03-seed200003-v2/cooja.log,37fd59f246b0c2f05ddbe39ae7fd8d9cdeec604f59dc372289c3761fc97d237c,11101,112,success,0,FAILED_PROTOCOL
A-kem512-gilbert-prr0p95-L5-rep04-seed200004-v1,A-kem512-gilbert-prr0p95-L5-rep04-seed200004,A_B1_VS_B2,COOJA_SIMULATION,512,1,gilbert,0.95,5.0,none,200004,valid,none,,,runs/A-kem512-gilbert-prr0p95-L5-rep04-seed200004-v1/cooja.log,0614473fd7eb8deaedf479dd9b10939ee086ed855489c55461ac3d4aee8237a1,10914,115,success,1,SUCCESS
A-kem512-gilbert-prr0p95-L5-rep04-seed200004-v2,A-kem512-gilbert-prr0p95-L5-rep04-seed200004,A_B1_VS_B2,COOJA_SIMULATION,512,2,gilbert,0.95,5.0,none,200004,valid,none,,,runs/A-kem512-gilbert-prr0p95-L5-rep04-seed200004-v2/cooja.log,83b072e602fed4c01233352fe15f3aa13f420afc72b04a89a2326090bf063cb6,14818,147,success,1,SUCCESS
A-kem512-gilbert-prr0p95-L5-rep05-seed200005-v1,A-kem512-gilbert-prr0p95-L5-rep05-seed200005,A_B1_VS_B2,COOJA_SIMULATION,512,1,gilbert,0.95,5.0,none,200005,valid,none,,,runs/A-kem512-gilbert-prr0p95-L5-rep05-seed200005-v1/cooja.log,b5ac6489c02ce6908338986c54e8c4d28af0712f2a36034707937867e7de84a8,11351,115,success,0,FAILED_PROTOCOL
A-kem512-gilbert-prr0p95-L5-rep05-seed200005-v2,A-kem512-gilbert-prr0p95-L5-rep05-seed200005,A_B1_VS_B2,COOJA_SIMULATION,512,2,gilbert,0.95,5.0,none,200005,valid,none,,,runs/A-kem512-gilbert-prr0p95-L5-rep05-seed200005-v2/cooja.log,ed42cdb4186541eb67a67ce837b457add080f805efcfba9daf01e8956a17a64e,11585,117,success,0,FAILED_PROTOCOL
A-kem512-gilbert-prr0p95-L5-rep06-seed200006-v1,A-kem512-gilbert-prr0p95-L5-rep06-seed200006,A_B1_VS_B2,COOJA_SIMULATION,512,1,gilbert,0.95,5.0,none,200006,valid,none,,,runs/A-kem512-gilbert-prr0p95-L5-rep06-seed200006-v1/cooja.log,106a9e1a2576afb87f0b909cbf0141ba9952e4155572b72229ec305a0a89408c,13709,138,success,0,FAILED_PROTOCOL
A-kem512-gilbert-prr0p95-L5-rep06-seed200006-v2,A-kem512-gilbert-prr0p95-L5-rep06-seed200006,A_B1_VS_B2,COOJA_SIMULATION,512,2,gilbert,0.95,5.0,none,200006,valid,none,,,runs/A-kem512-gilbert-prr0p95-L5-rep06-seed200006-v2/cooja.log,09bd7dc5e8e041be4ff6d0bba995bcd89ccbbe7243ddb3e3c9e70ea70e5e72e7,15367,153,success,1,SUCCESS
A-kem512-gilbert-prr0p95-L5-rep07-seed200007-v1,A-kem512-gilbert-prr0p95-L5-rep07-seed200007,A_B1_VS_B2,COOJA_SIMULATION,512,1,gilbert,0.95,5.0,none,200007,valid,none,,,runs/A-kem512-gilbert-prr0p95-L5-rep07-seed200007-v1/cooja.log,78b7f9637b2e531911ec85b8432ba77f5e5de6072c5192f47801aa499166c305,10908,115,success,1,SUCCESS
A-kem512-gilbert-prr0p95-L5-rep07-seed200007-v2,A-kem512-gilbert-prr0p95-L5-rep07-seed200007,A_B1_VS_B2,COOJA_SIMULATION,512,2,gilbert,0.95,5.0,none,200007,valid,none,,,runs/A-kem512-gilbert-prr0p95-L5-rep07-seed200007-v2/cooja.log,588c3573b0b93754d48809ab7e2a8f47d4e813dab535528c72bee65a6959f329,14812,147,success,1,SUCCESS
A-kem512-gilbert-prr0p95-L5-rep08-seed200008-v1,A-kem512-gilbert-prr0p95-L5-rep08-seed200008,A_B1_VS_B2,COOJA_SIMULATION,512,1,gilbert,0.95,5.0,none,200008,valid,none,,,runs/A-kem512-gilbert-prr0p95-L5-rep08-seed200008-v1/cooja.log,81b1b6c59383da83c48bd5012bbf051b0bce769b9d6c14bc711985ea576d0237,14929,153,success,0,FAILED_PROTOCOL
A-kem512-gilbert-prr0p95-L5-rep08-seed200008-v2,A-kem512-gilbert-prr0p95-L5-rep08-seed200008,A_B1_VS_B2,COOJA_SIMULATION,512,2,gilbert,0.95,5.0,none,200008,valid,none,,,runs/A-kem512-gilbert-prr0p95-L5-rep08-seed200008-v2/cooja.log,57eb16445640d3e3763b6b84597e40932f81f5c1e6c68df0b1fa9f9f013ea9f3,15999,161,success,1,SUCCESS
A-kem512-gilbert-prr0p95-L5-rep09-seed200009-v1,A-kem512-gilbert-prr0p95-L5-rep09-seed200009,A_B1_VS_B2,COOJA_SIMULATION,512,1,gilbert,0.95,5.0,none,200009,valid,none,,,runs/A-kem512-gilbert-prr0p95-L5-rep09-seed200009-v1/cooja.log,ea88286ee51332bed6eaccbf73c36ef4ed1b4119fd291399f0128dff6af57a0c,14986,156,success,0,FAILED_PROTOCOL
A-kem512-gilbert-prr0p95-L5-rep09-seed200009-v2,A-kem512-gilbert-prr0p95-L5-rep09-seed200009,A_B1_VS_B2,COOJA_SIMULATION,512,2,gilbert,0.95,5.0,none,200009,valid,none,,,runs/A-kem512-gilbert-prr0p95-L5-rep09-seed200009-v2/cooja.log,7c9f7a1e5a969257c56bf410f21faba2565b679c8b5a2cc521632ac335117b4e,15220,158,success,0,FAILED_PROTOCOL
A-kem512-gilbert-prr0p95-L5-rep10-seed200010-v1,A-kem512-gilbert-prr0p95-L5-rep10-seed200010,A_B1_VS_B2,COOJA_SIMULATION,512,1,gilbert,0.95,5.0,none,200010,valid,none,,,runs/A-kem512-gilbert-prr0p95-L5-rep10-seed200010-v1/cooja.log,cc832a3b9b18afacc71459525eda717895e4d814a27630d9450ba6574d6fed93,10917,115,success,1,SUCCESS
A-kem512-gilbert-prr0p95-L5-rep10-seed200010-v2,A-kem512-gilbert-prr0p95-L5-rep10-seed200010,A_B1_VS_B2,COOJA_SIMULATION,512,2,gilbert,0.95,5.0,none,200010,valid,none,,,runs/A-kem512-gilbert-prr0p95-L5-rep10-seed200010-v2/cooja.log,1158daabcf4cff7e6ef422da4a5bc21ae036b92d4b4aa1efe9491f19b17841ec,14821,147,success,1,SUCCESS
A-kem512-gilbert-prr0p95-L5-rep11-seed200011-v1,A-kem512-gilbert-prr0p95-L5-rep11-seed200011,A_B1_VS_B2,COOJA_SIMULATION,512,1,gilbert,0.95,5.0,none,200011,valid,none,,,runs/A-kem512-gilbert-prr0p95-L5-rep11-seed200011-v1/cooja.log,639ab836e61cf91423f27b83ebd5e597f526ec2011adf277c6ddbb40dc8e0118,11214,118,success,1,SUCCESS
A-kem512-gilbert-prr0p95-L5-rep11-seed200011-v2,A-kem512-gilbert-prr0p95-L5-rep11-seed200011,A_B1_VS_B2,COOJA_SIMULATION,512,2,gilbert,0.95,5.0,none,200011,valid,none,,,runs/A-kem512-gilbert-prr0p95-L5-rep11-seed200011-v2/cooja.log,e6ca8dee9ecd54df84d85ceb87e1ead9664b9e5c398a34dd1300bcf0df5bd7d9,15118,150,success,1,SUCCESS
A-kem512-gilbert-prr0p95-L5-rep12-seed200012-v1,A-kem512-gilbert-prr0p95-L5-rep12-seed200012,A_B1_VS_B2,COOJA_SIMULATION,512,1,gilbert,0.95,5.0,none,200012,valid,none,,,runs/A-kem512-gilbert-prr0p95-L5-rep12-seed200012-v1/cooja.log,f3a4102e10ebda9b72f05e5bb50961c6aa163eb37df571667484737531312d48,11671,119,success,0,FAILED_PROTOCOL
A-kem512-gilbert-prr0p95-L5-rep12-seed200012-v2,A-kem512-gilbert-prr0p95-L5-rep12-seed200012,A_B1_VS_B2,COOJA_SIMULATION,512,2,gilbert,0.95,5.0,none,200012,valid,none,,,runs/A-kem512-gilbert-prr0p95-L5-rep12-seed200012-v2/cooja.log,c31d7679076028e03e1d2581081adf7feb9c6f790787bba4ab3daa1f09b9b569,11905,121,success,0,FAILED_PROTOCOL
A-kem512-gilbert-prr0p95-L5-rep13-seed200013-v1,A-kem512-gilbert-prr0p95-L5-rep13-seed200013,A_B1_VS_B2,COOJA_SIMULATION,512,1,gilbert,0.95,5.0,none,200013,valid,none,,,runs/A-kem512-gilbert-prr0p95-L5-rep13-seed200013-v1/cooja.log,168d40acd4a27c15180e5be5b4793597d33ee5a58ffd82fde2e5838176e3155e,10917,115,success,1,SUCCESS
A-kem512-gilbert-prr0p95-L5-rep13-seed200013-v2,A-kem512-gilbert-prr0p95-L5-rep13-seed200013,A_B1_VS_B2,COOJA_SIMULATION,512,2,gilbert,0.95,5.0,none,200013,valid,none,,,runs/A-kem512-gilbert-prr0p95-L5-rep13-seed200013-v2/cooja.log,eeda5750a9fb05f4914a36725d858b654e1f034ea9c849e6dfd7525a0ecb24a1,14821,147,success,1,SUCCESS
A-kem512-gilbert-prr0p95-L5-rep14-seed200014-v1,A-kem512-gilbert-prr0p95-L5-rep14-seed200014,A_B1_VS_B2,COOJA_SIMULATION,512,1,gilbert,0.95,5.0,none,200014,valid,none,,,runs/A-kem512-gilbert-prr0p95-L5-rep14-seed200014-v1/cooja.log,baf414051b012b81dcfacd39d09b97788be6079766a8ea76c33686bfe0484248,10917,115,success,1,SUCCESS
A-kem512-gilbert-prr0p95-L5-rep14-seed200014-v2,A-kem512-gilbert-prr0p95-L5-rep14-seed200014,A_B1_VS_B2,COOJA_SIMULATION,512,2,gilbert,0.95,5.0,none,200014,valid,none,,,runs/A-kem512-gilbert-prr0p95-L5-rep14-seed200014-v2/cooja.log,b8efd70f0abf8b376ad7f2603bb6d5b8c9a309abe0ba9c4080f48473df80656a,14821,147,success,1,SUCCESS
A-kem512-gilbert-prr0p95-L5-rep15-seed200015-v1,A-kem512-gilbert-prr0p95-L5-rep15-seed200015,A_B1_VS_B2,COOJA_SIMULATION,512,1,gilbert,0.95,5.0,none,200015,valid,none,,,runs/A-kem512-gilbert-prr0p95-L5-rep15-seed200015-v1/cooja.log,2aa6e4ceb9fd0227baa42bc29ba9e5527efb642fcc678a817e2d04832054b40e,17473,179,success,0,FAILED_PROTOCOL
A-kem512-gilbert-prr0p95-L5-rep15-seed200015-v2,A-kem512-gilbert-prr0p95-L5-rep15-seed200015,A_B1_VS_B2,COOJA_SIMULATION,512,2,gilbert,0.95,5.0,none,200015,valid,none,,,runs/A-kem512-gilbert-prr0p95-L5-rep15-seed200015-v2/cooja.log,2b6198021437187d21b326741af5e93ecd77f01d42bf73ace7ff708fc79b5b60,18479,191,success,0,FAILED_PROTOCOL
A-kem512-gilbert-prr0p95-L5-rep16-seed200016-v1,A-kem512-gilbert-prr0p95-L5-rep16-seed200016,A_B1_VS_B2,COOJA_SIMULATION,512,1,gilbert,0.95,5.0,none,200016,valid,none,,,runs/A-kem512-gilbert-prr0p95-L5-rep16-seed200016-v1/cooja.log,1081468e2d538d4f2d1a03468f7accfee635aeab06d8a4b38ef38ca39a89ad59,11941,121,success,0,FAILED_PROTOCOL
A-kem512-gilbert-prr0p95-L5-rep16-seed200016-v2,A-kem512-gilbert-prr0p95-L5-rep16-seed200016,A_B1_VS_B2,COOJA_SIMULATION,512,2,gilbert,0.95,5.0,none,200016,valid,none,,,runs/A-kem512-gilbert-prr0p95-L5-rep16-seed200016-v2/cooja.log,1ec5d7d3c45c50757bc44bc819a8d38270c55d940a76b81b6cc850b7eca7bdec,12175,123,success,0,FAILED_PROTOCOL
A-kem512-gilbert-prr0p95-L5-rep17-seed200017-v1,A-kem512-gilbert-prr0p95-L5-rep17-seed200017,A_B1_VS_B2,COOJA_SIMULATION,512,1,gilbert,0.95,5.0,none,200017,valid,none,,,runs/A-kem512-gilbert-prr0p95-L5-rep17-seed200017-v1/cooja.log,556c768e3a43155020469a1987c34fed9e8afb208895d52874d840701d6286f0,10917,115,success,1,SUCCESS
A-kem512-gilbert-prr0p95-L5-rep17-seed200017-v2,A-kem512-gilbert-prr0p95-L5-rep17-seed200017,A_B1_VS_B2,COOJA_SIMULATION,512,2,gilbert,0.95,5.0,none,200017,valid,none,,,runs/A-kem512-gilbert-prr0p95-L5-rep17-seed200017-v2/cooja.log,57aeb3192cc6a339798cb6a4fef3e4ccfe0df6b76a95f90ed26e106e656035e2,14821,147,success,1,SUCCESS
A-kem512-gilbert-prr0p95-L5-rep18-seed200018-v1,A-kem512-gilbert-prr0p95-L5-rep18-seed200018,A_B1_VS_B2,COOJA_SIMULATION,512,1,gilbert,0.95,5.0,none,200018,valid,none,,,runs/A-kem512-gilbert-prr0p95-L5-rep18-seed200018-v1/cooja.log,5e99d6bff6bce713554d397fd04b87d720f1bd1e7782a857d5ee5ca54da59d11,10911,115,success,1,SUCCESS
A-kem512-gilbert-prr0p95-L5-rep18-seed200018-v2,A-kem512-gilbert-prr0p95-L5-rep18-seed200018,A_B1_VS_B2,COOJA_SIMULATION,512,2,gilbert,0.95,5.0,none,200018,valid,none,,,runs/A-kem512-gilbert-prr0p95-L5-rep18-seed200018-v2/cooja.log,03337bfd107d93ef31313e40f1f131c0244f931e666ae6d261ef824660eeeb76,14815,147,success,1,SUCCESS
A-kem512-gilbert-prr0p95-L5-rep19-seed200019-v1,A-kem512-gilbert-prr0p95-L5-rep19-seed200019,A_B1_VS_B2,COOJA_SIMULATION,512,1,gilbert,0.95,5.0,none,200019,valid,none,,,runs/A-kem512-gilbert-prr0p95-L5-rep19-seed200019-v1/cooja.log,a97eae16cb2564d7fc88295e80139f3ee528ee55be9053b49a2b73fe82dd9afe,10917,115,success,1,SUCCESS
A-kem512-gilbert-prr0p95-L5-rep19-seed200019-v2,A-kem512-gilbert-prr0p95-L5-rep19-seed200019,A_B1_VS_B2,COOJA_SIMULATION,512,2,gilbert,0.95,5.0,none,200019,valid,none,,,runs/A-kem512-gilbert-prr0p95-L5-rep19-seed200019-v2/cooja.log,a429c78fb583c9e05a939e369f854045a6bcef57bd32bb9006e1dae037480e1f,14821,147,success,1,SUCCESS
A-kem512-gilbert-prr0p95-L5-rep20-seed200020-v1,A-kem512-gilbert-prr0p95-L5-rep20-seed200020,A_B1_VS_B2,COOJA_SIMULATION,512,1,gilbert,0.95,5.0,none,200020,valid,none,,,runs/A-kem512-gilbert-prr0p95-L5-rep20-seed200020-v1/cooja.log,9bc8d61623e57aad9e642d0849d9f4a40ce8024f00dfb04cd64bd8728701b7c7,13206,132,success,0,FAILED_PROTOCOL
A-kem512-gilbert-prr0p95-L5-rep20-seed200020-v2,A-kem512-gilbert-prr0p95-L5-rep20-seed200020,A_B1_VS_B2,COOJA_SIMULATION,512,2,gilbert,0.95,5.0,none,200020,valid,none,,,runs/A-kem512-gilbert-prr0p95-L5-rep20-seed200020-v2/cooja.log,b1f8fea60502c8d3ecb59ddeef06fe73e0c9c9776342eeb8e25421afca5bc28b,16277,164,success,1,SUCCESS
A-kem512-gilbert-prr0p95-L5-rep21-seed200021-v1,A-kem512-gilbert-prr0p95-L5-rep21-seed200021,A_B1_VS_B2,COOJA_SIMULATION,512,1,gilbert,0.95,5.0,none,200021,valid,none,,,runs/A-kem512-gilbert-prr0p95-L5-rep21-seed200021-v1/cooja.log,e47560144d6d5efc1a37ad2ebc9e224faf0deb7fb9a425c68d7a407064c324ef,10908,115,success,1,SUCCESS
A-kem512-gilbert-prr0p95-L5-rep21-seed200021-v2,A-kem512-gilbert-prr0p95-L5-rep21-seed200021,A_B1_VS_B2,COOJA_SIMULATION,512,2,gilbert,0.95,5.0,none,200021,valid,none,,,runs/A-kem512-gilbert-prr0p95-L5-rep21-seed200021-v2/cooja.log,6bcf8e6b640bbdddbc81867004c1bab33a315c84bfb41a2a1deedc775844b19b,14812,147,success,1,SUCCESS
A-kem512-gilbert-prr0p95-L5-rep22-seed200022-v1,A-kem512-gilbert-prr0p95-L5-rep22-seed200022,A_B1_VS_B2,COOJA_SIMULATION,512,1,gilbert,0.95,5.0,none,200022,valid,none,,,runs/A-kem512-gilbert-prr0p95-L5-rep22-seed200022-v1/cooja.log,583ab153f368d4f325f2aa6ea5e7cb51fc7a9bdeed5e57e42d04b766cb282790,11555,115,success,0,FAILED_PROTOCOL
A-kem512-gilbert-prr0p95-L5-rep22-seed200022-v2,A-kem512-gilbert-prr0p95-L5-rep22-seed200022,A_B1_VS_B2,COOJA_SIMULATION,512,2,gilbert,0.95,5.0,none,200022,valid,none,,,runs/A-kem512-gilbert-prr0p95-L5-rep22-seed200022-v2/cooja.log,43d4b0ad5c51db569d546ec2bf7cbc6c4a9f865dbd247815568ef1564d9c4e00,17154,173,success,1,SUCCESS
A-kem512-gilbert-prr0p95-L5-rep23-seed200023-v1,A-kem512-gilbert-prr0p95-L5-rep23-seed200023,A_B1_VS_B2,COOJA_SIMULATION,512,1,gilbert,0.95,5.0,none,200023,valid,none,,,runs/A-kem512-gilbert-prr0p95-L5-rep23-seed200023-v1/cooja.log,394cf9d9cff4ab9a2e05ffbccf2e329567d6cb0f480612313480b8c69d4ed5a6,10914,115,success,1,SUCCESS
A-kem512-gilbert-prr0p95-L5-rep23-seed200023-v2,A-kem512-gilbert-prr0p95-L5-rep23-seed200023,A_B1_VS_B2,COOJA_SIMULATION,512,2,gilbert,0.95,5.0,none,200023,valid,none,,,runs/A-kem512-gilbert-prr0p95-L5-rep23-seed200023-v2/cooja.log,0d8ec5967de223b8a2569b1b10179ccb98c1306d8fea18ea3f8d21f8c07f458d,14818,147,success,1,SUCCESS
A-kem512-gilbert-prr0p95-L5-rep24-seed200024-v1,A-kem512-gilbert-prr0p95-L5-rep24-seed200024,A_B1_VS_B2,COOJA_SIMULATION,512,1,gilbert,0.95,5.0,none,200024,valid,none,,,runs/A-kem512-gilbert-prr0p95-L5-rep24-seed200024-v1/cooja.log,d6ee5001e287103052a76565609fec6da146ec6974879ad4c131612f87316c76,10914,115,success,1,SUCCESS
A-kem512-gilbert-prr0p95-L5-rep24-seed200024-v2,A-kem512-gilbert-prr0p95-L5-rep24-seed200024,A_B1_VS_B2,COOJA_SIMULATION,512,2,gilbert,0.95,5.0,none,200024,valid,none,,,runs/A-kem512-gilbert-prr0p95-L5-rep24-seed200024-v2/cooja.log,f52bae8ae256832184ed87e3ce8dca68cbfbc5bab5ba106159d63c88519fa592,14818,147,success,1,SUCCESS
A-kem512-gilbert-prr0p95-L5-rep25-seed200025-v1,A-kem512-gilbert-prr0p95-L5-rep25-seed200025,A_B1_VS_B2,COOJA_SIMULATION,512,1,gilbert,0.95,5.0,none,200025,valid,none,,,runs/A-kem512-gilbert-prr0p95-L5-rep25-seed200025-v1/cooja.log,d116f6fdb22622e51cd32cd99f21d7bb901067c370cdc6526e547aeab1bb74ea,10908,115,success,1,SUCCESS
A-kem512-gilbert-prr0p95-L5-rep25-seed200025-v2,A-kem512-gilbert-prr0p95-L5-rep25-seed200025,A_B1_VS_B2,COOJA_SIMULATION,512,2,gilbert,0.95,5.0,none,200025,valid,none,,,runs/A-kem512-gilbert-prr0p95-L5-rep25-seed200025-v2/cooja.log,390f90b1d57aba1abac3db82c8d4aab3031bcbd159da3d186916b234cb49e612,14812,147,success,1,SUCCESS
A-kem512-gilbert-prr0p95-L5-rep26-seed200026-v1,A-kem512-gilbert-prr0p95-L5-rep26-seed200026,A_B1_VS_B2,COOJA_SIMULATION,512,1,gilbert,0.95,5.0,none,200026,valid,none,,,runs/A-kem512-gilbert-prr0p95-L5-rep26-seed200026-v1/cooja.log,bf1c1415b48e281ab9aaea0c778b18c730730db6ee0e93d244fafd0d9c718a7c,10911,115,success,1,SUCCESS
A-kem512-gilbert-prr0p95-L5-rep26-seed200026-v2,A-kem512-gilbert-prr0p95-L5-rep26-seed200026,A_B1_VS_B2,COOJA_SIMULATION,512,2,gilbert,0.95,5.0,none,200026,valid,none,,,runs/A-kem512-gilbert-prr0p95-L5-rep26-seed200026-v2/cooja.log,36d565352896aceb22f20f88a300c6cdb450380b4857294a2ef1776c1a127739,14815,147,success,1,SUCCESS
A-kem512-gilbert-prr0p95-L5-rep27-seed200027-v1,A-kem512-gilbert-prr0p95-L5-rep27-seed200027,A_B1_VS_B2,COOJA_SIMULATION,512,1,gilbert,0.95,5.0,none,200027,valid,none,,,runs/A-kem512-gilbert-prr0p95-L5-rep27-seed200027-v1/cooja.log,ca3ef7ac9ff28943a039bbe86365e1964ae238cfc52698f3706545632e983194,10990,110,success,0,FAILED_PROTOCOL
A-kem512-gilbert-prr0p95-L5-rep27-seed200027-v2,A-kem512-gilbert-prr0p95-L5-rep27-seed200027,A_B1_VS_B2,COOJA_SIMULATION,512,2,gilbert,0.95,5.0,none,200027,valid,none,,,runs/A-kem512-gilbert-prr0p95-L5-rep27-seed200027-v2/cooja.log,6f00cfae5695103a1acfa70fa283b58674af4d1fd6d18a05a76d49df11cb67f5,11224,112,success,0,FAILED_PROTOCOL
A-kem512-gilbert-prr0p95-L5-rep28-seed200028-v1,A-kem512-gilbert-prr0p95-L5-rep28-seed200028,A_B1_VS_B2,COOJA_SIMULATION,512,1,gilbert,0.95,5.0,none,200028,valid,none,,,runs/A-kem512-gilbert-prr0p95-L5-rep28-seed200028-v1/cooja.log,6b3f4458e79d019b015f98b7b0dfd05f43662017f9ca64122f0b7e4132e0bea1,10914,115,success,1,SUCCESS
A-kem512-gilbert-prr0p95-L5-rep28-seed200028-v2,A-kem512-gilbert-prr0p95-L5-rep28-seed200028,A_B1_VS_B2,COOJA_SIMULATION,512,2,gilbert,0.95,5.0,none,200028,valid,none,,,runs/A-kem512-gilbert-prr0p95-L5-rep28-seed200028-v2/cooja.log,ee8aa31d3558681b4cbd702d6662f0b8dfef8dfe4871dd109a204b4bc23960da,14818,147,success,1,SUCCESS
A-kem512-gilbert-prr0p95-L5-rep29-seed200029-v1,A-kem512-gilbert-prr0p95-L5-rep29-seed200029,A_B1_VS_B2,COOJA_SIMULATION,512,1,gilbert,0.95,5.0,none,200029,valid,none,,,runs/A-kem512-gilbert-prr0p95-L5-rep29-seed200029-v1/cooja.log,80f9f3bc1ec56798da2b6e582347e40d8ca6ad7ffa394363789ee810f30f7cd1,11757,116,success,0,FAILED_PROTOCOL
A-kem512-gilbert-prr0p95-L5-rep29-seed200029-v2,A-kem512-gilbert-prr0p95-L5-rep29-seed200029,A_B1_VS_B2,COOJA_SIMULATION,512,2,gilbert,0.95,5.0,none,200029,valid,none,,,runs/A-kem512-gilbert-prr0p95-L5-rep29-seed200029-v2/cooja.log,e38ebc66f4239e217fae9e7636c1ddfd3e2def06eb2dfc3a071ea0b9adeeda40,13479,134,success,0,FAILED_PROTOCOL
A-kem512-gilbert-prr0p95-L5-rep30-seed200030-v1,A-kem512-gilbert-prr0p95-L5-rep30-seed200030,A_B1_VS_B2,COOJA_SIMULATION,512,1,gilbert,0.95,5.0,none,200030,valid,none,,,runs/A-kem512-gilbert-prr0p95-L5-rep30-seed200030-v1/cooja.log,72f0c9a7a55854ffc40ffa8bb175d4825e467ff25817599c3c46478731ad17b7,14253,143,success,0,FAILED_PROTOCOL
A-kem512-gilbert-prr0p95-L5-rep30-seed200030-v2,A-kem512-gilbert-prr0p95-L5-rep30-seed200030,A_B1_VS_B2,COOJA_SIMULATION,512,2,gilbert,0.95,5.0,none,200030,valid,none,,,runs/A-kem512-gilbert-prr0p95-L5-rep30-seed200030-v2/cooja.log,6e1758ab138030a481f5f32966de4ac0eb708f6c397e5ecc78d76f8ef275fcb6,16558,170,success,0,FAILED_PROTOCOL
A-kem512-gilbert-prr0p95-L10-rep01-seed200001-v1,A-kem512-gilbert-prr0p95-L10-rep01-seed200001,A_B1_VS_B2,COOJA_SIMULATION,512,1,gilbert,0.95,10.0,none,200001,valid,none,,,runs/A-kem512-gilbert-prr0p95-L10-rep01-seed200001-v1/cooja.log,865b050c63c8c1c8a7220adeae977320834f8a4cf17e758888e6c859ac6999b1,10911,115,success,1,SUCCESS
A-kem512-gilbert-prr0p95-L10-rep01-seed200001-v2,A-kem512-gilbert-prr0p95-L10-rep01-seed200001,A_B1_VS_B2,COOJA_SIMULATION,512,2,gilbert,0.95,10.0,none,200001,valid,none,,,runs/A-kem512-gilbert-prr0p95-L10-rep01-seed200001-v2/cooja.log,2375c8f59243af62152515e013bc64ef2a09a06f221ddfb3a3d96a23025f0878,14815,147,success,1,SUCCESS
A-kem512-gilbert-prr0p95-L10-rep02-seed200002-v1,A-kem512-gilbert-prr0p95-L10-rep02-seed200002,A_B1_VS_B2,COOJA_SIMULATION,512,1,gilbert,0.95,10.0,none,200002,valid,none,,,runs/A-kem512-gilbert-prr0p95-L10-rep02-seed200002-v1/cooja.log,5e04718b8ddea2c6dbd792ab17d44cb7d4ea8faf05e5744e309150cc05ac5b51,8741,84,success,0,FAILED_PROTOCOL
A-kem512-gilbert-prr0p95-L10-rep02-seed200002-v2,A-kem512-gilbert-prr0p95-L10-rep02-seed200002,A_B1_VS_B2,COOJA_SIMULATION,512,2,gilbert,0.95,10.0,none,200002,valid,none,,,runs/A-kem512-gilbert-prr0p95-L10-rep02-seed200002-v2/cooja.log,d682d7e770095d9c4443fd5014cc6154de54ad9e9eb481a5c6e874a9fcdf1a50,8975,86,success,0,FAILED_PROTOCOL
A-kem512-gilbert-prr0p95-L10-rep03-seed200003-v1,A-kem512-gilbert-prr0p95-L10-rep03-seed200003,A_B1_VS_B2,COOJA_SIMULATION,512,1,gilbert,0.95,10.0,none,200003,valid,none,,,runs/A-kem512-gilbert-prr0p95-L10-rep03-seed200003-v1/cooja.log,6b78d8faa2bdb5d585969febb16c6fb94852823a3cca6139507dbe961fe3f13e,13060,134,success,0,FAILED_PROTOCOL
A-kem512-gilbert-prr0p95-L10-rep03-seed200003-v2,A-kem512-gilbert-prr0p95-L10-rep03-seed200003,A_B1_VS_B2,COOJA_SIMULATION,512,2,gilbert,0.95,10.0,none,200003,valid,none,,,runs/A-kem512-gilbert-prr0p95-L10-rep03-seed200003-v2/cooja.log,e2028f05280ccecbceb22aecab36fad37187a8f13bcfaaf711ca155f76deb1c9,13294,136,success,0,FAILED_PROTOCOL
A-kem512-gilbert-prr0p95-L10-rep04-seed200004-v1,A-kem512-gilbert-prr0p95-L10-rep04-seed200004,A_B1_VS_B2,COOJA_SIMULATION,512,1,gilbert,0.95,10.0,none,200004,valid,none,,,runs/A-kem512-gilbert-prr0p95-L10-rep04-seed200004-v1/cooja.log,0614473fd7eb8deaedf479dd9b10939ee086ed855489c55461ac3d4aee8237a1,10914,115,success,1,SUCCESS
A-kem512-gilbert-prr0p95-L10-rep04-seed200004-v2,A-kem512-gilbert-prr0p95-L10-rep04-seed200004,A_B1_VS_B2,COOJA_SIMULATION,512,2,gilbert,0.95,10.0,none,200004,valid,none,,,runs/A-kem512-gilbert-prr0p95-L10-rep04-seed200004-v2/cooja.log,83b072e602fed4c01233352fe15f3aa13f420afc72b04a89a2326090bf063cb6,14818,147,success,1,SUCCESS
A-kem512-gilbert-prr0p95-L10-rep05-seed200005-v1,A-kem512-gilbert-prr0p95-L10-rep05-seed200005,A_B1_VS_B2,COOJA_SIMULATION,512,1,gilbert,0.95,10.0,none,200005,valid,none,,,runs/A-kem512-gilbert-prr0p95-L10-rep05-seed200005-v1/cooja.log,b5ac6489c02ce6908338986c54e8c4d28af0712f2a36034707937867e7de84a8,11351,115,success,0,FAILED_PROTOCOL
A-kem512-gilbert-prr0p95-L10-rep05-seed200005-v2,A-kem512-gilbert-prr0p95-L10-rep05-seed200005,A_B1_VS_B2,COOJA_SIMULATION,512,2,gilbert,0.95,10.0,none,200005,valid,none,,,runs/A-kem512-gilbert-prr0p95-L10-rep05-seed200005-v2/cooja.log,ed42cdb4186541eb67a67ce837b457add080f805efcfba9daf01e8956a17a64e,11585,117,success,0,FAILED_PROTOCOL
A-kem512-gilbert-prr0p95-L10-rep06-seed200006-v1,A-kem512-gilbert-prr0p95-L10-rep06-seed200006,A_B1_VS_B2,COOJA_SIMULATION,512,1,gilbert,0.95,10.0,none,200006,valid,none,,,runs/A-kem512-gilbert-prr0p95-L10-rep06-seed200006-v1/cooja.log,c381990c44c36164114b51348dfe7b12961331d31c288e6ba78a3bd2357cb2c8,13529,136,success,0,FAILED_PROTOCOL
A-kem512-gilbert-prr0p95-L10-rep06-seed200006-v2,A-kem512-gilbert-prr0p95-L10-rep06-seed200006,A_B1_VS_B2,COOJA_SIMULATION,512,2,gilbert,0.95,10.0,none,200006,valid,none,,,runs/A-kem512-gilbert-prr0p95-L10-rep06-seed200006-v2/cooja.log,defd74032d2f897c563a9b4a0d9390b55d9ec13c9f0bb1e566ae618e0895621c,15686,157,success,1,SUCCESS
A-kem512-gilbert-prr0p95-L10-rep07-seed200007-v1,A-kem512-gilbert-prr0p95-L10-rep07-seed200007,A_B1_VS_B2,COOJA_SIMULATION,512,1,gilbert,0.95,10.0,none,200007,valid,none,,,runs/A-kem512-gilbert-prr0p95-L10-rep07-seed200007-v1/cooja.log,78b7f9637b2e531911ec85b8432ba77f5e5de6072c5192f47801aa499166c305,10908,115,success,1,SUCCESS
A-kem512-gilbert-prr0p95-L10-rep07-seed200007-v2,A-kem512-gilbert-prr0p95-L10-rep07-seed200007,A_B1_VS_B2,COOJA_SIMULATION,512,2,gilbert,0.95,10.0,none,200007,valid,none,,,runs/A-kem512-gilbert-prr0p95-L10-rep07-seed200007-v2/cooja.log,588c3573b0b93754d48809ab7e2a8f47d4e813dab535528c72bee65a6959f329,14812,147,success,1,SUCCESS
A-kem512-gilbert-prr0p95-L10-rep08-seed200008-v1,A-kem512-gilbert-prr0p95-L10-rep08-seed200008,A_B1_VS_B2,COOJA_SIMULATION,512,1,gilbert,0.95,10.0,none,200008,valid,none,,,runs/A-kem512-gilbert-prr0p95-L10-rep08-seed200008-v1/cooja.log,81b1b6c59383da83c48bd5012bbf051b0bce769b9d6c14bc711985ea576d0237,14929,153,success,0,FAILED_PROTOCOL
A-kem512-gilbert-prr0p95-L10-rep08-seed200008-v2,A-kem512-gilbert-prr0p95-L10-rep08-seed200008,A_B1_VS_B2,COOJA_SIMULATION,512,2,gilbert,0.95,10.0,none,200008,valid,none,,,runs/A-kem512-gilbert-prr0p95-L10-rep08-seed200008-v2/cooja.log,73ecde45be441c427b7f9e334546abfbee03cf8941aaa0c9ce5fcd56a641d85f,15999,161,success,1,SUCCESS
A-kem512-gilbert-prr0p95-L10-rep09-seed200009-v1,A-kem512-gilbert-prr0p95-L10-rep09-seed200009,A_B1_VS_B2,COOJA_SIMULATION,512,1,gilbert,0.95,10.0,none,200009,valid,none,,,runs/A-kem512-gilbert-prr0p95-L10-rep09-seed200009-v1/cooja.log,d302f3f3cab327f9be35bb65d82fcde2003b129e15a9d708426fa353c3f8d792,10914,115,success,1,SUCCESS
A-kem512-gilbert-prr0p95-L10-rep09-seed200009-v2,A-kem512-gilbert-prr0p95-L10-rep09-seed200009,A_B1_VS_B2,COOJA_SIMULATION,512,2,gilbert,0.95,10.0,none,200009,valid,none,,,runs/A-kem512-gilbert-prr0p95-L10-rep09-seed200009-v2/cooja.log,86fe69e367cba4307d7696b8fb5c490eebf4118b5e368258e6b2ac1819ba7025,14818,147,success,1,SUCCESS
A-kem512-gilbert-prr0p95-L10-rep10-seed200010-v1,A-kem512-gilbert-prr0p95-L10-rep10-seed200010,A_B1_VS_B2,COOJA_SIMULATION,512,1,gilbert,0.95,10.0,none,200010,valid,none,,,runs/A-kem512-gilbert-prr0p95-L10-rep10-seed200010-v1/cooja.log,cc832a3b9b18afacc71459525eda717895e4d814a27630d9450ba6574d6fed93,10917,115,success,1,SUCCESS
A-kem512-gilbert-prr0p95-L10-rep10-seed200010-v2,A-kem512-gilbert-prr0p95-L10-rep10-seed200010,A_B1_VS_B2,COOJA_SIMULATION,512,2,gilbert,0.95,10.0,none,200010,valid,none,,,runs/A-kem512-gilbert-prr0p95-L10-rep10-seed200010-v2/cooja.log,1158daabcf4cff7e6ef422da4a5bc21ae036b92d4b4aa1efe9491f19b17841ec,14821,147,success,1,SUCCESS
A-kem512-gilbert-prr0p95-L10-rep11-seed200011-v1,A-kem512-gilbert-prr0p95-L10-rep11-seed200011,A_B1_VS_B2,COOJA_SIMULATION,512,1,gilbert,0.95,10.0,none,200011,valid,none,,,runs/A-kem512-gilbert-prr0p95-L10-rep11-seed200011-v1/cooja.log,bad1640ae97bd546cc818d770157050bee92c9fc7bffce40ede8f1d70ed87c64,10908,115,success,1,SUCCESS
A-kem512-gilbert-prr0p95-L10-rep11-seed200011-v2,A-kem512-gilbert-prr0p95-L10-rep11-seed200011,A_B1_VS_B2,COOJA_SIMULATION,512,2,gilbert,0.95,10.0,none,200011,valid,none,,,runs/A-kem512-gilbert-prr0p95-L10-rep11-seed200011-v2/cooja.log,ee9552d9a10e1699006b43879dc3392ed61225076965357b7669d4d221df2dfd,14812,147,success,1,SUCCESS
A-kem512-gilbert-prr0p95-L10-rep12-seed200012-v1,A-kem512-gilbert-prr0p95-L10-rep12-seed200012,A_B1_VS_B2,COOJA_SIMULATION,512,1,gilbert,0.95,10.0,none,200012,valid,none,,,runs/A-kem512-gilbert-prr0p95-L10-rep12-seed200012-v1/cooja.log,092e384b2d4f2c12eb2b5734283ce9b48c3846d502f350fd2520ea896068003a,8926,86,success,0,FAILED_PROTOCOL
A-kem512-gilbert-prr0p95-L10-rep12-seed200012-v2,A-kem512-gilbert-prr0p95-L10-rep12-seed200012,A_B1_VS_B2,COOJA_SIMULATION,512,2,gilbert,0.95,10.0,none,200012,valid,none,,,runs/A-kem512-gilbert-prr0p95-L10-rep12-seed200012-v2/cooja.log,47a6b1ee09347810debfc0df07f1c606f26ad844d035a0ec9a854ae44dda3e3c,9160,88,success,0,FAILED_PROTOCOL
A-kem512-gilbert-prr0p95-L10-rep13-seed200013-v1,A-kem512-gilbert-prr0p95-L10-rep13-seed200013,A_B1_VS_B2,COOJA_SIMULATION,512,1,gilbert,0.95,10.0,none,200013,valid,none,,,runs/A-kem512-gilbert-prr0p95-L10-rep13-seed200013-v1/cooja.log,168d40acd4a27c15180e5be5b4793597d33ee5a58ffd82fde2e5838176e3155e,10917,115,success,1,SUCCESS
A-kem512-gilbert-prr0p95-L10-rep13-seed200013-v2,A-kem512-gilbert-prr0p95-L10-rep13-seed200013,A_B1_VS_B2,COOJA_SIMULATION,512,2,gilbert,0.95,10.0,none,200013,valid,none,,,runs/A-kem512-gilbert-prr0p95-L10-rep13-seed200013-v2/cooja.log,eeda5750a9fb05f4914a36725d858b654e1f034ea9c849e6dfd7525a0ecb24a1,14821,147,success,1,SUCCESS
A-kem512-gilbert-prr0p95-L10-rep14-seed200014-v1,A-kem512-gilbert-prr0p95-L10-rep14-seed200014,A_B1_VS_B2,COOJA_SIMULATION,512,1,gilbert,0.95,10.0,none,200014,valid,none,,,runs/A-kem512-gilbert-prr0p95-L10-rep14-seed200014-v1/cooja.log,baf414051b012b81dcfacd39d09b97788be6079766a8ea76c33686bfe0484248,10917,115,success,1,SUCCESS
A-kem512-gilbert-prr0p95-L10-rep14-seed200014-v2,A-kem512-gilbert-prr0p95-L10-rep14-seed200014,A_B1_VS_B2,COOJA_SIMULATION,512,2,gilbert,0.95,10.0,none,200014,valid,none,,,runs/A-kem512-gilbert-prr0p95-L10-rep14-seed200014-v2/cooja.log,b8efd70f0abf8b376ad7f2603bb6d5b8c9a309abe0ba9c4080f48473df80656a,14821,147,success,1,SUCCESS
A-kem512-gilbert-prr0p95-L10-rep15-seed200015-v1,A-kem512-gilbert-prr0p95-L10-rep15-seed200015,A_B1_VS_B2,COOJA_SIMULATION,512,1,gilbert,0.95,10.0,none,200015,valid,none,,,runs/A-kem512-gilbert-prr0p95-L10-rep15-seed200015-v1/cooja.log,86a680a3f723c5107956dde605f92d7a9300b8fb7dc0d6c4e5bdcc717fd78cf3,19571,203,success,0,FAILED_PROTOCOL
A-kem512-gilbert-prr0p95-L10-rep15-seed200015-v2,A-kem512-gilbert-prr0p95-L10-rep15-seed200015,A_B1_VS_B2,COOJA_SIMULATION,512,2,gilbert,0.95,10.0,none,200015,valid,none,,,runs/A-kem512-gilbert-prr0p95-L10-rep15-seed200015-v2/cooja.log,e23cac9250ec45180c52ecec5d7459bcbf852b998f83d6e514343d56c2a62e59,22138,233,success,0,FAILED_PROTOCOL
A-kem512-gilbert-prr0p95-L10-rep16-seed200016-v1,A-kem512-gilbert-prr0p95-L10-rep16-seed200016,A_B1_VS_B2,COOJA_SIMULATION,512,1,gilbert,0.95,10.0,none,200016,valid,none,,,runs/A-kem512-gilbert-prr0p95-L10-rep16-seed200016-v1/cooja.log,5bb129ed0dbc5790400fb81015e78d5164f717ac67cb7a1dcde8506bf2eba271,8473,81,success,0,FAILED_PROTOCOL
A-kem512-gilbert-prr0p95-L10-rep16-seed200016-v2,A-kem512-gilbert-prr0p95-L10-rep16-seed200016,A_B1_VS_B2,COOJA_SIMULATION,512,2,gilbert,0.95,10.0,none,200016,valid,none,,,runs/A-kem512-gilbert-prr0p95-L10-rep16-seed200016-v2/cooja.log,466bc3ceba64ee5f6a275f6bb6a1058df451dcaf43c87a915a220d832b84ab0c,8707,83,success,0,FAILED_PROTOCOL
A-kem512-gilbert-prr0p95-L10-rep17-seed200017-v1,A-kem512-gilbert-prr0p95-L10-rep17-seed200017,A_B1_VS_B2,COOJA_SIMULATION,512,1,gilbert,0.95,10.0,none,200017,valid,none,,,runs/A-kem512-gilbert-prr0p95-L10-rep17-seed200017-v1/cooja.log,556c768e3a43155020469a1987c34fed9e8afb208895d52874d840701d6286f0,10917,115,success,1,SUCCESS
A-kem512-gilbert-prr0p95-L10-rep17-seed200017-v2,A-kem512-gilbert-prr0p95-L10-rep17-seed200017,A_B1_VS_B2,COOJA_SIMULATION,512,2,gilbert,0.95,10.0,none,200017,valid,none,,,runs/A-kem512-gilbert-prr0p95-L10-rep17-seed200017-v2/cooja.log,57aeb3192cc6a339798cb6a4fef3e4ccfe0df6b76a95f90ed26e106e656035e2,14821,147,success,1,SUCCESS
A-kem512-gilbert-prr0p95-L10-rep18-seed200018-v1,A-kem512-gilbert-prr0p95-L10-rep18-seed200018,A_B1_VS_B2,COOJA_SIMULATION,512,1,gilbert,0.95,10.0,none,200018,valid,none,,,runs/A-kem512-gilbert-prr0p95-L10-rep18-seed200018-v1/cooja.log,5e99d6bff6bce713554d397fd04b87d720f1bd1e7782a857d5ee5ca54da59d11,10911,115,success,1,SUCCESS
A-kem512-gilbert-prr0p95-L10-rep18-seed200018-v2,A-kem512-gilbert-prr0p95-L10-rep18-seed200018,A_B1_VS_B2,COOJA_SIMULATION,512,2,gilbert,0.95,10.0,none,200018,valid,none,,,runs/A-kem512-gilbert-prr0p95-L10-rep18-seed200018-v2/cooja.log,03337bfd107d93ef31313e40f1f131c0244f931e666ae6d261ef824660eeeb76,14815,147,success,1,SUCCESS
A-kem512-gilbert-prr0p95-L10-rep19-seed200019-v1,A-kem512-gilbert-prr0p95-L10-rep19-seed200019,A_B1_VS_B2,COOJA_SIMULATION,512,1,gilbert,0.95,10.0,none,200019,valid,none,,,runs/A-kem512-gilbert-prr0p95-L10-rep19-seed200019-v1/cooja.log,a97eae16cb2564d7fc88295e80139f3ee528ee55be9053b49a2b73fe82dd9afe,10917,115,success,1,SUCCESS
A-kem512-gilbert-prr0p95-L10-rep19-seed200019-v2,A-kem512-gilbert-prr0p95-L10-rep19-seed200019,A_B1_VS_B2,COOJA_SIMULATION,512,2,gilbert,0.95,10.0,none,200019,valid,none,,,runs/A-kem512-gilbert-prr0p95-L10-rep19-seed200019-v2/cooja.log,a429c78fb583c9e05a939e369f854045a6bcef57bd32bb9006e1dae037480e1f,14821,147,success,1,SUCCESS
A-kem512-gilbert-prr0p95-L10-rep20-seed200020-v1,A-kem512-gilbert-prr0p95-L10-rep20-seed200020,A_B1_VS_B2,COOJA_SIMULATION,512,1,gilbert,0.95,10.0,none,200020,valid,none,,,runs/A-kem512-gilbert-prr0p95-L10-rep20-seed200020-v1/cooja.log,442d053a8f0a4ea0fe9d3f565b0cff8b0c1ccd4ab6a22b4173d8bc217edbe7e8,10908,115,success,1,SUCCESS
A-kem512-gilbert-prr0p95-L10-rep20-seed200020-v2,A-kem512-gilbert-prr0p95-L10-rep20-seed200020,A_B1_VS_B2,COOJA_SIMULATION,512,2,gilbert,0.95,10.0,none,200020,valid,none,,,runs/A-kem512-gilbert-prr0p95-L10-rep20-seed200020-v2/cooja.log,db37e59f18ac27b4acac6502d0fb97e0ffc7299702c9b21711a86b89e6c83ebd,14812,147,success,1,SUCCESS
A-kem512-gilbert-prr0p95-L10-rep21-seed200021-v1,A-kem512-gilbert-prr0p95-L10-rep21-seed200021,A_B1_VS_B2,COOJA_SIMULATION,512,1,gilbert,0.95,10.0,none,200021,valid,none,,,runs/A-kem512-gilbert-prr0p95-L10-rep21-seed200021-v1/cooja.log,e47560144d6d5efc1a37ad2ebc9e224faf0deb7fb9a425c68d7a407064c324ef,10908,115,success,1,SUCCESS
A-kem512-gilbert-prr0p95-L10-rep21-seed200021-v2,A-kem512-gilbert-prr0p95-L10-rep21-seed200021,A_B1_VS_B2,COOJA_SIMULATION,512,2,gilbert,0.95,10.0,none,200021,valid,none,,,runs/A-kem512-gilbert-prr0p95-L10-rep21-seed200021-v2/cooja.log,6bcf8e6b640bbdddbc81867004c1bab33a315c84bfb41a2a1deedc775844b19b,14812,147,success,1,SUCCESS
A-kem512-gilbert-prr0p95-L10-rep22-seed200022-v1,A-kem512-gilbert-prr0p95-L10-rep22-seed200022,A_B1_VS_B2,COOJA_SIMULATION,512,1,gilbert,0.95,10.0,none,200022,valid,none,,,runs/A-kem512-gilbert-prr0p95-L10-rep22-seed200022-v1/cooja.log,c9fd54945be933a916c197fad57abaed811ab97158f7d05f0ae35f4b39155959,10905,115,success,1,SUCCESS
A-kem512-gilbert-prr0p95-L10-rep22-seed200022-v2,A-kem512-gilbert-prr0p95-L10-rep22-seed200022,A_B1_VS_B2,COOJA_SIMULATION,512,2,gilbert,0.95,10.0,none,200022,valid,none,,,runs/A-kem512-gilbert-prr0p95-L10-rep22-seed200022-v2/cooja.log,65ec093559c83f22a6a16e676fc9d2067d6261d9a743fb5a2e2ba0d479ee74fe,14855,156,success,1,SUCCESS
A-kem512-gilbert-prr0p95-L10-rep23-seed200023-v1,A-kem512-gilbert-prr0p95-L10-rep23-seed200023,A_B1_VS_B2,COOJA_SIMULATION,512,1,gilbert,0.95,10.0,none,200023,valid,none,,,runs/A-kem512-gilbert-prr0p95-L10-rep23-seed200023-v1/cooja.log,394cf9d9cff4ab9a2e05ffbccf2e329567d6cb0f480612313480b8c69d4ed5a6,10914,115,success,1,SUCCESS
A-kem512-gilbert-prr0p95-L10-rep23-seed200023-v2,A-kem512-gilbert-prr0p95-L10-rep23-seed200023,A_B1_VS_B2,COOJA_SIMULATION,512,2,gilbert,0.95,10.0,none,200023,valid,none,,,runs/A-kem512-gilbert-prr0p95-L10-rep23-seed200023-v2/cooja.log,0d8ec5967de223b8a2569b1b10179ccb98c1306d8fea18ea3f8d21f8c07f458d,14818,147,success,1,SUCCESS
A-kem512-gilbert-prr0p95-L10-rep24-seed200024-v1,A-kem512-gilbert-prr0p95-L10-rep24-seed200024,A_B1_VS_B2,COOJA_SIMULATION,512,1,gilbert,0.95,10.0,none,200024,valid,none,,,runs/A-kem512-gilbert-prr0p95-L10-rep24-seed200024-v1/cooja.log,d6ee5001e287103052a76565609fec6da146ec6974879ad4c131612f87316c76,10914,115,success,1,SUCCESS
A-kem512-gilbert-prr0p95-L10-rep24-seed200024-v2,A-kem512-gilbert-prr0p95-L10-rep24-seed200024,A_B1_VS_B2,COOJA_SIMULATION,512,2,gilbert,0.95,10.0,none,200024,valid,none,,,runs/A-kem512-gilbert-prr0p95-L10-rep24-seed200024-v2/cooja.log,f52bae8ae256832184ed87e3ce8dca68cbfbc5bab5ba106159d63c88519fa592,14818,147,success,1,SUCCESS
A-kem512-gilbert-prr0p95-L10-rep25-seed200025-v1,A-kem512-gilbert-prr0p95-L10-rep25-seed200025,A_B1_VS_B2,COOJA_SIMULATION,512,1,gilbert,0.95,10.0,none,200025,valid,none,,,runs/A-kem512-gilbert-prr0p95-L10-rep25-seed200025-v1/cooja.log,d116f6fdb22622e51cd32cd99f21d7bb901067c370cdc6526e547aeab1bb74ea,10908,115,success,1,SUCCESS
A-kem512-gilbert-prr0p95-L10-rep25-seed200025-v2,A-kem512-gilbert-prr0p95-L10-rep25-seed200025,A_B1_VS_B2,COOJA_SIMULATION,512,2,gilbert,0.95,10.0,none,200025,valid,none,,,runs/A-kem512-gilbert-prr0p95-L10-rep25-seed200025-v2/cooja.log,390f90b1d57aba1abac3db82c8d4aab3031bcbd159da3d186916b234cb49e612,14812,147,success,1,SUCCESS
A-kem512-gilbert-prr0p95-L10-rep26-seed200026-v1,A-kem512-gilbert-prr0p95-L10-rep26-seed200026,A_B1_VS_B2,COOJA_SIMULATION,512,1,gilbert,0.95,10.0,none,200026,valid,none,,,runs/A-kem512-gilbert-prr0p95-L10-rep26-seed200026-v1/cooja.log,bf1c1415b48e281ab9aaea0c778b18c730730db6ee0e93d244fafd0d9c718a7c,10911,115,success,1,SUCCESS
A-kem512-gilbert-prr0p95-L10-rep26-seed200026-v2,A-kem512-gilbert-prr0p95-L10-rep26-seed200026,A_B1_VS_B2,COOJA_SIMULATION,512,2,gilbert,0.95,10.0,none,200026,valid,none,,,runs/A-kem512-gilbert-prr0p95-L10-rep26-seed200026-v2/cooja.log,36d565352896aceb22f20f88a300c6cdb450380b4857294a2ef1776c1a127739,14815,147,success,1,SUCCESS
A-kem512-gilbert-prr0p95-L10-rep27-seed200027-v1,A-kem512-gilbert-prr0p95-L10-rep27-seed200027,A_B1_VS_B2,COOJA_SIMULATION,512,1,gilbert,0.95,10.0,none,200027,valid,none,,,runs/A-kem512-gilbert-prr0p95-L10-rep27-seed200027-v1/cooja.log,14c94ca9c7a710171ac4c4954ac2b809f4ff7db7874ee2ca3f472e1ae7b0cee7,11140,112,success,0,FAILED_PROTOCOL
A-kem512-gilbert-prr0p95-L10-rep27-seed200027-v2,A-kem512-gilbert-prr0p95-L10-rep27-seed200027,A_B1_VS_B2,COOJA_SIMULATION,512,2,gilbert,0.95,10.0,none,200027,valid,none,,,runs/A-kem512-gilbert-prr0p95-L10-rep27-seed200027-v2/cooja.log,ff7e96f7c45724ac5d48bd852fd35962f64ce0f87f4bdbd3315f5dba3abf501a,11374,114,success,0,FAILED_PROTOCOL
A-kem512-gilbert-prr0p95-L10-rep28-seed200028-v1,A-kem512-gilbert-prr0p95-L10-rep28-seed200028,A_B1_VS_B2,COOJA_SIMULATION,512,1,gilbert,0.95,10.0,none,200028,valid,none,,,runs/A-kem512-gilbert-prr0p95-L10-rep28-seed200028-v1/cooja.log,6b3f4458e79d019b015f98b7b0dfd05f43662017f9ca64122f0b7e4132e0bea1,10914,115,success,1,SUCCESS
A-kem512-gilbert-prr0p95-L10-rep28-seed200028-v2,A-kem512-gilbert-prr0p95-L10-rep28-seed200028,A_B1_VS_B2,COOJA_SIMULATION,512,2,gilbert,0.95,10.0,none,200028,valid,none,,,runs/A-kem512-gilbert-prr0p95-L10-rep28-seed200028-v2/cooja.log,ee8aa31d3558681b4cbd702d6662f0b8dfef8dfe4871dd109a204b4bc23960da,14818,147,success,1,SUCCESS
A-kem512-gilbert-prr0p95-L10-rep29-seed200029-v1,A-kem512-gilbert-prr0p95-L10-rep29-seed200029,A_B1_VS_B2,COOJA_SIMULATION,512,1,gilbert,0.95,10.0,none,200029,valid,none,,,runs/A-kem512-gilbert-prr0p95-L10-rep29-seed200029-v1/cooja.log,80f9f3bc1ec56798da2b6e582347e40d8ca6ad7ffa394363789ee810f30f7cd1,11757,116,success,0,FAILED_PROTOCOL
A-kem512-gilbert-prr0p95-L10-rep29-seed200029-v2,A-kem512-gilbert-prr0p95-L10-rep29-seed200029,A_B1_VS_B2,COOJA_SIMULATION,512,2,gilbert,0.95,10.0,none,200029,valid,none,,,runs/A-kem512-gilbert-prr0p95-L10-rep29-seed200029-v2/cooja.log,e38ebc66f4239e217fae9e7636c1ddfd3e2def06eb2dfc3a071ea0b9adeeda40,13479,134,success,0,FAILED_PROTOCOL
A-kem512-gilbert-prr0p95-L10-rep30-seed200030-v1,A-kem512-gilbert-prr0p95-L10-rep30-seed200030,A_B1_VS_B2,COOJA_SIMULATION,512,1,gilbert,0.95,10.0,none,200030,valid,none,,,runs/A-kem512-gilbert-prr0p95-L10-rep30-seed200030-v1/cooja.log,72f0c9a7a55854ffc40ffa8bb175d4825e467ff25817599c3c46478731ad17b7,14253,143,success,0,FAILED_PROTOCOL
A-kem512-gilbert-prr0p95-L10-rep30-seed200030-v2,A-kem512-gilbert-prr0p95-L10-rep30-seed200030,A_B1_VS_B2,COOJA_SIMULATION,512,2,gilbert,0.95,10.0,none,200030,valid,none,,,runs/A-kem512-gilbert-prr0p95-L10-rep30-seed200030-v2/cooja.log,6e1758ab138030a481f5f32966de4ac0eb708f6c397e5ecc78d76f8ef275fcb6,16558,170,success,0,FAILED_PROTOCOL
A-kem768-fixed-prr0p50-rep01-seed200001-v1,A-kem768-fixed-prr0p50-rep01-seed200001,A_B1_VS_B2,COOJA_SIMULATION,768,1,fixed,0.5,,none,200001,valid,none,,,runs/A-kem768-fixed-prr0p50-rep01-seed200001-v1/cooja.log,70959d27e9db700836a385d728c09d0e8c1ab2a7c9e3bbf273ca7452dab1fb66,12843,129,success,0,FAILED_PROTOCOL
A-kem768-fixed-prr0p50-rep01-seed200001-v2,A-kem768-fixed-prr0p50-rep01-seed200001,A_B1_VS_B2,COOJA_SIMULATION,768,2,fixed,0.5,,none,200001,valid,none,,,runs/A-kem768-fixed-prr0p50-rep01-seed200001-v2/cooja.log,6613f86409603e5a02db32a339e1829117e7e19a0a1a5e402640943a30bbc54f,19048,192,success,1,SUCCESS
A-kem768-fixed-prr0p50-rep02-seed200002-v1,A-kem768-fixed-prr0p50-rep02-seed200002,A_B1_VS_B2,COOJA_SIMULATION,768,1,fixed,0.5,,none,200002,valid,none,,,runs/A-kem768-fixed-prr0p50-rep02-seed200002-v1/cooja.log,798bd6a244d3372a567d0b3c4ded90cc2e10e1fac0de0f33d9f7822a655a951c,11097,111,success,0,FAILED_PROTOCOL
A-kem768-fixed-prr0p50-rep02-seed200002-v2,A-kem768-fixed-prr0p50-rep02-seed200002,A_B1_VS_B2,COOJA_SIMULATION,768,2,fixed,0.5,,none,200002,valid,none,,,runs/A-kem768-fixed-prr0p50-rep02-seed200002-v2/cooja.log,15fd89c392cbde60278a0d3aa2531c33c4e43535a81134dc76855252cd00aa68,11331,113,success,0,FAILED_PROTOCOL
A-kem768-fixed-prr0p50-rep03-seed200003-v1,A-kem768-fixed-prr0p50-rep03-seed200003,A_B1_VS_B2,COOJA_SIMULATION,768,1,fixed,0.5,,none,200003,valid,none,,,runs/A-kem768-fixed-prr0p50-rep03-seed200003-v1/cooja.log,1cfaaa0d9f924b0ad319d8304eb60aec82a85636aaf1c50b4841dea541538c93,16809,173,success,0,FAILED_PROTOCOL
A-kem768-fixed-prr0p50-rep03-seed200003-v2,A-kem768-fixed-prr0p50-rep03-seed200003,A_B1_VS_B2,COOJA_SIMULATION,768,2,fixed,0.5,,none,200003,valid,none,,,runs/A-kem768-fixed-prr0p50-rep03-seed200003-v2/cooja.log,1c5abb88b3588ca95d751386387955d32c98ae39a6d2f39fa7d7895714142c73,18327,184,success,1,SUCCESS
A-kem768-fixed-prr0p50-rep04-seed200004-v1,A-kem768-fixed-prr0p50-rep04-seed200004,A_B1_VS_B2,COOJA_SIMULATION,768,1,fixed,0.5,,none,200004,valid,none,,,runs/A-kem768-fixed-prr0p50-rep04-seed200004-v1/cooja.log,29d45d61366b96ce8ca8177ea3f5926d0c1ada5f10e13a208232dc8ca45626e1,11819,120,success,0,FAILED_PROTOCOL
A-kem768-fixed-prr0p50-rep04-seed200004-v2,A-kem768-fixed-prr0p50-rep04-seed200004,A_B1_VS_B2,COOJA_SIMULATION,768,2,fixed,0.5,,none,200004,valid,none,,,runs/A-kem768-fixed-prr0p50-rep04-seed200004-v2/cooja.log,ef8c2d8d1cd6f1c4817842616006768bdcf2b94fd35c3bfdbe1546a3752648f0,12053,122,success,0,FAILED_PROTOCOL
A-kem768-fixed-prr0p50-rep05-seed200005-v1,A-kem768-fixed-prr0p50-rep05-seed200005,A_B1_VS_B2,COOJA_SIMULATION,768,1,fixed,0.5,,none,200005,valid,none,,,runs/A-kem768-fixed-prr0p50-rep05-seed200005-v1/cooja.log,83e9e90d8faac700156052a57d734aeabb5ff246a5b08f3d45d3e0ffc0056dec,13989,144,success,0,FAILED_PROTOCOL
A-kem768-fixed-prr0p50-rep05-seed200005-v2,A-kem768-fixed-prr0p50-rep05-seed200005,A_B1_VS_B2,COOJA_SIMULATION,768,2,fixed,0.5,,none,200005,valid,none,,,runs/A-kem768-fixed-prr0p50-rep05-seed200005-v2/cooja.log,fdee2cf9a3bf94036e66fee13af84d817a0be3c9a06a5874542e9676dd4ceff5,14223,146,success,0,FAILED_PROTOCOL
A-kem768-fixed-prr0p50-rep06-seed200006-v1,A-kem768-fixed-prr0p50-rep06-seed200006,A_B1_VS_B2,COOJA_SIMULATION,768,1,fixed,0.5,,none,200006,valid,none,,,runs/A-kem768-fixed-prr0p50-rep06-seed200006-v1/cooja.log,fd7366e1e7c2909f4eb6f621fa217801cd6f64fd184497cee245c96aa38e0008,11810,117,success,0,FAILED_PROTOCOL
A-kem768-fixed-prr0p50-rep06-seed200006-v2,A-kem768-fixed-prr0p50-rep06-seed200006,A_B1_VS_B2,COOJA_SIMULATION,768,2,fixed,0.5,,none,200006,valid,none,,,runs/A-kem768-fixed-prr0p50-rep06-seed200006-v2/cooja.log,869a8227e3f8eda72e58a10dd26ade3a418299ff3a119d4de3585f997b35f3c3,18165,182,success,1,SUCCESS
A-kem768-fixed-prr0p50-rep07-seed200007-v1,A-kem768-fixed-prr0p50-rep07-seed200007,A_B1_VS_B2,COOJA_SIMULATION,768,1,fixed,0.5,,none,200007,valid,none,,,runs/A-kem768-fixed-prr0p50-rep07-seed200007-v1/cooja.log,9231bbbe3ec7ff36a9d8435443504b12551adbc9339ae6ed8358dfa71c2063f8,12915,132,success,0,FAILED_PROTOCOL
A-kem768-fixed-prr0p50-rep07-seed200007-v2,A-kem768-fixed-prr0p50-rep07-seed200007,A_B1_VS_B2,COOJA_SIMULATION,768,2,fixed,0.5,,none,200007,valid,none,,,runs/A-kem768-fixed-prr0p50-rep07-seed200007-v2/cooja.log,1981a634676fa7b4eeec34a84d7a09cbdeef333c72b02ebd899eef327a8ac020,13149,134,success,0,FAILED_PROTOCOL
A-kem768-fixed-prr0p50-rep08-seed200008-v1,A-kem768-fixed-prr0p50-rep08-seed200008,A_B1_VS_B2,COOJA_SIMULATION,768,1,fixed,0.5,,none,200008,valid,none,,,runs/A-kem768-fixed-prr0p50-rep08-seed200008-v1/cooja.log,89955f75f32585cc5b891139246aa82388d4888e1cac4ba5d2167494b57c87eb,16626,171,success,0,FAILED_PROTOCOL
A-kem768-fixed-prr0p50-rep08-seed200008-v2,A-kem768-fixed-prr0p50-rep08-seed200008,A_B1_VS_B2,COOJA_SIMULATION,768,2,fixed,0.5,,none,200008,valid,none,,,runs/A-kem768-fixed-prr0p50-rep08-seed200008-v2/cooja.log,bde35af6ef37e4e939badaa0fd86f8b86a6775f6f5b822ed9119c4fdf956b697,17523,175,success,1,SUCCESS
A-kem768-fixed-prr0p50-rep09-seed200009-v1,A-kem768-fixed-prr0p50-rep09-seed200009,A_B1_VS_B2,COOJA_SIMULATION,768,1,fixed,0.5,,none,200009,valid,none,,,runs/A-kem768-fixed-prr0p50-rep09-seed200009-v1/cooja.log,182258ab9f395384bb23e6d8a8efefee06808348a2b15d1b79c87763b79dec2c,12725,130,success,0,FAILED_PROTOCOL
A-kem768-fixed-prr0p50-rep09-seed200009-v2,A-kem768-fixed-prr0p50-rep09-seed200009,A_B1_VS_B2,COOJA_SIMULATION,768,2,fixed,0.5,,none,200009,valid,none,,,runs/A-kem768-fixed-prr0p50-rep09-seed200009-v2/cooja.log,61e78939157cbad499a061dc2102c5a4dc4ecd1e55f298c85afdeafc13fa9936,12959,132,success,0,FAILED_PROTOCOL
A-kem768-fixed-prr0p50-rep10-seed200010-v1,A-kem768-fixed-prr0p50-rep10-seed200010,A_B1_VS_B2,COOJA_SIMULATION,768,1,fixed,0.5,,none,200010,valid,none,,,runs/A-kem768-fixed-prr0p50-rep10-seed200010-v1/cooja.log,be6965bb905abed5493a29a56b562669b691e0416584461f0b462fe7fe41f4db,13259,136,success,0,FAILED_PROTOCOL
A-kem768-fixed-prr0p50-rep10-seed200010-v2,A-kem768-fixed-prr0p50-rep10-seed200010,A_B1_VS_B2,COOJA_SIMULATION,768,2,fixed,0.5,,none,200010,valid,none,,,runs/A-kem768-fixed-prr0p50-rep10-seed200010-v2/cooja.log,706f8936fcbc55fc3bb9cba9cae601477b0431376395af8f3988bb41d90336e0,13493,138,success,0,FAILED_PROTOCOL
A-kem768-fixed-prr0p50-rep11-seed200011-v1,A-kem768-fixed-prr0p50-rep11-seed200011,A_B1_VS_B2,COOJA_SIMULATION,768,1,fixed,0.5,,none,200011,valid,none,,,runs/A-kem768-fixed-prr0p50-rep11-seed200011-v1/cooja.log,ebb1f9045544b9460d2c875875b2b93905cb21c7dea6205785151e524813e2cf,13312,134,success,0,FAILED_PROTOCOL
A-kem768-fixed-prr0p50-rep11-seed200011-v2,A-kem768-fixed-prr0p50-rep11-seed200011,A_B1_VS_B2,COOJA_SIMULATION,768,2,fixed,0.5,,none,200011,valid,none,,,runs/A-kem768-fixed-prr0p50-rep11-seed200011-v2/cooja.log,be60be13aec25311fbcde55c15c9a30e1f132a6bcb8ab2100047e2be8af03797,18970,192,success,1,SUCCESS
A-kem768-fixed-prr0p50-rep12-seed200012-v1,A-kem768-fixed-prr0p50-rep12-seed200012,A_B1_VS_B2,COOJA_SIMULATION,768,1,fixed,0.5,,none,200012,valid,none,,,runs/A-kem768-fixed-prr0p50-rep12-seed200012-v1/cooja.log,08b2cd64dc5ae96c41b00bc7d029ae19cb7fcd31b71d707cc3f83622fce6f3de,13719,141,success,0,FAILED_PROTOCOL
A-kem768-fixed-prr0p50-rep12-seed200012-v2,A-kem768-fixed-prr0p50-rep12-seed200012,A_B1_VS_B2,COOJA_SIMULATION,768,2,fixed,0.5,,none,200012,valid,none,,,runs/A-kem768-fixed-prr0p50-rep12-seed200012-v2/cooja.log,6c09014b8335912a01670c3eb617e35579aaed2ddb806c93e0a306454e938915,13953,143,success,0,FAILED_PROTOCOL
A-kem768-fixed-prr0p50-rep13-seed200013-v1,A-kem768-fixed-prr0p50-rep13-seed200013,A_B1_VS_B2,COOJA_SIMULATION,768,1,fixed,0.5,,none,200013,valid,none,,,runs/A-kem768-fixed-prr0p50-rep13-seed200013-v1/cooja.log,ade858b2309ae390c6590880ff68d77bf8fe83019f812a41d87cd09bd78d8f7d,13514,139,success,0,FAILED_PROTOCOL
A-kem768-fixed-prr0p50-rep13-seed200013-v2,A-kem768-fixed-prr0p50-rep13-seed200013,A_B1_VS_B2,COOJA_SIMULATION,768,2,fixed,0.5,,none,200013,valid,none,,,runs/A-kem768-fixed-prr0p50-rep13-seed200013-v2/cooja.log,eaa7a2f15190c99ac946ee6f9372d39a4c7ac5c833e6cc097556f50abd7439d3,13748,141,success,0,FAILED_PROTOCOL
A-kem768-fixed-prr0p50-rep14-seed200014-v1,A-kem768-fixed-prr0p50-rep14-seed200014,A_B1_VS_B2,COOJA_SIMULATION,768,1,fixed,0.5,,none,200014,valid,none,,,runs/A-kem768-fixed-prr0p50-rep14-seed200014-v1/cooja.log,c36c5d3851f6a64a71bdd835233fcdf900495971bc0d80cb8565e3de8dbe8299,13537,139,success,0,FAILED_PROTOCOL
A-kem768-fixed-prr0p50-rep14-seed200014-v2,A-kem768-fixed-prr0p50-rep14-seed200014,A_B1_VS_B2,COOJA_SIMULATION,768,2,fixed,0.5,,none,200014,valid,none,,,runs/A-kem768-fixed-prr0p50-rep14-seed200014-v2/cooja.log,a0bd0209503d35584b25804b17d82f668e8ff938fd915e4c79e3be36b70941a7,13771,141,success,0,FAILED_PROTOCOL
A-kem768-fixed-prr0p50-rep15-seed200015-v1,A-kem768-fixed-prr0p50-rep15-seed200015,A_B1_VS_B2,COOJA_SIMULATION,768,1,fixed,0.5,,none,200015,valid,none,,,runs/A-kem768-fixed-prr0p50-rep15-seed200015-v1/cooja.log,39baddba0a178ddd4205cc2eaca2568a44274512d5dfb450d6bc4fa0a5af2065,16039,164,success,0,FAILED_PROTOCOL
A-kem768-fixed-prr0p50-rep15-seed200015-v2,A-kem768-fixed-prr0p50-rep15-seed200015,A_B1_VS_B2,COOJA_SIMULATION,768,2,fixed,0.5,,none,200015,valid,none,,,runs/A-kem768-fixed-prr0p50-rep15-seed200015-v2/cooja.log,34a215fa0622933bfea707b96c0eac16b6d7573f45b5f85e4fa6885df8816cea,19104,193,success,1,SUCCESS
A-kem768-fixed-prr0p50-rep16-seed200016-v1,A-kem768-fixed-prr0p50-rep16-seed200016,A_B1_VS_B2,COOJA_SIMULATION,768,1,fixed,0.5,,none,200016,valid,none,,,runs/A-kem768-fixed-prr0p50-rep16-seed200016-v1/cooja.log,095442e98114b81213f98e9af57e07fc61649a669c8e43c3f304083db2b0b179,11281,114,success,0,FAILED_PROTOCOL
A-kem768-fixed-prr0p50-rep16-seed200016-v2,A-kem768-fixed-prr0p50-rep16-seed200016,A_B1_VS_B2,COOJA_SIMULATION,768,2,fixed,0.5,,none,200016,valid,none,,,runs/A-kem768-fixed-prr0p50-rep16-seed200016-v2/cooja.log,e1d3c51841a57c3eb7d202729a4a5e1495da39fb547206202c13c6287182cf81,11515,116,success,0,FAILED_PROTOCOL
A-kem768-fixed-prr0p50-rep17-seed200017-v1,A-kem768-fixed-prr0p50-rep17-seed200017,A_B1_VS_B2,COOJA_SIMULATION,768,1,fixed,0.5,,none,200017,valid,none,,,runs/A-kem768-fixed-prr0p50-rep17-seed200017-v1/cooja.log,d2c4de5322372ce642857de218303a54affc80a0936cfd0d306e3aef0a6652de,15685,160,success,0,FAILED_PROTOCOL
A-kem768-fixed-prr0p50-rep17-seed200017-v2,A-kem768-fixed-prr0p50-rep17-seed200017,A_B1_VS_B2,COOJA_SIMULATION,768,2,fixed,0.5,,none,200017,valid,none,,,runs/A-kem768-fixed-prr0p50-rep17-seed200017-v2/cooja.log,d531dcfc16ab1fff4290c4250061e9f2fa19c05b4167c143f498b1be6a5acc32,18873,190,success,1,SUCCESS
A-kem768-fixed-prr0p50-rep18-seed200018-v1,A-kem768-fixed-prr0p50-rep18-seed200018,A_B1_VS_B2,COOJA_SIMULATION,768,1,fixed,0.5,,none,200018,valid,none,,,runs/A-kem768-fixed-prr0p50-rep18-seed200018-v1/cooja.log,ff2b7771933d2005b3cf6866ad6fedf3859720fdbf202c9ab0b1e1afaa6e38b8,14471,150,success,0,FAILED_PROTOCOL
A-kem768-fixed-prr0p50-rep18-seed200018-v2,A-kem768-fixed-prr0p50-rep18-seed200018,A_B1_VS_B2,COOJA_SIMULATION,768,2,fixed,0.5,,none,200018,valid,none,,,runs/A-kem768-fixed-prr0p50-rep18-seed200018-v2/cooja.log,17d955261f128eea8a3651dcf316d11b4e37097d0b165fb3ebcc1bc55bb0efb0,14705,152,success,0,FAILED_PROTOCOL
A-kem768-fixed-prr0p50-rep19-seed200019-v1,A-kem768-fixed-prr0p50-rep19-seed200019,A_B1_VS_B2,COOJA_SIMULATION,768,1,fixed,0.5,,none,200019,valid,none,,,runs/A-kem768-fixed-prr0p50-rep19-seed200019-v1/cooja.log,796e2926fe7a692a5073c5ae61ea4034b5a5969e3d553de64f310d0e2a9d1a2e,17244,178,success,0,FAILED_PROTOCOL
A-kem768-fixed-prr0p50-rep19-seed200019-v2,A-kem768-fixed-prr0p50-rep19-seed200019,A_B1_VS_B2,COOJA_SIMULATION,768,2,fixed,0.5,,none,200019,valid,none,,,runs/A-kem768-fixed-prr0p50-rep19-seed200019-v2/cooja.log,b4a58e7398c5154edaf7bdfddb906db352a89c9d51bbed17f838faedb3a90d0e,20620,210,success,1,SUCCESS
A-kem768-fixed-prr0p50-rep20-seed200020-v1,A-kem768-fixed-prr0p50-rep20-seed200020,A_B1_VS_B2,COOJA_SIMULATION,768,1,fixed,0.5,,none,200020,valid,none,,,runs/A-kem768-fixed-prr0p50-rep20-seed200020-v1/cooja.log,f55e518e3a1652c652fb3364dfefa0fd7cb6477699f9d520b5a772bb3bfa4385,16947,173,success,0,FAILED_PROTOCOL
A-kem768-fixed-prr0p50-rep20-seed200020-v2,A-kem768-fixed-prr0p50-rep20-seed200020,A_B1_VS_B2,COOJA_SIMULATION,768,2,fixed,0.5,,none,200020,valid,none,,,runs/A-kem768-fixed-prr0p50-rep20-seed200020-v2/cooja.log,12b91546f9d949d5a8071d46114468ecb0506fa94a6c5143a7f3494eb912dd4d,17394,182,success,0,FAILED_PROTOCOL
A-kem768-fixed-prr0p50-rep21-seed200021-v1,A-kem768-fixed-prr0p50-rep21-seed200021,A_B1_VS_B2,COOJA_SIMULATION,768,1,fixed,0.5,,none,200021,valid,none,,,runs/A-kem768-fixed-prr0p50-rep21-seed200021-v1/cooja.log,d2ca50cf3cbe03855d86c1b16e92c7183620179aea638035917c58d31d44d777,10203,102,success,0,FAILED_PROTOCOL
A-kem768-fixed-prr0p50-rep21-seed200021-v2,A-kem768-fixed-prr0p50-rep21-seed200021,A_B1_VS_B2,COOJA_SIMULATION,768,2,fixed,0.5,,none,200021,valid,none,,,runs/A-kem768-fixed-prr0p50-rep21-seed200021-v2/cooja.log,b025c1ac0fb99450a87ccdce65038b0ac375e898a93b897b9f44181b7f4bc9de,10437,104,success,0,FAILED_PROTOCOL
A-kem768-fixed-prr0p50-rep22-seed200022-v1,A-kem768-fixed-prr0p50-rep22-seed200022,A_B1_VS_B2,COOJA_SIMULATION,768,1,fixed,0.5,,none,200022,valid,none,,,runs/A-kem768-fixed-prr0p50-rep22-seed200022-v1/cooja.log,a5e243f9eb67c36f08afc04470d6033ffa1b4a2100280c1a19385b124d0f00e6,11932,121,success,0,FAILED_PROTOCOL
A-kem768-fixed-prr0p50-rep22-seed200022-v2,A-kem768-fixed-prr0p50-rep22-seed200022,A_B1_VS_B2,COOJA_SIMULATION,768,2,fixed,0.5,,none,200022,valid,none,,,runs/A-kem768-fixed-prr0p50-rep22-seed200022-v2/cooja.log,e9e444e4358f48d367fd2dd28ca9d2820af13a654e243596cb0c643258362eb0,12166,123,success,0,FAILED_PROTOCOL
A-kem768-fixed-prr0p50-rep23-seed200023-v1,A-kem768-fixed-prr0p50-rep23-seed200023,A_B1_VS_B2,COOJA_SIMULATION,768,1,fixed,0.5,,none,200023,valid,none,,,runs/A-kem768-fixed-prr0p50-rep23-seed200023-v1/cooja.log,221d3113686919d77130d4fc108b5b5d94075c775e8d0fb041984713b1d9f341,12079,120,success,0,FAILED_PROTOCOL
A-kem768-fixed-prr0p50-rep23-seed200023-v2,A-kem768-fixed-prr0p50-rep23-seed200023,A_B1_VS_B2,COOJA_SIMULATION,768,2,fixed,0.5,,none,200023,valid,none,,,runs/A-kem768-fixed-prr0p50-rep23-seed200023-v2/cooja.log,60a5f077dfba56b92d911dd1d3194fa0045bb453d8f798819078af2ff7050501,18165,182,success,1,SUCCESS
A-kem768-fixed-prr0p50-rep24-seed200024-v1,A-kem768-fixed-prr0p50-rep24-seed200024,A_B1_VS_B2,COOJA_SIMULATION,768,1,fixed,0.5,,none,200024,valid,none,,,runs/A-kem768-fixed-prr0p50-rep24-seed200024-v1/cooja.log,85114c2f1edb473e921a3abb72201b3d44208fb74e6bedda67221266eab8ce67,12472,127,success,0,FAILED_PROTOCOL
A-kem768-fixed-prr0p50-rep24-seed200024-v2,A-kem768-fixed-prr0p50-rep24-seed200024,A_B1_VS_B2,COOJA_SIMULATION,768,2,fixed,0.5,,none,200024,valid,none,,,runs/A-kem768-fixed-prr0p50-rep24-seed200024-v2/cooja.log,c2a4aae388b540e96e79353ea1b5638f022bd4138f6ce0c67c20b77462824ba9,12706,129,success,0,FAILED_PROTOCOL
A-kem768-fixed-prr0p50-rep25-seed200025-v1,A-kem768-fixed-prr0p50-rep25-seed200025,A_B1_VS_B2,COOJA_SIMULATION,768,1,fixed,0.5,,none,200025,valid,none,,,runs/A-kem768-fixed-prr0p50-rep25-seed200025-v1/cooja.log,9c47b48d69de40d8b845e0241480f609f5e68ffe4a142ea61bde9328b06cd175,12422,124,success,0,FAILED_PROTOCOL
A-kem768-fixed-prr0p50-rep25-seed200025-v2,A-kem768-fixed-prr0p50-rep25-seed200025,A_B1_VS_B2,COOJA_SIMULATION,768,2,fixed,0.5,,none,200025,valid,none,,,runs/A-kem768-fixed-prr0p50-rep25-seed200025-v2/cooja.log,e395788f47a50e0cafb4b907fcf42179cd4d8ad1dfc21e19dbe1dd1ae7e788e7,18683,188,success,1,SUCCESS
A-kem768-fixed-prr0p50-rep26-seed200026-v1,A-kem768-fixed-prr0p50-rep26-seed200026,A_B1_VS_B2,COOJA_SIMULATION,768,1,fixed,0.5,,none,200026,valid,none,,,runs/A-kem768-fixed-prr0p50-rep26-seed200026-v1/cooja.log,7b65c19b178d4e78e8fd25125808d4492cfcea7565d3442ce4d5da6fb6ecd736,12644,129,success,0,FAILED_PROTOCOL
A-kem768-fixed-prr0p50-rep26-seed200026-v2,A-kem768-fixed-prr0p50-rep26-seed200026,A_B1_VS_B2,COOJA_SIMULATION,768,2,fixed,0.5,,none,200026,valid,none,,,runs/A-kem768-fixed-prr0p50-rep26-seed200026-v2/cooja.log,482088800e53170ff607da8c034f5e6fbd5a940d2d4fb40736eb45ed21df8b61,12878,131,success,0,FAILED_PROTOCOL
A-kem768-fixed-prr0p50-rep27-seed200027-v1,A-kem768-fixed-prr0p50-rep27-seed200027,A_B1_VS_B2,COOJA_SIMULATION,768,1,fixed,0.5,,none,200027,valid,none,,,runs/A-kem768-fixed-prr0p50-rep27-seed200027-v1/cooja.log,02a4fcea40a6b0a366b6a82027515859e12b6939fe05eeeb478469f14571262b,12962,133,success,0,FAILED_PROTOCOL
A-kem768-fixed-prr0p50-rep27-seed200027-v2,A-kem768-fixed-prr0p50-rep27-seed200027,A_B1_VS_B2,COOJA_SIMULATION,768,2,fixed,0.5,,none,200027,valid,none,,,runs/A-kem768-fixed-prr0p50-rep27-seed200027-v2/cooja.log,7b036f5a04b8fbb100893ec9bfd608b5c633ece548e6b80a27331e5b1e0257d4,13196,135,success,0,FAILED_PROTOCOL
A-kem768-fixed-prr0p50-rep28-seed200028-v1,A-kem768-fixed-prr0p50-rep28-seed200028,A_B1_VS_B2,COOJA_SIMULATION,768,1,fixed,0.5,,none,200028,valid,none,,,runs/A-kem768-fixed-prr0p50-rep28-seed200028-v1/cooja.log,9579e735caf6eac9c0117fdc1165acefde59705e55ba03d81242d2fd0a825374,12140,124,success,0,FAILED_PROTOCOL
A-kem768-fixed-prr0p50-rep28-seed200028-v2,A-kem768-fixed-prr0p50-rep28-seed200028,A_B1_VS_B2,COOJA_SIMULATION,768,2,fixed,0.5,,none,200028,valid,none,,,runs/A-kem768-fixed-prr0p50-rep28-seed200028-v2/cooja.log,3e9e250559f46172d61bf69b7e15e02d99fae3d0aa94f2d8393f6fb7a2efcca3,12374,126,success,0,FAILED_PROTOCOL
A-kem768-fixed-prr0p50-rep29-seed200029-v1,A-kem768-fixed-prr0p50-rep29-seed200029,A_B1_VS_B2,COOJA_SIMULATION,768,1,fixed,0.5,,none,200029,valid,none,,,runs/A-kem768-fixed-prr0p50-rep29-seed200029-v1/cooja.log,4015bcf92aea3b52ea6bc02d651200a73eef75ca48cbeb952caf74a0faa5310e,11234,114,success,0,FAILED_PROTOCOL
A-kem768-fixed-prr0p50-rep29-seed200029-v2,A-kem768-fixed-prr0p50-rep29-seed200029,A_B1_VS_B2,COOJA_SIMULATION,768,2,fixed,0.5,,none,200029,valid,none,,,runs/A-kem768-fixed-prr0p50-rep29-seed200029-v2/cooja.log,4bdd0d810392f649499ba23910f1d89190728e22bb2f3b5ce9c5bcd44d32ca18,11468,116,success,0,FAILED_PROTOCOL
A-kem768-fixed-prr0p50-rep30-seed200030-v1,A-kem768-fixed-prr0p50-rep30-seed200030,A_B1_VS_B2,COOJA_SIMULATION,768,1,fixed,0.5,,none,200030,valid,none,,,runs/A-kem768-fixed-prr0p50-rep30-seed200030-v1/cooja.log,fb43ab5b60e39ea86737ac4998b0f72425c4b1526c80e482c8dc35c48285b9e4,12977,128,success,0,FAILED_PROTOCOL
A-kem768-fixed-prr0p50-rep30-seed200030-v2,A-kem768-fixed-prr0p50-rep30-seed200030,A_B1_VS_B2,COOJA_SIMULATION,768,2,fixed,0.5,,none,200030,valid,none,,,runs/A-kem768-fixed-prr0p50-rep30-seed200030-v2/cooja.log,d75d9b1b6864f9894cdcf34cdaedeebc79a968d1705b405afeb1a7c146d10bab,12974,133,success,0,FAILED_PROTOCOL
A-kem768-fixed-prr0p85-rep01-seed200001-v1,A-kem768-fixed-prr0p85-rep01-seed200001,A_B1_VS_B2,COOJA_SIMULATION,768,1,fixed,0.85,,none,200001,valid,none,,,runs/A-kem768-fixed-prr0p85-rep01-seed200001-v1/cooja.log,3c531c09a0d64ab4b876436e93a174d9f4f85381b36aec320090f5b8a949d7c8,15019,152,success,0,FAILED_PROTOCOL
A-kem768-fixed-prr0p85-rep01-seed200001-v2,A-kem768-fixed-prr0p85-rep01-seed200001,A_B1_VS_B2,COOJA_SIMULATION,768,2,fixed,0.85,,none,200001,valid,none,,,runs/A-kem768-fixed-prr0p85-rep01-seed200001-v2/cooja.log,cc0b375251af9363ce20b9410797d63b1c83830d20270a5597347e01da4a3c37,17400,174,success,1,SUCCESS
A-kem768-fixed-prr0p85-rep02-seed200002-v1,A-kem768-fixed-prr0p85-rep02-seed200002,A_B1_VS_B2,COOJA_SIMULATION,768,1,fixed,0.85,,none,200002,valid,none,,,runs/A-kem768-fixed-prr0p85-rep02-seed200002-v1/cooja.log,07b5836d51fcee921770173d58069422e078c7b7e6a0566f2dbb1e59ba53049d,10742,108,success,0,FAILED_PROTOCOL
A-kem768-fixed-prr0p85-rep02-seed200002-v2,A-kem768-fixed-prr0p85-rep02-seed200002,A_B1_VS_B2,COOJA_SIMULATION,768,2,fixed,0.85,,none,200002,valid,none,,,runs/A-kem768-fixed-prr0p85-rep02-seed200002-v2/cooja.log,baf825d8c62397399e26036113aeb37d8de2e1374feee04d1a6dc315c2476572,10976,110,success,0,FAILED_PROTOCOL
A-kem768-fixed-prr0p85-rep03-seed200003-v1,A-kem768-fixed-prr0p85-rep03-seed200003,A_B1_VS_B2,COOJA_SIMULATION,768,1,fixed,0.85,,none,200003,valid,none,,,runs/A-kem768-fixed-prr0p85-rep03-seed200003-v1/cooja.log,3373cd3ee10d8e7c7233319149e437ee0d25eedbada0d034d65b612bfe9e9fc1,12218,129,success,1,SUCCESS
A-kem768-fixed-prr0p85-rep03-seed200003-v2,A-kem768-fixed-prr0p85-rep03-seed200003,A_B1_VS_B2,COOJA_SIMULATION,768,2,fixed,0.85,,none,200003,valid,none,,,runs/A-kem768-fixed-prr0p85-rep03-seed200003-v2/cooja.log,dde4056c3e62d5110e5fa8cff45bf54b87dac97ab88c876ef67776c6ab97128c,16850,168,success,1,SUCCESS
A-kem768-fixed-prr0p85-rep04-seed200004-v1,A-kem768-fixed-prr0p85-rep04-seed200004,A_B1_VS_B2,COOJA_SIMULATION,768,1,fixed,0.85,,none,200004,valid,none,,,runs/A-kem768-fixed-prr0p85-rep04-seed200004-v1/cooja.log,a47c4c4ced5ce9dda46d627d55fbf9dc78e988b6bba8f9a6508403f46a30b9e5,11893,121,success,0,FAILED_PROTOCOL
A-kem768-fixed-prr0p85-rep04-seed200004-v2,A-kem768-fixed-prr0p85-rep04-seed200004,A_B1_VS_B2,COOJA_SIMULATION,768,2,fixed,0.85,,none,200004,valid,none,,,runs/A-kem768-fixed-prr0p85-rep04-seed200004-v2/cooja.log,9378ee3c07e264af49bc19c5a461766f8a58c7e6489e10a864346743e179964d,12127,123,success,0,FAILED_PROTOCOL
A-kem768-fixed-prr0p85-rep05-seed200005-v1,A-kem768-fixed-prr0p85-rep05-seed200005,A_B1_VS_B2,COOJA_SIMULATION,768,1,fixed,0.85,,none,200005,valid,none,,,runs/A-kem768-fixed-prr0p85-rep05-seed200005-v1/cooja.log,8635c54087a35c5bfb077c4cc782a1ef3e97808e0806f932714b4f711442fb1e,12035,123,success,0,FAILED_PROTOCOL
A-kem768-fixed-prr0p85-rep05-seed200005-v2,A-kem768-fixed-prr0p85-rep05-seed200005,A_B1_VS_B2,COOJA_SIMULATION,768,2,fixed,0.85,,none,200005,valid,none,,,runs/A-kem768-fixed-prr0p85-rep05-seed200005-v2/cooja.log,7e24e5d3a5f664e4098f02b7219ac1f73cadb4319dbdd6f9603b40f619041e8f,12269,125,success,0,FAILED_PROTOCOL
A-kem768-fixed-prr0p85-rep06-seed200006-v1,A-kem768-fixed-prr0p85-rep06-seed200006,A_B1_VS_B2,COOJA_SIMULATION,768,1,fixed,0.85,,none,200006,valid,none,,,runs/A-kem768-fixed-prr0p85-rep06-seed200006-v1/cooja.log,8792f23973fb564df1f79b6b212db91bbdc2b4b771301f2b379b81573da1329e,12221,129,success,1,SUCCESS
A-kem768-fixed-prr0p85-rep06-seed200006-v2,A-kem768-fixed-prr0p85-rep06-seed200006,A_B1_VS_B2,COOJA_SIMULATION,768,2,fixed,0.85,,none,200006,valid,none,,,runs/A-kem768-fixed-prr0p85-rep06-seed200006-v2/cooja.log,e658aa7ed9891a55987ac478c71ff4b453ac8f5fe12bc1e129e10e6715ea89cc,16853,168,success,1,SUCCESS
A-kem768-fixed-prr0p85-rep07-seed200007-v1,A-kem768-fixed-prr0p85-rep07-seed200007,A_B1_VS_B2,COOJA_SIMULATION,768,1,fixed,0.85,,none,200007,valid,none,,,runs/A-kem768-fixed-prr0p85-rep07-seed200007-v1/cooja.log,f63802cea23e74b21d344614a39f65a871479f5ecff8d3b8794a109bf3940fc2,12215,129,success,1,SUCCESS
A-kem768-fixed-prr0p85-rep07-seed200007-v2,A-kem768-fixed-prr0p85-rep07-seed200007,A_B1_VS_B2,COOJA_SIMULATION,768,2,fixed,0.85,,none,200007,valid,none,,,runs/A-kem768-fixed-prr0p85-rep07-seed200007-v2/cooja.log,91d637f13445b1de660013ebb67c4223ee5eeda9c571644de2aa40c7408e1ed9,17210,172,success,1,SUCCESS
A-kem768-fixed-prr0p85-rep08-seed200008-v1,A-kem768-fixed-prr0p85-rep08-seed200008,A_B1_VS_B2,COOJA_SIMULATION,768,1,fixed,0.85,,none,200008,valid,none,,,runs/A-kem768-fixed-prr0p85-rep08-seed200008-v1/cooja.log,22ecbf5fc02ffeb4576e2e84d1c3df9e68de19484c8111c42939df84bd6e45a0,11880,118,success,0,FAILED_PROTOCOL
A-kem768-fixed-prr0p85-rep08-seed200008-v2,A-kem768-fixed-prr0p85-rep08-seed200008,A_B1_VS_B2,COOJA_SIMULATION,768,2,fixed,0.85,,none,200008,valid,none,,,runs/A-kem768-fixed-prr0p85-rep08-seed200008-v2/cooja.log,5c2e19bded673b3e1843bd21ae55e5f7cf395fef7e24c6bc85819cced643b05f,17484,175,success,1,SUCCESS
A-kem768-fixed-prr0p85-rep09-seed200009-v1,A-kem768-fixed-prr0p85-rep09-seed200009,A_B1_VS_B2,COOJA_SIMULATION,768,1,fixed,0.85,,none,200009,valid,none,,,runs/A-kem768-fixed-prr0p85-rep09-seed200009-v1/cooja.log,721e902417d47c585c92d6dd232352fcaf96499edec2014dbbc6f947f67f5c7b,11974,119,success,0,FAILED_PROTOCOL
A-kem768-fixed-prr0p85-rep09-seed200009-v2,A-kem768-fixed-prr0p85-rep09-seed200009,A_B1_VS_B2,COOJA_SIMULATION,768,2,fixed,0.85,,none,200009,valid,none,,,runs/A-kem768-fixed-prr0p85-rep09-seed200009-v2/cooja.log,c428928fa00904d30c5bd2e3e51fc92b97f8d5ecf9ec7eff77cb484b9400d5e6,17403,174,success,1,SUCCESS
A-kem768-fixed-prr0p85-rep10-seed200010-v1,A-kem768-fixed-prr0p85-rep10-seed200010,A_B1_VS_B2,COOJA_SIMULATION,768,1,fixed,0.85,,none,200010,valid,none,,,runs/A-kem768-fixed-prr0p85-rep10-seed200010-v1/cooja.log,6e352a652356216574634ba74766a7634a32ae9d26e493b1aef616e3df39391a,15144,153,success,0,FAILED_PROTOCOL
A-kem768-fixed-prr0p85-rep10-seed200010-v2,A-kem768-fixed-prr0p85-rep10-seed200010,A_B1_VS_B2,COOJA_SIMULATION,768,2,fixed,0.85,,none,200010,valid,none,,,runs/A-kem768-fixed-prr0p85-rep10-seed200010-v2/cooja.log,08e514f11bb3806826c806cb3d5af25b453c76d0fc66600508cdb9bd0ce64a18,17611,176,success,1,SUCCESS
A-kem768-fixed-prr0p85-rep11-seed200011-v1,A-kem768-fixed-prr0p85-rep11-seed200011,A_B1_VS_B2,COOJA_SIMULATION,768,1,fixed,0.85,,none,200011,valid,none,,,runs/A-kem768-fixed-prr0p85-rep11-seed200011-v1/cooja.log,20cff03f90f95b0b63c6c7fe8dbf3406c23fb5733e1e6e82c68a28bf190d1b79,15466,157,success,0,FAILED_PROTOCOL
A-kem768-fixed-prr0p85-rep11-seed200011-v2,A-kem768-fixed-prr0p85-rep11-seed200011,A_B1_VS_B2,COOJA_SIMULATION,768,2,fixed,0.85,,none,200011,valid,none,,,runs/A-kem768-fixed-prr0p85-rep11-seed200011-v2/cooja.log,b41073837cd6fdda0846e487724e50d890069ac36b6c524536b536f307beaca4,17850,179,success,1,SUCCESS
A-kem768-fixed-prr0p85-rep12-seed200012-v1,A-kem768-fixed-prr0p85-rep12-seed200012,A_B1_VS_B2,COOJA_SIMULATION,768,1,fixed,0.85,,none,200012,valid,none,,,runs/A-kem768-fixed-prr0p85-rep12-seed200012-v1/cooja.log,d09b252da11c5831290eec2ac3aae07b48e51da0b39853be01807be6416c4ba2,11752,120,success,0,FAILED_PROTOCOL
A-kem768-fixed-prr0p85-rep12-seed200012-v2,A-kem768-fixed-prr0p85-rep12-seed200012,A_B1_VS_B2,COOJA_SIMULATION,768,2,fixed,0.85,,none,200012,valid,none,,,runs/A-kem768-fixed-prr0p85-rep12-seed200012-v2/cooja.log,b42f19434409857a6e21cded0534221800c6c7fac3fba859b12566e0c93f9fe1,11986,122,success,0,FAILED_PROTOCOL
A-kem768-fixed-prr0p85-rep13-seed200013-v1,A-kem768-fixed-prr0p85-rep13-seed200013,A_B1_VS_B2,COOJA_SIMULATION,768,1,fixed,0.85,,none,200013,valid,none,,,runs/A-kem768-fixed-prr0p85-rep13-seed200013-v1/cooja.log,f86be714c26782c639d769bccc8b2e05c49afc57238bd4c3ead1549b2b2ee638,10878,110,success,0,FAILED_PROTOCOL
A-kem768-fixed-prr0p85-rep13-seed200013-v2,A-kem768-fixed-prr0p85-rep13-seed200013,A_B1_VS_B2,COOJA_SIMULATION,768,2,fixed,0.85,,none,200013,valid,none,,,runs/A-kem768-fixed-prr0p85-rep13-seed200013-v2/cooja.log,ecb0816c16ad3ff5d3012b5438ddd16e43cfe6ad3c14dbd9d4a52c5b307c911d,11112,112,success,0,FAILED_PROTOCOL
A-kem768-fixed-prr0p85-rep14-seed200014-v1,A-kem768-fixed-prr0p85-rep14-seed200014,A_B1_VS_B2,COOJA_SIMULATION,768,1,fixed,0.85,,none,200014,valid,none,,,runs/A-kem768-fixed-prr0p85-rep14-seed200014-v1/cooja.log,c8e2b1e85cec01b5b5f8d1ba8fa905677d8a23f529e67194bfd78171b3c22560,14283,148,success,0,FAILED_PROTOCOL
A-kem768-fixed-prr0p85-rep14-seed200014-v2,A-kem768-fixed-prr0p85-rep14-seed200014,A_B1_VS_B2,COOJA_SIMULATION,768,2,fixed,0.85,,none,200014,valid,none,,,runs/A-kem768-fixed-prr0p85-rep14-seed200014-v2/cooja.log,74f2321178102fac519ac51fc5febb6d08212eaac5e169dcd309e647484ed93c,14517,150,success,0,FAILED_PROTOCOL
A-kem768-fixed-prr0p85-rep15-seed200015-v1,A-kem768-fixed-prr0p85-rep15-seed200015,A_B1_VS_B2,COOJA_SIMULATION,768,1,fixed,0.85,,none,200015,valid,none,,,runs/A-kem768-fixed-prr0p85-rep15-seed200015-v1/cooja.log,fdf1d63b1be8836ad27194437520d6beebe795384f41cc52041bcf267be6cf34,11805,117,success,0,FAILED_PROTOCOL
A-kem768-fixed-prr0p85-rep15-seed200015-v2,A-kem768-fixed-prr0p85-rep15-seed200015,A_B1_VS_B2,COOJA_SIMULATION,768,2,fixed,0.85,,none,200015,valid,none,,,runs/A-kem768-fixed-prr0p85-rep15-seed200015-v2/cooja.log,8aeb4830c64ecd9efda3bef333c176a5e0754587745137d9fa23c8a417e6c7cb,17959,180,success,1,SUCCESS
A-kem768-fixed-prr0p85-rep16-seed200016-v1,A-kem768-fixed-prr0p85-rep16-seed200016,A_B1_VS_B2,COOJA_SIMULATION,768,1,fixed,0.85,,none,200016,valid,none,,,runs/A-kem768-fixed-prr0p85-rep16-seed200016-v1/cooja.log,eb0f7cc54d52ab3aaf781a337069bdb9b12be5eaa9c2afba2c5308f108f37fae,11082,112,success,0,FAILED_PROTOCOL
A-kem768-fixed-prr0p85-rep16-seed200016-v2,A-kem768-fixed-prr0p85-rep16-seed200016,A_B1_VS_B2,COOJA_SIMULATION,768,2,fixed,0.85,,none,200016,valid,none,,,runs/A-kem768-fixed-prr0p85-rep16-seed200016-v2/cooja.log,c4e157b7606786d6c2f1b38ed807f2ac0ee79955696e5f1faaf48c7fff9a0513,11316,114,success,0,FAILED_PROTOCOL
A-kem768-fixed-prr0p85-rep17-seed200017-v1,A-kem768-fixed-prr0p85-rep17-seed200017,A_B1_VS_B2,COOJA_SIMULATION,768,1,fixed,0.85,,none,200017,valid,none,,,runs/A-kem768-fixed-prr0p85-rep17-seed200017-v1/cooja.log,c9c2b8cf982c98d30ed768eddffbe8cccec21784825d01e281d99ab244ae43ac,12224,129,success,1,SUCCESS
A-kem768-fixed-prr0p85-rep17-seed200017-v2,A-kem768-fixed-prr0p85-rep17-seed200017,A_B1_VS_B2,COOJA_SIMULATION,768,2,fixed,0.85,,none,200017,valid,none,,,runs/A-kem768-fixed-prr0p85-rep17-seed200017-v2/cooja.log,9ed53b6de3270762022404ba16779e1a985c1bb2950e942714ba2283eb31b45d,16856,168,success,1,SUCCESS
A-kem768-fixed-prr0p85-rep18-seed200018-v1,A-kem768-fixed-prr0p85-rep18-seed200018,A_B1_VS_B2,COOJA_SIMULATION,768,1,fixed,0.85,,none,200018,valid,none,,,runs/A-kem768-fixed-prr0p85-rep18-seed200018-v1/cooja.log,a8dd473b10a3fcca5f4986ca3b9c2426e40ada121aca07a0515a4170f2d803b4,15209,154,success,0,FAILED_PROTOCOL
A-kem768-fixed-prr0p85-rep18-seed200018-v2,A-kem768-fixed-prr0p85-rep18-seed200018,A_B1_VS_B2,COOJA_SIMULATION,768,2,fixed,0.85,,none,200018,valid,none,,,runs/A-kem768-fixed-prr0p85-rep18-seed200018-v2/cooja.log,df7fe93b0bf9eae0c8021dc1942d976d9c84ebfd185716f18460c6fc117c466b,17325,173,success,1,SUCCESS
A-kem768-fixed-prr0p85-rep19-seed200019-v1,A-kem768-fixed-prr0p85-rep19-seed200019,A_B1_VS_B2,COOJA_SIMULATION,768,1,fixed,0.85,,none,200019,valid,none,,,runs/A-kem768-fixed-prr0p85-rep19-seed200019-v1/cooja.log,8c4b7a718f4f92e0ad2647128403009de4de6ceb1b893a7031ce89e31cd17720,11962,119,success,0,FAILED_PROTOCOL
A-kem768-fixed-prr0p85-rep19-seed200019-v2,A-kem768-fixed-prr0p85-rep19-seed200019,A_B1_VS_B2,COOJA_SIMULATION,768,2,fixed,0.85,,none,200019,valid,none,,,runs/A-kem768-fixed-prr0p85-rep19-seed200019-v2/cooja.log,509e7d0eb268e8e5e045b7d3318162183d4ba7c3d75319f4f782b7e69f9814c3,17391,174,success,1,SUCCESS
A-kem768-fixed-prr0p85-rep20-seed200020-v1,A-kem768-fixed-prr0p85-rep20-seed200020,A_B1_VS_B2,COOJA_SIMULATION,768,1,fixed,0.85,,none,200020,valid,none,,,runs/A-kem768-fixed-prr0p85-rep20-seed200020-v1/cooja.log,8e78f05875f4fd804511fdb18202d4f428ff243dfc463bf7d657c7cfaf5ba3ad,12310,123,success,0,FAILED_PROTOCOL
A-kem768-fixed-prr0p85-rep20-seed200020-v2,A-kem768-fixed-prr0p85-rep20-seed200020,A_B1_VS_B2,COOJA_SIMULATION,768,2,fixed,0.85,,none,200020,valid,none,,,runs/A-kem768-fixed-prr0p85-rep20-seed200020-v2/cooja.log,3d621f82f15e801511b48d187edfd89bdccd5fd7e671d2720b588bb56062c7b0,17400,174,success,1,SUCCESS
A-kem768-fixed-prr0p85-rep21-seed200021-v1,A-kem768-fixed-prr0p85-rep21-seed200021,A_B1_VS_B2,COOJA_SIMULATION,768,1,fixed,0.85,,none,200021,valid,none,,,runs/A-kem768-fixed-prr0p85-rep21-seed200021-v1/cooja.log,b029772cb75c69f1ea5ece0256bb2275b2c06da6e27f3dc1d4b5b6cbde84e840,13483,139,success,0,FAILED_PROTOCOL
A-kem768-fixed-prr0p85-rep21-seed200021-v2,A-kem768-fixed-prr0p85-rep21-seed200021,A_B1_VS_B2,COOJA_SIMULATION,768,2,fixed,0.85,,none,200021,valid,none,,,runs/A-kem768-fixed-prr0p85-rep21-seed200021-v2/cooja.log,986cdb65e7060ec672ac8eb3517554e1d42790c1297820916dd415b0f0b2361a,13717,141,success,0,FAILED_PROTOCOL
A-kem768-fixed-prr0p85-rep22-seed200022-v1,A-kem768-fixed-prr0p85-rep22-seed200022,A_B1_VS_B2,COOJA_SIMULATION,768,1,fixed,0.85,,none,200022,valid,none,,,runs/A-kem768-fixed-prr0p85-rep22-seed200022-v1/cooja.log,14742a2cb9c22bfce5c366310a2333d8e5f00b035c907a9b388299aa89319dca,12139,128,success,1,SUCCESS
A-kem768-fixed-prr0p85-rep22-seed200022-v2,A-kem768-fixed-prr0p85-rep22-seed200022,A_B1_VS_B2,COOJA_SIMULATION,768,2,fixed,0.85,,none,200022,valid,none,,,runs/A-kem768-fixed-prr0p85-rep22-seed200022-v2/cooja.log,a781e1cadbcbdfec4c866456676d9afbce16ffb0b5177246b3c5975f3341bd57,16771,167,success,1,SUCCESS
A-kem768-fixed-prr0p85-rep23-seed200023-v1,A-kem768-fixed-prr0p85-rep23-seed200023,A_B1_VS_B2,COOJA_SIMULATION,768,1,fixed,0.85,,none,200023,valid,none,,,runs/A-kem768-fixed-prr0p85-rep23-seed200023-v1/cooja.log,ad84d012628a7e0971b1a9fbdfdf5826ba4686c2f1ccb7df15a133ef1157d056,12221,129,success,1,SUCCESS
A-kem768-fixed-prr0p85-rep23-seed200023-v2,A-kem768-fixed-prr0p85-rep23-seed200023,A_B1_VS_B2,COOJA_SIMULATION,768,2,fixed,0.85,,none,200023,valid,none,,,runs/A-kem768-fixed-prr0p85-rep23-seed200023-v2/cooja.log,696f26c7de61910e138f1d5e22dcc88b90276c6d1e9d3fbc310113507eb1c5fa,16853,168,success,1,SUCCESS
A-kem768-fixed-prr0p85-rep24-seed200024-v1,A-kem768-fixed-prr0p85-rep24-seed200024,A_B1_VS_B2,COOJA_SIMULATION,768,1,fixed,0.85,,none,200024,valid,none,,,runs/A-kem768-fixed-prr0p85-rep24-seed200024-v1/cooja.log,a940e4a7e4a1ec4f4bea37a5b074ee2813546fdef7bb2721513697a7d0230d03,12221,129,success,1,SUCCESS
A-kem768-fixed-prr0p85-rep24-seed200024-v2,A-kem768-fixed-prr0p85-rep24-seed200024,A_B1_VS_B2,COOJA_SIMULATION,768,2,fixed,0.85,,none,200024,valid,none,,,runs/A-kem768-fixed-prr0p85-rep24-seed200024-v2/cooja.log,fa9ac26e11d39bd39c086dc8ec2508322ecaa903e533c27e2c6192ea789fc48c,16853,168,success,1,SUCCESS
A-kem768-fixed-prr0p85-rep25-seed200025-v1,A-kem768-fixed-prr0p85-rep25-seed200025,A_B1_VS_B2,COOJA_SIMULATION,768,1,fixed,0.85,,none,200025,valid,none,,,runs/A-kem768-fixed-prr0p85-rep25-seed200025-v1/cooja.log,9dfe856564c720f0562cd595a940f1a31fee5aa73825597a16bd581f5f22cf47,12215,129,success,1,SUCCESS
A-kem768-fixed-prr0p85-rep25-seed200025-v2,A-kem768-fixed-prr0p85-rep25-seed200025,A_B1_VS_B2,COOJA_SIMULATION,768,2,fixed,0.85,,none,200025,valid,none,,,runs/A-kem768-fixed-prr0p85-rep25-seed200025-v2/cooja.log,dd2ef591fdc1f12f9366788eca672ec150538fa85e9bbe4b28c7f37169858634,16847,168,success,1,SUCCESS
A-kem768-fixed-prr0p85-rep26-seed200026-v1,A-kem768-fixed-prr0p85-rep26-seed200026,A_B1_VS_B2,COOJA_SIMULATION,768,1,fixed,0.85,,none,200026,valid,none,,,runs/A-kem768-fixed-prr0p85-rep26-seed200026-v1/cooja.log,68336e36d0ef1418e42ea4081dd940a7246e5e493d34a5d15a5907e82bf72b67,13330,137,success,0,FAILED_PROTOCOL
A-kem768-fixed-prr0p85-rep26-seed200026-v2,A-kem768-fixed-prr0p85-rep26-seed200026,A_B1_VS_B2,COOJA_SIMULATION,768,2,fixed,0.85,,none,200026,valid,none,,,runs/A-kem768-fixed-prr0p85-rep26-seed200026-v2/cooja.log,69a86dfb9288904d34ef211271bfdfb2a89355d2eac5a25a9eb3e5aef4e1f0d4,13564,139,success,0,FAILED_PROTOCOL
A-kem768-fixed-prr0p85-rep27-seed200027-v1,A-kem768-fixed-prr0p85-rep27-seed200027,A_B1_VS_B2,COOJA_SIMULATION,768,1,fixed,0.85,,none,200027,valid,none,,,runs/A-kem768-fixed-prr0p85-rep27-seed200027-v1/cooja.log,c6b834b58220d15969946579a487d78998537dc7dc3fb383501cbfb31f6a3ad9,12047,123,success,0,FAILED_PROTOCOL
A-kem768-fixed-prr0p85-rep27-seed200027-v2,A-kem768-fixed-prr0p85-rep27-seed200027,A_B1_VS_B2,COOJA_SIMULATION,768,2,fixed,0.85,,none,200027,valid,none,,,runs/A-kem768-fixed-prr0p85-rep27-seed200027-v2/cooja.log,facf56e0da733649903b3016359d8eb4d0e8213f4ca1c5ffa592d930a7b25394,12281,125,success,0,FAILED_PROTOCOL
A-kem768-fixed-prr0p85-rep28-seed200028-v1,A-kem768-fixed-prr0p85-rep28-seed200028,A_B1_VS_B2,COOJA_SIMULATION,768,1,fixed,0.85,,none,200028,valid,none,,,runs/A-kem768-fixed-prr0p85-rep28-seed200028-v1/cooja.log,33ddd9e687a13c61347dd609ac5101dea35644b1c95f0b869afffbcea797c48e,12049,120,success,0,FAILED_PROTOCOL
A-kem768-fixed-prr0p85-rep28-seed200028-v2,A-kem768-fixed-prr0p85-rep28-seed200028,A_B1_VS_B2,COOJA_SIMULATION,768,2,fixed,0.85,,none,200028,valid,none,,,runs/A-kem768-fixed-prr0p85-rep28-seed200028-v2/cooja.log,d283f4840c81de99234c70bb17e27aa5f577b8f421d5c9d1cadfef451fb3cf46,17403,174,success,1,SUCCESS
A-kem768-fixed-prr0p85-rep29-seed200029-v1,A-kem768-fixed-prr0p85-rep29-seed200029,A_B1_VS_B2,COOJA_SIMULATION,768,1,fixed,0.85,,none,200029,valid,none,,,runs/A-kem768-fixed-prr0p85-rep29-seed200029-v1/cooja.log,d4523cdaeef4dc147f84f0d3b11c92130e89ebb784b6ac3358f9aae458c48f6b,15025,152,success,0,FAILED_PROTOCOL
A-kem768-fixed-prr0p85-rep29-seed200029-v2,A-kem768-fixed-prr0p85-rep29-seed200029,A_B1_VS_B2,COOJA_SIMULATION,768,2,fixed,0.85,,none,200029,valid,none,,,runs/A-kem768-fixed-prr0p85-rep29-seed200029-v2/cooja.log,b5ea3fc6059684620c948197d0593fe3a97e32fc95ce4082c58e88daf85f57dc,17406,174,success,1,SUCCESS
A-kem768-fixed-prr0p85-rep30-seed200030-v1,A-kem768-fixed-prr0p85-rep30-seed200030,A_B1_VS_B2,COOJA_SIMULATION,768,1,fixed,0.85,,none,200030,valid,none,,,runs/A-kem768-fixed-prr0p85-rep30-seed200030-v1/cooja.log,4ec878639ddc240ae572141e920a7098d957b5643812fae22956515b2a5bd3ed,14782,149,success,0,FAILED_PROTOCOL
A-kem768-fixed-prr0p85-rep30-seed200030-v2,A-kem768-fixed-prr0p85-rep30-seed200030,A_B1_VS_B2,COOJA_SIMULATION,768,2,fixed,0.85,,none,200030,valid,none,,,runs/A-kem768-fixed-prr0p85-rep30-seed200030-v2/cooja.log,026fcf1315dfdfb125c0f1e86cecba59b8c04118a93aaad3c74947baa4240d7b,17774,178,success,1,SUCCESS
A-kem768-fixed-prr0p90-rep01-seed200001-v1,A-kem768-fixed-prr0p90-rep01-seed200001,A_B1_VS_B2,COOJA_SIMULATION,768,1,fixed,0.9,,none,200001,valid,none,,,runs/A-kem768-fixed-prr0p90-rep01-seed200001-v1/cooja.log,4195d44abea3eba2b515e5d6627b2152d53a2556cf9ae55eee8695a01b7302b7,15018,152,success,0,FAILED_PROTOCOL
A-kem768-fixed-prr0p90-rep01-seed200001-v2,A-kem768-fixed-prr0p90-rep01-seed200001,A_B1_VS_B2,COOJA_SIMULATION,768,2,fixed,0.9,,none,200001,valid,none,,,runs/A-kem768-fixed-prr0p90-rep01-seed200001-v2/cooja.log,65823eb4af2522e04b39f4232c0b8c4152a48e4b5a9e108342bc16af87e8a5e6,17400,174,success,1,SUCCESS
A-kem768-fixed-prr0p90-rep02-seed200002-v1,A-kem768-fixed-prr0p90-rep02-seed200002,A_B1_VS_B2,COOJA_SIMULATION,768,1,fixed,0.9,,none,200002,valid,none,,,runs/A-kem768-fixed-prr0p90-rep02-seed200002-v1/cooja.log,9cdc328251daa777dda2023c7c16f2abad6f4753bab53dd15c00ff3938c16435,10891,110,success,0,FAILED_PROTOCOL
A-kem768-fixed-prr0p90-rep02-seed200002-v2,A-kem768-fixed-prr0p90-rep02-seed200002,A_B1_VS_B2,COOJA_SIMULATION,768,2,fixed,0.9,,none,200002,valid,none,,,runs/A-kem768-fixed-prr0p90-rep02-seed200002-v2/cooja.log,ba9deb2636911de99255c9fe3cfbd4eca67a7a4075785f97fd57d80b64a0e834,11125,112,success,0,FAILED_PROTOCOL
A-kem768-fixed-prr0p90-rep03-seed200003-v1,A-kem768-fixed-prr0p90-rep03-seed200003,A_B1_VS_B2,COOJA_SIMULATION,768,1,fixed,0.9,,none,200003,valid,none,,,runs/A-kem768-fixed-prr0p90-rep03-seed200003-v1/cooja.log,a3401608eea8892cf392325461362b7800904508f177fbf30b74fd3dfddca6fb,12218,129,success,1,SUCCESS
A-kem768-fixed-prr0p90-rep03-seed200003-v2,A-kem768-fixed-prr0p90-rep03-seed200003,A_B1_VS_B2,COOJA_SIMULATION,768,2,fixed,0.9,,none,200003,valid,none,,,runs/A-kem768-fixed-prr0p90-rep03-seed200003-v2/cooja.log,4d56d40668b1c84fb8087d89bdcbd14bb019a34b778ed64b13b471cf9de7b2ed,16850,168,success,1,SUCCESS
A-kem768-fixed-prr0p90-rep04-seed200004-v1,A-kem768-fixed-prr0p90-rep04-seed200004,A_B1_VS_B2,COOJA_SIMULATION,768,1,fixed,0.9,,none,200004,valid,none,,,runs/A-kem768-fixed-prr0p90-rep04-seed200004-v1/cooja.log,a47c4c4ced5ce9dda46d627d55fbf9dc78e988b6bba8f9a6508403f46a30b9e5,11893,121,success,0,FAILED_PROTOCOL
A-kem768-fixed-prr0p90-rep04-seed200004-v2,A-kem768-fixed-prr0p90-rep04-seed200004,A_B1_VS_B2,COOJA_SIMULATION,768,2,fixed,0.9,,none,200004,valid,none,,,runs/A-kem768-fixed-prr0p90-rep04-seed200004-v2/cooja.log,9378ee3c07e264af49bc19c5a461766f8a58c7e6489e10a864346743e179964d,12127,123,success,0,FAILED_PROTOCOL
A-kem768-fixed-prr0p90-rep05-seed200005-v1,A-kem768-fixed-prr0p90-rep05-seed200005,A_B1_VS_B2,COOJA_SIMULATION,768,1,fixed,0.9,,none,200005,valid,none,,,runs/A-kem768-fixed-prr0p90-rep05-seed200005-v1/cooja.log,8635c54087a35c5bfb077c4cc782a1ef3e97808e0806f932714b4f711442fb1e,12035,123,success,0,FAILED_PROTOCOL
A-kem768-fixed-prr0p90-rep05-seed200005-v2,A-kem768-fixed-prr0p90-rep05-seed200005,A_B1_VS_B2,COOJA_SIMULATION,768,2,fixed,0.9,,none,200005,valid,none,,,runs/A-kem768-fixed-prr0p90-rep05-seed200005-v2/cooja.log,7e24e5d3a5f664e4098f02b7219ac1f73cadb4319dbdd6f9603b40f619041e8f,12269,125,success,0,FAILED_PROTOCOL
A-kem768-fixed-prr0p90-rep06-seed200006-v1,A-kem768-fixed-prr0p90-rep06-seed200006,A_B1_VS_B2,COOJA_SIMULATION,768,1,fixed,0.9,,none,200006,valid,none,,,runs/A-kem768-fixed-prr0p90-rep06-seed200006-v1/cooja.log,8792f23973fb564df1f79b6b212db91bbdc2b4b771301f2b379b81573da1329e,12221,129,success,1,SUCCESS
A-kem768-fixed-prr0p90-rep06-seed200006-v2,A-kem768-fixed-prr0p90-rep06-seed200006,A_B1_VS_B2,COOJA_SIMULATION,768,2,fixed,0.9,,none,200006,valid,none,,,runs/A-kem768-fixed-prr0p90-rep06-seed200006-v2/cooja.log,e658aa7ed9891a55987ac478c71ff4b453ac8f5fe12bc1e129e10e6715ea89cc,16853,168,success,1,SUCCESS
A-kem768-fixed-prr0p90-rep07-seed200007-v1,A-kem768-fixed-prr0p90-rep07-seed200007,A_B1_VS_B2,COOJA_SIMULATION,768,1,fixed,0.9,,none,200007,valid,none,,,runs/A-kem768-fixed-prr0p90-rep07-seed200007-v1/cooja.log,8fd0e9595abe7605aaddc254ca4a24ddde2157e9c608e013a6ea658799bd3264,12215,129,success,1,SUCCESS
A-kem768-fixed-prr0p90-rep07-seed200007-v2,A-kem768-fixed-prr0p90-rep07-seed200007,A_B1_VS_B2,COOJA_SIMULATION,768,2,fixed,0.9,,none,200007,valid,none,,,runs/A-kem768-fixed-prr0p90-rep07-seed200007-v2/cooja.log,0a105dc2a1ceabadbfb7f47ea0f1f2255e6d79a56f4d5dbd41aac2ebe02cd5a1,16847,168,success,1,SUCCESS
A-kem768-fixed-prr0p90-rep08-seed200008-v1,A-kem768-fixed-prr0p90-rep08-seed200008,A_B1_VS_B2,COOJA_SIMULATION,768,1,fixed,0.9,,none,200008,valid,none,,,runs/A-kem768-fixed-prr0p90-rep08-seed200008-v1/cooja.log,22ecbf5fc02ffeb4576e2e84d1c3df9e68de19484c8111c42939df84bd6e45a0,11880,118,success,0,FAILED_PROTOCOL
A-kem768-fixed-prr0p90-rep08-seed200008-v2,A-kem768-fixed-prr0p90-rep08-seed200008,A_B1_VS_B2,COOJA_SIMULATION,768,2,fixed,0.9,,none,200008,valid,none,,,runs/A-kem768-fixed-prr0p90-rep08-seed200008-v2/cooja.log,5c2e19bded673b3e1843bd21ae55e5f7cf395fef7e24c6bc85819cced643b05f,17484,175,success,1,SUCCESS
A-kem768-fixed-prr0p90-rep09-seed200009-v1,A-kem768-fixed-prr0p90-rep09-seed200009,A_B1_VS_B2,COOJA_SIMULATION,768,1,fixed,0.9,,none,200009,valid,none,,,runs/A-kem768-fixed-prr0p90-rep09-seed200009-v1/cooja.log,11305e65ee665841aa6bf24340bf15f556866cc53e9ded5bc9df70f912cde724,14948,151,success,0,FAILED_PROTOCOL
A-kem768-fixed-prr0p90-rep09-seed200009-v2,A-kem768-fixed-prr0p90-rep09-seed200009,A_B1_VS_B2,COOJA_SIMULATION,768,2,fixed,0.9,,none,200009,valid,none,,,runs/A-kem768-fixed-prr0p90-rep09-seed200009-v2/cooja.log,8a9067f048f8e5edeec57ea99aad62626af429e11a69a7e6b0c2be3d865d9d2e,17403,174,success,1,SUCCESS
A-kem768-fixed-prr0p90-rep10-seed200010-v1,A-kem768-fixed-prr0p90-rep10-seed200010,A_B1_VS_B2,COOJA_SIMULATION,768,1,fixed,0.9,,none,200010,valid,none,,,runs/A-kem768-fixed-prr0p90-rep10-seed200010-v1/cooja.log,e0d86ef8fdced84b5e6de056a1d78c3f4b3a3998cb3e1ae521515d9d6e927838,15218,154,success,0,FAILED_PROTOCOL
A-kem768-fixed-prr0p90-rep10-seed200010-v2,A-kem768-fixed-prr0p90-rep10-seed200010,A_B1_VS_B2,COOJA_SIMULATION,768,2,fixed,0.9,,none,200010,valid,none,,,runs/A-kem768-fixed-prr0p90-rep10-seed200010-v2/cooja.log,b9bc45da1f171b0066e484878e6efe398b653decd13a599199036a0ce7789452,17685,177,success,1,SUCCESS
A-kem768-fixed-prr0p90-rep11-seed200011-v1,A-kem768-fixed-prr0p90-rep11-seed200011,A_B1_VS_B2,COOJA_SIMULATION,768,1,fixed,0.9,,none,200011,valid,none,,,runs/A-kem768-fixed-prr0p90-rep11-seed200011-v1/cooja.log,2b0838a353e36f47cce3388de4048d2657e5609f5e556be847381b9e7e1b6f5b,12215,129,success,1,SUCCESS
A-kem768-fixed-prr0p90-rep11-seed200011-v2,A-kem768-fixed-prr0p90-rep11-seed200011,A_B1_VS_B2,COOJA_SIMULATION,768,2,fixed,0.9,,none,200011,valid,none,,,runs/A-kem768-fixed-prr0p90-rep11-seed200011-v2/cooja.log,052fd0b988be2411630d4adab7c1bdb76b68eb48eb5daf5d6fb1eb0c8ab89ec0,16847,168,success,1,SUCCESS
A-kem768-fixed-prr0p90-rep12-seed200012-v1,A-kem768-fixed-prr0p90-rep12-seed200012,A_B1_VS_B2,COOJA_SIMULATION,768,1,fixed,0.9,,none,200012,valid,none,,,runs/A-kem768-fixed-prr0p90-rep12-seed200012-v1/cooja.log,e47136d5a8baa99d4da4b7309af7b9c21b25c4537d098daf976511dc814cec10,12224,129,success,1,SUCCESS
A-kem768-fixed-prr0p90-rep12-seed200012-v2,A-kem768-fixed-prr0p90-rep12-seed200012,A_B1_VS_B2,COOJA_SIMULATION,768,2,fixed,0.9,,none,200012,valid,none,,,runs/A-kem768-fixed-prr0p90-rep12-seed200012-v2/cooja.log,c6456abdc1001ff1d49f3c50267a678ff09fde2f1f02e27f323a0faaac7ae1ef,16856,168,success,1,SUCCESS
A-kem768-fixed-prr0p90-rep13-seed200013-v1,A-kem768-fixed-prr0p90-rep13-seed200013,A_B1_VS_B2,COOJA_SIMULATION,768,1,fixed,0.9,,none,200013,valid,none,,,runs/A-kem768-fixed-prr0p90-rep13-seed200013-v1/cooja.log,f1a3d047592709f018ee442206a59ae5538009be192cf54283ad11c1ea99a67d,12224,129,success,1,SUCCESS
A-kem768-fixed-prr0p90-rep13-seed200013-v2,A-kem768-fixed-prr0p90-rep13-seed200013,A_B1_VS_B2,COOJA_SIMULATION,768,2,fixed,0.9,,none,200013,valid,none,,,runs/A-kem768-fixed-prr0p90-rep13-seed200013-v2/cooja.log,1cb25c3e973679bd338e3eb14f34173f126bd105bba48711703f653b84e5b8c2,16856,168,success,1,SUCCESS
A-kem768-fixed-prr0p90-rep14-seed200014-v1,A-kem768-fixed-prr0p90-rep14-seed200014,A_B1_VS_B2,COOJA_SIMULATION,768,1,fixed,0.9,,none,200014,valid,none,,,runs/A-kem768-fixed-prr0p90-rep14-seed200014-v1/cooja.log,c8e2b1e85cec01b5b5f8d1ba8fa905677d8a23f529e67194bfd78171b3c22560,14283,148,success,0,FAILED_PROTOCOL
A-kem768-fixed-prr0p90-rep14-seed200014-v2,A-kem768-fixed-prr0p90-rep14-seed200014,A_B1_VS_B2,COOJA_SIMULATION,768,2,fixed,0.9,,none,200014,valid,none,,,runs/A-kem768-fixed-prr0p90-rep14-seed200014-v2/cooja.log,74f2321178102fac519ac51fc5febb6d08212eaac5e169dcd309e647484ed93c,14517,150,success,0,FAILED_PROTOCOL
A-kem768-fixed-prr0p90-rep15-seed200015-v1,A-kem768-fixed-prr0p90-rep15-seed200015,A_B1_VS_B2,COOJA_SIMULATION,768,1,fixed,0.9,,none,200015,valid,none,,,runs/A-kem768-fixed-prr0p90-rep15-seed200015-v1/cooja.log,ef91a5eeea57a115ba997a0b03f7a6d66cf31705ccaf5c1cf28814f46efcd932,12067,127,success,1,SUCCESS
A-kem768-fixed-prr0p90-rep15-seed200015-v2,A-kem768-fixed-prr0p90-rep15-seed200015,A_B1_VS_B2,COOJA_SIMULATION,768,2,fixed,0.9,,none,200015,valid,none,,,runs/A-kem768-fixed-prr0p90-rep15-seed200015-v2/cooja.log,41d53e110f9a6e31ddda4d7cb1e75e67f01add73a68ed0345258d310dc56b90a,17153,171,success,1,SUCCESS
A-kem768-fixed-prr0p90-rep16-seed200016-v1,A-kem768-fixed-prr0p90-rep16-seed200016,A_B1_VS_B2,COOJA_SIMULATION,768,1,fixed,0.9,,none,200016,valid,none,,,runs/A-kem768-fixed-prr0p90-rep16-seed200016-v1/cooja.log,75898871c5d7e9e9852c43e2238ac7a0b73c1109eb19a117db1a8d00c5165920,11156,113,success,0,FAILED_PROTOCOL
A-kem768-fixed-prr0p90-rep16-seed200016-v2,A-kem768-fixed-prr0p90-rep16-seed200016,A_B1_VS_B2,COOJA_SIMULATION,768,2,fixed,0.9,,none,200016,valid,none,,,runs/A-kem768-fixed-prr0p90-rep16-seed200016-v2/cooja.log,3ab3b54676b3a16d628a72cba31fd7600bcc1a1d4b1ab829438db1f518bb2e1a,11390,115,success,0,FAILED_PROTOCOL
A-kem768-fixed-prr0p90-rep17-seed200017-v1,A-kem768-fixed-prr0p90-rep17-seed200017,A_B1_VS_B2,COOJA_SIMULATION,768,1,fixed,0.9,,none,200017,valid,none,,,runs/A-kem768-fixed-prr0p90-rep17-seed200017-v1/cooja.log,c9c2b8cf982c98d30ed768eddffbe8cccec21784825d01e281d99ab244ae43ac,12224,129,success,1,SUCCESS
A-kem768-fixed-prr0p90-rep17-seed200017-v2,A-kem768-fixed-prr0p90-rep17-seed200017,A_B1_VS_B2,COOJA_SIMULATION,768,2,fixed,0.9,,none,200017,valid,none,,,runs/A-kem768-fixed-prr0p90-rep17-seed200017-v2/cooja.log,9ed53b6de3270762022404ba16779e1a985c1bb2950e942714ba2283eb31b45d,16856,168,success,1,SUCCESS
A-kem768-fixed-prr0p90-rep18-seed200018-v1,A-kem768-fixed-prr0p90-rep18-seed200018,A_B1_VS_B2,COOJA_SIMULATION,768,1,fixed,0.9,,none,200018,valid,none,,,runs/A-kem768-fixed-prr0p90-rep18-seed200018-v1/cooja.log,e6e7ba12148fbfb1fd59c2beebd45afe95f9ea95932513c7c727ff76dc43a936,15019,152,success,0,FAILED_PROTOCOL
A-kem768-fixed-prr0p90-rep18-seed200018-v2,A-kem768-fixed-prr0p90-rep18-seed200018,A_B1_VS_B2,COOJA_SIMULATION,768,2,fixed,0.9,,none,200018,valid,none,,,runs/A-kem768-fixed-prr0p90-rep18-seed200018-v2/cooja.log,4a15cb02d8230b9d6dacd9b6150e94a7312ad35741ff5a56261767efcacc6c03,17400,174,success,1,SUCCESS
A-kem768-fixed-prr0p90-rep19-seed200019-v1,A-kem768-fixed-prr0p90-rep19-seed200019,A_B1_VS_B2,COOJA_SIMULATION,768,1,fixed,0.9,,none,200019,valid,none,,,runs/A-kem768-fixed-prr0p90-rep19-seed200019-v1/cooja.log,b2ca4270ef90d922ac0ef5154a0b6859f90b09d8066af7d13d6ed901c7949036,11977,119,success,0,FAILED_PROTOCOL
A-kem768-fixed-prr0p90-rep19-seed200019-v2,A-kem768-fixed-prr0p90-rep19-seed200019,A_B1_VS_B2,COOJA_SIMULATION,768,2,fixed,0.9,,none,200019,valid,none,,,runs/A-kem768-fixed-prr0p90-rep19-seed200019-v2/cooja.log,3abd61de9aa4805564f08d5ed3baa2200d627e75d4951a38f80f6470640e075d,17406,174,success,1,SUCCESS
A-kem768-fixed-prr0p90-rep20-seed200020-v1,A-kem768-fixed-prr0p90-rep20-seed200020,A_B1_VS_B2,COOJA_SIMULATION,768,1,fixed,0.9,,none,200020,valid,none,,,runs/A-kem768-fixed-prr0p90-rep20-seed200020-v1/cooja.log,222ea89153fb7dd0e07269d5ce60ef5f6512f686b12005e663ad055ada69a010,12310,123,success,0,FAILED_PROTOCOL
A-kem768-fixed-prr0p90-rep20-seed200020-v2,A-kem768-fixed-prr0p90-rep20-seed200020,A_B1_VS_B2,COOJA_SIMULATION,768,2,fixed,0.9,,none,200020,valid,none,,,runs/A-kem768-fixed-prr0p90-rep20-seed200020-v2/cooja.log,e914beb7e7ddf7fb41873f4a9767ff77b4b7fa1eaa1437713078774cc5b89c86,17400,174,success,1,SUCCESS
A-kem768-fixed-prr0p90-rep21-seed200021-v1,A-kem768-fixed-prr0p90-rep21-seed200021,A_B1_VS_B2,COOJA_SIMULATION,768,1,fixed,0.9,,none,200021,valid,none,,,runs/A-kem768-fixed-prr0p90-rep21-seed200021-v1/cooja.log,46b8ebbe4bc44705ca115ebd970165f088bd5a89563e616acc3495ca6ddbb824,12836,132,success,0,FAILED_PROTOCOL
A-kem768-fixed-prr0p90-rep21-seed200021-v2,A-kem768-fixed-prr0p90-rep21-seed200021,A_B1_VS_B2,COOJA_SIMULATION,768,2,fixed,0.9,,none,200021,valid,none,,,runs/A-kem768-fixed-prr0p90-rep21-seed200021-v2/cooja.log,7388f664c5768afb807e319569d3e439f2477c67f4a37e46bfdbe052442eece3,13070,134,success,0,FAILED_PROTOCOL
A-kem768-fixed-prr0p90-rep22-seed200022-v1,A-kem768-fixed-prr0p90-rep22-seed200022,A_B1_VS_B2,COOJA_SIMULATION,768,1,fixed,0.9,,none,200022,valid,none,,,runs/A-kem768-fixed-prr0p90-rep22-seed200022-v1/cooja.log,14742a2cb9c22bfce5c366310a2333d8e5f00b035c907a9b388299aa89319dca,12139,128,success,1,SUCCESS
A-kem768-fixed-prr0p90-rep22-seed200022-v2,A-kem768-fixed-prr0p90-rep22-seed200022,A_B1_VS_B2,COOJA_SIMULATION,768,2,fixed,0.9,,none,200022,valid,none,,,runs/A-kem768-fixed-prr0p90-rep22-seed200022-v2/cooja.log,a781e1cadbcbdfec4c866456676d9afbce16ffb0b5177246b3c5975f3341bd57,16771,167,success,1,SUCCESS
A-kem768-fixed-prr0p90-rep23-seed200023-v1,A-kem768-fixed-prr0p90-rep23-seed200023,A_B1_VS_B2,COOJA_SIMULATION,768,1,fixed,0.9,,none,200023,valid,none,,,runs/A-kem768-fixed-prr0p90-rep23-seed200023-v1/cooja.log,ad84d012628a7e0971b1a9fbdfdf5826ba4686c2f1ccb7df15a133ef1157d056,12221,129,success,1,SUCCESS
A-kem768-fixed-prr0p90-rep23-seed200023-v2,A-kem768-fixed-prr0p90-rep23-seed200023,A_B1_VS_B2,COOJA_SIMULATION,768,2,fixed,0.9,,none,200023,valid,none,,,runs/A-kem768-fixed-prr0p90-rep23-seed200023-v2/cooja.log,696f26c7de61910e138f1d5e22dcc88b90276c6d1e9d3fbc310113507eb1c5fa,16853,168,success,1,SUCCESS
A-kem768-fixed-prr0p90-rep24-seed200024-v1,A-kem768-fixed-prr0p90-rep24-seed200024,A_B1_VS_B2,COOJA_SIMULATION,768,1,fixed,0.9,,none,200024,valid,none,,,runs/A-kem768-fixed-prr0p90-rep24-seed200024-v1/cooja.log,112fc50a3daaa4df67e85853b79519d44ceb9092ea4cf4082e707f1bac8f1c49,12221,129,success,1,SUCCESS
A-kem768-fixed-prr0p90-rep24-seed200024-v2,A-kem768-fixed-prr0p90-rep24-seed200024,A_B1_VS_B2,COOJA_SIMULATION,768,2,fixed,0.9,,none,200024,valid,none,,,runs/A-kem768-fixed-prr0p90-rep24-seed200024-v2/cooja.log,ae9a8ffd66633a0e65df095b4399e99e059e07cb6ff13c4082ac16053d441fa4,16853,168,success,1,SUCCESS
A-kem768-fixed-prr0p90-rep25-seed200025-v1,A-kem768-fixed-prr0p90-rep25-seed200025,A_B1_VS_B2,COOJA_SIMULATION,768,1,fixed,0.9,,none,200025,valid,none,,,runs/A-kem768-fixed-prr0p90-rep25-seed200025-v1/cooja.log,9dfe856564c720f0562cd595a940f1a31fee5aa73825597a16bd581f5f22cf47,12215,129,success,1,SUCCESS
A-kem768-fixed-prr0p90-rep25-seed200025-v2,A-kem768-fixed-prr0p90-rep25-seed200025,A_B1_VS_B2,COOJA_SIMULATION,768,2,fixed,0.9,,none,200025,valid,none,,,runs/A-kem768-fixed-prr0p90-rep25-seed200025-v2/cooja.log,dd2ef591fdc1f12f9366788eca672ec150538fa85e9bbe4b28c7f37169858634,16847,168,success,1,SUCCESS
A-kem768-fixed-prr0p90-rep26-seed200026-v1,A-kem768-fixed-prr0p90-rep26-seed200026,A_B1_VS_B2,COOJA_SIMULATION,768,1,fixed,0.9,,none,200026,valid,none,,,runs/A-kem768-fixed-prr0p90-rep26-seed200026-v1/cooja.log,efbd032736251326fd579efbd3cdcf795d6df3329586430fb3761167e98e7389,13194,131,success,0,FAILED_PROTOCOL
A-kem768-fixed-prr0p90-rep26-seed200026-v2,A-kem768-fixed-prr0p90-rep26-seed200026,A_B1_VS_B2,COOJA_SIMULATION,768,2,fixed,0.9,,none,200026,valid,none,,,runs/A-kem768-fixed-prr0p90-rep26-seed200026-v2/cooja.log,088e0e8a80610263a88c4cb3ec158b8a04e59b0de96828773a239f27480c865e,13385,138,success,0,FAILED_PROTOCOL
A-kem768-fixed-prr0p90-rep27-seed200027-v1,A-kem768-fixed-prr0p90-rep27-seed200027,A_B1_VS_B2,COOJA_SIMULATION,768,1,fixed,0.9,,none,200027,valid,none,,,runs/A-kem768-fixed-prr0p90-rep27-seed200027-v1/cooja.log,c6b834b58220d15969946579a487d78998537dc7dc3fb383501cbfb31f6a3ad9,12047,123,success,0,FAILED_PROTOCOL
A-kem768-fixed-prr0p90-rep27-seed200027-v2,A-kem768-fixed-prr0p90-rep27-seed200027,A_B1_VS_B2,COOJA_SIMULATION,768,2,fixed,0.9,,none,200027,valid,none,,,runs/A-kem768-fixed-prr0p90-rep27-seed200027-v2/cooja.log,facf56e0da733649903b3016359d8eb4d0e8213f4ca1c5ffa592d930a7b25394,12281,125,success,0,FAILED_PROTOCOL
A-kem768-fixed-prr0p90-rep28-seed200028-v1,A-kem768-fixed-prr0p90-rep28-seed200028,A_B1_VS_B2,COOJA_SIMULATION,768,1,fixed,0.9,,none,200028,valid,none,,,runs/A-kem768-fixed-prr0p90-rep28-seed200028-v1/cooja.log,318d41028330597b66c76ac21cab28acdac9da6a989c8e06a7d4603558a9480c,12221,129,success,1,SUCCESS
A-kem768-fixed-prr0p90-rep28-seed200028-v2,A-kem768-fixed-prr0p90-rep28-seed200028,A_B1_VS_B2,COOJA_SIMULATION,768,2,fixed,0.9,,none,200028,valid,none,,,runs/A-kem768-fixed-prr0p90-rep28-seed200028-v2/cooja.log,c59b2346d3c33129880e51b10e58c176aaddd427b7132443b9eea18fc6b4f877,16853,168,success,1,SUCCESS
A-kem768-fixed-prr0p90-rep29-seed200029-v1,A-kem768-fixed-prr0p90-rep29-seed200029,A_B1_VS_B2,COOJA_SIMULATION,768,1,fixed,0.9,,none,200029,valid,none,,,runs/A-kem768-fixed-prr0p90-rep29-seed200029-v1/cooja.log,c0d948173c09269e358b6dcfcd4470874154ecf69b92e99a9e6239220d921672,12224,129,success,1,SUCCESS
A-kem768-fixed-prr0p90-rep29-seed200029-v2,A-kem768-fixed-prr0p90-rep29-seed200029,A_B1_VS_B2,COOJA_SIMULATION,768,2,fixed,0.9,,none,200029,valid,none,,,runs/A-kem768-fixed-prr0p90-rep29-seed200029-v2/cooja.log,cd126916b6448125c598cb1cc4e91bba8cc261465104d6c5120d67354f4af401,16856,168,success,1,SUCCESS
A-kem768-fixed-prr0p90-rep30-seed200030-v1,A-kem768-fixed-prr0p90-rep30-seed200030,A_B1_VS_B2,COOJA_SIMULATION,768,1,fixed,0.9,,none,200030,valid,none,,,runs/A-kem768-fixed-prr0p90-rep30-seed200030-v1/cooja.log,a569e05d28605cf1d0107ce49bc5ae8de7697d49fdf74ad9c6771a0cc072dd45,14856,150,success,0,FAILED_PROTOCOL
A-kem768-fixed-prr0p90-rep30-seed200030-v2,A-kem768-fixed-prr0p90-rep30-seed200030,A_B1_VS_B2,COOJA_SIMULATION,768,2,fixed,0.9,,none,200030,valid,none,,,runs/A-kem768-fixed-prr0p90-rep30-seed200030-v2/cooja.log,a1d0cb9f748b851ab08a6eb1258f0fbb2ad65685dfe01bcc29032fbfbe67cbb1,17492,175,success,1,SUCCESS
A-kem768-fixed-prr0p95-rep01-seed200001-v1,A-kem768-fixed-prr0p95-rep01-seed200001,A_B1_VS_B2,COOJA_SIMULATION,768,1,fixed,0.95,,none,200001,valid,none,,,runs/A-kem768-fixed-prr0p95-rep01-seed200001-v1/cooja.log,09ce91053f57335c7b53776e9e6420fc697bf85bb1ee331e1e449b7485f5a92e,12218,129,success,1,SUCCESS
A-kem768-fixed-prr0p95-rep01-seed200001-v2,A-kem768-fixed-prr0p95-rep01-seed200001,A_B1_VS_B2,COOJA_SIMULATION,768,2,fixed,0.95,,none,200001,valid,none,,,runs/A-kem768-fixed-prr0p95-rep01-seed200001-v2/cooja.log,77880c7ea9686ab94a770bc3054b4e12a49f0d21e97be115d1bf77ed41844f8b,16850,168,success,1,SUCCESS
A-kem768-fixed-prr0p95-rep02-seed200002-v1,A-kem768-fixed-prr0p95-rep02-seed200002,A_B1_VS_B2,COOJA_SIMULATION,768,1,fixed,0.95,,none,200002,valid,none,,,runs/A-kem768-fixed-prr0p95-rep02-seed200002-v1/cooja.log,fe41bcf25c3b87035c05d004790c3a1dbc0e606cb64408bad4deafbf2aeed718,12221,129,success,1,SUCCESS
A-kem768-fixed-prr0p95-rep02-seed200002-v2,A-kem768-fixed-prr0p95-rep02-seed200002,A_B1_VS_B2,COOJA_SIMULATION,768,2,fixed,0.95,,none,200002,valid,none,,,runs/A-kem768-fixed-prr0p95-rep02-seed200002-v2/cooja.log,823752b7f994d91102a14b89337453815453b51a10647367598a9b55584fdfc1,16853,168,success,1,SUCCESS
A-kem768-fixed-prr0p95-rep03-seed200003-v1,A-kem768-fixed-prr0p95-rep03-seed200003,A_B1_VS_B2,COOJA_SIMULATION,768,1,fixed,0.95,,none,200003,valid,none,,,runs/A-kem768-fixed-prr0p95-rep03-seed200003-v1/cooja.log,a3401608eea8892cf392325461362b7800904508f177fbf30b74fd3dfddca6fb,12218,129,success,1,SUCCESS
A-kem768-fixed-prr0p95-rep03-seed200003-v2,A-kem768-fixed-prr0p95-rep03-seed200003,A_B1_VS_B2,COOJA_SIMULATION,768,2,fixed,0.95,,none,200003,valid,none,,,runs/A-kem768-fixed-prr0p95-rep03-seed200003-v2/cooja.log,4d56d40668b1c84fb8087d89bdcbd14bb019a34b778ed64b13b471cf9de7b2ed,16850,168,success,1,SUCCESS
A-kem768-fixed-prr0p95-rep04-seed200004-v1,A-kem768-fixed-prr0p95-rep04-seed200004,A_B1_VS_B2,COOJA_SIMULATION,768,1,fixed,0.95,,none,200004,valid,none,,,runs/A-kem768-fixed-prr0p95-rep04-seed200004-v1/cooja.log,a7b480520d2cbef19a555cb935a18a653b6636762ee47426a9e09873274e38b9,11704,116,success,0,FAILED_PROTOCOL
A-kem768-fixed-prr0p95-rep04-seed200004-v2,A-kem768-fixed-prr0p95-rep04-seed200004,A_B1_VS_B2,COOJA_SIMULATION,768,2,fixed,0.95,,none,200004,valid,none,,,runs/A-kem768-fixed-prr0p95-rep04-seed200004-v2/cooja.log,681101fb6c2dde97d8a78f7bae8f3adc7a7a317a722171980d581d7c91781690,17879,179,success,1,SUCCESS
A-kem768-fixed-prr0p95-rep05-seed200005-v1,A-kem768-fixed-prr0p95-rep05-seed200005,A_B1_VS_B2,COOJA_SIMULATION,768,1,fixed,0.95,,none,200005,valid,none,,,runs/A-kem768-fixed-prr0p95-rep05-seed200005-v1/cooja.log,53dfd5e9604debf18ad9a85c7d56302004ca613fbeda62ec0ebfb0530c727600,12212,129,success,1,SUCCESS
A-kem768-fixed-prr0p95-rep05-seed200005-v2,A-kem768-fixed-prr0p95-rep05-seed200005,A_B1_VS_B2,COOJA_SIMULATION,768,2,fixed,0.95,,none,200005,valid,none,,,runs/A-kem768-fixed-prr0p95-rep05-seed200005-v2/cooja.log,be223cf8a6092fbd5b9c8c17791aa3924372ddf5a2754159bc2c5f37d9ec934a,16844,168,success,1,SUCCESS
A-kem768-fixed-prr0p95-rep06-seed200006-v1,A-kem768-fixed-prr0p95-rep06-seed200006,A_B1_VS_B2,COOJA_SIMULATION,768,1,fixed,0.95,,none,200006,valid,none,,,runs/A-kem768-fixed-prr0p95-rep06-seed200006-v1/cooja.log,03b66f35fb79ea32952fd359b946193056157e332888ad256941f944fe71c204,12221,129,success,1,SUCCESS
A-kem768-fixed-prr0p95-rep06-seed200006-v2,A-kem768-fixed-prr0p95-rep06-seed200006,A_B1_VS_B2,COOJA_SIMULATION,768,2,fixed,0.95,,none,200006,valid,none,,,runs/A-kem768-fixed-prr0p95-rep06-seed200006-v2/cooja.log,f19a4262ded24312a9d26fd69eb896249292e4dd5168fe228841abab3eb645aa,16853,168,success,1,SUCCESS
A-kem768-fixed-prr0p95-rep07-seed200007-v1,A-kem768-fixed-prr0p95-rep07-seed200007,A_B1_VS_B2,COOJA_SIMULATION,768,1,fixed,0.95,,none,200007,valid,none,,,runs/A-kem768-fixed-prr0p95-rep07-seed200007-v1/cooja.log,8fd0e9595abe7605aaddc254ca4a24ddde2157e9c608e013a6ea658799bd3264,12215,129,success,1,SUCCESS
A-kem768-fixed-prr0p95-rep07-seed200007-v2,A-kem768-fixed-prr0p95-rep07-seed200007,A_B1_VS_B2,COOJA_SIMULATION,768,2,fixed,0.95,,none,200007,valid,none,,,runs/A-kem768-fixed-prr0p95-rep07-seed200007-v2/cooja.log,0a105dc2a1ceabadbfb7f47ea0f1f2255e6d79a56f4d5dbd41aac2ebe02cd5a1,16847,168,success,1,SUCCESS
A-kem768-fixed-prr0p95-rep08-seed200008-v1,A-kem768-fixed-prr0p95-rep08-seed200008,A_B1_VS_B2,COOJA_SIMULATION,768,1,fixed,0.95,,none,200008,valid,none,,,runs/A-kem768-fixed-prr0p95-rep08-seed200008-v1/cooja.log,4d1a7fe086d66a68db676cadb14f64153d496a33e94ce3a6546028ad2f97b1fd,12142,128,success,1,SUCCESS
A-kem768-fixed-prr0p95-rep08-seed200008-v2,A-kem768-fixed-prr0p95-rep08-seed200008,A_B1_VS_B2,COOJA_SIMULATION,768,2,fixed,0.95,,none,200008,valid,none,,,runs/A-kem768-fixed-prr0p95-rep08-seed200008-v2/cooja.log,9158cfb38d5a69d16caa17adec30284832b40411e0cc1633e46cb48844fbc626,16774,167,success,1,SUCCESS
A-kem768-fixed-prr0p95-rep09-seed200009-v1,A-kem768-fixed-prr0p95-rep09-seed200009,A_B1_VS_B2,COOJA_SIMULATION,768,1,fixed,0.95,,none,200009,valid,none,,,runs/A-kem768-fixed-prr0p95-rep09-seed200009-v1/cooja.log,b6edf65585349b57fc1fce38602cd9c7fca87a84e2db7f41645a59d5eb833e54,12221,129,success,1,SUCCESS
A-kem768-fixed-prr0p95-rep09-seed200009-v2,A-kem768-fixed-prr0p95-rep09-seed200009,A_B1_VS_B2,COOJA_SIMULATION,768,2,fixed,0.95,,none,200009,valid,none,,,runs/A-kem768-fixed-prr0p95-rep09-seed200009-v2/cooja.log,739e9524013526f8d2e041d046ccbace7cf017e0d786c7f2ef6e0182753cc750,16853,168,success,1,SUCCESS
A-kem768-fixed-prr0p95-rep10-seed200010-v1,A-kem768-fixed-prr0p95-rep10-seed200010,A_B1_VS_B2,COOJA_SIMULATION,768,1,fixed,0.95,,none,200010,valid,none,,,runs/A-kem768-fixed-prr0p95-rep10-seed200010-v1/cooja.log,e0d86ef8fdced84b5e6de056a1d78c3f4b3a3998cb3e1ae521515d9d6e927838,15218,154,success,0,FAILED_PROTOCOL
A-kem768-fixed-prr0p95-rep10-seed200010-v2,A-kem768-fixed-prr0p95-rep10-seed200010,A_B1_VS_B2,COOJA_SIMULATION,768,2,fixed,0.95,,none,200010,valid,none,,,runs/A-kem768-fixed-prr0p95-rep10-seed200010-v2/cooja.log,b9bc45da1f171b0066e484878e6efe398b653decd13a599199036a0ce7789452,17685,177,success,1,SUCCESS
A-kem768-fixed-prr0p95-rep11-seed200011-v1,A-kem768-fixed-prr0p95-rep11-seed200011,A_B1_VS_B2,COOJA_SIMULATION,768,1,fixed,0.95,,none,200011,valid,none,,,runs/A-kem768-fixed-prr0p95-rep11-seed200011-v1/cooja.log,566984dc03be203c530391e69d15664b48bb318953a46ce12f9d2eb900b23fc2,12215,129,success,1,SUCCESS
A-kem768-fixed-prr0p95-rep11-seed200011-v2,A-kem768-fixed-prr0p95-rep11-seed200011,A_B1_VS_B2,COOJA_SIMULATION,768,2,fixed,0.95,,none,200011,valid,none,,,runs/A-kem768-fixed-prr0p95-rep11-seed200011-v2/cooja.log,2cc59cfe46c5a93e25666bbda741f0fc0570688f80ee3cbc89ebe111fd1db091,16847,168,success,1,SUCCESS
A-kem768-fixed-prr0p95-rep12-seed200012-v1,A-kem768-fixed-prr0p95-rep12-seed200012,A_B1_VS_B2,COOJA_SIMULATION,768,1,fixed,0.95,,none,200012,valid,none,,,runs/A-kem768-fixed-prr0p95-rep12-seed200012-v1/cooja.log,e47136d5a8baa99d4da4b7309af7b9c21b25c4537d098daf976511dc814cec10,12224,129,success,1,SUCCESS
A-kem768-fixed-prr0p95-rep12-seed200012-v2,A-kem768-fixed-prr0p95-rep12-seed200012,A_B1_VS_B2,COOJA_SIMULATION,768,2,fixed,0.95,,none,200012,valid,none,,,runs/A-kem768-fixed-prr0p95-rep12-seed200012-v2/cooja.log,c6456abdc1001ff1d49f3c50267a678ff09fde2f1f02e27f323a0faaac7ae1ef,16856,168,success,1,SUCCESS
A-kem768-fixed-prr0p95-rep13-seed200013-v1,A-kem768-fixed-prr0p95-rep13-seed200013,A_B1_VS_B2,COOJA_SIMULATION,768,1,fixed,0.95,,none,200013,valid,none,,,runs/A-kem768-fixed-prr0p95-rep13-seed200013-v1/cooja.log,f1a3d047592709f018ee442206a59ae5538009be192cf54283ad11c1ea99a67d,12224,129,success,1,SUCCESS
A-kem768-fixed-prr0p95-rep13-seed200013-v2,A-kem768-fixed-prr0p95-rep13-seed200013,A_B1_VS_B2,COOJA_SIMULATION,768,2,fixed,0.95,,none,200013,valid,none,,,runs/A-kem768-fixed-prr0p95-rep13-seed200013-v2/cooja.log,1cb25c3e973679bd338e3eb14f34173f126bd105bba48711703f653b84e5b8c2,16856,168,success,1,SUCCESS
A-kem768-fixed-prr0p95-rep14-seed200014-v1,A-kem768-fixed-prr0p95-rep14-seed200014,A_B1_VS_B2,COOJA_SIMULATION,768,1,fixed,0.95,,none,200014,valid,none,,,runs/A-kem768-fixed-prr0p95-rep14-seed200014-v1/cooja.log,c8e2b1e85cec01b5b5f8d1ba8fa905677d8a23f529e67194bfd78171b3c22560,14283,148,success,0,FAILED_PROTOCOL
A-kem768-fixed-prr0p95-rep14-seed200014-v2,A-kem768-fixed-prr0p95-rep14-seed200014,A_B1_VS_B2,COOJA_SIMULATION,768,2,fixed,0.95,,none,200014,valid,none,,,runs/A-kem768-fixed-prr0p95-rep14-seed200014-v2/cooja.log,74f2321178102fac519ac51fc5febb6d08212eaac5e169dcd309e647484ed93c,14517,150,success,0,FAILED_PROTOCOL
A-kem768-fixed-prr0p95-rep15-seed200015-v1,A-kem768-fixed-prr0p95-rep15-seed200015,A_B1_VS_B2,COOJA_SIMULATION,768,1,fixed,0.95,,none,200015,valid,none,,,runs/A-kem768-fixed-prr0p95-rep15-seed200015-v1/cooja.log,5344e4d5f1a3eebabad8a0037c0f0e45d987dd0a46c9cd9923bb3589706f32f4,12141,128,success,1,SUCCESS
A-kem768-fixed-prr0p95-rep15-seed200015-v2,A-kem768-fixed-prr0p95-rep15-seed200015,A_B1_VS_B2,COOJA_SIMULATION,768,2,fixed,0.95,,none,200015,valid,none,,,runs/A-kem768-fixed-prr0p95-rep15-seed200015-v2/cooja.log,ea093c8398bd26a9f6b767fc9e7258711295e7b8545d4bb15abcc1892f71129d,17227,172,success,1,SUCCESS
A-kem768-fixed-prr0p95-rep16-seed200016-v1,A-kem768-fixed-prr0p95-rep16-seed200016,A_B1_VS_B2,COOJA_SIMULATION,768,1,fixed,0.95,,none,200016,valid,none,,,runs/A-kem768-fixed-prr0p95-rep16-seed200016-v1/cooja.log,ff4eb83e87f60f963d9bbdd727f6c674091dbb9ae4df189ab39907094d7cfe3f,11231,114,success,0,FAILED_PROTOCOL
A-kem768-fixed-prr0p95-rep16-seed200016-v2,A-kem768-fixed-prr0p95-rep16-seed200016,A_B1_VS_B2,COOJA_SIMULATION,768,2,fixed,0.95,,none,200016,valid,none,,,runs/A-kem768-fixed-prr0p95-rep16-seed200016-v2/cooja.log,7e508e5047ca8ec660f6097912cfcc4a670e5cae43b14711612645f536dbd957,11465,116,success,0,FAILED_PROTOCOL
A-kem768-fixed-prr0p95-rep17-seed200017-v1,A-kem768-fixed-prr0p95-rep17-seed200017,A_B1_VS_B2,COOJA_SIMULATION,768,1,fixed,0.95,,none,200017,valid,none,,,runs/A-kem768-fixed-prr0p95-rep17-seed200017-v1/cooja.log,322640a9cb30c7282b2d60159d320c62be9e2123eca46e3d65d1144e84912dbc,12224,129,success,1,SUCCESS
A-kem768-fixed-prr0p95-rep17-seed200017-v2,A-kem768-fixed-prr0p95-rep17-seed200017,A_B1_VS_B2,COOJA_SIMULATION,768,2,fixed,0.95,,none,200017,valid,none,,,runs/A-kem768-fixed-prr0p95-rep17-seed200017-v2/cooja.log,f02118c7a0ed5d82005790af94c69bb1c8055a46fc950d2707c75ed9e26fac66,16856,168,success,1,SUCCESS
A-kem768-fixed-prr0p95-rep18-seed200018-v1,A-kem768-fixed-prr0p95-rep18-seed200018,A_B1_VS_B2,COOJA_SIMULATION,768,1,fixed,0.95,,none,200018,valid,none,,,runs/A-kem768-fixed-prr0p95-rep18-seed200018-v1/cooja.log,d302d65564c5f4bbbb995db6e1975e13a188f161f880e5728537829f5175f3fd,12218,129,success,1,SUCCESS
A-kem768-fixed-prr0p95-rep18-seed200018-v2,A-kem768-fixed-prr0p95-rep18-seed200018,A_B1_VS_B2,COOJA_SIMULATION,768,2,fixed,0.95,,none,200018,valid,none,,,runs/A-kem768-fixed-prr0p95-rep18-seed200018-v2/cooja.log,01cc336aebc0d64a6970fa82f095edebe403110aeb414afcb943cffc34adae12,16850,168,success,1,SUCCESS
A-kem768-fixed-prr0p95-rep19-seed200019-v1,A-kem768-fixed-prr0p95-rep19-seed200019,A_B1_VS_B2,COOJA_SIMULATION,768,1,fixed,0.95,,none,200019,valid,none,,,runs/A-kem768-fixed-prr0p95-rep19-seed200019-v1/cooja.log,1db363639232a4fe25c4f0c7b18559f0f55d4985d21b85c34006eb6c54ff4bdf,15025,152,success,0,FAILED_PROTOCOL
A-kem768-fixed-prr0p95-rep19-seed200019-v2,A-kem768-fixed-prr0p95-rep19-seed200019,A_B1_VS_B2,COOJA_SIMULATION,768,2,fixed,0.95,,none,200019,valid,none,,,runs/A-kem768-fixed-prr0p95-rep19-seed200019-v2/cooja.log,30e4c16e6fe351041a73e872c639db441bc79d3df2244d6ab79c3cacb912a26b,17405,174,success,1,SUCCESS
A-kem768-fixed-prr0p95-rep20-seed200020-v1,A-kem768-fixed-prr0p95-rep20-seed200020,A_B1_VS_B2,COOJA_SIMULATION,768,1,fixed,0.95,,none,200020,valid,none,,,runs/A-kem768-fixed-prr0p95-rep20-seed200020-v1/cooja.log,222ea89153fb7dd0e07269d5ce60ef5f6512f686b12005e663ad055ada69a010,12310,123,success,0,FAILED_PROTOCOL
A-kem768-fixed-prr0p95-rep20-seed200020-v2,A-kem768-fixed-prr0p95-rep20-seed200020,A_B1_VS_B2,COOJA_SIMULATION,768,2,fixed,0.95,,none,200020,valid,none,,,runs/A-kem768-fixed-prr0p95-rep20-seed200020-v2/cooja.log,e914beb7e7ddf7fb41873f4a9767ff77b4b7fa1eaa1437713078774cc5b89c86,17400,174,success,1,SUCCESS
A-kem768-fixed-prr0p95-rep21-seed200021-v1,A-kem768-fixed-prr0p95-rep21-seed200021,A_B1_VS_B2,COOJA_SIMULATION,768,1,fixed,0.95,,none,200021,valid,none,,,runs/A-kem768-fixed-prr0p95-rep21-seed200021-v1/cooja.log,fd7a6a98723b08bbc2e8792eae1201d11ec5edd19cdc9913d7d3d5d44b361762,12215,129,success,1,SUCCESS
A-kem768-fixed-prr0p95-rep21-seed200021-v2,A-kem768-fixed-prr0p95-rep21-seed200021,A_B1_VS_B2,COOJA_SIMULATION,768,2,fixed,0.95,,none,200021,valid,none,,,runs/A-kem768-fixed-prr0p95-rep21-seed200021-v2/cooja.log,0847976fed1aaf090d4b5bd87218335b39cdeb40969243214f5a3f7214d476d0,16847,168,success,1,SUCCESS
A-kem768-fixed-prr0p95-rep22-seed200022-v1,A-kem768-fixed-prr0p95-rep22-seed200022,A_B1_VS_B2,COOJA_SIMULATION,768,1,fixed,0.95,,none,200022,valid,none,,,runs/A-kem768-fixed-prr0p95-rep22-seed200022-v1/cooja.log,da3e5d05f0dc94f55d9a39a13b1acd733ea256b327fa97dc086010ca4e99a58b,12212,129,success,1,SUCCESS
A-kem768-fixed-prr0p95-rep22-seed200022-v2,A-kem768-fixed-prr0p95-rep22-seed200022,A_B1_VS_B2,COOJA_SIMULATION,768,2,fixed,0.95,,none,200022,valid,none,,,runs/A-kem768-fixed-prr0p95-rep22-seed200022-v2/cooja.log,9f0e600d70438f110b22824a144628658a0163f361a57e7cf5417d57132921b2,16844,168,success,1,SUCCESS
A-kem768-fixed-prr0p95-rep23-seed200023-v1,A-kem768-fixed-prr0p95-rep23-seed200023,A_B1_VS_B2,COOJA_SIMULATION,768,1,fixed,0.95,,none,200023,valid,none,,,runs/A-kem768-fixed-prr0p95-rep23-seed200023-v1/cooja.log,0fda9db9b768238ca382dddfc332094a6bba5b403e2301a70bb25a1ff5cb35ca,12221,129,success,1,SUCCESS
A-kem768-fixed-prr0p95-rep23-seed200023-v2,A-kem768-fixed-prr0p95-rep23-seed200023,A_B1_VS_B2,COOJA_SIMULATION,768,2,fixed,0.95,,none,200023,valid,none,,,runs/A-kem768-fixed-prr0p95-rep23-seed200023-v2/cooja.log,50e5d06a965589c6e4c1ca6e44c399ba007691f42733dc7e36e5da0f5d25d7be,16853,168,success,1,SUCCESS
A-kem768-fixed-prr0p95-rep24-seed200024-v1,A-kem768-fixed-prr0p95-rep24-seed200024,A_B1_VS_B2,COOJA_SIMULATION,768,1,fixed,0.95,,none,200024,valid,none,,,runs/A-kem768-fixed-prr0p95-rep24-seed200024-v1/cooja.log,112fc50a3daaa4df67e85853b79519d44ceb9092ea4cf4082e707f1bac8f1c49,12221,129,success,1,SUCCESS
A-kem768-fixed-prr0p95-rep24-seed200024-v2,A-kem768-fixed-prr0p95-rep24-seed200024,A_B1_VS_B2,COOJA_SIMULATION,768,2,fixed,0.95,,none,200024,valid,none,,,runs/A-kem768-fixed-prr0p95-rep24-seed200024-v2/cooja.log,ae9a8ffd66633a0e65df095b4399e99e059e07cb6ff13c4082ac16053d441fa4,16853,168,success,1,SUCCESS
A-kem768-fixed-prr0p95-rep25-seed200025-v1,A-kem768-fixed-prr0p95-rep25-seed200025,A_B1_VS_B2,COOJA_SIMULATION,768,1,fixed,0.95,,none,200025,valid,none,,,runs/A-kem768-fixed-prr0p95-rep25-seed200025-v1/cooja.log,9dfe856564c720f0562cd595a940f1a31fee5aa73825597a16bd581f5f22cf47,12215,129,success,1,SUCCESS
A-kem768-fixed-prr0p95-rep25-seed200025-v2,A-kem768-fixed-prr0p95-rep25-seed200025,A_B1_VS_B2,COOJA_SIMULATION,768,2,fixed,0.95,,none,200025,valid,none,,,runs/A-kem768-fixed-prr0p95-rep25-seed200025-v2/cooja.log,dd2ef591fdc1f12f9366788eca672ec150538fa85e9bbe4b28c7f37169858634,16847,168,success,1,SUCCESS
A-kem768-fixed-prr0p95-rep26-seed200026-v1,A-kem768-fixed-prr0p95-rep26-seed200026,A_B1_VS_B2,COOJA_SIMULATION,768,1,fixed,0.95,,none,200026,valid,none,,,runs/A-kem768-fixed-prr0p95-rep26-seed200026-v1/cooja.log,32a9417595077b86d83dcc6a5873d7e2c3c255cb7cde9dd73e653c49c35ab36a,12045,120,success,0,FAILED_PROTOCOL
A-kem768-fixed-prr0p95-rep26-seed200026-v2,A-kem768-fixed-prr0p95-rep26-seed200026,A_B1_VS_B2,COOJA_SIMULATION,768,2,fixed,0.95,,none,200026,valid,none,,,runs/A-kem768-fixed-prr0p95-rep26-seed200026-v2/cooja.log,889b9f6364ea1a1f8e1c39bce87512f02f2744dbb5f6a40cfc6f3949db05378e,17402,174,success,1,SUCCESS
A-kem768-fixed-prr0p95-rep27-seed200027-v1,A-kem768-fixed-prr0p95-rep27-seed200027,A_B1_VS_B2,COOJA_SIMULATION,768,1,fixed,0.95,,none,200027,valid,none,,,runs/A-kem768-fixed-prr0p95-rep27-seed200027-v1/cooja.log,c6b834b58220d15969946579a487d78998537dc7dc3fb383501cbfb31f6a3ad9,12047,123,success,0,FAILED_PROTOCOL
A-kem768-fixed-prr0p95-rep27-seed200027-v2,A-kem768-fixed-prr0p95-rep27-seed200027,A_B1_VS_B2,COOJA_SIMULATION,768,2,fixed,0.95,,none,200027,valid,none,,,runs/A-kem768-fixed-prr0p95-rep27-seed200027-v2/cooja.log,facf56e0da733649903b3016359d8eb4d0e8213f4ca1c5ffa592d930a7b25394,12281,125,success,0,FAILED_PROTOCOL
A-kem768-fixed-prr0p95-rep28-seed200028-v1,A-kem768-fixed-prr0p95-rep28-seed200028,A_B1_VS_B2,COOJA_SIMULATION,768,1,fixed,0.95,,none,200028,valid,none,,,runs/A-kem768-fixed-prr0p95-rep28-seed200028-v1/cooja.log,318d41028330597b66c76ac21cab28acdac9da6a989c8e06a7d4603558a9480c,12221,129,success,1,SUCCESS
A-kem768-fixed-prr0p95-rep28-seed200028-v2,A-kem768-fixed-prr0p95-rep28-seed200028,A_B1_VS_B2,COOJA_SIMULATION,768,2,fixed,0.95,,none,200028,valid,none,,,runs/A-kem768-fixed-prr0p95-rep28-seed200028-v2/cooja.log,c59b2346d3c33129880e51b10e58c176aaddd427b7132443b9eea18fc6b4f877,16853,168,success,1,SUCCESS
A-kem768-fixed-prr0p95-rep29-seed200029-v1,A-kem768-fixed-prr0p95-rep29-seed200029,A_B1_VS_B2,COOJA_SIMULATION,768,1,fixed,0.95,,none,200029,valid,none,,,runs/A-kem768-fixed-prr0p95-rep29-seed200029-v1/cooja.log,c0d948173c09269e358b6dcfcd4470874154ecf69b92e99a9e6239220d921672,12224,129,success,1,SUCCESS
A-kem768-fixed-prr0p95-rep29-seed200029-v2,A-kem768-fixed-prr0p95-rep29-seed200029,A_B1_VS_B2,COOJA_SIMULATION,768,2,fixed,0.95,,none,200029,valid,none,,,runs/A-kem768-fixed-prr0p95-rep29-seed200029-v2/cooja.log,cd126916b6448125c598cb1cc4e91bba8cc261465104d6c5120d67354f4af401,16856,168,success,1,SUCCESS
A-kem768-fixed-prr0p95-rep30-seed200030-v1,A-kem768-fixed-prr0p95-rep30-seed200030,A_B1_VS_B2,COOJA_SIMULATION,768,1,fixed,0.95,,none,200030,valid,none,,,runs/A-kem768-fixed-prr0p95-rep30-seed200030-v1/cooja.log,a569e05d28605cf1d0107ce49bc5ae8de7697d49fdf74ad9c6771a0cc072dd45,14856,150,success,0,FAILED_PROTOCOL
A-kem768-fixed-prr0p95-rep30-seed200030-v2,A-kem768-fixed-prr0p95-rep30-seed200030,A_B1_VS_B2,COOJA_SIMULATION,768,2,fixed,0.95,,none,200030,valid,none,,,runs/A-kem768-fixed-prr0p95-rep30-seed200030-v2/cooja.log,a1d0cb9f748b851ab08a6eb1258f0fbb2ad65685dfe01bcc29032fbfbe67cbb1,17492,175,success,1,SUCCESS
A-kem768-fixed-prr1p00-rep01-seed200001-v1,A-kem768-fixed-prr1p00-rep01-seed200001,A_B1_VS_B2,COOJA_SIMULATION,768,1,fixed,1.0,,none,200001,valid,none,,,runs/A-kem768-fixed-prr1p00-rep01-seed200001-v1/cooja.log,09ce91053f57335c7b53776e9e6420fc697bf85bb1ee331e1e449b7485f5a92e,12218,129,success,1,SUCCESS
A-kem768-fixed-prr1p00-rep01-seed200001-v2,A-kem768-fixed-prr1p00-rep01-seed200001,A_B1_VS_B2,COOJA_SIMULATION,768,2,fixed,1.0,,none,200001,valid,none,,,runs/A-kem768-fixed-prr1p00-rep01-seed200001-v2/cooja.log,77880c7ea9686ab94a770bc3054b4e12a49f0d21e97be115d1bf77ed41844f8b,16850,168,success,1,SUCCESS
A-kem768-fixed-prr1p00-rep02-seed200002-v1,A-kem768-fixed-prr1p00-rep02-seed200002,A_B1_VS_B2,COOJA_SIMULATION,768,1,fixed,1.0,,none,200002,valid,none,,,runs/A-kem768-fixed-prr1p00-rep02-seed200002-v1/cooja.log,12579f7bddf4309fe9674b0ab9d2b7fdd84c1a57a1eb75f0f89ac411929b0e99,12221,129,success,1,SUCCESS
A-kem768-fixed-prr1p00-rep02-seed200002-v2,A-kem768-fixed-prr1p00-rep02-seed200002,A_B1_VS_B2,COOJA_SIMULATION,768,2,fixed,1.0,,none,200002,valid,none,,,runs/A-kem768-fixed-prr1p00-rep02-seed200002-v2/cooja.log,d7663dd99dc324c8223d894f87f7ffd986d4621cf574aafc0ad371160975f644,16853,168,success,1,SUCCESS
A-kem768-fixed-prr1p00-rep03-seed200003-v1,A-kem768-fixed-prr1p00-rep03-seed200003,A_B1_VS_B2,COOJA_SIMULATION,768,1,fixed,1.0,,none,200003,valid,none,,,runs/A-kem768-fixed-prr1p00-rep03-seed200003-v1/cooja.log,a3401608eea8892cf392325461362b7800904508f177fbf30b74fd3dfddca6fb,12218,129,success,1,SUCCESS
A-kem768-fixed-prr1p00-rep03-seed200003-v2,A-kem768-fixed-prr1p00-rep03-seed200003,A_B1_VS_B2,COOJA_SIMULATION,768,2,fixed,1.0,,none,200003,valid,none,,,runs/A-kem768-fixed-prr1p00-rep03-seed200003-v2/cooja.log,4d56d40668b1c84fb8087d89bdcbd14bb019a34b778ed64b13b471cf9de7b2ed,16850,168,success,1,SUCCESS
A-kem768-fixed-prr1p00-rep04-seed200004-v1,A-kem768-fixed-prr1p00-rep04-seed200004,A_B1_VS_B2,COOJA_SIMULATION,768,1,fixed,1.0,,none,200004,valid,none,,,runs/A-kem768-fixed-prr1p00-rep04-seed200004-v1/cooja.log,4265896c5266a79e795b3fc5460b6cccdcfe4b07d074f560b3df95d37a82eed6,12221,129,success,1,SUCCESS
A-kem768-fixed-prr1p00-rep04-seed200004-v2,A-kem768-fixed-prr1p00-rep04-seed200004,A_B1_VS_B2,COOJA_SIMULATION,768,2,fixed,1.0,,none,200004,valid,none,,,runs/A-kem768-fixed-prr1p00-rep04-seed200004-v2/cooja.log,1de561331e9fd202818d3a98e9a9d6e02fca73b860db23f435b4e72ad4fd395b,16853,168,success,1,SUCCESS
A-kem768-fixed-prr1p00-rep05-seed200005-v1,A-kem768-fixed-prr1p00-rep05-seed200005,A_B1_VS_B2,COOJA_SIMULATION,768,1,fixed,1.0,,none,200005,valid,none,,,runs/A-kem768-fixed-prr1p00-rep05-seed200005-v1/cooja.log,53dfd5e9604debf18ad9a85c7d56302004ca613fbeda62ec0ebfb0530c727600,12212,129,success,1,SUCCESS
A-kem768-fixed-prr1p00-rep05-seed200005-v2,A-kem768-fixed-prr1p00-rep05-seed200005,A_B1_VS_B2,COOJA_SIMULATION,768,2,fixed,1.0,,none,200005,valid,none,,,runs/A-kem768-fixed-prr1p00-rep05-seed200005-v2/cooja.log,be223cf8a6092fbd5b9c8c17791aa3924372ddf5a2754159bc2c5f37d9ec934a,16844,168,success,1,SUCCESS
A-kem768-fixed-prr1p00-rep06-seed200006-v1,A-kem768-fixed-prr1p00-rep06-seed200006,A_B1_VS_B2,COOJA_SIMULATION,768,1,fixed,1.0,,none,200006,valid,none,,,runs/A-kem768-fixed-prr1p00-rep06-seed200006-v1/cooja.log,03b66f35fb79ea32952fd359b946193056157e332888ad256941f944fe71c204,12221,129,success,1,SUCCESS
A-kem768-fixed-prr1p00-rep06-seed200006-v2,A-kem768-fixed-prr1p00-rep06-seed200006,A_B1_VS_B2,COOJA_SIMULATION,768,2,fixed,1.0,,none,200006,valid,none,,,runs/A-kem768-fixed-prr1p00-rep06-seed200006-v2/cooja.log,f19a4262ded24312a9d26fd69eb896249292e4dd5168fe228841abab3eb645aa,16853,168,success,1,SUCCESS
A-kem768-fixed-prr1p00-rep07-seed200007-v1,A-kem768-fixed-prr1p00-rep07-seed200007,A_B1_VS_B2,COOJA_SIMULATION,768,1,fixed,1.0,,none,200007,valid,none,,,runs/A-kem768-fixed-prr1p00-rep07-seed200007-v1/cooja.log,8fd0e9595abe7605aaddc254ca4a24ddde2157e9c608e013a6ea658799bd3264,12215,129,success,1,SUCCESS
A-kem768-fixed-prr1p00-rep07-seed200007-v2,A-kem768-fixed-prr1p00-rep07-seed200007,A_B1_VS_B2,COOJA_SIMULATION,768,2,fixed,1.0,,none,200007,valid,none,,,runs/A-kem768-fixed-prr1p00-rep07-seed200007-v2/cooja.log,0a105dc2a1ceabadbfb7f47ea0f1f2255e6d79a56f4d5dbd41aac2ebe02cd5a1,16847,168,success,1,SUCCESS
A-kem768-fixed-prr1p00-rep08-seed200008-v1,A-kem768-fixed-prr1p00-rep08-seed200008,A_B1_VS_B2,COOJA_SIMULATION,768,1,fixed,1.0,,none,200008,valid,none,,,runs/A-kem768-fixed-prr1p00-rep08-seed200008-v1/cooja.log,8d7bd70ee2d2b45e937a30f82a46f32b4d373fc85165fe4d34cf880402c1ce80,12215,129,success,1,SUCCESS
A-kem768-fixed-prr1p00-rep08-seed200008-v2,A-kem768-fixed-prr1p00-rep08-seed200008,A_B1_VS_B2,COOJA_SIMULATION,768,2,fixed,1.0,,none,200008,valid,none,,,runs/A-kem768-fixed-prr1p00-rep08-seed200008-v2/cooja.log,6ad57f78c36ac8550463f96d0f8d6b3237785a528f4b9c79e7734fbda776e5e9,16847,168,success,1,SUCCESS
A-kem768-fixed-prr1p00-rep09-seed200009-v1,A-kem768-fixed-prr1p00-rep09-seed200009,A_B1_VS_B2,COOJA_SIMULATION,768,1,fixed,1.0,,none,200009,valid,none,,,runs/A-kem768-fixed-prr1p00-rep09-seed200009-v1/cooja.log,b6edf65585349b57fc1fce38602cd9c7fca87a84e2db7f41645a59d5eb833e54,12221,129,success,1,SUCCESS
A-kem768-fixed-prr1p00-rep09-seed200009-v2,A-kem768-fixed-prr1p00-rep09-seed200009,A_B1_VS_B2,COOJA_SIMULATION,768,2,fixed,1.0,,none,200009,valid,none,,,runs/A-kem768-fixed-prr1p00-rep09-seed200009-v2/cooja.log,739e9524013526f8d2e041d046ccbace7cf017e0d786c7f2ef6e0182753cc750,16853,168,success,1,SUCCESS
A-kem768-fixed-prr1p00-rep10-seed200010-v1,A-kem768-fixed-prr1p00-rep10-seed200010,A_B1_VS_B2,COOJA_SIMULATION,768,1,fixed,1.0,,none,200010,valid,none,,,runs/A-kem768-fixed-prr1p00-rep10-seed200010-v1/cooja.log,ada9d6084b177adddb808ae38dc1d534b88fdb1cf4a8726ff5cbeee51f57ddb5,12224,129,success,1,SUCCESS
A-kem768-fixed-prr1p00-rep10-seed200010-v2,A-kem768-fixed-prr1p00-rep10-seed200010,A_B1_VS_B2,COOJA_SIMULATION,768,2,fixed,1.0,,none,200010,valid,none,,,runs/A-kem768-fixed-prr1p00-rep10-seed200010-v2/cooja.log,26b344ce36bc107807a4a8c2412d0ece606e1bd1eafb0c19c66782ad6b696300,16856,168,success,1,SUCCESS
A-kem768-fixed-prr1p00-rep11-seed200011-v1,A-kem768-fixed-prr1p00-rep11-seed200011,A_B1_VS_B2,COOJA_SIMULATION,768,1,fixed,1.0,,none,200011,valid,none,,,runs/A-kem768-fixed-prr1p00-rep11-seed200011-v1/cooja.log,566984dc03be203c530391e69d15664b48bb318953a46ce12f9d2eb900b23fc2,12215,129,success,1,SUCCESS
A-kem768-fixed-prr1p00-rep11-seed200011-v2,A-kem768-fixed-prr1p00-rep11-seed200011,A_B1_VS_B2,COOJA_SIMULATION,768,2,fixed,1.0,,none,200011,valid,none,,,runs/A-kem768-fixed-prr1p00-rep11-seed200011-v2/cooja.log,2cc59cfe46c5a93e25666bbda741f0fc0570688f80ee3cbc89ebe111fd1db091,16847,168,success,1,SUCCESS
A-kem768-fixed-prr1p00-rep12-seed200012-v1,A-kem768-fixed-prr1p00-rep12-seed200012,A_B1_VS_B2,COOJA_SIMULATION,768,1,fixed,1.0,,none,200012,valid,none,,,runs/A-kem768-fixed-prr1p00-rep12-seed200012-v1/cooja.log,e47136d5a8baa99d4da4b7309af7b9c21b25c4537d098daf976511dc814cec10,12224,129,success,1,SUCCESS
A-kem768-fixed-prr1p00-rep12-seed200012-v2,A-kem768-fixed-prr1p00-rep12-seed200012,A_B1_VS_B2,COOJA_SIMULATION,768,2,fixed,1.0,,none,200012,valid,none,,,runs/A-kem768-fixed-prr1p00-rep12-seed200012-v2/cooja.log,c6456abdc1001ff1d49f3c50267a678ff09fde2f1f02e27f323a0faaac7ae1ef,16856,168,success,1,SUCCESS
A-kem768-fixed-prr1p00-rep13-seed200013-v1,A-kem768-fixed-prr1p00-rep13-seed200013,A_B1_VS_B2,COOJA_SIMULATION,768,1,fixed,1.0,,none,200013,valid,none,,,runs/A-kem768-fixed-prr1p00-rep13-seed200013-v1/cooja.log,f1a3d047592709f018ee442206a59ae5538009be192cf54283ad11c1ea99a67d,12224,129,success,1,SUCCESS
A-kem768-fixed-prr1p00-rep13-seed200013-v2,A-kem768-fixed-prr1p00-rep13-seed200013,A_B1_VS_B2,COOJA_SIMULATION,768,2,fixed,1.0,,none,200013,valid,none,,,runs/A-kem768-fixed-prr1p00-rep13-seed200013-v2/cooja.log,1cb25c3e973679bd338e3eb14f34173f126bd105bba48711703f653b84e5b8c2,16856,168,success,1,SUCCESS
A-kem768-fixed-prr1p00-rep14-seed200014-v1,A-kem768-fixed-prr1p00-rep14-seed200014,A_B1_VS_B2,COOJA_SIMULATION,768,1,fixed,1.0,,none,200014,valid,none,,,runs/A-kem768-fixed-prr1p00-rep14-seed200014-v1/cooja.log,587466279edfd7af5f010f6e7844e73c6dbbff33b2be21c14fe4c28af8b3137b,12224,129,success,1,SUCCESS
A-kem768-fixed-prr1p00-rep14-seed200014-v2,A-kem768-fixed-prr1p00-rep14-seed200014,A_B1_VS_B2,COOJA_SIMULATION,768,2,fixed,1.0,,none,200014,valid,none,,,runs/A-kem768-fixed-prr1p00-rep14-seed200014-v2/cooja.log,e1843b238d736521180cf8266b12cf27cb27796d61101589a64129e529d40181,16856,168,success,1,SUCCESS
A-kem768-fixed-prr1p00-rep15-seed200015-v1,A-kem768-fixed-prr1p00-rep15-seed200015,A_B1_VS_B2,COOJA_SIMULATION,768,1,fixed,1.0,,none,200015,valid,none,,,runs/A-kem768-fixed-prr1p00-rep15-seed200015-v1/cooja.log,06c6b3bcc1c9636565b2b0bcc403d178df80f7d27a10d72b9b60b224ca3711a3,12215,129,success,1,SUCCESS
A-kem768-fixed-prr1p00-rep15-seed200015-v2,A-kem768-fixed-prr1p00-rep15-seed200015,A_B1_VS_B2,COOJA_SIMULATION,768,2,fixed,1.0,,none,200015,valid,none,,,runs/A-kem768-fixed-prr1p00-rep15-seed200015-v2/cooja.log,198c529e105984ade324089c2871c12d7eb5a6da2a20d011ce5d276375aee132,16847,168,success,1,SUCCESS
A-kem768-fixed-prr1p00-rep16-seed200016-v1,A-kem768-fixed-prr1p00-rep16-seed200016,A_B1_VS_B2,COOJA_SIMULATION,768,1,fixed,1.0,,none,200016,valid,none,,,runs/A-kem768-fixed-prr1p00-rep16-seed200016-v1/cooja.log,4baf11655411a2a8ebc02475b9e705cfd27956d9e89bccaef411aa87a4f1d621,12218,129,success,1,SUCCESS
A-kem768-fixed-prr1p00-rep16-seed200016-v2,A-kem768-fixed-prr1p00-rep16-seed200016,A_B1_VS_B2,COOJA_SIMULATION,768,2,fixed,1.0,,none,200016,valid,none,,,runs/A-kem768-fixed-prr1p00-rep16-seed200016-v2/cooja.log,6c8aa83e44d01568bfa20226568a822084b47b5f01759e2bcefb3019741d1f41,16850,168,success,1,SUCCESS
A-kem768-fixed-prr1p00-rep17-seed200017-v1,A-kem768-fixed-prr1p00-rep17-seed200017,A_B1_VS_B2,COOJA_SIMULATION,768,1,fixed,1.0,,none,200017,valid,none,,,runs/A-kem768-fixed-prr1p00-rep17-seed200017-v1/cooja.log,322640a9cb30c7282b2d60159d320c62be9e2123eca46e3d65d1144e84912dbc,12224,129,success,1,SUCCESS
A-kem768-fixed-prr1p00-rep17-seed200017-v2,A-kem768-fixed-prr1p00-rep17-seed200017,A_B1_VS_B2,COOJA_SIMULATION,768,2,fixed,1.0,,none,200017,valid,none,,,runs/A-kem768-fixed-prr1p00-rep17-seed200017-v2/cooja.log,f02118c7a0ed5d82005790af94c69bb1c8055a46fc950d2707c75ed9e26fac66,16856,168,success,1,SUCCESS
A-kem768-fixed-prr1p00-rep18-seed200018-v1,A-kem768-fixed-prr1p00-rep18-seed200018,A_B1_VS_B2,COOJA_SIMULATION,768,1,fixed,1.0,,none,200018,valid,none,,,runs/A-kem768-fixed-prr1p00-rep18-seed200018-v1/cooja.log,d302d65564c5f4bbbb995db6e1975e13a188f161f880e5728537829f5175f3fd,12218,129,success,1,SUCCESS
A-kem768-fixed-prr1p00-rep18-seed200018-v2,A-kem768-fixed-prr1p00-rep18-seed200018,A_B1_VS_B2,COOJA_SIMULATION,768,2,fixed,1.0,,none,200018,valid,none,,,runs/A-kem768-fixed-prr1p00-rep18-seed200018-v2/cooja.log,01cc336aebc0d64a6970fa82f095edebe403110aeb414afcb943cffc34adae12,16850,168,success,1,SUCCESS
A-kem768-fixed-prr1p00-rep19-seed200019-v1,A-kem768-fixed-prr1p00-rep19-seed200019,A_B1_VS_B2,COOJA_SIMULATION,768,1,fixed,1.0,,none,200019,valid,none,,,runs/A-kem768-fixed-prr1p00-rep19-seed200019-v1/cooja.log,f91807032b67c695f1de2e0be2f703e6dbcd42ad7529974f7a03178977a5661e,12224,129,success,1,SUCCESS
A-kem768-fixed-prr1p00-rep19-seed200019-v2,A-kem768-fixed-prr1p00-rep19-seed200019,A_B1_VS_B2,COOJA_SIMULATION,768,2,fixed,1.0,,none,200019,valid,none,,,runs/A-kem768-fixed-prr1p00-rep19-seed200019-v2/cooja.log,9b911047ed7103c3d454f2f497ff1d38eaa03d18f9421aae533d8bb768abd86c,16856,168,success,1,SUCCESS
A-kem768-fixed-prr1p00-rep20-seed200020-v1,A-kem768-fixed-prr1p00-rep20-seed200020,A_B1_VS_B2,COOJA_SIMULATION,768,1,fixed,1.0,,none,200020,valid,none,,,runs/A-kem768-fixed-prr1p00-rep20-seed200020-v1/cooja.log,d436d58131e38ccd4bfc8e000eec8a1ff73465f34694d2ea04584af749ec128a,12215,129,success,1,SUCCESS
A-kem768-fixed-prr1p00-rep20-seed200020-v2,A-kem768-fixed-prr1p00-rep20-seed200020,A_B1_VS_B2,COOJA_SIMULATION,768,2,fixed,1.0,,none,200020,valid,none,,,runs/A-kem768-fixed-prr1p00-rep20-seed200020-v2/cooja.log,8b53d17dcfad23610fd81d73d356202ca4d05ccb6f56d13f4730b9b255166727,16847,168,success,1,SUCCESS
A-kem768-fixed-prr1p00-rep21-seed200021-v1,A-kem768-fixed-prr1p00-rep21-seed200021,A_B1_VS_B2,COOJA_SIMULATION,768,1,fixed,1.0,,none,200021,valid,none,,,runs/A-kem768-fixed-prr1p00-rep21-seed200021-v1/cooja.log,ffb21aca17f2b45d7f9425205af4570b2210422635b0484e481baecaf7c10f25,12215,129,success,1,SUCCESS
A-kem768-fixed-prr1p00-rep21-seed200021-v2,A-kem768-fixed-prr1p00-rep21-seed200021,A_B1_VS_B2,COOJA_SIMULATION,768,2,fixed,1.0,,none,200021,valid,none,,,runs/A-kem768-fixed-prr1p00-rep21-seed200021-v2/cooja.log,6f03030f523b628fc7c83f726c3aea44844632b45129a859d2b5780b7d69e070,16847,168,success,1,SUCCESS
A-kem768-fixed-prr1p00-rep22-seed200022-v1,A-kem768-fixed-prr1p00-rep22-seed200022,A_B1_VS_B2,COOJA_SIMULATION,768,1,fixed,1.0,,none,200022,valid,none,,,runs/A-kem768-fixed-prr1p00-rep22-seed200022-v1/cooja.log,da3e5d05f0dc94f55d9a39a13b1acd733ea256b327fa97dc086010ca4e99a58b,12212,129,success,1,SUCCESS
A-kem768-fixed-prr1p00-rep22-seed200022-v2,A-kem768-fixed-prr1p00-rep22-seed200022,A_B1_VS_B2,COOJA_SIMULATION,768,2,fixed,1.0,,none,200022,valid,none,,,runs/A-kem768-fixed-prr1p00-rep22-seed200022-v2/cooja.log,9f0e600d70438f110b22824a144628658a0163f361a57e7cf5417d57132921b2,16844,168,success,1,SUCCESS
A-kem768-fixed-prr1p00-rep23-seed200023-v1,A-kem768-fixed-prr1p00-rep23-seed200023,A_B1_VS_B2,COOJA_SIMULATION,768,1,fixed,1.0,,none,200023,valid,none,,,runs/A-kem768-fixed-prr1p00-rep23-seed200023-v1/cooja.log,0fda9db9b768238ca382dddfc332094a6bba5b403e2301a70bb25a1ff5cb35ca,12221,129,success,1,SUCCESS
A-kem768-fixed-prr1p00-rep23-seed200023-v2,A-kem768-fixed-prr1p00-rep23-seed200023,A_B1_VS_B2,COOJA_SIMULATION,768,2,fixed,1.0,,none,200023,valid,none,,,runs/A-kem768-fixed-prr1p00-rep23-seed200023-v2/cooja.log,50e5d06a965589c6e4c1ca6e44c399ba007691f42733dc7e36e5da0f5d25d7be,16853,168,success,1,SUCCESS
A-kem768-fixed-prr1p00-rep24-seed200024-v1,A-kem768-fixed-prr1p00-rep24-seed200024,A_B1_VS_B2,COOJA_SIMULATION,768,1,fixed,1.0,,none,200024,valid,none,,,runs/A-kem768-fixed-prr1p00-rep24-seed200024-v1/cooja.log,8f1140d9999acfe9f7d64497d1a109f378c92b86de9fce1bb2510cb427973417,12221,129,success,1,SUCCESS
A-kem768-fixed-prr1p00-rep24-seed200024-v2,A-kem768-fixed-prr1p00-rep24-seed200024,A_B1_VS_B2,COOJA_SIMULATION,768,2,fixed,1.0,,none,200024,valid,none,,,runs/A-kem768-fixed-prr1p00-rep24-seed200024-v2/cooja.log,89deab65ab9176ef8a780076073f863f51ea528f6adde099c69f93587cb2ad29,16853,168,success,1,SUCCESS
A-kem768-fixed-prr1p00-rep25-seed200025-v1,A-kem768-fixed-prr1p00-rep25-seed200025,A_B1_VS_B2,COOJA_SIMULATION,768,1,fixed,1.0,,none,200025,valid,none,,,runs/A-kem768-fixed-prr1p00-rep25-seed200025-v1/cooja.log,9dfe856564c720f0562cd595a940f1a31fee5aa73825597a16bd581f5f22cf47,12215,129,success,1,SUCCESS
A-kem768-fixed-prr1p00-rep25-seed200025-v2,A-kem768-fixed-prr1p00-rep25-seed200025,A_B1_VS_B2,COOJA_SIMULATION,768,2,fixed,1.0,,none,200025,valid,none,,,runs/A-kem768-fixed-prr1p00-rep25-seed200025-v2/cooja.log,dd2ef591fdc1f12f9366788eca672ec150538fa85e9bbe4b28c7f37169858634,16847,168,success,1,SUCCESS
A-kem768-fixed-prr1p00-rep26-seed200026-v1,A-kem768-fixed-prr1p00-rep26-seed200026,A_B1_VS_B2,COOJA_SIMULATION,768,1,fixed,1.0,,none,200026,valid,none,,,runs/A-kem768-fixed-prr1p00-rep26-seed200026-v1/cooja.log,dd5f03e926a676f050317af7c41308ef2d84122fd9f48518e858ec0ca981759b,12218,129,success,1,SUCCESS
A-kem768-fixed-prr1p00-rep26-seed200026-v2,A-kem768-fixed-prr1p00-rep26-seed200026,A_B1_VS_B2,COOJA_SIMULATION,768,2,fixed,1.0,,none,200026,valid,none,,,runs/A-kem768-fixed-prr1p00-rep26-seed200026-v2/cooja.log,19844a1893020eeb6b67cf1574b175d2d391430a50e380a5212ec94147f98393,16850,168,success,1,SUCCESS
A-kem768-fixed-prr1p00-rep27-seed200027-v1,A-kem768-fixed-prr1p00-rep27-seed200027,A_B1_VS_B2,COOJA_SIMULATION,768,1,fixed,1.0,,none,200027,valid,none,,,runs/A-kem768-fixed-prr1p00-rep27-seed200027-v1/cooja.log,26b966118b915549619a10d3f5c2ba3f08f0a128e4bab32a59be23697b105afb,12221,129,success,1,SUCCESS
A-kem768-fixed-prr1p00-rep27-seed200027-v2,A-kem768-fixed-prr1p00-rep27-seed200027,A_B1_VS_B2,COOJA_SIMULATION,768,2,fixed,1.0,,none,200027,valid,none,,,runs/A-kem768-fixed-prr1p00-rep27-seed200027-v2/cooja.log,951fbb61f74cf595c51b6a3e17c69647e867c3d2a96cd21e5e3132954fffd360,16853,168,success,1,SUCCESS
A-kem768-fixed-prr1p00-rep28-seed200028-v1,A-kem768-fixed-prr1p00-rep28-seed200028,A_B1_VS_B2,COOJA_SIMULATION,768,1,fixed,1.0,,none,200028,valid,none,,,runs/A-kem768-fixed-prr1p00-rep28-seed200028-v1/cooja.log,318d41028330597b66c76ac21cab28acdac9da6a989c8e06a7d4603558a9480c,12221,129,success,1,SUCCESS
A-kem768-fixed-prr1p00-rep28-seed200028-v2,A-kem768-fixed-prr1p00-rep28-seed200028,A_B1_VS_B2,COOJA_SIMULATION,768,2,fixed,1.0,,none,200028,valid,none,,,runs/A-kem768-fixed-prr1p00-rep28-seed200028-v2/cooja.log,c59b2346d3c33129880e51b10e58c176aaddd427b7132443b9eea18fc6b4f877,16853,168,success,1,SUCCESS
A-kem768-fixed-prr1p00-rep29-seed200029-v1,A-kem768-fixed-prr1p00-rep29-seed200029,A_B1_VS_B2,COOJA_SIMULATION,768,1,fixed,1.0,,none,200029,valid,none,,,runs/A-kem768-fixed-prr1p00-rep29-seed200029-v1/cooja.log,c0d948173c09269e358b6dcfcd4470874154ecf69b92e99a9e6239220d921672,12224,129,success,1,SUCCESS
A-kem768-fixed-prr1p00-rep29-seed200029-v2,A-kem768-fixed-prr1p00-rep29-seed200029,A_B1_VS_B2,COOJA_SIMULATION,768,2,fixed,1.0,,none,200029,valid,none,,,runs/A-kem768-fixed-prr1p00-rep29-seed200029-v2/cooja.log,cd126916b6448125c598cb1cc4e91bba8cc261465104d6c5120d67354f4af401,16856,168,success,1,SUCCESS
A-kem768-fixed-prr1p00-rep30-seed200030-v1,A-kem768-fixed-prr1p00-rep30-seed200030,A_B1_VS_B2,COOJA_SIMULATION,768,1,fixed,1.0,,none,200030,valid,none,,,runs/A-kem768-fixed-prr1p00-rep30-seed200030-v1/cooja.log,b06d905ec0561849b03d187704a1b6ed92c2853dd09504cb88c5502d6771bed3,12224,129,success,1,SUCCESS
A-kem768-fixed-prr1p00-rep30-seed200030-v2,A-kem768-fixed-prr1p00-rep30-seed200030,A_B1_VS_B2,COOJA_SIMULATION,768,2,fixed,1.0,,none,200030,valid,none,,,runs/A-kem768-fixed-prr1p00-rep30-seed200030-v2/cooja.log,6c7c8db68f2c18eb63b39fafdef97a17b44c55f5a9dce6383128c5d9b625513e,16856,168,success,1,SUCCESS
A-kem768-gilbert-prr0p50-L2-rep01-seed200001-v1,A-kem768-gilbert-prr0p50-L2-rep01-seed200001,A_B1_VS_B2,COOJA_SIMULATION,768,1,gilbert,0.5,2.0,none,200001,valid,none,,,runs/A-kem768-gilbert-prr0p50-L2-rep01-seed200001-v1/cooja.log,a84d038d5c6c6492e56ee9420e0cee68dc3ebe31b2f1910455094d4c6aae4124,9818,96,success,0,FAILED_PROTOCOL
A-kem768-gilbert-prr0p50-L2-rep01-seed200001-v2,A-kem768-gilbert-prr0p50-L2-rep01-seed200001,A_B1_VS_B2,COOJA_SIMULATION,768,2,gilbert,0.5,2.0,none,200001,valid,none,,,runs/A-kem768-gilbert-prr0p50-L2-rep01-seed200001-v2/cooja.log,e60bb6cd14c0adfc99e5c39dbde947fff15802ea59469956899dd294e17976b0,10052,98,success,0,FAILED_PROTOCOL
A-kem768-gilbert-prr0p50-L2-rep02-seed200002-v1,A-kem768-gilbert-prr0p50-L2-rep02-seed200002,A_B1_VS_B2,COOJA_SIMULATION,768,1,gilbert,0.5,2.0,none,200002,valid,none,,,runs/A-kem768-gilbert-prr0p50-L2-rep02-seed200002-v1/cooja.log,a08f27d7adb805dd208c0202df05493cbe9187ddcabac8af5092ab761cf4d7fe,9932,97,success,0,FAILED_PROTOCOL
A-kem768-gilbert-prr0p50-L2-rep02-seed200002-v2,A-kem768-gilbert-prr0p50-L2-rep02-seed200002,A_B1_VS_B2,COOJA_SIMULATION,768,2,gilbert,0.5,2.0,none,200002,valid,none,,,runs/A-kem768-gilbert-prr0p50-L2-rep02-seed200002-v2/cooja.log,7835d5da2910509936e64f636d17708e06f9942a23bd286e5fb3fa9011259fa8,10166,99,success,0,FAILED_PROTOCOL
A-kem768-gilbert-prr0p50-L2-rep03-seed200003-v1,A-kem768-gilbert-prr0p50-L2-rep03-seed200003,A_B1_VS_B2,COOJA_SIMULATION,768,1,gilbert,0.5,2.0,none,200003,valid,none,,,runs/A-kem768-gilbert-prr0p50-L2-rep03-seed200003-v1/cooja.log,004e54a5afd2a5f593b3c53a24da97a8aa55a4dcac6df40418d27eae801715cd,11457,114,success,0,FAILED_PROTOCOL
A-kem768-gilbert-prr0p50-L2-rep03-seed200003-v2,A-kem768-gilbert-prr0p50-L2-rep03-seed200003,A_B1_VS_B2,COOJA_SIMULATION,768,2,gilbert,0.5,2.0,none,200003,valid,none,,,runs/A-kem768-gilbert-prr0p50-L2-rep03-seed200003-v2/cooja.log,6b74f2ec76286f38b281950ee7dc8203d9c5e9337ddd0e1ac1f4bc2772a28938,11691,116,success,0,FAILED_PROTOCOL
A-kem768-gilbert-prr0p50-L2-rep04-seed200004-v1,A-kem768-gilbert-prr0p50-L2-rep04-seed200004,A_B1_VS_B2,COOJA_SIMULATION,768,1,gilbert,0.5,2.0,none,200004,valid,none,,,runs/A-kem768-gilbert-prr0p50-L2-rep04-seed200004-v1/cooja.log,b51c1ec140b40e4b6b3d450e84a3b0fa616a489032135aec23d307ef5bc85e75,10670,106,success,0,FAILED_PROTOCOL
A-kem768-gilbert-prr0p50-L2-rep04-seed200004-v2,A-kem768-gilbert-prr0p50-L2-rep04-seed200004,A_B1_VS_B2,COOJA_SIMULATION,768,2,gilbert,0.5,2.0,none,200004,valid,none,,,runs/A-kem768-gilbert-prr0p50-L2-rep04-seed200004-v2/cooja.log,46e6d4bd337e417ad6377cba1fd040ab6da0345712e40788215957f2bca30830,10904,108,success,0,FAILED_PROTOCOL
A-kem768-gilbert-prr0p50-L2-rep05-seed200005-v1,A-kem768-gilbert-prr0p50-L2-rep05-seed200005,A_B1_VS_B2,COOJA_SIMULATION,768,1,gilbert,0.5,2.0,none,200005,valid,none,,,runs/A-kem768-gilbert-prr0p50-L2-rep05-seed200005-v1/cooja.log,0912d476ba83938d421641e4eb35f11734cc7e57aa6e5dcf0328f8cd1c71c85c,11943,120,success,0,FAILED_PROTOCOL
A-kem768-gilbert-prr0p50-L2-rep05-seed200005-v2,A-kem768-gilbert-prr0p50-L2-rep05-seed200005,A_B1_VS_B2,COOJA_SIMULATION,768,2,gilbert,0.5,2.0,none,200005,valid,none,,,runs/A-kem768-gilbert-prr0p50-L2-rep05-seed200005-v2/cooja.log,b39cf79c94874ba90ef78402f4153aa88c6c13eea27a89860d720cd46ba97177,12177,122,success,0,FAILED_PROTOCOL
A-kem768-gilbert-prr0p50-L2-rep06-seed200006-v1,A-kem768-gilbert-prr0p50-L2-rep06-seed200006,A_B1_VS_B2,COOJA_SIMULATION,768,1,gilbert,0.5,2.0,none,200006,valid,none,,,runs/A-kem768-gilbert-prr0p50-L2-rep06-seed200006-v1/cooja.log,e43ddbd216e2e1cacf541b0c5907fecf37f550fe99cdf1b9ca951f3a8830e777,11938,120,success,0,FAILED_PROTOCOL
A-kem768-gilbert-prr0p50-L2-rep06-seed200006-v2,A-kem768-gilbert-prr0p50-L2-rep06-seed200006,A_B1_VS_B2,COOJA_SIMULATION,768,2,gilbert,0.5,2.0,none,200006,valid,none,,,runs/A-kem768-gilbert-prr0p50-L2-rep06-seed200006-v2/cooja.log,4cd181625f55dd3d4a09bea27fe29414f8d9de756f4a8e0c9c259a48828f0593,12172,122,success,0,FAILED_PROTOCOL
A-kem768-gilbert-prr0p50-L2-rep07-seed200007-v1,A-kem768-gilbert-prr0p50-L2-rep07-seed200007,A_B1_VS_B2,COOJA_SIMULATION,768,1,gilbert,0.5,2.0,none,200007,valid,none,,,runs/A-kem768-gilbert-prr0p50-L2-rep07-seed200007-v1/cooja.log,6ed5fce0bc5bf90df6c159d33d93e59aef7bcb0b0acb5a3aabbbd522b9a0f424,10766,106,success,0,FAILED_PROTOCOL
A-kem768-gilbert-prr0p50-L2-rep07-seed200007-v2,A-kem768-gilbert-prr0p50-L2-rep07-seed200007,A_B1_VS_B2,COOJA_SIMULATION,768,2,gilbert,0.5,2.0,none,200007,valid,none,,,runs/A-kem768-gilbert-prr0p50-L2-rep07-seed200007-v2/cooja.log,3a0057cea17e3b11b65205db811ec910cd3c70e56ad1f36dadccae3116a53420,11000,108,success,0,FAILED_PROTOCOL
A-kem768-gilbert-prr0p50-L2-rep08-seed200008-v1,A-kem768-gilbert-prr0p50-L2-rep08-seed200008,A_B1_VS_B2,COOJA_SIMULATION,768,1,gilbert,0.5,2.0,none,200008,valid,none,,,runs/A-kem768-gilbert-prr0p50-L2-rep08-seed200008-v1/cooja.log,f13afb7668d8ef0dd32e3ef45af845934f5d4ec9dab77c4ecfe6cb6798f689c9,10682,106,success,0,FAILED_PROTOCOL
A-kem768-gilbert-prr0p50-L2-rep08-seed200008-v2,A-kem768-gilbert-prr0p50-L2-rep08-seed200008,A_B1_VS_B2,COOJA_SIMULATION,768,2,gilbert,0.5,2.0,none,200008,valid,none,,,runs/A-kem768-gilbert-prr0p50-L2-rep08-seed200008-v2/cooja.log,8a916d119a10bd9f7d2155136175af91d04ace5a987ce52f222eb0362ab283f3,10916,108,success,0,FAILED_PROTOCOL
A-kem768-gilbert-prr0p50-L2-rep09-seed200009-v1,A-kem768-gilbert-prr0p50-L2-rep09-seed200009,A_B1_VS_B2,COOJA_SIMULATION,768,1,gilbert,0.5,2.0,none,200009,valid,none,,,runs/A-kem768-gilbert-prr0p50-L2-rep09-seed200009-v1/cooja.log,fbb2af64d04b442d596fe699631b70f07dfe8a7031f265034e06c55183158c29,11014,110,success,0,FAILED_PROTOCOL
A-kem768-gilbert-prr0p50-L2-rep09-seed200009-v2,A-kem768-gilbert-prr0p50-L2-rep09-seed200009,A_B1_VS_B2,COOJA_SIMULATION,768,2,gilbert,0.5,2.0,none,200009,valid,none,,,runs/A-kem768-gilbert-prr0p50-L2-rep09-seed200009-v2/cooja.log,6eee767c8abf8b41040fe3558bbeb7e5aeb0bbc9ca1a19519367bd48128f7e06,11248,112,success,0,FAILED_PROTOCOL
A-kem768-gilbert-prr0p50-L2-rep10-seed200010-v1,A-kem768-gilbert-prr0p50-L2-rep10-seed200010,A_B1_VS_B2,COOJA_SIMULATION,768,1,gilbert,0.5,2.0,none,200010,valid,none,,,runs/A-kem768-gilbert-prr0p50-L2-rep10-seed200010-v1/cooja.log,f51d881b9f2d5e373beab04262a81d7e618c04c1138e3de1708a1e7c12904195,11873,119,success,0,FAILED_PROTOCOL
A-kem768-gilbert-prr0p50-L2-rep10-seed200010-v2,A-kem768-gilbert-prr0p50-L2-rep10-seed200010,A_B1_VS_B2,COOJA_SIMULATION,768,2,gilbert,0.5,2.0,none,200010,valid,none,,,runs/A-kem768-gilbert-prr0p50-L2-rep10-seed200010-v2/cooja.log,92e7ee7864de6e5e12787619222c0aae574a0525b06038df4fed04874ac4602d,12107,121,success,0,FAILED_PROTOCOL
A-kem768-gilbert-prr0p50-L2-rep11-seed200011-v1,A-kem768-gilbert-prr0p50-L2-rep11-seed200011,A_B1_VS_B2,COOJA_SIMULATION,768,1,gilbert,0.5,2.0,none,200011,valid,none,,,runs/A-kem768-gilbert-prr0p50-L2-rep11-seed200011-v1/cooja.log,171171caeef6b4470228ac87107ef08fb0a252ba468daa557126eca3078c5336,11144,111,success,0,FAILED_PROTOCOL
A-kem768-gilbert-prr0p50-L2-rep11-seed200011-v2,A-kem768-gilbert-prr0p50-L2-rep11-seed200011,A_B1_VS_B2,COOJA_SIMULATION,768,2,gilbert,0.5,2.0,none,200011,valid,none,,,runs/A-kem768-gilbert-prr0p50-L2-rep11-seed200011-v2/cooja.log,10c9c4cb5ff4a2799527b650ff8d7cc765f2a0d144ec4d7dcad613df0e4807ef,11378,113,success,0,FAILED_PROTOCOL
A-kem768-gilbert-prr0p50-L2-rep12-seed200012-v1,A-kem768-gilbert-prr0p50-L2-rep12-seed200012,A_B1_VS_B2,COOJA_SIMULATION,768,1,gilbert,0.5,2.0,none,200012,valid,none,,,runs/A-kem768-gilbert-prr0p50-L2-rep12-seed200012-v1/cooja.log,5275f2401249b2f0fc71274a23624fefa0df29d72b225bf9705b0b78c9d57437,12482,125,success,0,FAILED_PROTOCOL
A-kem768-gilbert-prr0p50-L2-rep12-seed200012-v2,A-kem768-gilbert-prr0p50-L2-rep12-seed200012,A_B1_VS_B2,COOJA_SIMULATION,768,2,gilbert,0.5,2.0,none,200012,valid,none,,,runs/A-kem768-gilbert-prr0p50-L2-rep12-seed200012-v2/cooja.log,16566997e59a0692b44e9cce5fbe9bec539742237c3a23ceafe7c844919cdfe3,12716,127,success,0,FAILED_PROTOCOL
A-kem768-gilbert-prr0p50-L2-rep13-seed200013-v1,A-kem768-gilbert-prr0p50-L2-rep13-seed200013,A_B1_VS_B2,COOJA_SIMULATION,768,1,gilbert,0.5,2.0,none,200013,valid,none,,,runs/A-kem768-gilbert-prr0p50-L2-rep13-seed200013-v1/cooja.log,669ff939fd09ad840872ddddaa21a771f74c5437c8a6961f03d82b408a4e244a,11844,118,success,0,FAILED_PROTOCOL
A-kem768-gilbert-prr0p50-L2-rep13-seed200013-v2,A-kem768-gilbert-prr0p50-L2-rep13-seed200013,A_B1_VS_B2,COOJA_SIMULATION,768,2,gilbert,0.5,2.0,none,200013,valid,none,,,runs/A-kem768-gilbert-prr0p50-L2-rep13-seed200013-v2/cooja.log,9e1875e95a9c7def5a819ec69d54fa740ae423a7c9f94eed5e44560d8e86286c,12078,120,success,0,FAILED_PROTOCOL
A-kem768-gilbert-prr0p50-L2-rep14-seed200014-v1,A-kem768-gilbert-prr0p50-L2-rep14-seed200014,A_B1_VS_B2,COOJA_SIMULATION,768,1,gilbert,0.5,2.0,none,200014,valid,none,,,runs/A-kem768-gilbert-prr0p50-L2-rep14-seed200014-v1/cooja.log,a3fbd4369f99467191ef46c92ae622d213504849066cd4754977541c3b3d181f,9930,97,success,0,FAILED_PROTOCOL
A-kem768-gilbert-prr0p50-L2-rep14-seed200014-v2,A-kem768-gilbert-prr0p50-L2-rep14-seed200014,A_B1_VS_B2,COOJA_SIMULATION,768,2,gilbert,0.5,2.0,none,200014,valid,none,,,runs/A-kem768-gilbert-prr0p50-L2-rep14-seed200014-v2/cooja.log,531c1351c0c0d6caa49a223e1652e9603cbd2a8fe7556408be322d562feade7a,10164,99,success,0,FAILED_PROTOCOL
A-kem768-gilbert-prr0p50-L2-rep15-seed200015-v1,A-kem768-gilbert-prr0p50-L2-rep15-seed200015,A_B1_VS_B2,COOJA_SIMULATION,768,1,gilbert,0.5,2.0,none,200015,valid,none,,,runs/A-kem768-gilbert-prr0p50-L2-rep15-seed200015-v1/cooja.log,671fc8de23108d28a721744832be6f2c01c407274ac8f4718960f07cce3e0e47,11181,111,success,0,FAILED_PROTOCOL
A-kem768-gilbert-prr0p50-L2-rep15-seed200015-v2,A-kem768-gilbert-prr0p50-L2-rep15-seed200015,A_B1_VS_B2,COOJA_SIMULATION,768,2,gilbert,0.5,2.0,none,200015,valid,none,,,runs/A-kem768-gilbert-prr0p50-L2-rep15-seed200015-v2/cooja.log,4a54c0cacd32d9ea6fdbfaa32262d5570d2439ad952ebb60bdd1dc7357f369e4,11415,113,success,0,FAILED_PROTOCOL
A-kem768-gilbert-prr0p50-L2-rep16-seed200016-v1,A-kem768-gilbert-prr0p50-L2-rep16-seed200016,A_B1_VS_B2,COOJA_SIMULATION,768,1,gilbert,0.5,2.0,none,200016,valid,none,,,runs/A-kem768-gilbert-prr0p50-L2-rep16-seed200016-v1/cooja.log,e4b50ad17da888c506d1a89932b5938e73c2e7d41e68426934aeef2860f82ddc,11681,117,success,0,FAILED_PROTOCOL
A-kem768-gilbert-prr0p50-L2-rep16-seed200016-v2,A-kem768-gilbert-prr0p50-L2-rep16-seed200016,A_B1_VS_B2,COOJA_SIMULATION,768,2,gilbert,0.5,2.0,none,200016,valid,none,,,runs/A-kem768-gilbert-prr0p50-L2-rep16-seed200016-v2/cooja.log,9d87462de76e1faf59fd872f128bce444a22e73a3f19fa03f8f4574ed8cfbd09,11915,119,success,0,FAILED_PROTOCOL
A-kem768-gilbert-prr0p50-L2-rep17-seed200017-v1,A-kem768-gilbert-prr0p50-L2-rep17-seed200017,A_B1_VS_B2,COOJA_SIMULATION,768,1,gilbert,0.5,2.0,none,200017,valid,none,,,runs/A-kem768-gilbert-prr0p50-L2-rep17-seed200017-v1/cooja.log,01f0753b3ccb3982352b8a623e7b95250743e3b5ccf77477b535a7c577639888,10081,99,success,0,FAILED_PROTOCOL
A-kem768-gilbert-prr0p50-L2-rep17-seed200017-v2,A-kem768-gilbert-prr0p50-L2-rep17-seed200017,A_B1_VS_B2,COOJA_SIMULATION,768,2,gilbert,0.5,2.0,none,200017,valid,none,,,runs/A-kem768-gilbert-prr0p50-L2-rep17-seed200017-v2/cooja.log,e821b38cba71298ed71e966fa18fc7f66d185e84e7ab878d89dd4ef78ffc6838,10315,101,success,0,FAILED_PROTOCOL
A-kem768-gilbert-prr0p50-L2-rep18-seed200018-v1,A-kem768-gilbert-prr0p50-L2-rep18-seed200018,A_B1_VS_B2,COOJA_SIMULATION,768,1,gilbert,0.5,2.0,none,200018,valid,none,,,runs/A-kem768-gilbert-prr0p50-L2-rep18-seed200018-v1/cooja.log,8b80c6f3fe1bc1d945afaff755f516994fc214aad5700e486d4cb67f9a654b22,12332,124,success,0,FAILED_PROTOCOL
A-kem768-gilbert-prr0p50-L2-rep18-seed200018-v2,A-kem768-gilbert-prr0p50-L2-rep18-seed200018,A_B1_VS_B2,COOJA_SIMULATION,768,2,gilbert,0.5,2.0,none,200018,valid,none,,,runs/A-kem768-gilbert-prr0p50-L2-rep18-seed200018-v2/cooja.log,5e0b3bb8c3936fe346a8ac40d48f89d5f2cdd01ccad2b44e46a988c9d6941e37,12566,126,success,0,FAILED_PROTOCOL
A-kem768-gilbert-prr0p50-L2-rep19-seed200019-v1,A-kem768-gilbert-prr0p50-L2-rep19-seed200019,A_B1_VS_B2,COOJA_SIMULATION,768,1,gilbert,0.5,2.0,none,200019,valid,none,,,runs/A-kem768-gilbert-prr0p50-L2-rep19-seed200019-v1/cooja.log,b5b357d20e22ef22028042ca39b305781f243a9173ceb61063e2905a74265afe,11151,111,success,0,FAILED_PROTOCOL
A-kem768-gilbert-prr0p50-L2-rep19-seed200019-v2,A-kem768-gilbert-prr0p50-L2-rep19-seed200019,A_B1_VS_B2,COOJA_SIMULATION,768,2,gilbert,0.5,2.0,none,200019,valid,none,,,runs/A-kem768-gilbert-prr0p50-L2-rep19-seed200019-v2/cooja.log,b8e9db17aab5210fc0d26f137195a4ff33fca3027640f8ff0ff1551924fa5d6e,11385,113,success,0,FAILED_PROTOCOL
A-kem768-gilbert-prr0p50-L2-rep20-seed200020-v1,A-kem768-gilbert-prr0p50-L2-rep20-seed200020,A_B1_VS_B2,COOJA_SIMULATION,768,1,gilbert,0.5,2.0,none,200020,valid,none,,,runs/A-kem768-gilbert-prr0p50-L2-rep20-seed200020-v1/cooja.log,28dfca4faa38ddcd7e89a4f4ec89d70c8822a4f3301c968e3b5bd7b4c1109a3b,11986,120,success,0,FAILED_PROTOCOL
A-kem768-gilbert-prr0p50-L2-rep20-seed200020-v2,A-kem768-gilbert-prr0p50-L2-rep20-seed200020,A_B1_VS_B2,COOJA_SIMULATION,768,2,gilbert,0.5,2.0,none,200020,valid,none,,,runs/A-kem768-gilbert-prr0p50-L2-rep20-seed200020-v2/cooja.log,98d0d37c1a9a47d9d7174c1ccfcb192d37b49812c159ce967c637842e8f0889d,12220,122,success,0,FAILED_PROTOCOL
A-kem768-gilbert-prr0p50-L2-rep21-seed200021-v1,A-kem768-gilbert-prr0p50-L2-rep21-seed200021,A_B1_VS_B2,COOJA_SIMULATION,768,1,gilbert,0.5,2.0,none,200021,valid,none,,,runs/A-kem768-gilbert-prr0p50-L2-rep21-seed200021-v1/cooja.log,ff8e0667ea870a8f9fc4de8553c5f98f14fd314ef28c555e0d84796670988986,12405,125,success,0,FAILED_PROTOCOL
A-kem768-gilbert-prr0p50-L2-rep21-seed200021-v2,A-kem768-gilbert-prr0p50-L2-rep21-seed200021,A_B1_VS_B2,COOJA_SIMULATION,768,2,gilbert,0.5,2.0,none,200021,valid,none,,,runs/A-kem768-gilbert-prr0p50-L2-rep21-seed200021-v2/cooja.log,ed33a9364f8378b5ab7ecef970890df66f09287bce93b70972a9a4978bd38728,12639,127,success,0,FAILED_PROTOCOL
A-kem768-gilbert-prr0p50-L2-rep22-seed200022-v1,A-kem768-gilbert-prr0p50-L2-rep22-seed200022,A_B1_VS_B2,COOJA_SIMULATION,768,1,gilbert,0.5,2.0,none,200022,valid,none,,,runs/A-kem768-gilbert-prr0p50-L2-rep22-seed200022-v1/cooja.log,47c7da6174ab0757ef797b65520d878e66977f046ebad13528aa95cd8eae3c3d,11130,111,success,0,FAILED_PROTOCOL
A-kem768-gilbert-prr0p50-L2-rep22-seed200022-v2,A-kem768-gilbert-prr0p50-L2-rep22-seed200022,A_B1_VS_B2,COOJA_SIMULATION,768,2,gilbert,0.5,2.0,none,200022,valid,none,,,runs/A-kem768-gilbert-prr0p50-L2-rep22-seed200022-v2/cooja.log,19d86b2d64541ca1e408802a9e9679fba8151f78ba79f35190d14d0d39d958e7,11364,113,success,0,FAILED_PROTOCOL
A-kem768-gilbert-prr0p50-L2-rep23-seed200023-v1,A-kem768-gilbert-prr0p50-L2-rep23-seed200023,A_B1_VS_B2,COOJA_SIMULATION,768,1,gilbert,0.5,2.0,none,200023,valid,none,,,runs/A-kem768-gilbert-prr0p50-L2-rep23-seed200023-v1/cooja.log,2c856b8696732d3e3c850530e227a53d931b85bfedeb310ef8423de08f5485bb,10537,104,success,0,FAILED_PROTOCOL
A-kem768-gilbert-prr0p50-L2-rep23-seed200023-v2,A-kem768-gilbert-prr0p50-L2-rep23-seed200023,A_B1_VS_B2,COOJA_SIMULATION,768,2,gilbert,0.5,2.0,none,200023,valid,none,,,runs/A-kem768-gilbert-prr0p50-L2-rep23-seed200023-v2/cooja.log,a74918a627f0ce5ca974425f6be7718ec78311af06518e7598e48a5b11d884df,10771,106,success,0,FAILED_PROTOCOL
A-kem768-gilbert-prr0p50-L2-rep24-seed200024-v1,A-kem768-gilbert-prr0p50-L2-rep24-seed200024,A_B1_VS_B2,COOJA_SIMULATION,768,1,gilbert,0.5,2.0,none,200024,valid,none,,,runs/A-kem768-gilbert-prr0p50-L2-rep24-seed200024-v1/cooja.log,67caa47e1fbec1fe208ec7c07cf36e7c16e585e48e1b9f10b05ebc1c2c8c27ad,10540,104,success,0,FAILED_PROTOCOL
A-kem768-gilbert-prr0p50-L2-rep24-seed200024-v2,A-kem768-gilbert-prr0p50-L2-rep24-seed200024,A_B1_VS_B2,COOJA_SIMULATION,768,2,gilbert,0.5,2.0,none,200024,valid,none,,,runs/A-kem768-gilbert-prr0p50-L2-rep24-seed200024-v2/cooja.log,15b64e7c7731734cbf98836624487da32fa4d089ecc0be7f2b37965db9b9db1b,10774,106,success,0,FAILED_PROTOCOL
A-kem768-gilbert-prr0p50-L2-rep25-seed200025-v1,A-kem768-gilbert-prr0p50-L2-rep25-seed200025,A_B1_VS_B2,COOJA_SIMULATION,768,1,gilbert,0.5,2.0,none,200025,valid,none,,,runs/A-kem768-gilbert-prr0p50-L2-rep25-seed200025-v1/cooja.log,76819d166345d60718280c2bb860c48d2225edcff41042e173ebcb6f8a2a9323,10879,108,success,0,FAILED_PROTOCOL
A-kem768-gilbert-prr0p50-L2-rep25-seed200025-v2,A-kem768-gilbert-prr0p50-L2-rep25-seed200025,A_B1_VS_B2,COOJA_SIMULATION,768,2,gilbert,0.5,2.0,none,200025,valid,none,,,runs/A-kem768-gilbert-prr0p50-L2-rep25-seed200025-v2/cooja.log,9564b9893b11b71eb1f1e48fa54718441fbd00bd0eb023ad08498bdd2b99f1d6,11113,110,success,0,FAILED_PROTOCOL
A-kem768-gilbert-prr0p50-L2-rep26-seed200026-v1,A-kem768-gilbert-prr0p50-L2-rep26-seed200026,A_B1_VS_B2,COOJA_SIMULATION,768,1,gilbert,0.5,2.0,none,200026,valid,none,,,runs/A-kem768-gilbert-prr0p50-L2-rep26-seed200026-v1/cooja.log,f392b0e426c32865b933e9800cc0288e74f70ef6398fc681a38e3d014cb701b0,12434,125,success,0,FAILED_PROTOCOL
A-kem768-gilbert-prr0p50-L2-rep26-seed200026-v2,A-kem768-gilbert-prr0p50-L2-rep26-seed200026,A_B1_VS_B2,COOJA_SIMULATION,768,2,gilbert,0.5,2.0,none,200026,valid,none,,,runs/A-kem768-gilbert-prr0p50-L2-rep26-seed200026-v2/cooja.log,c81de2be778f3f65b0d11a838a21efaba23934f8c3f58f5391c540f19696e43f,12668,127,success,0,FAILED_PROTOCOL
A-kem768-gilbert-prr0p50-L2-rep27-seed200027-v1,A-kem768-gilbert-prr0p50-L2-rep27-seed200027,A_B1_VS_B2,COOJA_SIMULATION,768,1,gilbert,0.5,2.0,none,200027,valid,none,,,runs/A-kem768-gilbert-prr0p50-L2-rep27-seed200027-v1/cooja.log,717494b8f8159c9da3ad6a4f082a1193be323c06f81f6a927a0a314cb886cdd1,9434,92,success,0,FAILED_PROTOCOL
A-kem768-gilbert-prr0p50-L2-rep27-seed200027-v2,A-kem768-gilbert-prr0p50-L2-rep27-seed200027,A_B1_VS_B2,COOJA_SIMULATION,768,2,gilbert,0.5,2.0,none,200027,valid,none,,,runs/A-kem768-gilbert-prr0p50-L2-rep27-seed200027-v2/cooja.log,6d76f1f706ade5e91e58d1cb89366aaff6acf473141fe00becd39bab5a7af7f2,9668,94,success,0,FAILED_PROTOCOL
A-kem768-gilbert-prr0p50-L2-rep28-seed200028-v1,A-kem768-gilbert-prr0p50-L2-rep28-seed200028,A_B1_VS_B2,COOJA_SIMULATION,768,1,gilbert,0.5,2.0,none,200028,valid,none,,,runs/A-kem768-gilbert-prr0p50-L2-rep28-seed200028-v1/cooja.log,a4bc4bb4d2786fc584ed826b2d722b527bfa83824d3ddf5f903352af9f7af3db,11070,110,success,0,FAILED_PROTOCOL
A-kem768-gilbert-prr0p50-L2-rep28-seed200028-v2,A-kem768-gilbert-prr0p50-L2-rep28-seed200028,A_B1_VS_B2,COOJA_SIMULATION,768,2,gilbert,0.5,2.0,none,200028,valid,none,,,runs/A-kem768-gilbert-prr0p50-L2-rep28-seed200028-v2/cooja.log,52f8e1e7fef62e91e6a0f52123224cb590967d6aa9404947976399a8e22975b8,11304,112,success,0,FAILED_PROTOCOL
A-kem768-gilbert-prr0p50-L2-rep29-seed200029-v1,A-kem768-gilbert-prr0p50-L2-rep29-seed200029,A_B1_VS_B2,COOJA_SIMULATION,768,1,gilbert,0.5,2.0,none,200029,valid,none,,,runs/A-kem768-gilbert-prr0p50-L2-rep29-seed200029-v1/cooja.log,87aba488e57ffc4cfe4f1557657596e366342c1c204c515ef9b87acb297a8c68,9998,98,success,0,FAILED_PROTOCOL
A-kem768-gilbert-prr0p50-L2-rep29-seed200029-v2,A-kem768-gilbert-prr0p50-L2-rep29-seed200029,A_B1_VS_B2,COOJA_SIMULATION,768,2,gilbert,0.5,2.0,none,200029,valid,none,,,runs/A-kem768-gilbert-prr0p50-L2-rep29-seed200029-v2/cooja.log,dfbb61617282dc02806f90d9accaa33630f7ae13a64f7f0e9187ee4b3465ebe3,10232,100,success,0,FAILED_PROTOCOL
A-kem768-gilbert-prr0p50-L2-rep30-seed200030-v1,A-kem768-gilbert-prr0p50-L2-rep30-seed200030,A_B1_VS_B2,COOJA_SIMULATION,768,1,gilbert,0.5,2.0,none,200030,valid,none,,,runs/A-kem768-gilbert-prr0p50-L2-rep30-seed200030-v1/cooja.log,c2f0922c41cec8268ae59546b1c14999f3741156e22057fd88855e9365542f6b,11648,116,success,0,FAILED_PROTOCOL
A-kem768-gilbert-prr0p50-L2-rep30-seed200030-v2,A-kem768-gilbert-prr0p50-L2-rep30-seed200030,A_B1_VS_B2,COOJA_SIMULATION,768,2,gilbert,0.5,2.0,none,200030,valid,none,,,runs/A-kem768-gilbert-prr0p50-L2-rep30-seed200030-v2/cooja.log,ce5d07a559ca3c67b6e8fb277f54853b24a1d8acf5761a50ce75603c6cc92332,11882,118,success,0,FAILED_PROTOCOL
A-kem768-gilbert-prr0p50-L5-rep01-seed200001-v1,A-kem768-gilbert-prr0p50-L5-rep01-seed200001,A_B1_VS_B2,COOJA_SIMULATION,768,1,gilbert,0.5,5.0,none,200001,valid,none,,,runs/A-kem768-gilbert-prr0p50-L5-rep01-seed200001-v1/cooja.log,6cbf0f655affd5e7d89d7250184a6141a7ffad9dce052caed0e4ab40c45b634c,10042,99,success,0,FAILED_PROTOCOL
A-kem768-gilbert-prr0p50-L5-rep01-seed200001-v2,A-kem768-gilbert-prr0p50-L5-rep01-seed200001,A_B1_VS_B2,COOJA_SIMULATION,768,2,gilbert,0.5,5.0,none,200001,valid,none,,,runs/A-kem768-gilbert-prr0p50-L5-rep01-seed200001-v2/cooja.log,6e5711723c1e6c4706421d84a6f580085ce4323931639adea4e09a14c52ac91a,10276,101,success,0,FAILED_PROTOCOL
A-kem768-gilbert-prr0p50-L5-rep02-seed200002-v1,A-kem768-gilbert-prr0p50-L5-rep02-seed200002,A_B1_VS_B2,COOJA_SIMULATION,768,1,gilbert,0.5,5.0,none,200002,valid,none,,,runs/A-kem768-gilbert-prr0p50-L5-rep02-seed200002-v1/cooja.log,cb264ca6f43f5d83f13910adeb82abe361bc87dc403cea027adaf17339532dd0,8749,84,success,0,FAILED_PROTOCOL
A-kem768-gilbert-prr0p50-L5-rep02-seed200002-v2,A-kem768-gilbert-prr0p50-L5-rep02-seed200002,A_B1_VS_B2,COOJA_SIMULATION,768,2,gilbert,0.5,5.0,none,200002,valid,none,,,runs/A-kem768-gilbert-prr0p50-L5-rep02-seed200002-v2/cooja.log,aae9a3d99dad8e70d1fd0c11e99e25cac095a992ac82a85d0d68ed9ccc46a446,8983,86,success,0,FAILED_PROTOCOL
A-kem768-gilbert-prr0p50-L5-rep03-seed200003-v1,A-kem768-gilbert-prr0p50-L5-rep03-seed200003,A_B1_VS_B2,COOJA_SIMULATION,768,1,gilbert,0.5,5.0,none,200003,valid,none,,,runs/A-kem768-gilbert-prr0p50-L5-rep03-seed200003-v1/cooja.log,513ddf73dec970f29953f49cf9dc788a7185b22e6b4b2b5a274e960341393ab3,10541,104,success,0,FAILED_PROTOCOL
A-kem768-gilbert-prr0p50-L5-rep03-seed200003-v2,A-kem768-gilbert-prr0p50-L5-rep03-seed200003,A_B1_VS_B2,COOJA_SIMULATION,768,2,gilbert,0.5,5.0,none,200003,valid,none,,,runs/A-kem768-gilbert-prr0p50-L5-rep03-seed200003-v2/cooja.log,906b52d117181deed4b2c792f30e74e7df5dd518a3323785232d0ddb243fcf84,10775,106,success,0,FAILED_PROTOCOL
A-kem768-gilbert-prr0p50-L5-rep04-seed200004-v1,A-kem768-gilbert-prr0p50-L5-rep04-seed200004,A_B1_VS_B2,COOJA_SIMULATION,768,1,gilbert,0.5,5.0,none,200004,valid,none,,,runs/A-kem768-gilbert-prr0p50-L5-rep04-seed200004-v1/cooja.log,1032e336aa4795eb6c615430e02f5e67f47065ff9d99e63bcea47ff8edccbe20,11708,117,success,0,FAILED_PROTOCOL
A-kem768-gilbert-prr0p50-L5-rep04-seed200004-v2,A-kem768-gilbert-prr0p50-L5-rep04-seed200004,A_B1_VS_B2,COOJA_SIMULATION,768,2,gilbert,0.5,5.0,none,200004,valid,none,,,runs/A-kem768-gilbert-prr0p50-L5-rep04-seed200004-v2/cooja.log,8596a22e9e84f59b4023435bd419167478a5e0bf1707c9fe698a6362dcd806d7,11942,119,success,0,FAILED_PROTOCOL
A-kem768-gilbert-prr0p50-L5-rep05-seed200005-v1,A-kem768-gilbert-prr0p50-L5-rep05-seed200005,A_B1_VS_B2,COOJA_SIMULATION,768,1,gilbert,0.5,5.0,none,200005,valid,none,,,runs/A-kem768-gilbert-prr0p50-L5-rep05-seed200005-v1/cooja.log,d719c783e6d70508677f61d3b6703d1fe0bcb974e63607466fc3aee8b5f8f713,12869,130,success,0,FAILED_PROTOCOL
A-kem768-gilbert-prr0p50-L5-rep05-seed200005-v2,A-kem768-gilbert-prr0p50-L5-rep05-seed200005,A_B1_VS_B2,COOJA_SIMULATION,768,2,gilbert,0.5,5.0,none,200005,valid,none,,,runs/A-kem768-gilbert-prr0p50-L5-rep05-seed200005-v2/cooja.log,8d08d2405a95a5a19a5f63c9b59709c28809f31c94cc4840ecf7e5a734f5f2f6,13103,132,success,0,FAILED_PROTOCOL
A-kem768-gilbert-prr0p50-L5-rep06-seed200006-v1,A-kem768-gilbert-prr0p50-L5-rep06-seed200006,A_B1_VS_B2,COOJA_SIMULATION,768,1,gilbert,0.5,5.0,none,200006,valid,none,,,runs/A-kem768-gilbert-prr0p50-L5-rep06-seed200006-v1/cooja.log,ec6c42e679017f086d08c1d6ed3dd47d7e0be8c8dd1e6935945dbef691847ceb,13149,133,success,0,FAILED_PROTOCOL
A-kem768-gilbert-prr0p50-L5-rep06-seed200006-v2,A-kem768-gilbert-prr0p50-L5-rep06-seed200006,A_B1_VS_B2,COOJA_SIMULATION,768,2,gilbert,0.5,5.0,none,200006,valid,none,,,runs/A-kem768-gilbert-prr0p50-L5-rep06-seed200006-v2/cooja.log,fcf7eb15de2c7d27939ed099d146a99137154c7bf6d8381edbe69872c07ad35b,13383,135,success,0,FAILED_PROTOCOL
A-kem768-gilbert-prr0p50-L5-rep07-seed200007-v1,A-kem768-gilbert-prr0p50-L5-rep07-seed200007,A_B1_VS_B2,COOJA_SIMULATION,768,1,gilbert,0.5,5.0,none,200007,valid,none,,,runs/A-kem768-gilbert-prr0p50-L5-rep07-seed200007-v1/cooja.log,554f98d77d75edcadd4d6867f312f383b3ab94314a5b71fb777738613c73887f,12486,125,success,0,FAILED_PROTOCOL
A-kem768-gilbert-prr0p50-L5-rep07-seed200007-v2,A-kem768-gilbert-prr0p50-L5-rep07-seed200007,A_B1_VS_B2,COOJA_SIMULATION,768,2,gilbert,0.5,5.0,none,200007,valid,none,,,runs/A-kem768-gilbert-prr0p50-L5-rep07-seed200007-v2/cooja.log,49e7d84f1644b5770f3bbaf08f4b85002a424456280eb74d5b6848b5fa8a621f,12720,127,success,0,FAILED_PROTOCOL
A-kem768-gilbert-prr0p50-L5-rep08-seed200008-v1,A-kem768-gilbert-prr0p50-L5-rep08-seed200008,A_B1_VS_B2,COOJA_SIMULATION,768,1,gilbert,0.5,5.0,none,200008,valid,none,,,runs/A-kem768-gilbert-prr0p50-L5-rep08-seed200008-v1/cooja.log,7361ecb09771c5336e7e0a9564fd53f74b0b8cd1d7283d1349eda620307af8d7,12581,128,success,0,FAILED_PROTOCOL
A-kem768-gilbert-prr0p50-L5-rep08-seed200008-v2,A-kem768-gilbert-prr0p50-L5-rep08-seed200008,A_B1_VS_B2,COOJA_SIMULATION,768,2,gilbert,0.5,5.0,none,200008,valid,none,,,runs/A-kem768-gilbert-prr0p50-L5-rep08-seed200008-v2/cooja.log,0a2c0bc92c328337a771c5307fced4ac04ffbd98f7be4b8a4bab1772e657cf38,12815,130,success,0,FAILED_PROTOCOL
A-kem768-gilbert-prr0p50-L5-rep09-seed200009-v1,A-kem768-gilbert-prr0p50-L5-rep09-seed200009,A_B1_VS_B2,COOJA_SIMULATION,768,1,gilbert,0.5,5.0,none,200009,valid,none,,,runs/A-kem768-gilbert-prr0p50-L5-rep09-seed200009-v1/cooja.log,7c52fae1e36160b9890c22b576aee562a6fedecbb9887bc5e7c8b76600a68aa0,13521,138,success,0,FAILED_PROTOCOL
A-kem768-gilbert-prr0p50-L5-rep09-seed200009-v2,A-kem768-gilbert-prr0p50-L5-rep09-seed200009,A_B1_VS_B2,COOJA_SIMULATION,768,2,gilbert,0.5,5.0,none,200009,valid,none,,,runs/A-kem768-gilbert-prr0p50-L5-rep09-seed200009-v2/cooja.log,dfdaa318a354c621121cbdb110c055bc687ad9c1c4a6970f801c9be56a37f01b,13755,140,success,0,FAILED_PROTOCOL
A-kem768-gilbert-prr0p50-L5-rep10-seed200010-v1,A-kem768-gilbert-prr0p50-L5-rep10-seed200010,A_B1_VS_B2,COOJA_SIMULATION,768,1,gilbert,0.5,5.0,none,200010,valid,none,,,runs/A-kem768-gilbert-prr0p50-L5-rep10-seed200010-v1/cooja.log,bfca766efdfcf8178f3d91e55ad64966dc92661e26a57bd4f6f947564ffeee60,10084,99,success,0,FAILED_PROTOCOL
A-kem768-gilbert-prr0p50-L5-rep10-seed200010-v2,A-kem768-gilbert-prr0p50-L5-rep10-seed200010,A_B1_VS_B2,COOJA_SIMULATION,768,2,gilbert,0.5,5.0,none,200010,valid,none,,,runs/A-kem768-gilbert-prr0p50-L5-rep10-seed200010-v2/cooja.log,bb2bbb1e0ef413070eaa20a7938fa7a0d3d29a0bcf6e9c66f5d180180d2fa871,10318,101,success,0,FAILED_PROTOCOL
A-kem768-gilbert-prr0p50-L5-rep11-seed200011-v1,A-kem768-gilbert-prr0p50-L5-rep11-seed200011,A_B1_VS_B2,COOJA_SIMULATION,768,1,gilbert,0.5,5.0,none,200011,valid,none,,,runs/A-kem768-gilbert-prr0p50-L5-rep11-seed200011-v1/cooja.log,e5f8bd3ff93536b280ec2b7aa42332fd4c0efa37d12855af50f110cd9529efd4,9422,92,success,0,FAILED_PROTOCOL
A-kem768-gilbert-prr0p50-L5-rep11-seed200011-v2,A-kem768-gilbert-prr0p50-L5-rep11-seed200011,A_B1_VS_B2,COOJA_SIMULATION,768,2,gilbert,0.5,5.0,none,200011,valid,none,,,runs/A-kem768-gilbert-prr0p50-L5-rep11-seed200011-v2/cooja.log,a602612b04c471df3bd52c6ddc274f4f89a3fda1a5839e8dfc02930afc982f7d,9656,94,success,0,FAILED_PROTOCOL
A-kem768-gilbert-prr0p50-L5-rep12-seed200012-v1,A-kem768-gilbert-prr0p50-L5-rep12-seed200012,A_B1_VS_B2,COOJA_SIMULATION,768,1,gilbert,0.5,5.0,none,200012,valid,none,,,runs/A-kem768-gilbert-prr0p50-L5-rep12-seed200012-v1/cooja.log,b9b379c15ba4ba343a85771d31ae0c94599985f0ef50b7e9cbc2c2906c24f6dc,13130,132,success,0,FAILED_PROTOCOL
A-kem768-gilbert-prr0p50-L5-rep12-seed200012-v2,A-kem768-gilbert-prr0p50-L5-rep12-seed200012,A_B1_VS_B2,COOJA_SIMULATION,768,2,gilbert,0.5,5.0,none,200012,valid,none,,,runs/A-kem768-gilbert-prr0p50-L5-rep12-seed200012-v2/cooja.log,0bc1ffd7b648a9c3e025ed74a5a151fdcbfa75135902be60ec9983b55b3f1c9b,13364,134,success,0,FAILED_PROTOCOL
A-kem768-gilbert-prr0p50-L5-rep13-seed200013-v1,A-kem768-gilbert-prr0p50-L5-rep13-seed200013,A_B1_VS_B2,COOJA_SIMULATION,768,1,gilbert,0.5,5.0,none,200013,valid,none,,,runs/A-kem768-gilbert-prr0p50-L5-rep13-seed200013-v1/cooja.log,dc04bcc48f6265a909d8bd729df45e6a4312c75ab8a2055f7ba6e321e5bf8d12,10850,107,success,0,FAILED_PROTOCOL
A-kem768-gilbert-prr0p50-L5-rep13-seed200013-v2,A-kem768-gilbert-prr0p50-L5-rep13-seed200013,A_B1_VS_B2,COOJA_SIMULATION,768,2,gilbert,0.5,5.0,none,200013,valid,none,,,runs/A-kem768-gilbert-prr0p50-L5-rep13-seed200013-v2/cooja.log,428823720f9ef9957251ac772d2427b67f9710e9488fd9eb40f5b7e10ef53a6b,11084,109,success,0,FAILED_PROTOCOL
A-kem768-gilbert-prr0p50-L5-rep14-seed200014-v1,A-kem768-gilbert-prr0p50-L5-rep14-seed200014,A_B1_VS_B2,COOJA_SIMULATION,768,1,gilbert,0.5,5.0,none,200014,valid,none,,,runs/A-kem768-gilbert-prr0p50-L5-rep14-seed200014-v1/cooja.log,a5ecc5188aace64f82535a29ae6554ee7af7206342570875d2083165732872da,9813,96,success,0,FAILED_PROTOCOL
A-kem768-gilbert-prr0p50-L5-rep14-seed200014-v2,A-kem768-gilbert-prr0p50-L5-rep14-seed200014,A_B1_VS_B2,COOJA_SIMULATION,768,2,gilbert,0.5,5.0,none,200014,valid,none,,,runs/A-kem768-gilbert-prr0p50-L5-rep14-seed200014-v2/cooja.log,faa5f3dc2e3fc42c331c99d9432d1266e224dedf4b694c9189bfe8ea3f5f792e,10047,98,success,0,FAILED_PROTOCOL
A-kem768-gilbert-prr0p50-L5-rep15-seed200015-v1,A-kem768-gilbert-prr0p50-L5-rep15-seed200015,A_B1_VS_B2,COOJA_SIMULATION,768,1,gilbert,0.5,5.0,none,200015,valid,none,,,runs/A-kem768-gilbert-prr0p50-L5-rep15-seed200015-v1/cooja.log,7eb9966f62a1546a893c33a4cec421a08021b678064e54cc51f6cb370c4b1213,13370,137,success,0,FAILED_PROTOCOL
A-kem768-gilbert-prr0p50-L5-rep15-seed200015-v2,A-kem768-gilbert-prr0p50-L5-rep15-seed200015,A_B1_VS_B2,COOJA_SIMULATION,768,2,gilbert,0.5,5.0,none,200015,valid,none,,,runs/A-kem768-gilbert-prr0p50-L5-rep15-seed200015-v2/cooja.log,7299403f30e37b37783a446e3902b488e759fef1b3a7ab1961a1583acce8acad,13604,139,success,0,FAILED_PROTOCOL
A-kem768-gilbert-prr0p50-L5-rep16-seed200016-v1,A-kem768-gilbert-prr0p50-L5-rep16-seed200016,A_B1_VS_B2,COOJA_SIMULATION,768,1,gilbert,0.5,5.0,none,200016,valid,none,,,runs/A-kem768-gilbert-prr0p50-L5-rep16-seed200016-v1/cooja.log,09ade86f9c7d2448a178391ef1d219103a1f21f4ba323c65444a74301dafb659,11008,109,success,0,FAILED_PROTOCOL
A-kem768-gilbert-prr0p50-L5-rep16-seed200016-v2,A-kem768-gilbert-prr0p50-L5-rep16-seed200016,A_B1_VS_B2,COOJA_SIMULATION,768,2,gilbert,0.5,5.0,none,200016,valid,none,,,runs/A-kem768-gilbert-prr0p50-L5-rep16-seed200016-v2/cooja.log,1620cf32c2fe87ad46b76f4dfbaa37fc57d70236a2629fcf5fc6b58282524a7f,11242,111,success,0,FAILED_PROTOCOL
A-kem768-gilbert-prr0p50-L5-rep17-seed200017-v1,A-kem768-gilbert-prr0p50-L5-rep17-seed200017,A_B1_VS_B2,COOJA_SIMULATION,768,1,gilbert,0.5,5.0,none,200017,valid,none,,,runs/A-kem768-gilbert-prr0p50-L5-rep17-seed200017-v1/cooja.log,ebe9fc39e319176e6741306875983a859c0e5b09a9ff64d9f66fb4671a100aea,10003,98,success,0,FAILED_PROTOCOL
A-kem768-gilbert-prr0p50-L5-rep17-seed200017-v2,A-kem768-gilbert-prr0p50-L5-rep17-seed200017,A_B1_VS_B2,COOJA_SIMULATION,768,2,gilbert,0.5,5.0,none,200017,valid,none,,,runs/A-kem768-gilbert-prr0p50-L5-rep17-seed200017-v2/cooja.log,11083986b542582662a87626aebdc98879534819342b350fed5c4e5e3cd9c9cd,10237,100,success,0,FAILED_PROTOCOL
A-kem768-gilbert-prr0p50-L5-rep18-seed200018-v1,A-kem768-gilbert-prr0p50-L5-rep18-seed200018,A_B1_VS_B2,COOJA_SIMULATION,768,1,gilbert,0.5,5.0,none,200018,valid,none,,,runs/A-kem768-gilbert-prr0p50-L5-rep18-seed200018-v1/cooja.log,39a172fe612ad1b5ec63b12797a30f258b16c08d6edb88a7eaed979c248fcbd1,11602,116,success,0,FAILED_PROTOCOL
A-kem768-gilbert-prr0p50-L5-rep18-seed200018-v2,A-kem768-gilbert-prr0p50-L5-rep18-seed200018,A_B1_VS_B2,COOJA_SIMULATION,768,2,gilbert,0.5,5.0,none,200018,valid,none,,,runs/A-kem768-gilbert-prr0p50-L5-rep18-seed200018-v2/cooja.log,ce3081885f8e5c9d6ffd178bf9a6b7bb92f251e3edc260616b16ac530b863f09,11836,118,success,0,FAILED_PROTOCOL
A-kem768-gilbert-prr0p50-L5-rep19-seed200019-v1,A-kem768-gilbert-prr0p50-L5-rep19-seed200019,A_B1_VS_B2,COOJA_SIMULATION,768,1,gilbert,0.5,5.0,none,200019,valid,none,,,runs/A-kem768-gilbert-prr0p50-L5-rep19-seed200019-v1/cooja.log,e38a43c4a546a09d3ce45d83e797e592e6e7c9177432e1c54f4d4f401ef9a2fa,12327,124,success,0,FAILED_PROTOCOL
A-kem768-gilbert-prr0p50-L5-rep19-seed200019-v2,A-kem768-gilbert-prr0p50-L5-rep19-seed200019,A_B1_VS_B2,COOJA_SIMULATION,768,2,gilbert,0.5,5.0,none,200019,valid,none,,,runs/A-kem768-gilbert-prr0p50-L5-rep19-seed200019-v2/cooja.log,d59fead5319dfcfc7b63810c60cf2e5847816be561ac520bcad1b132089d5705,12561,126,success,0,FAILED_PROTOCOL
A-kem768-gilbert-prr0p50-L5-rep20-seed200020-v1,A-kem768-gilbert-prr0p50-L5-rep20-seed200020,A_B1_VS_B2,COOJA_SIMULATION,768,1,gilbert,0.5,5.0,none,200020,valid,none,,,runs/A-kem768-gilbert-prr0p50-L5-rep20-seed200020-v1/cooja.log,f4d6ebe29d07c4d192dcaa5b3122a4e5b7608e910579efc2bb1651028fef4cc6,11509,115,success,0,FAILED_PROTOCOL
A-kem768-gilbert-prr0p50-L5-rep20-seed200020-v2,A-kem768-gilbert-prr0p50-L5-rep20-seed200020,A_B1_VS_B2,COOJA_SIMULATION,768,2,gilbert,0.5,5.0,none,200020,valid,none,,,runs/A-kem768-gilbert-prr0p50-L5-rep20-seed200020-v2/cooja.log,a2f9236484594ac1f1b9d2505fa92d8bb1d0e82b02d5a066a4668c9ec669a4a5,11743,117,success,0,FAILED_PROTOCOL
A-kem768-gilbert-prr0p50-L5-rep21-seed200021-v1,A-kem768-gilbert-prr0p50-L5-rep21-seed200021,A_B1_VS_B2,COOJA_SIMULATION,768,1,gilbert,0.5,5.0,none,200021,valid,none,,,runs/A-kem768-gilbert-prr0p50-L5-rep21-seed200021-v1/cooja.log,64bcb3e8065f2b36586be04ff0afb7992779e99a12ad965c6426695e2d2be40e,13523,139,success,0,FAILED_PROTOCOL
A-kem768-gilbert-prr0p50-L5-rep21-seed200021-v2,A-kem768-gilbert-prr0p50-L5-rep21-seed200021,A_B1_VS_B2,COOJA_SIMULATION,768,2,gilbert,0.5,5.0,none,200021,valid,none,,,runs/A-kem768-gilbert-prr0p50-L5-rep21-seed200021-v2/cooja.log,0df2817b17987158b1ece276cb79537cd98c5b69018d5bc1c28e7528317ca8da,13757,141,success,0,FAILED_PROTOCOL
A-kem768-gilbert-prr0p50-L5-rep22-seed200022-v1,A-kem768-gilbert-prr0p50-L5-rep22-seed200022,A_B1_VS_B2,COOJA_SIMULATION,768,1,gilbert,0.5,5.0,none,200022,valid,none,,,runs/A-kem768-gilbert-prr0p50-L5-rep22-seed200022-v1/cooja.log,76ca5f53ade4395b44ac090c1b5992de8380d7393999d4bb92c07d8ea89420ea,12311,124,success,0,FAILED_PROTOCOL
A-kem768-gilbert-prr0p50-L5-rep22-seed200022-v2,A-kem768-gilbert-prr0p50-L5-rep22-seed200022,A_B1_VS_B2,COOJA_SIMULATION,768,2,gilbert,0.5,5.0,none,200022,valid,none,,,runs/A-kem768-gilbert-prr0p50-L5-rep22-seed200022-v2/cooja.log,31cba9a380b6f8849e634785b18021134b4fbef551a2fdc5e7037e58ac2c4186,12545,126,success,0,FAILED_PROTOCOL
A-kem768-gilbert-prr0p50-L5-rep23-seed200023-v1,A-kem768-gilbert-prr0p50-L5-rep23-seed200023,A_B1_VS_B2,COOJA_SIMULATION,768,1,gilbert,0.5,5.0,none,200023,valid,none,,,runs/A-kem768-gilbert-prr0p50-L5-rep23-seed200023-v1/cooja.log,7995b7dc623ea78cdac11a8ac5dd8aeeca753634d2e154728cc503d51fb44664,10539,104,success,0,FAILED_PROTOCOL
A-kem768-gilbert-prr0p50-L5-rep23-seed200023-v2,A-kem768-gilbert-prr0p50-L5-rep23-seed200023,A_B1_VS_B2,COOJA_SIMULATION,768,2,gilbert,0.5,5.0,none,200023,valid,none,,,runs/A-kem768-gilbert-prr0p50-L5-rep23-seed200023-v2/cooja.log,50e29e5bbcc71b0b86cd7760d31d43dd74689085e705ff272ed97277ef3ef815,10773,106,success,0,FAILED_PROTOCOL
A-kem768-gilbert-prr0p50-L5-rep24-seed200024-v1,A-kem768-gilbert-prr0p50-L5-rep24-seed200024,A_B1_VS_B2,COOJA_SIMULATION,768,1,gilbert,0.5,5.0,none,200024,valid,none,,,runs/A-kem768-gilbert-prr0p50-L5-rep24-seed200024-v1/cooja.log,9bd3ef7c49812f05e4f5bea8aa2c13da78d29dbc4d1054acea9de3dee81a8511,8677,83,success,0,FAILED_PROTOCOL
A-kem768-gilbert-prr0p50-L5-rep24-seed200024-v2,A-kem768-gilbert-prr0p50-L5-rep24-seed200024,A_B1_VS_B2,COOJA_SIMULATION,768,2,gilbert,0.5,5.0,none,200024,valid,none,,,runs/A-kem768-gilbert-prr0p50-L5-rep24-seed200024-v2/cooja.log,58337b4a3b88fb58048751ca37651ef40f73142499f027ca544de32475b5e109,8911,85,success,0,FAILED_PROTOCOL
A-kem768-gilbert-prr0p50-L5-rep25-seed200025-v1,A-kem768-gilbert-prr0p50-L5-rep25-seed200025,A_B1_VS_B2,COOJA_SIMULATION,768,1,gilbert,0.5,5.0,none,200025,valid,none,,,runs/A-kem768-gilbert-prr0p50-L5-rep25-seed200025-v1/cooja.log,1294bacbff26702d8d116a8c23d89c35aeac6224224927c13ed2fb54d0432272,10068,99,success,0,FAILED_PROTOCOL
A-kem768-gilbert-prr0p50-L5-rep25-seed200025-v2,A-kem768-gilbert-prr0p50-L5-rep25-seed200025,A_B1_VS_B2,COOJA_SIMULATION,768,2,gilbert,0.5,5.0,none,200025,valid,none,,,runs/A-kem768-gilbert-prr0p50-L5-rep25-seed200025-v2/cooja.log,f3bb6314d7137c4a9836b19949bf7e721c24bb84ebe241785135a25461a0765b,10302,101,success,0,FAILED_PROTOCOL
A-kem768-gilbert-prr0p50-L5-rep26-seed200026-v1,A-kem768-gilbert-prr0p50-L5-rep26-seed200026,A_B1_VS_B2,COOJA_SIMULATION,768,1,gilbert,0.5,5.0,none,200026,valid,none,,,runs/A-kem768-gilbert-prr0p50-L5-rep26-seed200026-v1/cooja.log,cc0991255fef91747c8ec6d6252519aaa8c00766446034a1e0691cc8ea8fde14,9763,96,success,0,FAILED_PROTOCOL
A-kem768-gilbert-prr0p50-L5-rep26-seed200026-v2,A-kem768-gilbert-prr0p50-L5-rep26-seed200026,A_B1_VS_B2,COOJA_SIMULATION,768,2,gilbert,0.5,5.0,none,200026,valid,none,,,runs/A-kem768-gilbert-prr0p50-L5-rep26-seed200026-v2/cooja.log,efdbbfc341401046c585c6ec8b957c470605c2bccb5af2cd56dcdc3683dd236b,9997,98,success,0,FAILED_PROTOCOL
A-kem768-gilbert-prr0p50-L5-rep27-seed200027-v1,A-kem768-gilbert-prr0p50-L5-rep27-seed200027,A_B1_VS_B2,COOJA_SIMULATION,768,1,gilbert,0.5,5.0,none,200027,valid,none,,,runs/A-kem768-gilbert-prr0p50-L5-rep27-seed200027-v1/cooja.log,bd9072e4801e10cbcb416d47a3555f57a32324a05ee7fbb5441df4a1b00c0a45,10623,105,success,0,FAILED_PROTOCOL
A-kem768-gilbert-prr0p50-L5-rep27-seed200027-v2,A-kem768-gilbert-prr0p50-L5-rep27-seed200027,A_B1_VS_B2,COOJA_SIMULATION,768,2,gilbert,0.5,5.0,none,200027,valid,none,,,runs/A-kem768-gilbert-prr0p50-L5-rep27-seed200027-v2/cooja.log,aeab6a1f828f9b8612a100f9c336b0b374159a6d24baf77d9a39db81113028b7,10857,107,success,0,FAILED_PROTOCOL
A-kem768-gilbert-prr0p50-L5-rep28-seed200028-v1,A-kem768-gilbert-prr0p50-L5-rep28-seed200028,A_B1_VS_B2,COOJA_SIMULATION,768,1,gilbert,0.5,5.0,none,200028,valid,none,,,runs/A-kem768-gilbert-prr0p50-L5-rep28-seed200028-v1/cooja.log,8eb04f9de97814cbe7d38a7e65af11de1581fa8214876d1aaaf092425637e07f,12138,122,success,0,FAILED_PROTOCOL
A-kem768-gilbert-prr0p50-L5-rep28-seed200028-v2,A-kem768-gilbert-prr0p50-L5-rep28-seed200028,A_B1_VS_B2,COOJA_SIMULATION,768,2,gilbert,0.5,5.0,none,200028,valid,none,,,runs/A-kem768-gilbert-prr0p50-L5-rep28-seed200028-v2/cooja.log,a276b21ff33ea33669d7e27cd579c870c47134f7093f0063339b2a9803390be6,12372,124,success,0,FAILED_PROTOCOL
A-kem768-gilbert-prr0p50-L5-rep29-seed200029-v1,A-kem768-gilbert-prr0p50-L5-rep29-seed200029,A_B1_VS_B2,COOJA_SIMULATION,768,1,gilbert,0.5,5.0,none,200029,valid,none,,,runs/A-kem768-gilbert-prr0p50-L5-rep29-seed200029-v1/cooja.log,c11403cc7fcb4d1fd3ed3540985b4f09cbabe994d17ab9342bea424483b5f9f2,12356,122,success,0,FAILED_PROTOCOL
A-kem768-gilbert-prr0p50-L5-rep29-seed200029-v2,A-kem768-gilbert-prr0p50-L5-rep29-seed200029,A_B1_VS_B2,COOJA_SIMULATION,768,2,gilbert,0.5,5.0,none,200029,valid,none,,,runs/A-kem768-gilbert-prr0p50-L5-rep29-seed200029-v2/cooja.log,affbd2f693fc781ebebd35638eb9a4a18b2e97d01bad7619332598341d256076,14369,144,success,0,FAILED_PROTOCOL
A-kem768-gilbert-prr0p50-L5-rep30-seed200030-v1,A-kem768-gilbert-prr0p50-L5-rep30-seed200030,A_B1_VS_B2,COOJA_SIMULATION,768,1,gilbert,0.5,5.0,none,200030,valid,none,,,runs/A-kem768-gilbert-prr0p50-L5-rep30-seed200030-v1/cooja.log,c748a0f1000abbd072bd03a2dd4e8b1691554b27dc40741d1b71eb76ef4134b7,11216,112,success,0,FAILED_PROTOCOL
A-kem768-gilbert-prr0p50-L5-rep30-seed200030-v2,A-kem768-gilbert-prr0p50-L5-rep30-seed200030,A_B1_VS_B2,COOJA_SIMULATION,768,2,gilbert,0.5,5.0,none,200030,valid,none,,,runs/A-kem768-gilbert-prr0p50-L5-rep30-seed200030-v2/cooja.log,869f209e326f513c483c9ec9813c34f19c1c827450d37a204ccef3c472a034ce,11450,114,success,0,FAILED_PROTOCOL
A-kem768-gilbert-prr0p50-L10-rep01-seed200001-v1,A-kem768-gilbert-prr0p50-L10-rep01-seed200001,A_B1_VS_B2,COOJA_SIMULATION,768,1,gilbert,0.5,10.0,none,200001,valid,none,,,runs/A-kem768-gilbert-prr0p50-L10-rep01-seed200001-v1/cooja.log,6cbf0f655affd5e7d89d7250184a6141a7ffad9dce052caed0e4ab40c45b634c,10042,99,success,0,FAILED_PROTOCOL
A-kem768-gilbert-prr0p50-L10-rep01-seed200001-v2,A-kem768-gilbert-prr0p50-L10-rep01-seed200001,A_B1_VS_B2,COOJA_SIMULATION,768,2,gilbert,0.5,10.0,none,200001,valid,none,,,runs/A-kem768-gilbert-prr0p50-L10-rep01-seed200001-v2/cooja.log,6e5711723c1e6c4706421d84a6f580085ce4323931639adea4e09a14c52ac91a,10276,101,success,0,FAILED_PROTOCOL
A-kem768-gilbert-prr0p50-L10-rep02-seed200002-v1,A-kem768-gilbert-prr0p50-L10-rep02-seed200002,A_B1_VS_B2,COOJA_SIMULATION,768,1,gilbert,0.5,10.0,none,200002,valid,none,,,runs/A-kem768-gilbert-prr0p50-L10-rep02-seed200002-v1/cooja.log,cb264ca6f43f5d83f13910adeb82abe361bc87dc403cea027adaf17339532dd0,8749,84,success,0,FAILED_PROTOCOL
A-kem768-gilbert-prr0p50-L10-rep02-seed200002-v2,A-kem768-gilbert-prr0p50-L10-rep02-seed200002,A_B1_VS_B2,COOJA_SIMULATION,768,2,gilbert,0.5,10.0,none,200002,valid,none,,,runs/A-kem768-gilbert-prr0p50-L10-rep02-seed200002-v2/cooja.log,aae9a3d99dad8e70d1fd0c11e99e25cac095a992ac82a85d0d68ed9ccc46a446,8983,86,success,0,FAILED_PROTOCOL
A-kem768-gilbert-prr0p50-L10-rep03-seed200003-v1,A-kem768-gilbert-prr0p50-L10-rep03-seed200003,A_B1_VS_B2,COOJA_SIMULATION,768,1,gilbert,0.5,10.0,none,200003,valid,none,,,runs/A-kem768-gilbert-prr0p50-L10-rep03-seed200003-v1/cooja.log,cf212d8b395d02b8deb7a7c6858a2193fdf036c500749c078d7d17ff91c7272e,12665,128,success,0,FAILED_PROTOCOL
A-kem768-gilbert-prr0p50-L10-rep03-seed200003-v2,A-kem768-gilbert-prr0p50-L10-rep03-seed200003,A_B1_VS_B2,COOJA_SIMULATION,768,2,gilbert,0.5,10.0,none,200003,valid,none,,,runs/A-kem768-gilbert-prr0p50-L10-rep03-seed200003-v2/cooja.log,789acd604227e1e042a8fd4b5fdfe579c22c79b125213d8e1c292b59351614ce,12899,130,success,0,FAILED_PROTOCOL
A-kem768-gilbert-prr0p50-L10-rep04-seed200004-v1,A-kem768-gilbert-prr0p50-L10-rep04-seed200004,A_B1_VS_B2,COOJA_SIMULATION,768,1,gilbert,0.5,10.0,none,200004,valid,none,,,runs/A-kem768-gilbert-prr0p50-L10-rep04-seed200004-v1/cooja.log,d6493c1bbe755ffba9ecd4d5e12daccaf179a1707baa865caf18307e813dfcf7,15019,153,success,0,FAILED_PROTOCOL
A-kem768-gilbert-prr0p50-L10-rep04-seed200004-v2,A-kem768-gilbert-prr0p50-L10-rep04-seed200004,A_B1_VS_B2,COOJA_SIMULATION,768,2,gilbert,0.5,10.0,none,200004,valid,none,,,runs/A-kem768-gilbert-prr0p50-L10-rep04-seed200004-v2/cooja.log,674d5b44c0f593e71f7384976f78918c29db1ec7b0aa3e615cb8467c8b1f6784,18518,192,success,0,FAILED_PROTOCOL
A-kem768-gilbert-prr0p50-L10-rep05-seed200005-v1,A-kem768-gilbert-prr0p50-L10-rep05-seed200005,A_B1_VS_B2,COOJA_SIMULATION,768,1,gilbert,0.5,10.0,none,200005,valid,none,,,runs/A-kem768-gilbert-prr0p50-L10-rep05-seed200005-v1/cooja.log,d68f83d7759d9c2c0c631d8664e837f8270c641dbf6d11208f2a632088203aec,11670,117,success,0,FAILED_PROTOCOL
A-kem768-gilbert-prr0p50-L10-rep05-seed200005-v2,A-kem768-gilbert-prr0p50-L10-rep05-seed200005,A_B1_VS_B2,COOJA_SIMULATION,768,2,gilbert,0.5,10.0,none,200005,valid,none,,,runs/A-kem768-gilbert-prr0p50-L10-rep05-seed200005-v2/cooja.log,64f56fb31df21cad6e0f8587ce44d386397b121a14248ac942c44f420f0ff301,11904,119,success,0,FAILED_PROTOCOL
A-kem768-gilbert-prr0p50-L10-rep06-seed200006-v1,A-kem768-gilbert-prr0p50-L10-rep06-seed200006,A_B1_VS_B2,COOJA_SIMULATION,768,1,gilbert,0.5,10.0,none,200006,valid,none,,,runs/A-kem768-gilbert-prr0p50-L10-rep06-seed200006-v1/cooja.log,3936762fddb55894e6a76c2eeba70166e72afafae2609a621219e6fe8065da51,12557,125,success,0,FAILED_PROTOCOL
A-kem768-gilbert-prr0p50-L10-rep06-seed200006-v2,A-kem768-gilbert-prr0p50-L10-rep06-seed200006,A_B1_VS_B2,COOJA_SIMULATION,768,2,gilbert,0.5,10.0,none,200006,valid,none,,,runs/A-kem768-gilbert-prr0p50-L10-rep06-seed200006-v2/cooja.log,aabcb66f2deea9548ef2439395468274d77e976de6c62ca8fde104ecf194b627,15295,155,success,0,FAILED_PROTOCOL
A-kem768-gilbert-prr0p50-L10-rep07-seed200007-v1,A-kem768-gilbert-prr0p50-L10-rep07-seed200007,A_B1_VS_B2,COOJA_SIMULATION,768,1,gilbert,0.5,10.0,none,200007,valid,none,,,runs/A-kem768-gilbert-prr0p50-L10-rep07-seed200007-v1/cooja.log,5fb708b61e65ca1de1f80b595a99f23cc25831c4a374aca4139268b033516c63,8744,84,success,0,FAILED_PROTOCOL
A-kem768-gilbert-prr0p50-L10-rep07-seed200007-v2,A-kem768-gilbert-prr0p50-L10-rep07-seed200007,A_B1_VS_B2,COOJA_SIMULATION,768,2,gilbert,0.5,10.0,none,200007,valid,none,,,runs/A-kem768-gilbert-prr0p50-L10-rep07-seed200007-v2/cooja.log,948d7c7341eb915f5a74219a31e5dc1d649443e832debb15dd578ac6ffb269e3,8978,86,success,0,FAILED_PROTOCOL
A-kem768-gilbert-prr0p50-L10-rep08-seed200008-v1,A-kem768-gilbert-prr0p50-L10-rep08-seed200008,A_B1_VS_B2,COOJA_SIMULATION,768,1,gilbert,0.5,10.0,none,200008,valid,none,,,runs/A-kem768-gilbert-prr0p50-L10-rep08-seed200008-v1/cooja.log,a1a38634b08e65984f0024f8e7a133ba3ea40f2780fdf7b8a7efee7fc792630e,12595,127,success,0,FAILED_PROTOCOL
A-kem768-gilbert-prr0p50-L10-rep08-seed200008-v2,A-kem768-gilbert-prr0p50-L10-rep08-seed200008,A_B1_VS_B2,COOJA_SIMULATION,768,2,gilbert,0.5,10.0,none,200008,valid,none,,,runs/A-kem768-gilbert-prr0p50-L10-rep08-seed200008-v2/cooja.log,824b51542f090f8b192e772ca22ceeef3c93b746bec967f661a93237541fdcba,12829,129,success,0,FAILED_PROTOCOL
A-kem768-gilbert-prr0p50-L10-rep09-seed200009-v1,A-kem768-gilbert-prr0p50-L10-rep09-seed200009,A_B1_VS_B2,COOJA_SIMULATION,768,1,gilbert,0.5,10.0,none,200009,valid,none,,,runs/A-kem768-gilbert-prr0p50-L10-rep09-seed200009-v1/cooja.log,a582aa772e70aa21786e3609849dcd1071e46ff743f8e3d695202f49623ec651,12998,131,success,0,FAILED_PROTOCOL
A-kem768-gilbert-prr0p50-L10-rep09-seed200009-v2,A-kem768-gilbert-prr0p50-L10-rep09-seed200009,A_B1_VS_B2,COOJA_SIMULATION,768,2,gilbert,0.5,10.0,none,200009,valid,none,,,runs/A-kem768-gilbert-prr0p50-L10-rep09-seed200009-v2/cooja.log,6d7044a4ea3902832a55e1fae95f34653c93b741e5af4404bc385b25c53e9cf8,13232,133,success,0,FAILED_PROTOCOL
A-kem768-gilbert-prr0p50-L10-rep10-seed200010-v1,A-kem768-gilbert-prr0p50-L10-rep10-seed200010,A_B1_VS_B2,COOJA_SIMULATION,768,1,gilbert,0.5,10.0,none,200010,valid,none,,,runs/A-kem768-gilbert-prr0p50-L10-rep10-seed200010-v1/cooja.log,8f4191a7d9d51a4d4c5b72ea06b07600824c05cb80742c2105695aff5379c201,8597,82,success,0,FAILED_PROTOCOL
A-kem768-gilbert-prr0p50-L10-rep10-seed200010-v2,A-kem768-gilbert-prr0p50-L10-rep10-seed200010,A_B1_VS_B2,COOJA_SIMULATION,768,2,gilbert,0.5,10.0,none,200010,valid,none,,,runs/A-kem768-gilbert-prr0p50-L10-rep10-seed200010-v2/cooja.log,be3bd992b45d6626740993c282be341934b54eaf3e38aa8355ab1ce7a002803b,8831,84,success,0,FAILED_PROTOCOL
A-kem768-gilbert-prr0p50-L10-rep11-seed200011-v1,A-kem768-gilbert-prr0p50-L10-rep11-seed200011,A_B1_VS_B2,COOJA_SIMULATION,768,1,gilbert,0.5,10.0,none,200011,valid,none,,,runs/A-kem768-gilbert-prr0p50-L10-rep11-seed200011-v1/cooja.log,ba05ddfd392fa302e3dae66f1c36270a85d0e0e09828f157d62a672d8ef1a955,11745,118,success,0,FAILED_PROTOCOL
A-kem768-gilbert-prr0p50-L10-rep11-seed200011-v2,A-kem768-gilbert-prr0p50-L10-rep11-seed200011,A_B1_VS_B2,COOJA_SIMULATION,768,2,gilbert,0.5,10.0,none,200011,valid,none,,,runs/A-kem768-gilbert-prr0p50-L10-rep11-seed200011-v2/cooja.log,18cba0dab6b02dbf7503e2476706bf0bf9800cd42da692d8b640266f880fbe72,11979,120,success,0,FAILED_PROTOCOL
A-kem768-gilbert-prr0p50-L10-rep12-seed200012-v1,A-kem768-gilbert-prr0p50-L10-rep12-seed200012,A_B1_VS_B2,COOJA_SIMULATION,768,1,gilbert,0.5,10.0,none,200012,valid,none,,,runs/A-kem768-gilbert-prr0p50-L10-rep12-seed200012-v1/cooja.log,488516b8dc4dd38f9caa437e2dc78ec029423d5a8c4e955312150ec0a64dfa5e,8710,83,success,0,FAILED_PROTOCOL
A-kem768-gilbert-prr0p50-L10-rep12-seed200012-v2,A-kem768-gilbert-prr0p50-L10-rep12-seed200012,A_B1_VS_B2,COOJA_SIMULATION,768,2,gilbert,0.5,10.0,none,200012,valid,none,,,runs/A-kem768-gilbert-prr0p50-L10-rep12-seed200012-v2/cooja.log,43f89224bf2a1eb26e5c4a7eb8a32529a6228ba7832ae7acd125d93ea50ab5c2,8944,85,success,0,FAILED_PROTOCOL
A-kem768-gilbert-prr0p50-L10-rep13-seed200013-v1,A-kem768-gilbert-prr0p50-L10-rep13-seed200013,A_B1_VS_B2,COOJA_SIMULATION,768,1,gilbert,0.5,10.0,none,200013,valid,none,,,runs/A-kem768-gilbert-prr0p50-L10-rep13-seed200013-v1/cooja.log,43db64e86ca75a82c93113bfa5e9da0341185f11c88846ef4c00dd2186dedea1,8474,81,success,0,FAILED_PROTOCOL
A-kem768-gilbert-prr0p50-L10-rep13-seed200013-v2,A-kem768-gilbert-prr0p50-L10-rep13-seed200013,A_B1_VS_B2,COOJA_SIMULATION,768,2,gilbert,0.5,10.0,none,200013,valid,none,,,runs/A-kem768-gilbert-prr0p50-L10-rep13-seed200013-v2/cooja.log,a6fa42d9805070a96000a4fe37ae1befe4438eced4d9c24c61b46f77660323ad,8708,83,success,0,FAILED_PROTOCOL
A-kem768-gilbert-prr0p50-L10-rep14-seed200014-v1,A-kem768-gilbert-prr0p50-L10-rep14-seed200014,A_B1_VS_B2,COOJA_SIMULATION,768,1,gilbert,0.5,10.0,none,200014,valid,none,,,runs/A-kem768-gilbert-prr0p50-L10-rep14-seed200014-v1/cooja.log,e10907a793d3d24578a42571e552cbc2906d9ecdaa865d4c26af14d7bdd8371c,8400,80,success,0,FAILED_PROTOCOL
A-kem768-gilbert-prr0p50-L10-rep14-seed200014-v2,A-kem768-gilbert-prr0p50-L10-rep14-seed200014,A_B1_VS_B2,COOJA_SIMULATION,768,2,gilbert,0.5,10.0,none,200014,valid,none,,,runs/A-kem768-gilbert-prr0p50-L10-rep14-seed200014-v2/cooja.log,46662990b265ba074e29479d2fe720df5cfd843295a12d5afbcb48140ae73165,8634,82,success,0,FAILED_PROTOCOL
A-kem768-gilbert-prr0p50-L10-rep15-seed200015-v1,A-kem768-gilbert-prr0p50-L10-rep15-seed200015,A_B1_VS_B2,COOJA_SIMULATION,768,1,gilbert,0.5,10.0,none,200015,valid,none,,,runs/A-kem768-gilbert-prr0p50-L10-rep15-seed200015-v1/cooja.log,0bc7d0ed62d31e2fafb7139a3384cc0723c17373df7acb4b54ef5361cf38d88f,13662,140,success,0,FAILED_PROTOCOL
A-kem768-gilbert-prr0p50-L10-rep15-seed200015-v2,A-kem768-gilbert-prr0p50-L10-rep15-seed200015,A_B1_VS_B2,COOJA_SIMULATION,768,2,gilbert,0.5,10.0,none,200015,valid,none,,,runs/A-kem768-gilbert-prr0p50-L10-rep15-seed200015-v2/cooja.log,766fdc02d8204e9572e01faa5c3ecd746a32591cddb1c7d853af158d690fb24b,13896,142,success,0,FAILED_PROTOCOL
A-kem768-gilbert-prr0p50-L10-rep16-seed200016-v1,A-kem768-gilbert-prr0p50-L10-rep16-seed200016,A_B1_VS_B2,COOJA_SIMULATION,768,1,gilbert,0.5,10.0,none,200016,valid,none,,,runs/A-kem768-gilbert-prr0p50-L10-rep16-seed200016-v1/cooja.log,ff4d2e08f05e256a91389fad8e60f135ab8cc77d8a50b220ba1af267fd31cb83,8407,80,success,0,FAILED_PROTOCOL
A-kem768-gilbert-prr0p50-L10-rep16-seed200016-v2,A-kem768-gilbert-prr0p50-L10-rep16-seed200016,A_B1_VS_B2,COOJA_SIMULATION,768,2,gilbert,0.5,10.0,none,200016,valid,none,,,runs/A-kem768-gilbert-prr0p50-L10-rep16-seed200016-v2/cooja.log,45fa43af09d5efd511c38d008b8efccef3aa86abf0bb14c3cbe38d938ccaa5a5,8641,82,success,0,FAILED_PROTOCOL
A-kem768-gilbert-prr0p50-L10-rep17-seed200017-v1,A-kem768-gilbert-prr0p50-L10-rep17-seed200017,A_B1_VS_B2,COOJA_SIMULATION,768,1,gilbert,0.5,10.0,none,200017,valid,none,,,runs/A-kem768-gilbert-prr0p50-L10-rep17-seed200017-v1/cooja.log,f6f140b7d026acbd2f611f78ee4fe6f50bd1e29ab6ca2ffd95006fe9d02ed899,11598,117,success,0,FAILED_PROTOCOL
A-kem768-gilbert-prr0p50-L10-rep17-seed200017-v2,A-kem768-gilbert-prr0p50-L10-rep17-seed200017,A_B1_VS_B2,COOJA_SIMULATION,768,2,gilbert,0.5,10.0,none,200017,valid,none,,,runs/A-kem768-gilbert-prr0p50-L10-rep17-seed200017-v2/cooja.log,7f368eb382ae0ea786eca89f4dd26b68fcd5670ddcc99c93264bbdb1f2259265,11832,119,success,0,FAILED_PROTOCOL
A-kem768-gilbert-prr0p50-L10-rep18-seed200018-v1,A-kem768-gilbert-prr0p50-L10-rep18-seed200018,A_B1_VS_B2,COOJA_SIMULATION,768,1,gilbert,0.5,10.0,none,200018,valid,none,,,runs/A-kem768-gilbert-prr0p50-L10-rep18-seed200018-v1/cooja.log,50dfa2ae7a24dac9851c76501299dd5cf95200ef2884a780edc09e92543e719f,9007,87,success,0,FAILED_PROTOCOL
A-kem768-gilbert-prr0p50-L10-rep18-seed200018-v2,A-kem768-gilbert-prr0p50-L10-rep18-seed200018,A_B1_VS_B2,COOJA_SIMULATION,768,2,gilbert,0.5,10.0,none,200018,valid,none,,,runs/A-kem768-gilbert-prr0p50-L10-rep18-seed200018-v2/cooja.log,9c881ea65725bdafa80d1db8cc8816f8a05f158659f63b6f7a48223623c6a728,9241,89,success,0,FAILED_PROTOCOL
A-kem768-gilbert-prr0p50-L10-rep19-seed200019-v1,A-kem768-gilbert-prr0p50-L10-rep19-seed200019,A_B1_VS_B2,COOJA_SIMULATION,768,1,gilbert,0.5,10.0,none,200019,valid,none,,,runs/A-kem768-gilbert-prr0p50-L10-rep19-seed200019-v1/cooja.log,28ac315b277a0ac12fc6cdfd8f7569356145f395a24c3a88d7edc6ae1c23538c,18388,190,success,0,FAILED_PROTOCOL
A-kem768-gilbert-prr0p50-L10-rep19-seed200019-v2,A-kem768-gilbert-prr0p50-L10-rep19-seed200019,A_B1_VS_B2,COOJA_SIMULATION,768,2,gilbert,0.5,10.0,none,200019,valid,none,,,runs/A-kem768-gilbert-prr0p50-L10-rep19-seed200019-v2/cooja.log,7cb34cbb4f9315add2edf54f05f061208bf194f10250fe719ac2cb21f334492c,18528,195,success,0,FAILED_PROTOCOL
A-kem768-gilbert-prr0p50-L10-rep20-seed200020-v1,A-kem768-gilbert-prr0p50-L10-rep20-seed200020,A_B1_VS_B2,COOJA_SIMULATION,768,1,gilbert,0.5,10.0,none,200020,valid,none,,,runs/A-kem768-gilbert-prr0p50-L10-rep20-seed200020-v1/cooja.log,b2ff3b24511a2b68b1e89030271ba25129e8e35a8243db66a34a6e319d82ff8a,13212,135,success,0,FAILED_PROTOCOL
A-kem768-gilbert-prr0p50-L10-rep20-seed200020-v2,A-kem768-gilbert-prr0p50-L10-rep20-seed200020,A_B1_VS_B2,COOJA_SIMULATION,768,2,gilbert,0.5,10.0,none,200020,valid,none,,,runs/A-kem768-gilbert-prr0p50-L10-rep20-seed200020-v2/cooja.log,4b08b7d972840bcbe5aac8a2674698b9563aafef0f44b9c7fbb449ee3a10bc9c,13446,137,success,0,FAILED_PROTOCOL
A-kem768-gilbert-prr0p50-L10-rep21-seed200021-v1,A-kem768-gilbert-prr0p50-L10-rep21-seed200021,A_B1_VS_B2,COOJA_SIMULATION,768,1,gilbert,0.5,10.0,none,200021,valid,none,,,runs/A-kem768-gilbert-prr0p50-L10-rep21-seed200021-v1/cooja.log,00d583f833d01a11b320703d400691d0a8e0be9125294c9bdcc93dec10efc005,8744,84,success,0,FAILED_PROTOCOL
A-kem768-gilbert-prr0p50-L10-rep21-seed200021-v2,A-kem768-gilbert-prr0p50-L10-rep21-seed200021,A_B1_VS_B2,COOJA_SIMULATION,768,2,gilbert,0.5,10.0,none,200021,valid,none,,,runs/A-kem768-gilbert-prr0p50-L10-rep21-seed200021-v2/cooja.log,1ad8593093707ce5ff723c9bc1e3d7d6a6bb13940982ece5a5b524f61e5f4a17,8978,86,success,0,FAILED_PROTOCOL
A-kem768-gilbert-prr0p50-L10-rep22-seed200022-v1,A-kem768-gilbert-prr0p50-L10-rep22-seed200022,A_B1_VS_B2,COOJA_SIMULATION,768,1,gilbert,0.5,10.0,none,200022,valid,none,,,runs/A-kem768-gilbert-prr0p50-L10-rep22-seed200022-v1/cooja.log,28fd814202a4037d3c3091226e197a168541e6af9d38506ca0549b63c9dc876a,12429,125,success,0,FAILED_PROTOCOL
A-kem768-gilbert-prr0p50-L10-rep22-seed200022-v2,A-kem768-gilbert-prr0p50-L10-rep22-seed200022,A_B1_VS_B2,COOJA_SIMULATION,768,2,gilbert,0.5,10.0,none,200022,valid,none,,,runs/A-kem768-gilbert-prr0p50-L10-rep22-seed200022-v2/cooja.log,53c38c0d8cfc240352ef7f098db77c68452575926d677952f75a97410946d1c5,12663,127,success,0,FAILED_PROTOCOL
A-kem768-gilbert-prr0p50-L10-rep23-seed200023-v1,A-kem768-gilbert-prr0p50-L10-rep23-seed200023,A_B1_VS_B2,COOJA_SIMULATION,768,1,gilbert,0.5,10.0,none,200023,valid,none,,,runs/A-kem768-gilbert-prr0p50-L10-rep23-seed200023-v1/cooja.log,e440811186690a566abe8d33e44546d416e94cb847b6898aca11099ec4bacada,12220,123,success,0,FAILED_PROTOCOL
A-kem768-gilbert-prr0p50-L10-rep23-seed200023-v2,A-kem768-gilbert-prr0p50-L10-rep23-seed200023,A_B1_VS_B2,COOJA_SIMULATION,768,2,gilbert,0.5,10.0,none,200023,valid,none,,,runs/A-kem768-gilbert-prr0p50-L10-rep23-seed200023-v2/cooja.log,2016662d5030246054378a50ea181ff948db201cca7e5c821c23f79f17a6a11d,12454,125,success,0,FAILED_PROTOCOL
A-kem768-gilbert-prr0p50-L10-rep24-seed200024-v1,A-kem768-gilbert-prr0p50-L10-rep24-seed200024,A_B1_VS_B2,COOJA_SIMULATION,768,1,gilbert,0.5,10.0,none,200024,valid,none,,,runs/A-kem768-gilbert-prr0p50-L10-rep24-seed200024-v1/cooja.log,a2e03603ea31e10a1b15312320119373b0a4be2caf182b03986abc8df41ed2ca,8067,76,success,0,FAILED_PROTOCOL
A-kem768-gilbert-prr0p50-L10-rep24-seed200024-v2,A-kem768-gilbert-prr0p50-L10-rep24-seed200024,A_B1_VS_B2,COOJA_SIMULATION,768,2,gilbert,0.5,10.0,none,200024,valid,none,,,runs/A-kem768-gilbert-prr0p50-L10-rep24-seed200024-v2/cooja.log,870b46faa2eb1223dff3838991dd75e51a34cb9dd180bb9b4096a6fee58f5464,8301,78,success,0,FAILED_PROTOCOL
A-kem768-gilbert-prr0p50-L10-rep25-seed200025-v1,A-kem768-gilbert-prr0p50-L10-rep25-seed200025,A_B1_VS_B2,COOJA_SIMULATION,768,1,gilbert,0.5,10.0,none,200025,valid,none,,,runs/A-kem768-gilbert-prr0p50-L10-rep25-seed200025-v1/cooja.log,2206357e6d1e66de4c5bed80def6765996a6a743f9a59f67a92380373855c933,10764,107,success,0,FAILED_PROTOCOL
A-kem768-gilbert-prr0p50-L10-rep25-seed200025-v2,A-kem768-gilbert-prr0p50-L10-rep25-seed200025,A_B1_VS_B2,COOJA_SIMULATION,768,2,gilbert,0.5,10.0,none,200025,valid,none,,,runs/A-kem768-gilbert-prr0p50-L10-rep25-seed200025-v2/cooja.log,6c5c8ec3a4161ad6dfb95b6ee0a70c3ccdc62fed1c7752e7639d127e0dcc7afb,10998,109,success,0,FAILED_PROTOCOL
A-kem768-gilbert-prr0p50-L10-rep26-seed200026-v1,A-kem768-gilbert-prr0p50-L10-rep26-seed200026,A_B1_VS_B2,COOJA_SIMULATION,768,1,gilbert,0.5,10.0,none,200026,valid,none,,,runs/A-kem768-gilbert-prr0p50-L10-rep26-seed200026-v1/cooja.log,cc0991255fef91747c8ec6d6252519aaa8c00766446034a1e0691cc8ea8fde14,9763,96,success,0,FAILED_PROTOCOL
A-kem768-gilbert-prr0p50-L10-rep26-seed200026-v2,A-kem768-gilbert-prr0p50-L10-rep26-seed200026,A_B1_VS_B2,COOJA_SIMULATION,768,2,gilbert,0.5,10.0,none,200026,valid,none,,,runs/A-kem768-gilbert-prr0p50-L10-rep26-seed200026-v2/cooja.log,efdbbfc341401046c585c6ec8b957c470605c2bccb5af2cd56dcdc3683dd236b,9997,98,success,0,FAILED_PROTOCOL
A-kem768-gilbert-prr0p50-L10-rep27-seed200027-v1,A-kem768-gilbert-prr0p50-L10-rep27-seed200027,A_B1_VS_B2,COOJA_SIMULATION,768,1,gilbert,0.5,10.0,none,200027,valid,none,,,runs/A-kem768-gilbert-prr0p50-L10-rep27-seed200027-v1/cooja.log,e07aa5e13d61001e42f2e6b7e0ab976de0078dcd64c96241469027b294596bc1,10998,110,success,0,FAILED_PROTOCOL
A-kem768-gilbert-prr0p50-L10-rep27-seed200027-v2,A-kem768-gilbert-prr0p50-L10-rep27-seed200027,A_B1_VS_B2,COOJA_SIMULATION,768,2,gilbert,0.5,10.0,none,200027,valid,none,,,runs/A-kem768-gilbert-prr0p50-L10-rep27-seed200027-v2/cooja.log,388559432ec8f9b97d047565acbb52fb5802b1308c0c062ea15012c636ae4b4a,11232,112,success,0,FAILED_PROTOCOL
A-kem768-gilbert-prr0p50-L10-rep28-seed200028-v1,A-kem768-gilbert-prr0p50-L10-rep28-seed200028,A_B1_VS_B2,COOJA_SIMULATION,768,1,gilbert,0.5,10.0,none,200028,valid,none,,,runs/A-kem768-gilbert-prr0p50-L10-rep28-seed200028-v1/cooja.log,2a4eddee233ce001a839eaeeacbffce3053f596f3822a10ad75b37d692e0c0a9,8894,86,success,0,FAILED_PROTOCOL
A-kem768-gilbert-prr0p50-L10-rep28-seed200028-v2,A-kem768-gilbert-prr0p50-L10-rep28-seed200028,A_B1_VS_B2,COOJA_SIMULATION,768,2,gilbert,0.5,10.0,none,200028,valid,none,,,runs/A-kem768-gilbert-prr0p50-L10-rep28-seed200028-v2/cooja.log,c1098443c4a685ec9ae0bdc3b48dc999fa1ba2464a7c6080f32fe063a38e9b2a,9128,88,success,0,FAILED_PROTOCOL
A-kem768-gilbert-prr0p50-L10-rep29-seed200029-v1,A-kem768-gilbert-prr0p50-L10-rep29-seed200029,A_B1_VS_B2,COOJA_SIMULATION,768,1,gilbert,0.5,10.0,none,200029,valid,none,,,runs/A-kem768-gilbert-prr0p50-L10-rep29-seed200029-v1/cooja.log,4523ced387618289f3bfcb2b347e7134af6981cba01c91c291c2dc1fa9c87857,12035,118,success,0,FAILED_PROTOCOL
A-kem768-gilbert-prr0p50-L10-rep29-seed200029-v2,A-kem768-gilbert-prr0p50-L10-rep29-seed200029,A_B1_VS_B2,COOJA_SIMULATION,768,2,gilbert,0.5,10.0,none,200029,valid,none,,,runs/A-kem768-gilbert-prr0p50-L10-rep29-seed200029-v2/cooja.log,d93314007c386619342bf71db5c45e5226d1b0c771886d24024d67ad32b97a14,13883,138,success,0,FAILED_PROTOCOL
A-kem768-gilbert-prr0p50-L10-rep30-seed200030-v1,A-kem768-gilbert-prr0p50-L10-rep30-seed200030,A_B1_VS_B2,COOJA_SIMULATION,768,1,gilbert,0.5,10.0,none,200030,valid,none,,,runs/A-kem768-gilbert-prr0p50-L10-rep30-seed200030-v1/cooja.log,aea41ae14c7e6c1c6a5b7c1236cc6010778903763c0ec7bdbb94a3f4b2b6b992,12051,122,success,0,FAILED_PROTOCOL
A-kem768-gilbert-prr0p50-L10-rep30-seed200030-v2,A-kem768-gilbert-prr0p50-L10-rep30-seed200030,A_B1_VS_B2,COOJA_SIMULATION,768,2,gilbert,0.5,10.0,none,200030,valid,none,,,runs/A-kem768-gilbert-prr0p50-L10-rep30-seed200030-v2/cooja.log,6302a30a042b4f2125d9b6825e312fa9bbd062945ba61938569ed407d2b33e0b,12285,124,success,0,FAILED_PROTOCOL
A-kem768-gilbert-prr0p85-L2-rep01-seed200001-v1,A-kem768-gilbert-prr0p85-L2-rep01-seed200001,A_B1_VS_B2,COOJA_SIMULATION,768,1,gilbert,0.85,2.0,none,200001,valid,none,,,runs/A-kem768-gilbert-prr0p85-L2-rep01-seed200001-v1/cooja.log,c997f39ddf3d68e44ccc44dca2f30a61b028deac54cf39ad13a67e9353ec9db5,13120,130,success,0,FAILED_PROTOCOL
A-kem768-gilbert-prr0p85-L2-rep01-seed200001-v2,A-kem768-gilbert-prr0p85-L2-rep01-seed200001,A_B1_VS_B2,COOJA_SIMULATION,768,2,gilbert,0.85,2.0,none,200001,valid,none,,,runs/A-kem768-gilbert-prr0p85-L2-rep01-seed200001-v2/cooja.log,00555b4d5279ef7221ddff6bef4a7bd8585fab047c85da732f0a9bc6a6593c22,13428,138,success,0,FAILED_PROTOCOL
A-kem768-gilbert-prr0p85-L2-rep02-seed200002-v1,A-kem768-gilbert-prr0p85-L2-rep02-seed200002,A_B1_VS_B2,COOJA_SIMULATION,768,1,gilbert,0.85,2.0,none,200002,valid,none,,,runs/A-kem768-gilbert-prr0p85-L2-rep02-seed200002-v1/cooja.log,187337fe5ca401fe78136c80de50520cda0616846f2c64333ce0863e19fea110,10893,110,success,0,FAILED_PROTOCOL
A-kem768-gilbert-prr0p85-L2-rep02-seed200002-v2,A-kem768-gilbert-prr0p85-L2-rep02-seed200002,A_B1_VS_B2,COOJA_SIMULATION,768,2,gilbert,0.85,2.0,none,200002,valid,none,,,runs/A-kem768-gilbert-prr0p85-L2-rep02-seed200002-v2/cooja.log,866c72a4bea578c65abe669eb3590034da721fd91ad8f2f6aba60c58d4e8a043,11127,112,success,0,FAILED_PROTOCOL
A-kem768-gilbert-prr0p85-L2-rep03-seed200003-v1,A-kem768-gilbert-prr0p85-L2-rep03-seed200003,A_B1_VS_B2,COOJA_SIMULATION,768,1,gilbert,0.85,2.0,none,200003,valid,none,,,runs/A-kem768-gilbert-prr0p85-L2-rep03-seed200003-v1/cooja.log,c5ace30ddd7052a47910d29df46cbab860bbd554e9ba97ec0bcba376a73a1c5d,13520,139,success,0,FAILED_PROTOCOL
A-kem768-gilbert-prr0p85-L2-rep03-seed200003-v2,A-kem768-gilbert-prr0p85-L2-rep03-seed200003,A_B1_VS_B2,COOJA_SIMULATION,768,2,gilbert,0.85,2.0,none,200003,valid,none,,,runs/A-kem768-gilbert-prr0p85-L2-rep03-seed200003-v2/cooja.log,328ca2f54474fabb5d4a48e3906ac7219868e1b73e2e37091e963f4c0c754004,13754,141,success,0,FAILED_PROTOCOL
A-kem768-gilbert-prr0p85-L2-rep04-seed200004-v1,A-kem768-gilbert-prr0p85-L2-rep04-seed200004,A_B1_VS_B2,COOJA_SIMULATION,768,1,gilbert,0.85,2.0,none,200004,valid,none,,,runs/A-kem768-gilbert-prr0p85-L2-rep04-seed200004-v1/cooja.log,4b9c87f841cb8f58ab9beb1e6cadb7f4364d9aa83365f13055bad45fa594c959,14539,147,success,0,FAILED_PROTOCOL
A-kem768-gilbert-prr0p85-L2-rep04-seed200004-v2,A-kem768-gilbert-prr0p85-L2-rep04-seed200004,A_B1_VS_B2,COOJA_SIMULATION,768,2,gilbert,0.85,2.0,none,200004,valid,none,,,runs/A-kem768-gilbert-prr0p85-L2-rep04-seed200004-v2/cooja.log,a788a2b3ae4ece071bdd8e464ca672faf04cd3fc971e5cce58a43ab73377967f,18807,189,success,1,SUCCESS
A-kem768-gilbert-prr0p85-L2-rep05-seed200005-v1,A-kem768-gilbert-prr0p85-L2-rep05-seed200005,A_B1_VS_B2,COOJA_SIMULATION,768,1,gilbert,0.85,2.0,none,200005,valid,none,,,runs/A-kem768-gilbert-prr0p85-L2-rep05-seed200005-v1/cooja.log,bf00cfa4480f0497df3c7b3964c3dac9769455d72a16fc94b7e74bc1d9cf192f,13800,142,success,0,FAILED_PROTOCOL
A-kem768-gilbert-prr0p85-L2-rep05-seed200005-v2,A-kem768-gilbert-prr0p85-L2-rep05-seed200005,A_B1_VS_B2,COOJA_SIMULATION,768,2,gilbert,0.85,2.0,none,200005,valid,none,,,runs/A-kem768-gilbert-prr0p85-L2-rep05-seed200005-v2/cooja.log,cf280fd9024750f4bdf817fbcfc69ee357fcb4c636fcc16ebe9e41a0d65c58c9,14034,144,success,0,FAILED_PROTOCOL
A-kem768-gilbert-prr0p85-L2-rep06-seed200006-v1,A-kem768-gilbert-prr0p85-L2-rep06-seed200006,A_B1_VS_B2,COOJA_SIMULATION,768,1,gilbert,0.85,2.0,none,200006,valid,none,,,runs/A-kem768-gilbert-prr0p85-L2-rep06-seed200006-v1/cooja.log,a62bc415cb89071e861abfaf1cfdea944521808f685053c37b9807f58a861530,11974,119,success,0,FAILED_PROTOCOL
A-kem768-gilbert-prr0p85-L2-rep06-seed200006-v2,A-kem768-gilbert-prr0p85-L2-rep06-seed200006,A_B1_VS_B2,COOJA_SIMULATION,768,2,gilbert,0.85,2.0,none,200006,valid,none,,,runs/A-kem768-gilbert-prr0p85-L2-rep06-seed200006-v2/cooja.log,786674aff3a72b88f375fe84d69fafc36285a508e09921ea6957d2c0eaa80d73,19335,194,success,1,SUCCESS
A-kem768-gilbert-prr0p85-L2-rep07-seed200007-v1,A-kem768-gilbert-prr0p85-L2-rep07-seed200007,A_B1_VS_B2,COOJA_SIMULATION,768,1,gilbert,0.85,2.0,none,200007,valid,none,,,runs/A-kem768-gilbert-prr0p85-L2-rep07-seed200007-v1/cooja.log,8e3f1edfabe8da17f0b5f4d7ad1dfb307be8b8911329516480c7c82b79ee6ae9,15209,154,success,0,FAILED_PROTOCOL
A-kem768-gilbert-prr0p85-L2-rep07-seed200007-v2,A-kem768-gilbert-prr0p85-L2-rep07-seed200007,A_B1_VS_B2,COOJA_SIMULATION,768,2,gilbert,0.85,2.0,none,200007,valid,none,,,runs/A-kem768-gilbert-prr0p85-L2-rep07-seed200007-v2/cooja.log,4728de9d0c9e73778f6363c452e05509e836af1bc3988c60fc7b365a4a866a5c,17676,177,success,1,SUCCESS
A-kem768-gilbert-prr0p85-L2-rep08-seed200008-v1,A-kem768-gilbert-prr0p85-L2-rep08-seed200008,A_B1_VS_B2,COOJA_SIMULATION,768,1,gilbert,0.85,2.0,none,200008,valid,none,,,runs/A-kem768-gilbert-prr0p85-L2-rep08-seed200008-v1/cooja.log,ce49d79f5430a704b7c0c68a33601e3a312399f888396507a46f72ef9ea22058,13263,136,success,0,FAILED_PROTOCOL
A-kem768-gilbert-prr0p85-L2-rep08-seed200008-v2,A-kem768-gilbert-prr0p85-L2-rep08-seed200008,A_B1_VS_B2,COOJA_SIMULATION,768,2,gilbert,0.85,2.0,none,200008,valid,none,,,runs/A-kem768-gilbert-prr0p85-L2-rep08-seed200008-v2/cooja.log,081c935fd0e46d9232bdb4e5ffddd048d33ac32687b1afeb0abc847dce0d6fd2,13497,138,success,0,FAILED_PROTOCOL
A-kem768-gilbert-prr0p85-L2-rep09-seed200009-v1,A-kem768-gilbert-prr0p85-L2-rep09-seed200009,A_B1_VS_B2,COOJA_SIMULATION,768,1,gilbert,0.85,2.0,none,200009,valid,none,,,runs/A-kem768-gilbert-prr0p85-L2-rep09-seed200009-v1/cooja.log,4008e4615639ae582dd2339ee6537a30e7d10d2b7e4cf240e8ac4d6e77ec5ef4,17392,179,success,0,FAILED_PROTOCOL
A-kem768-gilbert-prr0p85-L2-rep09-seed200009-v2,A-kem768-gilbert-prr0p85-L2-rep09-seed200009,A_B1_VS_B2,COOJA_SIMULATION,768,2,gilbert,0.85,2.0,none,200009,valid,none,,,runs/A-kem768-gilbert-prr0p85-L2-rep09-seed200009-v2/cooja.log,27cd1f8c433a97b948078bf71b467bb2357d854a9f091028b251571ce031d42c,17853,187,success,0,FAILED_PROTOCOL
A-kem768-gilbert-prr0p85-L2-rep10-seed200010-v1,A-kem768-gilbert-prr0p85-L2-rep10-seed200010,A_B1_VS_B2,COOJA_SIMULATION,768,1,gilbert,0.85,2.0,none,200010,valid,none,,,runs/A-kem768-gilbert-prr0p85-L2-rep10-seed200010-v1/cooja.log,dfe1571fb33f65d5e75c8ea7692eb9185f1f08c5470171e644cb179cd13ff784,12152,121,success,0,FAILED_PROTOCOL
A-kem768-gilbert-prr0p85-L2-rep10-seed200010-v2,A-kem768-gilbert-prr0p85-L2-rep10-seed200010,A_B1_VS_B2,COOJA_SIMULATION,768,2,gilbert,0.85,2.0,none,200010,valid,none,,,runs/A-kem768-gilbert-prr0p85-L2-rep10-seed200010-v2/cooja.log,1efaf31c410663fe362dba1489260acf1f75406e7094169a1fcb86c90c0ab5d9,18615,191,success,0,FAILED_PROTOCOL
A-kem768-gilbert-prr0p85-L2-rep11-seed200011-v1,A-kem768-gilbert-prr0p85-L2-rep11-seed200011,A_B1_VS_B2,COOJA_SIMULATION,768,1,gilbert,0.85,2.0,none,200011,valid,none,,,runs/A-kem768-gilbert-prr0p85-L2-rep11-seed200011-v1/cooja.log,39ed495227bc66485d2c19d6a633d7b748db6dc1ebf6d5a2365c0f7ef6d6882b,12626,129,success,0,FAILED_PROTOCOL
A-kem768-gilbert-prr0p85-L2-rep11-seed200011-v2,A-kem768-gilbert-prr0p85-L2-rep11-seed200011,A_B1_VS_B2,COOJA_SIMULATION,768,2,gilbert,0.85,2.0,none,200011,valid,none,,,runs/A-kem768-gilbert-prr0p85-L2-rep11-seed200011-v2/cooja.log,8749e8286b8c03550c281a62c6cc59c4caf229a5b67c1f51f0a5f64a243f2b9b,12860,131,success,0,FAILED_PROTOCOL
A-kem768-gilbert-prr0p85-L2-rep12-seed200012-v1,A-kem768-gilbert-prr0p85-L2-rep12-seed200012,A_B1_VS_B2,COOJA_SIMULATION,768,1,gilbert,0.85,2.0,none,200012,valid,none,,,runs/A-kem768-gilbert-prr0p85-L2-rep12-seed200012-v1/cooja.log,6c5e974cdf85f3d6fc9c6fa380cbec300d140c6fb9c8df71ed6655d5e05139a8,11531,117,success,0,FAILED_PROTOCOL
A-kem768-gilbert-prr0p85-L2-rep12-seed200012-v2,A-kem768-gilbert-prr0p85-L2-rep12-seed200012,A_B1_VS_B2,COOJA_SIMULATION,768,2,gilbert,0.85,2.0,none,200012,valid,none,,,runs/A-kem768-gilbert-prr0p85-L2-rep12-seed200012-v2/cooja.log,1bc256b6c98a5ac48f35e2a481f51cbd6c7fe0432c2722f8af5c37dc983c32e7,11765,119,success,0,FAILED_PROTOCOL
A-kem768-gilbert-prr0p85-L2-rep13-seed200013-v1,A-kem768-gilbert-prr0p85-L2-rep13-seed200013,A_B1_VS_B2,COOJA_SIMULATION,768,1,gilbert,0.85,2.0,none,200013,valid,none,,,runs/A-kem768-gilbert-prr0p85-L2-rep13-seed200013-v1/cooja.log,22aa39ad832c44cb39521e695a15bf6777af348674c35f89b842ffff4f7fa072,14508,146,success,0,FAILED_PROTOCOL
A-kem768-gilbert-prr0p85-L2-rep13-seed200013-v2,A-kem768-gilbert-prr0p85-L2-rep13-seed200013,A_B1_VS_B2,COOJA_SIMULATION,768,2,gilbert,0.85,2.0,none,200013,valid,none,,,runs/A-kem768-gilbert-prr0p85-L2-rep13-seed200013-v2/cooja.log,b4dfc1b32fa85c89d4cce2c61a1f4dfd009eee0b26a2461d7ef6d7f773c41852,18287,184,success,1,SUCCESS
A-kem768-gilbert-prr0p85-L2-rep14-seed200014-v1,A-kem768-gilbert-prr0p85-L2-rep14-seed200014,A_B1_VS_B2,COOJA_SIMULATION,768,1,gilbert,0.85,2.0,none,200014,valid,none,,,runs/A-kem768-gilbert-prr0p85-L2-rep14-seed200014-v1/cooja.log,e62c6bfa9571744a3f8a306d0c16b0254c865a0394c2598b26d8cb0fbfcb490e,15184,154,success,0,FAILED_PROTOCOL
A-kem768-gilbert-prr0p85-L2-rep14-seed200014-v2,A-kem768-gilbert-prr0p85-L2-rep14-seed200014,A_B1_VS_B2,COOJA_SIMULATION,768,2,gilbert,0.85,2.0,none,200014,valid,none,,,runs/A-kem768-gilbert-prr0p85-L2-rep14-seed200014-v2/cooja.log,f51139d40cc2b46ffa57007b5847f22077aebd1b6564ce62716ada19132fb7b5,17283,175,success,0,FAILED_PROTOCOL
A-kem768-gilbert-prr0p85-L2-rep15-seed200015-v1,A-kem768-gilbert-prr0p85-L2-rep15-seed200015,A_B1_VS_B2,COOJA_SIMULATION,768,1,gilbert,0.85,2.0,none,200015,valid,none,,,runs/A-kem768-gilbert-prr0p85-L2-rep15-seed200015-v1/cooja.log,57cf0e0437b9c51de39e390ad94384e6e486871015531019233edf34f46a3473,13121,132,success,0,FAILED_PROTOCOL
A-kem768-gilbert-prr0p85-L2-rep15-seed200015-v2,A-kem768-gilbert-prr0p85-L2-rep15-seed200015,A_B1_VS_B2,COOJA_SIMULATION,768,2,gilbert,0.85,2.0,none,200015,valid,none,,,runs/A-kem768-gilbert-prr0p85-L2-rep15-seed200015-v2/cooja.log,498033e1e523f4e4427afb9743f0b05d5ac70e04a3d7491da2f8106e80205d70,19872,207,success,0,FAILED_PROTOCOL
A-kem768-gilbert-prr0p85-L2-rep16-seed200016-v1,A-kem768-gilbert-prr0p85-L2-rep16-seed200016,A_B1_VS_B2,COOJA_SIMULATION,768,1,gilbert,0.85,2.0,none,200016,valid,none,,,runs/A-kem768-gilbert-prr0p85-L2-rep16-seed200016-v1/cooja.log,3b4b9c88d7c7b1fbb8728e8c4f8dcd0e96c738e51ec8e0ee99cb5acdbc09bb92,11471,116,success,0,FAILED_PROTOCOL
A-kem768-gilbert-prr0p85-L2-rep16-seed200016-v2,A-kem768-gilbert-prr0p85-L2-rep16-seed200016,A_B1_VS_B2,COOJA_SIMULATION,768,2,gilbert,0.85,2.0,none,200016,valid,none,,,runs/A-kem768-gilbert-prr0p85-L2-rep16-seed200016-v2/cooja.log,84dbad3fc985498d1222cf000045c0282ed876b2c0106535ae59d680f27114d9,11705,118,success,0,FAILED_PROTOCOL
A-kem768-gilbert-prr0p85-L2-rep17-seed200017-v1,A-kem768-gilbert-prr0p85-L2-rep17-seed200017,A_B1_VS_B2,COOJA_SIMULATION,768,1,gilbert,0.85,2.0,none,200017,valid,none,,,runs/A-kem768-gilbert-prr0p85-L2-rep17-seed200017-v1/cooja.log,0abf6a10f384838cfd2a5e26ec36b0b52303a7967fa08a1bede5d28c70171c11,14125,146,success,0,FAILED_PROTOCOL
A-kem768-gilbert-prr0p85-L2-rep17-seed200017-v2,A-kem768-gilbert-prr0p85-L2-rep17-seed200017,A_B1_VS_B2,COOJA_SIMULATION,768,2,gilbert,0.85,2.0,none,200017,valid,none,,,runs/A-kem768-gilbert-prr0p85-L2-rep17-seed200017-v2/cooja.log,f134ae80b0e8bc1c50480962e2118af3269e6bca5e7aef86439a189188c936e9,14359,148,success,0,FAILED_PROTOCOL
A-kem768-gilbert-prr0p85-L2-rep18-seed200018-v1,A-kem768-gilbert-prr0p85-L2-rep18-seed200018,A_B1_VS_B2,COOJA_SIMULATION,768,1,gilbert,0.85,2.0,none,200018,valid,none,,,runs/A-kem768-gilbert-prr0p85-L2-rep18-seed200018-v1/cooja.log,11badb7314f156b5b45689918619ce2ce40707a31d082efe25e29fa4f5a0d252,11859,120,success,0,FAILED_PROTOCOL
A-kem768-gilbert-prr0p85-L2-rep18-seed200018-v2,A-kem768-gilbert-prr0p85-L2-rep18-seed200018,A_B1_VS_B2,COOJA_SIMULATION,768,2,gilbert,0.85,2.0,none,200018,valid,none,,,runs/A-kem768-gilbert-prr0p85-L2-rep18-seed200018-v2/cooja.log,70937295d69e2a6acecc37a85e3bd41d9f959a979795c0d6da850d871b5df982,12093,122,success,0,FAILED_PROTOCOL
A-kem768-gilbert-prr0p85-L2-rep19-seed200019-v1,A-kem768-gilbert-prr0p85-L2-rep19-seed200019,A_B1_VS_B2,COOJA_SIMULATION,768,1,gilbert,0.85,2.0,none,200019,valid,none,,,runs/A-kem768-gilbert-prr0p85-L2-rep19-seed200019-v1/cooja.log,d566a62384543f8c08e964a44750d8b24845ecdc0a3555a1a2b71c79e07e512d,16687,172,success,0,FAILED_PROTOCOL
A-kem768-gilbert-prr0p85-L2-rep19-seed200019-v2,A-kem768-gilbert-prr0p85-L2-rep19-seed200019,A_B1_VS_B2,COOJA_SIMULATION,768,2,gilbert,0.85,2.0,none,200019,valid,none,,,runs/A-kem768-gilbert-prr0p85-L2-rep19-seed200019-v2/cooja.log,db7690c90b54251198aa41f7c3e8a533673a293d12c7e9aad32d6e4e17bf7a7c,19477,197,success,1,SUCCESS
A-kem768-gilbert-prr0p85-L2-rep20-seed200020-v1,A-kem768-gilbert-prr0p85-L2-rep20-seed200020,A_B1_VS_B2,COOJA_SIMULATION,768,1,gilbert,0.85,2.0,none,200020,valid,none,,,runs/A-kem768-gilbert-prr0p85-L2-rep20-seed200020-v1/cooja.log,cabb9d27c63502339f34da300aa280d98046ec6e238e82b1117bfa0f0d1659b7,11632,118,success,0,FAILED_PROTOCOL
A-kem768-gilbert-prr0p85-L2-rep20-seed200020-v2,A-kem768-gilbert-prr0p85-L2-rep20-seed200020,A_B1_VS_B2,COOJA_SIMULATION,768,2,gilbert,0.85,2.0,none,200020,valid,none,,,runs/A-kem768-gilbert-prr0p85-L2-rep20-seed200020-v2/cooja.log,0e88702ff89b265297042d11c2b7bb95622845e56388eb739795fd0cbb60695c,11866,120,success,0,FAILED_PROTOCOL
A-kem768-gilbert-prr0p85-L2-rep21-seed200021-v1,A-kem768-gilbert-prr0p85-L2-rep21-seed200021,A_B1_VS_B2,COOJA_SIMULATION,768,1,gilbert,0.85,2.0,none,200021,valid,none,,,runs/A-kem768-gilbert-prr0p85-L2-rep21-seed200021-v1/cooja.log,78885c055f4200dc0b0c1396ecac3d7b57519760b1b7db664f76d15795f13b3e,14834,150,success,0,FAILED_PROTOCOL
A-kem768-gilbert-prr0p85-L2-rep21-seed200021-v2,A-kem768-gilbert-prr0p85-L2-rep21-seed200021,A_B1_VS_B2,COOJA_SIMULATION,768,2,gilbert,0.85,2.0,none,200021,valid,none,,,runs/A-kem768-gilbert-prr0p85-L2-rep21-seed200021-v2/cooja.log,6df7927adac6599d2dbeb456c3350cefc4e6bea5b04af03a9100b322408bec65,18034,186,success,0,FAILED_PROTOCOL
A-kem768-gilbert-prr0p85-L2-rep22-seed200022-v1,A-kem768-gilbert-prr0p85-L2-rep22-seed200022,A_B1_VS_B2,COOJA_SIMULATION,768,1,gilbert,0.85,2.0,none,200022,valid,none,,,runs/A-kem768-gilbert-prr0p85-L2-rep22-seed200022-v1/cooja.log,4f3ee40b060db0a0f9d82228f69136f1520dec8a1e29a4f19dbf2acc81c35c4c,13589,140,success,0,FAILED_PROTOCOL
A-kem768-gilbert-prr0p85-L2-rep22-seed200022-v2,A-kem768-gilbert-prr0p85-L2-rep22-seed200022,A_B1_VS_B2,COOJA_SIMULATION,768,2,gilbert,0.85,2.0,none,200022,valid,none,,,runs/A-kem768-gilbert-prr0p85-L2-rep22-seed200022-v2/cooja.log,3a2ad02c56ee3a93aab032fc9ff432496a16b1358dedba6bed83dd9e89521fc3,13823,142,success,0,FAILED_PROTOCOL
A-kem768-gilbert-prr0p85-L2-rep23-seed200023-v1,A-kem768-gilbert-prr0p85-L2-rep23-seed200023,A_B1_VS_B2,COOJA_SIMULATION,768,1,gilbert,0.85,2.0,none,200023,valid,none,,,runs/A-kem768-gilbert-prr0p85-L2-rep23-seed200023-v1/cooja.log,5d4118974c6dc493d9715a248e4cd7d209e4b1dc3132b421591f6859e995ea2f,12734,130,success,0,FAILED_PROTOCOL
A-kem768-gilbert-prr0p85-L2-rep23-seed200023-v2,A-kem768-gilbert-prr0p85-L2-rep23-seed200023,A_B1_VS_B2,COOJA_SIMULATION,768,2,gilbert,0.85,2.0,none,200023,valid,none,,,runs/A-kem768-gilbert-prr0p85-L2-rep23-seed200023-v2/cooja.log,9e52de1bbb3586106b4ac3c35e154ce9302c924cb69b6bd328584e7918da5d55,12968,132,success,0,FAILED_PROTOCOL
A-kem768-gilbert-prr0p85-L2-rep24-seed200024-v1,A-kem768-gilbert-prr0p85-L2-rep24-seed200024,A_B1_VS_B2,COOJA_SIMULATION,768,1,gilbert,0.85,2.0,none,200024,valid,none,,,runs/A-kem768-gilbert-prr0p85-L2-rep24-seed200024-v1/cooja.log,781b73246c0d73303fb8037837fc8c4c573d5445ae84b2d3238a7522200ce759,13468,136,success,0,FAILED_PROTOCOL
A-kem768-gilbert-prr0p85-L2-rep24-seed200024-v2,A-kem768-gilbert-prr0p85-L2-rep24-seed200024,A_B1_VS_B2,COOJA_SIMULATION,768,2,gilbert,0.85,2.0,none,200024,valid,none,,,runs/A-kem768-gilbert-prr0p85-L2-rep24-seed200024-v2/cooja.log,ed2c53f73f7b04a1a65ceb6a38b6bac64b1bcc95c78c381af4ba4a7754701c63,18663,188,success,1,SUCCESS
A-kem768-gilbert-prr0p85-L2-rep25-seed200025-v1,A-kem768-gilbert-prr0p85-L2-rep25-seed200025,A_B1_VS_B2,COOJA_SIMULATION,768,1,gilbert,0.85,2.0,none,200025,valid,none,,,runs/A-kem768-gilbert-prr0p85-L2-rep25-seed200025-v1/cooja.log,ac5af4c14e852faf3849fce6b4ee7721d048a2028c57d1fb899ea57750fcc903,12610,129,success,0,FAILED_PROTOCOL
A-kem768-gilbert-prr0p85-L2-rep25-seed200025-v2,A-kem768-gilbert-prr0p85-L2-rep25-seed200025,A_B1_VS_B2,COOJA_SIMULATION,768,2,gilbert,0.85,2.0,none,200025,valid,none,,,runs/A-kem768-gilbert-prr0p85-L2-rep25-seed200025-v2/cooja.log,04b3eb61cc72bf42bb7c0409ee031fe241dbb7881c25c74d6ef69acc8bed4cd4,12844,131,success,0,FAILED_PROTOCOL
A-kem768-gilbert-prr0p85-L2-rep26-seed200026-v1,A-kem768-gilbert-prr0p85-L2-rep26-seed200026,A_B1_VS_B2,COOJA_SIMULATION,768,1,gilbert,0.85,2.0,none,200026,valid,none,,,runs/A-kem768-gilbert-prr0p85-L2-rep26-seed200026-v1/cooja.log,d93ab295162065500d07c2f7e61a77b1bb80c90e8157ec97a30edfac30b2a5c6,12535,128,success,0,FAILED_PROTOCOL
A-kem768-gilbert-prr0p85-L2-rep26-seed200026-v2,A-kem768-gilbert-prr0p85-L2-rep26-seed200026,A_B1_VS_B2,COOJA_SIMULATION,768,2,gilbert,0.85,2.0,none,200026,valid,none,,,runs/A-kem768-gilbert-prr0p85-L2-rep26-seed200026-v2/cooja.log,30296e2d08000f0bbe6a3f584a6a43b45d7e1630cf44b2a229f8d2ea424f54d3,12769,130,success,0,FAILED_PROTOCOL
A-kem768-gilbert-prr0p85-L2-rep27-seed200027-v1,A-kem768-gilbert-prr0p85-L2-rep27-seed200027,A_B1_VS_B2,COOJA_SIMULATION,768,1,gilbert,0.85,2.0,none,200027,valid,none,,,runs/A-kem768-gilbert-prr0p85-L2-rep27-seed200027-v1/cooja.log,7bc6603a0cd74c2fba11f71dd1a421c04fe6e58f815a044d017ffc33938da40e,9433,92,success,0,FAILED_PROTOCOL
A-kem768-gilbert-prr0p85-L2-rep27-seed200027-v2,A-kem768-gilbert-prr0p85-L2-rep27-seed200027,A_B1_VS_B2,COOJA_SIMULATION,768,2,gilbert,0.85,2.0,none,200027,valid,none,,,runs/A-kem768-gilbert-prr0p85-L2-rep27-seed200027-v2/cooja.log,ff7fd1eab20580554afa4110c04b3e31336d5ce0fe4a302e164ce5f086c6f8bd,9667,94,success,0,FAILED_PROTOCOL
A-kem768-gilbert-prr0p85-L2-rep28-seed200028-v1,A-kem768-gilbert-prr0p85-L2-rep28-seed200028,A_B1_VS_B2,COOJA_SIMULATION,768,1,gilbert,0.85,2.0,none,200028,valid,none,,,runs/A-kem768-gilbert-prr0p85-L2-rep28-seed200028-v1/cooja.log,6b15e78d975cd2822c776fa2e8bccd9223e7072df11c95b6b112496ce6901778,12147,128,success,1,SUCCESS
A-kem768-gilbert-prr0p85-L2-rep28-seed200028-v2,A-kem768-gilbert-prr0p85-L2-rep28-seed200028,A_B1_VS_B2,COOJA_SIMULATION,768,2,gilbert,0.85,2.0,none,200028,valid,none,,,runs/A-kem768-gilbert-prr0p85-L2-rep28-seed200028-v2/cooja.log,0ca62d7ae84f82b14c636d73b574a735937ddb53b1f99bc58a7142c2aa81361b,16779,167,success,1,SUCCESS
A-kem768-gilbert-prr0p85-L2-rep29-seed200029-v1,A-kem768-gilbert-prr0p85-L2-rep29-seed200029,A_B1_VS_B2,COOJA_SIMULATION,768,1,gilbert,0.85,2.0,none,200029,valid,none,,,runs/A-kem768-gilbert-prr0p85-L2-rep29-seed200029-v1/cooja.log,15cf3ef8d69fb60ee6ff9abb7dc180317771e47fb2c90ac05ea16ec33ae1b212,13212,133,success,0,FAILED_PROTOCOL
A-kem768-gilbert-prr0p85-L2-rep29-seed200029-v2,A-kem768-gilbert-prr0p85-L2-rep29-seed200029,A_B1_VS_B2,COOJA_SIMULATION,768,2,gilbert,0.85,2.0,none,200029,valid,none,,,runs/A-kem768-gilbert-prr0p85-L2-rep29-seed200029-v2/cooja.log,159ee6b6b2748823dd25e38aa642624215e111cba80021457852d3d89e3e9b0a,18588,187,success,1,SUCCESS
A-kem768-gilbert-prr0p85-L2-rep30-seed200030-v1,A-kem768-gilbert-prr0p85-L2-rep30-seed200030,A_B1_VS_B2,COOJA_SIMULATION,768,1,gilbert,0.85,2.0,none,200030,valid,none,,,runs/A-kem768-gilbert-prr0p85-L2-rep30-seed200030-v1/cooja.log,f04a1a80960ba558876b347d9b7dfb8be0a421bb3993a426d12b08193709277d,11886,118,success,0,FAILED_PROTOCOL
A-kem768-gilbert-prr0p85-L2-rep30-seed200030-v2,A-kem768-gilbert-prr0p85-L2-rep30-seed200030,A_B1_VS_B2,COOJA_SIMULATION,768,2,gilbert,0.85,2.0,none,200030,valid,none,,,runs/A-kem768-gilbert-prr0p85-L2-rep30-seed200030-v2/cooja.log,3462b4aff07368dd684d0fbe9e84ad38da3c8a9293dc1e9a355312eb179e4d47,19215,194,success,1,SUCCESS
A-kem768-gilbert-prr0p85-L5-rep01-seed200001-v1,A-kem768-gilbert-prr0p85-L5-rep01-seed200001,A_B1_VS_B2,COOJA_SIMULATION,768,1,gilbert,0.85,5.0,none,200001,valid,none,,,runs/A-kem768-gilbert-prr0p85-L5-rep01-seed200001-v1/cooja.log,09ce91053f57335c7b53776e9e6420fc697bf85bb1ee331e1e449b7485f5a92e,12218,129,success,1,SUCCESS
A-kem768-gilbert-prr0p85-L5-rep01-seed200001-v2,A-kem768-gilbert-prr0p85-L5-rep01-seed200001,A_B1_VS_B2,COOJA_SIMULATION,768,2,gilbert,0.85,5.0,none,200001,valid,none,,,runs/A-kem768-gilbert-prr0p85-L5-rep01-seed200001-v2/cooja.log,77880c7ea9686ab94a770bc3054b4e12a49f0d21e97be115d1bf77ed41844f8b,16850,168,success,1,SUCCESS
A-kem768-gilbert-prr0p85-L5-rep02-seed200002-v1,A-kem768-gilbert-prr0p85-L5-rep02-seed200002,A_B1_VS_B2,COOJA_SIMULATION,768,1,gilbert,0.85,5.0,none,200002,valid,none,,,runs/A-kem768-gilbert-prr0p85-L5-rep02-seed200002-v1/cooja.log,cb264ca6f43f5d83f13910adeb82abe361bc87dc403cea027adaf17339532dd0,8749,84,success,0,FAILED_PROTOCOL
A-kem768-gilbert-prr0p85-L5-rep02-seed200002-v2,A-kem768-gilbert-prr0p85-L5-rep02-seed200002,A_B1_VS_B2,COOJA_SIMULATION,768,2,gilbert,0.85,5.0,none,200002,valid,none,,,runs/A-kem768-gilbert-prr0p85-L5-rep02-seed200002-v2/cooja.log,aae9a3d99dad8e70d1fd0c11e99e25cac095a992ac82a85d0d68ed9ccc46a446,8983,86,success,0,FAILED_PROTOCOL
A-kem768-gilbert-prr0p85-L5-rep03-seed200003-v1,A-kem768-gilbert-prr0p85-L5-rep03-seed200003,A_B1_VS_B2,COOJA_SIMULATION,768,1,gilbert,0.85,5.0,none,200003,valid,none,,,runs/A-kem768-gilbert-prr0p85-L5-rep03-seed200003-v1/cooja.log,d93493d8c561b219afaee50dae86e4d1960e9a75aa0a64d3a9910e184aa96627,13373,137,success,0,FAILED_PROTOCOL
A-kem768-gilbert-prr0p85-L5-rep03-seed200003-v2,A-kem768-gilbert-prr0p85-L5-rep03-seed200003,A_B1_VS_B2,COOJA_SIMULATION,768,2,gilbert,0.85,5.0,none,200003,valid,none,,,runs/A-kem768-gilbert-prr0p85-L5-rep03-seed200003-v2/cooja.log,8f55cade54828b028f9c87b148d541ae7adfd72342d086cd9b61e1763b953e23,13607,139,success,0,FAILED_PROTOCOL
A-kem768-gilbert-prr0p85-L5-rep04-seed200004-v1,A-kem768-gilbert-prr0p85-L5-rep04-seed200004,A_B1_VS_B2,COOJA_SIMULATION,768,1,gilbert,0.85,5.0,none,200004,valid,none,,,runs/A-kem768-gilbert-prr0p85-L5-rep04-seed200004-v1/cooja.log,5c29eea3b7ae48fe6a3e044291708b41706e8aa226f221e3725280f2992dd1f5,17359,179,success,0,FAILED_PROTOCOL
A-kem768-gilbert-prr0p85-L5-rep04-seed200004-v2,A-kem768-gilbert-prr0p85-L5-rep04-seed200004,A_B1_VS_B2,COOJA_SIMULATION,768,2,gilbert,0.85,5.0,none,200004,valid,none,,,runs/A-kem768-gilbert-prr0p85-L5-rep04-seed200004-v2/cooja.log,6b503a46e208d752f92e1521fd7ea6ed906034fa22a178708c1ee7d89225256d,19447,197,success,1,SUCCESS
A-kem768-gilbert-prr0p85-L5-rep05-seed200005-v1,A-kem768-gilbert-prr0p85-L5-rep05-seed200005,A_B1_VS_B2,COOJA_SIMULATION,768,1,gilbert,0.85,5.0,none,200005,valid,none,,,runs/A-kem768-gilbert-prr0p85-L5-rep05-seed200005-v1/cooja.log,3ec3c7572a331af0862578ae1c036573d313bf37575f01b000356449bb5a3e85,13950,144,success,0,FAILED_PROTOCOL
A-kem768-gilbert-prr0p85-L5-rep05-seed200005-v2,A-kem768-gilbert-prr0p85-L5-rep05-seed200005,A_B1_VS_B2,COOJA_SIMULATION,768,2,gilbert,0.85,5.0,none,200005,valid,none,,,runs/A-kem768-gilbert-prr0p85-L5-rep05-seed200005-v2/cooja.log,d49418a7b13c9a3a061d2b45e16efab7c3e2cd9ef8d4c3d873e768e345636f1a,14184,146,success,0,FAILED_PROTOCOL
A-kem768-gilbert-prr0p85-L5-rep06-seed200006-v1,A-kem768-gilbert-prr0p85-L5-rep06-seed200006,A_B1_VS_B2,COOJA_SIMULATION,768,1,gilbert,0.85,5.0,none,200006,valid,none,,,runs/A-kem768-gilbert-prr0p85-L5-rep06-seed200006-v1/cooja.log,e0681d122df5d766f1a942b103905d00dea3ca02784075f7338e6c9eef6c9926,12048,120,success,0,FAILED_PROTOCOL
A-kem768-gilbert-prr0p85-L5-rep06-seed200006-v2,A-kem768-gilbert-prr0p85-L5-rep06-seed200006,A_B1_VS_B2,COOJA_SIMULATION,768,2,gilbert,0.85,5.0,none,200006,valid,none,,,runs/A-kem768-gilbert-prr0p85-L5-rep06-seed200006-v2/cooja.log,84040cd947da776a585e2e50d913b5795e61ca10666d56f1fa4c63f400bbc634,18953,191,success,1,SUCCESS
A-kem768-gilbert-prr0p85-L5-rep07-seed200007-v1,A-kem768-gilbert-prr0p85-L5-rep07-seed200007,A_B1_VS_B2,COOJA_SIMULATION,768,1,gilbert,0.85,5.0,none,200007,valid,none,,,runs/A-kem768-gilbert-prr0p85-L5-rep07-seed200007-v1/cooja.log,8fd0e9595abe7605aaddc254ca4a24ddde2157e9c608e013a6ea658799bd3264,12215,129,success,1,SUCCESS
A-kem768-gilbert-prr0p85-L5-rep07-seed200007-v2,A-kem768-gilbert-prr0p85-L5-rep07-seed200007,A_B1_VS_B2,COOJA_SIMULATION,768,2,gilbert,0.85,5.0,none,200007,valid,none,,,runs/A-kem768-gilbert-prr0p85-L5-rep07-seed200007-v2/cooja.log,0a105dc2a1ceabadbfb7f47ea0f1f2255e6d79a56f4d5dbd41aac2ebe02cd5a1,16847,168,success,1,SUCCESS
A-kem768-gilbert-prr0p85-L5-rep08-seed200008-v1,A-kem768-gilbert-prr0p85-L5-rep08-seed200008,A_B1_VS_B2,COOJA_SIMULATION,768,1,gilbert,0.85,5.0,none,200008,valid,none,,,runs/A-kem768-gilbert-prr0p85-L5-rep08-seed200008-v1/cooja.log,dc85b84e11a0a14944d6103eba112e8a74129224d6528db0052f032380e3522c,13186,135,success,0,FAILED_PROTOCOL
A-kem768-gilbert-prr0p85-L5-rep08-seed200008-v2,A-kem768-gilbert-prr0p85-L5-rep08-seed200008,A_B1_VS_B2,COOJA_SIMULATION,768,2,gilbert,0.85,5.0,none,200008,valid,none,,,runs/A-kem768-gilbert-prr0p85-L5-rep08-seed200008-v2/cooja.log,7d90ae061db94808e041cb5c4fa083f5870d22260b15bc1498154082b2b1713d,13420,137,success,0,FAILED_PROTOCOL
A-kem768-gilbert-prr0p85-L5-rep09-seed200009-v1,A-kem768-gilbert-prr0p85-L5-rep09-seed200009,A_B1_VS_B2,COOJA_SIMULATION,768,1,gilbert,0.85,5.0,none,200009,valid,none,,,runs/A-kem768-gilbert-prr0p85-L5-rep09-seed200009-v1/cooja.log,6c6dedcd086a5786817f33ac26b23142a05e8c9e41cf9ace24e1e7169598415c,14698,152,success,0,FAILED_PROTOCOL
A-kem768-gilbert-prr0p85-L5-rep09-seed200009-v2,A-kem768-gilbert-prr0p85-L5-rep09-seed200009,A_B1_VS_B2,COOJA_SIMULATION,768,2,gilbert,0.85,5.0,none,200009,valid,none,,,runs/A-kem768-gilbert-prr0p85-L5-rep09-seed200009-v2/cooja.log,50672c21733f5d2b9bedf16b4a7f669cf00e196ba2fdefb520a5b6536038af72,14932,154,success,0,FAILED_PROTOCOL
A-kem768-gilbert-prr0p85-L5-rep10-seed200010-v1,A-kem768-gilbert-prr0p85-L5-rep10-seed200010,A_B1_VS_B2,COOJA_SIMULATION,768,1,gilbert,0.85,5.0,none,200010,valid,none,,,runs/A-kem768-gilbert-prr0p85-L5-rep10-seed200010-v1/cooja.log,d96d371fa7551f6498262e794ec85d4e94d4722db3ef94cb522801674eb90a4e,15028,152,success,0,FAILED_PROTOCOL
A-kem768-gilbert-prr0p85-L5-rep10-seed200010-v2,A-kem768-gilbert-prr0p85-L5-rep10-seed200010,A_B1_VS_B2,COOJA_SIMULATION,768,2,gilbert,0.85,5.0,none,200010,valid,none,,,runs/A-kem768-gilbert-prr0p85-L5-rep10-seed200010-v2/cooja.log,1d79a3a12aab753b98a9dd31100a2ae108b885ef1939914682d2a78e367c2001,17888,180,success,1,SUCCESS
A-kem768-gilbert-prr0p85-L5-rep11-seed200011-v1,A-kem768-gilbert-prr0p85-L5-rep11-seed200011,A_B1_VS_B2,COOJA_SIMULATION,768,1,gilbert,0.85,5.0,none,200011,valid,none,,,runs/A-kem768-gilbert-prr0p85-L5-rep11-seed200011-v1/cooja.log,7ec40c303b0d0838dee1c7dd02d9b9716660efd0ab95a5b05e80f43a95ab84e0,9791,96,success,0,FAILED_PROTOCOL
A-kem768-gilbert-prr0p85-L5-rep11-seed200011-v2,A-kem768-gilbert-prr0p85-L5-rep11-seed200011,A_B1_VS_B2,COOJA_SIMULATION,768,2,gilbert,0.85,5.0,none,200011,valid,none,,,runs/A-kem768-gilbert-prr0p85-L5-rep11-seed200011-v2/cooja.log,5f38fd51355d76b06a4fe3fc6286122aa5614ff87e4d10a7ccd150be091b3b3f,10025,98,success,0,FAILED_PROTOCOL
A-kem768-gilbert-prr0p85-L5-rep12-seed200012-v1,A-kem768-gilbert-prr0p85-L5-rep12-seed200012,A_B1_VS_B2,COOJA_SIMULATION,768,1,gilbert,0.85,5.0,none,200012,valid,none,,,runs/A-kem768-gilbert-prr0p85-L5-rep12-seed200012-v1/cooja.log,aad0b81a5248666d39677e0bcbf59358d04fef699d539229d14d06c7b126bdab,11679,119,success,0,FAILED_PROTOCOL
A-kem768-gilbert-prr0p85-L5-rep12-seed200012-v2,A-kem768-gilbert-prr0p85-L5-rep12-seed200012,A_B1_VS_B2,COOJA_SIMULATION,768,2,gilbert,0.85,5.0,none,200012,valid,none,,,runs/A-kem768-gilbert-prr0p85-L5-rep12-seed200012-v2/cooja.log,6636d03bef96ac469cfed392a06a343309b02911ca4ae33e3a2b2eb2d1bff64f,11913,121,success,0,FAILED_PROTOCOL
A-kem768-gilbert-prr0p85-L5-rep13-seed200013-v1,A-kem768-gilbert-prr0p85-L5-rep13-seed200013,A_B1_VS_B2,COOJA_SIMULATION,768,1,gilbert,0.85,5.0,none,200013,valid,none,,,runs/A-kem768-gilbert-prr0p85-L5-rep13-seed200013-v1/cooja.log,f1a3d047592709f018ee442206a59ae5538009be192cf54283ad11c1ea99a67d,12224,129,success,1,SUCCESS
A-kem768-gilbert-prr0p85-L5-rep13-seed200013-v2,A-kem768-gilbert-prr0p85-L5-rep13-seed200013,A_B1_VS_B2,COOJA_SIMULATION,768,2,gilbert,0.85,5.0,none,200013,valid,none,,,runs/A-kem768-gilbert-prr0p85-L5-rep13-seed200013-v2/cooja.log,1cb25c3e973679bd338e3eb14f34173f126bd105bba48711703f653b84e5b8c2,16856,168,success,1,SUCCESS
A-kem768-gilbert-prr0p85-L5-rep14-seed200014-v1,A-kem768-gilbert-prr0p85-L5-rep14-seed200014,A_B1_VS_B2,COOJA_SIMULATION,768,1,gilbert,0.85,5.0,none,200014,valid,none,,,runs/A-kem768-gilbert-prr0p85-L5-rep14-seed200014-v1/cooja.log,8787bde9bb957b5221b40ddfaa275f692ca67f7aabad9237b1320c1ec0d88e01,11784,117,success,0,FAILED_PROTOCOL
A-kem768-gilbert-prr0p85-L5-rep14-seed200014-v2,A-kem768-gilbert-prr0p85-L5-rep14-seed200014,A_B1_VS_B2,COOJA_SIMULATION,768,2,gilbert,0.85,5.0,none,200014,valid,none,,,runs/A-kem768-gilbert-prr0p85-L5-rep14-seed200014-v2/cooja.log,34befe0ff4c0b5d1cd54dec9d7d127023f047d6614fda3cef988a30568505300,18241,183,success,1,SUCCESS
A-kem768-gilbert-prr0p85-L5-rep15-seed200015-v1,A-kem768-gilbert-prr0p85-L5-rep15-seed200015,A_B1_VS_B2,COOJA_SIMULATION,768,1,gilbert,0.85,5.0,none,200015,valid,none,,,runs/A-kem768-gilbert-prr0p85-L5-rep15-seed200015-v1/cooja.log,cf9e500f73af647d46708dd77c1f198e3cfe7f0484a8c11ee6657b0919aa55dc,12255,121,success,0,FAILED_PROTOCOL
A-kem768-gilbert-prr0p85-L5-rep15-seed200015-v2,A-kem768-gilbert-prr0p85-L5-rep15-seed200015,A_B1_VS_B2,COOJA_SIMULATION,768,2,gilbert,0.85,5.0,none,200015,valid,none,,,runs/A-kem768-gilbert-prr0p85-L5-rep15-seed200015-v2/cooja.log,ef3d38003734c778b2178ad7501ee23af381c6503e4cd490e63f1dddfcf72111,19202,195,success,1,SUCCESS
A-kem768-gilbert-prr0p85-L5-rep16-seed200016-v1,A-kem768-gilbert-prr0p85-L5-rep16-seed200016,A_B1_VS_B2,COOJA_SIMULATION,768,1,gilbert,0.85,5.0,none,200016,valid,none,,,runs/A-kem768-gilbert-prr0p85-L5-rep16-seed200016-v1/cooja.log,4aa5374e4d5c3471f6fc1cab46713c497a23be1369f640c4fadd4f58b3e5f829,11949,121,success,0,FAILED_PROTOCOL
A-kem768-gilbert-prr0p85-L5-rep16-seed200016-v2,A-kem768-gilbert-prr0p85-L5-rep16-seed200016,A_B1_VS_B2,COOJA_SIMULATION,768,2,gilbert,0.85,5.0,none,200016,valid,none,,,runs/A-kem768-gilbert-prr0p85-L5-rep16-seed200016-v2/cooja.log,7e42d9ef0e5ab7ffd074bae5dd2c4c9da2cbb2d5bd863fde40ab463c9cf9d41d,12183,123,success,0,FAILED_PROTOCOL
A-kem768-gilbert-prr0p85-L5-rep17-seed200017-v1,A-kem768-gilbert-prr0p85-L5-rep17-seed200017,A_B1_VS_B2,COOJA_SIMULATION,768,1,gilbert,0.85,5.0,none,200017,valid,none,,,runs/A-kem768-gilbert-prr0p85-L5-rep17-seed200017-v1/cooja.log,0e9ccac541fae519312222ae580c83f238ae6db52c3507e3576fc1ce5996da86,13601,140,success,0,FAILED_PROTOCOL
A-kem768-gilbert-prr0p85-L5-rep17-seed200017-v2,A-kem768-gilbert-prr0p85-L5-rep17-seed200017,A_B1_VS_B2,COOJA_SIMULATION,768,2,gilbert,0.85,5.0,none,200017,valid,none,,,runs/A-kem768-gilbert-prr0p85-L5-rep17-seed200017-v2/cooja.log,efec9a7c4239d20832b2a3f3614928c60c47f3c4073c7ae83fa028195cdd1c1c,13835,142,success,0,FAILED_PROTOCOL
A-kem768-gilbert-prr0p85-L5-rep18-seed200018-v1,A-kem768-gilbert-prr0p85-L5-rep18-seed200018,A_B1_VS_B2,COOJA_SIMULATION,768,1,gilbert,0.85,5.0,none,200018,valid,none,,,runs/A-kem768-gilbert-prr0p85-L5-rep18-seed200018-v1/cooja.log,46010edf900d2c5d862101851c761fdf742570452f983f06a4b07aedbf237734,13806,141,success,0,FAILED_PROTOCOL
A-kem768-gilbert-prr0p85-L5-rep18-seed200018-v2,A-kem768-gilbert-prr0p85-L5-rep18-seed200018,A_B1_VS_B2,COOJA_SIMULATION,768,2,gilbert,0.85,5.0,none,200018,valid,none,,,runs/A-kem768-gilbert-prr0p85-L5-rep18-seed200018-v2/cooja.log,8c887596d0141b3910a961ef97a309dcdb39d12b48273d644aecd33eae3229c5,14040,143,success,0,FAILED_PROTOCOL
A-kem768-gilbert-prr0p85-L5-rep19-seed200019-v1,A-kem768-gilbert-prr0p85-L5-rep19-seed200019,A_B1_VS_B2,COOJA_SIMULATION,768,1,gilbert,0.85,5.0,none,200019,valid,none,,,runs/A-kem768-gilbert-prr0p85-L5-rep19-seed200019-v1/cooja.log,f91807032b67c695f1de2e0be2f703e6dbcd42ad7529974f7a03178977a5661e,12224,129,success,1,SUCCESS
A-kem768-gilbert-prr0p85-L5-rep19-seed200019-v2,A-kem768-gilbert-prr0p85-L5-rep19-seed200019,A_B1_VS_B2,COOJA_SIMULATION,768,2,gilbert,0.85,5.0,none,200019,valid,none,,,runs/A-kem768-gilbert-prr0p85-L5-rep19-seed200019-v2/cooja.log,cc23c2f92bfaf2545053b7d9da39e2365b0dfe63411fd0f957941290db3c8b2a,17219,172,success,1,SUCCESS
A-kem768-gilbert-prr0p85-L5-rep20-seed200020-v1,A-kem768-gilbert-prr0p85-L5-rep20-seed200020,A_B1_VS_B2,COOJA_SIMULATION,768,1,gilbert,0.85,5.0,none,200020,valid,none,,,runs/A-kem768-gilbert-prr0p85-L5-rep20-seed200020-v1/cooja.log,6ef22b156051a9560c2b41b6706d023d960e30c986e5ffc1b654e4c2c642cd9e,12215,129,success,1,SUCCESS
A-kem768-gilbert-prr0p85-L5-rep20-seed200020-v2,A-kem768-gilbert-prr0p85-L5-rep20-seed200020,A_B1_VS_B2,COOJA_SIMULATION,768,2,gilbert,0.85,5.0,none,200020,valid,none,,,runs/A-kem768-gilbert-prr0p85-L5-rep20-seed200020-v2/cooja.log,79b5bdaf006c77284b06ce9ca997d39381eccb682aa6f7f355b10dbbf969ea40,16847,168,success,1,SUCCESS
A-kem768-gilbert-prr0p85-L5-rep21-seed200021-v1,A-kem768-gilbert-prr0p85-L5-rep21-seed200021,A_B1_VS_B2,COOJA_SIMULATION,768,1,gilbert,0.85,5.0,none,200021,valid,none,,,runs/A-kem768-gilbert-prr0p85-L5-rep21-seed200021-v1/cooja.log,ffb21aca17f2b45d7f9425205af4570b2210422635b0484e481baecaf7c10f25,12215,129,success,1,SUCCESS
A-kem768-gilbert-prr0p85-L5-rep21-seed200021-v2,A-kem768-gilbert-prr0p85-L5-rep21-seed200021,A_B1_VS_B2,COOJA_SIMULATION,768,2,gilbert,0.85,5.0,none,200021,valid,none,,,runs/A-kem768-gilbert-prr0p85-L5-rep21-seed200021-v2/cooja.log,6f03030f523b628fc7c83f726c3aea44844632b45129a859d2b5780b7d69e070,16847,168,success,1,SUCCESS
A-kem768-gilbert-prr0p85-L5-rep22-seed200022-v1,A-kem768-gilbert-prr0p85-L5-rep22-seed200022,A_B1_VS_B2,COOJA_SIMULATION,768,1,gilbert,0.85,5.0,none,200022,valid,none,,,runs/A-kem768-gilbert-prr0p85-L5-rep22-seed200022-v1/cooja.log,ab1809a8356062dda74e8436fe7861112e2fb160728e0d132a8ebe2d93d5e6de,13296,136,success,0,FAILED_PROTOCOL
A-kem768-gilbert-prr0p85-L5-rep22-seed200022-v2,A-kem768-gilbert-prr0p85-L5-rep22-seed200022,A_B1_VS_B2,COOJA_SIMULATION,768,2,gilbert,0.85,5.0,none,200022,valid,none,,,runs/A-kem768-gilbert-prr0p85-L5-rep22-seed200022-v2/cooja.log,c26de428e874ea0eab153c895e50c1d09d452025f1101382c765dea8f5b49303,13530,138,success,0,FAILED_PROTOCOL
A-kem768-gilbert-prr0p85-L5-rep23-seed200023-v1,A-kem768-gilbert-prr0p85-L5-rep23-seed200023,A_B1_VS_B2,COOJA_SIMULATION,768,1,gilbert,0.85,5.0,none,200023,valid,none,,,runs/A-kem768-gilbert-prr0p85-L5-rep23-seed200023-v1/cooja.log,f8fee760829be64d905f4b8bf7f6f5214a17d9050d269c59c8aa997c0714febb,12147,128,success,1,SUCCESS
A-kem768-gilbert-prr0p85-L5-rep23-seed200023-v2,A-kem768-gilbert-prr0p85-L5-rep23-seed200023,A_B1_VS_B2,COOJA_SIMULATION,768,2,gilbert,0.85,5.0,none,200023,valid,none,,,runs/A-kem768-gilbert-prr0p85-L5-rep23-seed200023-v2/cooja.log,943e232f834273f58418f451d9a7cb9f5011b318abaa0392414ea2352341a91a,16779,167,success,1,SUCCESS
A-kem768-gilbert-prr0p85-L5-rep24-seed200024-v1,A-kem768-gilbert-prr0p85-L5-rep24-seed200024,A_B1_VS_B2,COOJA_SIMULATION,768,1,gilbert,0.85,5.0,none,200024,valid,none,,,runs/A-kem768-gilbert-prr0p85-L5-rep24-seed200024-v1/cooja.log,d053546eccfb2b6b752f6c6b618d0750e6c321546835a240cefbe49bafa253dd,15707,159,success,0,FAILED_PROTOCOL
A-kem768-gilbert-prr0p85-L5-rep24-seed200024-v2,A-kem768-gilbert-prr0p85-L5-rep24-seed200024,A_B1_VS_B2,COOJA_SIMULATION,768,2,gilbert,0.85,5.0,none,200024,valid,none,,,runs/A-kem768-gilbert-prr0p85-L5-rep24-seed200024-v2/cooja.log,f535b97974d0e5f9c3567787f4e2ba9a8c1d1196853853fa71dcc7247e63be08,17710,178,success,1,SUCCESS
A-kem768-gilbert-prr0p85-L5-rep25-seed200025-v1,A-kem768-gilbert-prr0p85-L5-rep25-seed200025,A_B1_VS_B2,COOJA_SIMULATION,768,1,gilbert,0.85,5.0,none,200025,valid,none,,,runs/A-kem768-gilbert-prr0p85-L5-rep25-seed200025-v1/cooja.log,410a13d07c07c990856afde4931b24aebb6a69731f90f836b3a784e7d0134d95,15829,160,success,0,FAILED_PROTOCOL
A-kem768-gilbert-prr0p85-L5-rep25-seed200025-v2,A-kem768-gilbert-prr0p85-L5-rep25-seed200025,A_B1_VS_B2,COOJA_SIMULATION,768,2,gilbert,0.85,5.0,none,200025,valid,none,,,runs/A-kem768-gilbert-prr0p85-L5-rep25-seed200025-v2/cooja.log,a8feddc213238526c8b049681360365b8f3490513f0b2b5aa2701e6a3998044b,15642,160,success,0,FAILED_PROTOCOL
A-kem768-gilbert-prr0p85-L5-rep26-seed200026-v1,A-kem768-gilbert-prr0p85-L5-rep26-seed200026,A_B1_VS_B2,COOJA_SIMULATION,768,1,gilbert,0.85,5.0,none,200026,valid,none,,,runs/A-kem768-gilbert-prr0p85-L5-rep26-seed200026-v1/cooja.log,01ac29eb02dd66f86bd44fdfd73a886b40736ac6ec3ed74ac5e0982b4a973182,19778,204,success,0,FAILED_PROTOCOL
A-kem768-gilbert-prr0p85-L5-rep26-seed200026-v2,A-kem768-gilbert-prr0p85-L5-rep26-seed200026,A_B1_VS_B2,COOJA_SIMULATION,768,2,gilbert,0.85,5.0,none,200026,valid,none,,,runs/A-kem768-gilbert-prr0p85-L5-rep26-seed200026-v2/cooja.log,ec19aab88ada1c79075277ac3f210262217972b4734a750a3fb489f0e1d29490,23242,244,success,0,FAILED_PROTOCOL
A-kem768-gilbert-prr0p85-L5-rep27-seed200027-v1,A-kem768-gilbert-prr0p85-L5-rep27-seed200027,A_B1_VS_B2,COOJA_SIMULATION,768,1,gilbert,0.85,5.0,none,200027,valid,none,,,runs/A-kem768-gilbert-prr0p85-L5-rep27-seed200027-v1/cooja.log,e07aa5e13d61001e42f2e6b7e0ab976de0078dcd64c96241469027b294596bc1,10998,110,success,0,FAILED_PROTOCOL
A-kem768-gilbert-prr0p85-L5-rep27-seed200027-v2,A-kem768-gilbert-prr0p85-L5-rep27-seed200027,A_B1_VS_B2,COOJA_SIMULATION,768,2,gilbert,0.85,5.0,none,200027,valid,none,,,runs/A-kem768-gilbert-prr0p85-L5-rep27-seed200027-v2/cooja.log,388559432ec8f9b97d047565acbb52fb5802b1308c0c062ea15012c636ae4b4a,11232,112,success,0,FAILED_PROTOCOL
A-kem768-gilbert-prr0p85-L5-rep28-seed200028-v1,A-kem768-gilbert-prr0p85-L5-rep28-seed200028,A_B1_VS_B2,COOJA_SIMULATION,768,1,gilbert,0.85,5.0,none,200028,valid,none,,,runs/A-kem768-gilbert-prr0p85-L5-rep28-seed200028-v1/cooja.log,528076e83ca6b101e923a6610843765315045de9b0ec13cc2e3e27489101341d,13123,130,success,0,FAILED_PROTOCOL
A-kem768-gilbert-prr0p85-L5-rep28-seed200028-v2,A-kem768-gilbert-prr0p85-L5-rep28-seed200028,A_B1_VS_B2,COOJA_SIMULATION,768,2,gilbert,0.85,5.0,none,200028,valid,none,,,runs/A-kem768-gilbert-prr0p85-L5-rep28-seed200028-v2/cooja.log,5e29b1ece42ab11b3b9b9a68c3ab1d403bbd0de1845f3b548540c1a74de0ec35,13311,137,success,0,FAILED_PROTOCOL
A-kem768-gilbert-prr0p85-L5-rep29-seed200029-v1,A-kem768-gilbert-prr0p85-L5-rep29-seed200029,A_B1_VS_B2,COOJA_SIMULATION,768,1,gilbert,0.85,5.0,none,200029,valid,none,,,runs/A-kem768-gilbert-prr0p85-L5-rep29-seed200029-v1/cooja.log,1639dfb2dbcf6cbfb503dcedd13bbe89fed0bec478a6764a7bcd5dfbbaa62936,12259,121,success,0,FAILED_PROTOCOL
A-kem768-gilbert-prr0p85-L5-rep29-seed200029-v2,A-kem768-gilbert-prr0p85-L5-rep29-seed200029,A_B1_VS_B2,COOJA_SIMULATION,768,2,gilbert,0.85,5.0,none,200029,valid,none,,,runs/A-kem768-gilbert-prr0p85-L5-rep29-seed200029-v2/cooja.log,770e50e33f23c3a20120798bffe05cf0054f5d10a2bc603c1acced655aae24c2,14107,141,success,0,FAILED_PROTOCOL
A-kem768-gilbert-prr0p85-L5-rep30-seed200030-v1,A-kem768-gilbert-prr0p85-L5-rep30-seed200030,A_B1_VS_B2,COOJA_SIMULATION,768,1,gilbert,0.85,5.0,none,200030,valid,none,,,runs/A-kem768-gilbert-prr0p85-L5-rep30-seed200030-v1/cooja.log,233ad04a5d84b22275d0bd9314d84553bd0dc779382f2c2becd216bf76335e63,16045,164,success,0,FAILED_PROTOCOL
A-kem768-gilbert-prr0p85-L5-rep30-seed200030-v2,A-kem768-gilbert-prr0p85-L5-rep30-seed200030,A_B1_VS_B2,COOJA_SIMULATION,768,2,gilbert,0.85,5.0,none,200030,valid,none,,,runs/A-kem768-gilbert-prr0p85-L5-rep30-seed200030-v2/cooja.log,c69dbff6b34c6de0ad6afa2e8524d6b87a82bde10b7407ce9fccf2285a6d7d59,21429,224,success,0,FAILED_PROTOCOL
A-kem768-gilbert-prr0p85-L10-rep01-seed200001-v1,A-kem768-gilbert-prr0p85-L10-rep01-seed200001,A_B1_VS_B2,COOJA_SIMULATION,768,1,gilbert,0.85,10.0,none,200001,valid,none,,,runs/A-kem768-gilbert-prr0p85-L10-rep01-seed200001-v1/cooja.log,09ce91053f57335c7b53776e9e6420fc697bf85bb1ee331e1e449b7485f5a92e,12218,129,success,1,SUCCESS
A-kem768-gilbert-prr0p85-L10-rep01-seed200001-v2,A-kem768-gilbert-prr0p85-L10-rep01-seed200001,A_B1_VS_B2,COOJA_SIMULATION,768,2,gilbert,0.85,10.0,none,200001,valid,none,,,runs/A-kem768-gilbert-prr0p85-L10-rep01-seed200001-v2/cooja.log,77880c7ea9686ab94a770bc3054b4e12a49f0d21e97be115d1bf77ed41844f8b,16850,168,success,1,SUCCESS
A-kem768-gilbert-prr0p85-L10-rep02-seed200002-v1,A-kem768-gilbert-prr0p85-L10-rep02-seed200002,A_B1_VS_B2,COOJA_SIMULATION,768,1,gilbert,0.85,10.0,none,200002,valid,none,,,runs/A-kem768-gilbert-prr0p85-L10-rep02-seed200002-v1/cooja.log,cb264ca6f43f5d83f13910adeb82abe361bc87dc403cea027adaf17339532dd0,8749,84,success,0,FAILED_PROTOCOL
A-kem768-gilbert-prr0p85-L10-rep02-seed200002-v2,A-kem768-gilbert-prr0p85-L10-rep02-seed200002,A_B1_VS_B2,COOJA_SIMULATION,768,2,gilbert,0.85,10.0,none,200002,valid,none,,,runs/A-kem768-gilbert-prr0p85-L10-rep02-seed200002-v2/cooja.log,aae9a3d99dad8e70d1fd0c11e99e25cac095a992ac82a85d0d68ed9ccc46a446,8983,86,success,0,FAILED_PROTOCOL
A-kem768-gilbert-prr0p85-L10-rep03-seed200003-v1,A-kem768-gilbert-prr0p85-L10-rep03-seed200003,A_B1_VS_B2,COOJA_SIMULATION,768,1,gilbert,0.85,10.0,none,200003,valid,none,,,runs/A-kem768-gilbert-prr0p85-L10-rep03-seed200003-v1/cooja.log,ab6531157eaedb4139b74cabcd5cb1f0f0be50203d3c07bbba016345923e6913,13068,134,success,0,FAILED_PROTOCOL
A-kem768-gilbert-prr0p85-L10-rep03-seed200003-v2,A-kem768-gilbert-prr0p85-L10-rep03-seed200003,A_B1_VS_B2,COOJA_SIMULATION,768,2,gilbert,0.85,10.0,none,200003,valid,none,,,runs/A-kem768-gilbert-prr0p85-L10-rep03-seed200003-v2/cooja.log,f5c957af2db1b28ff86f08bcee63707d5ec22ec5c5bfb9871a30f45646308ae5,13302,136,success,0,FAILED_PROTOCOL
A-kem768-gilbert-prr0p85-L10-rep04-seed200004-v1,A-kem768-gilbert-prr0p85-L10-rep04-seed200004,A_B1_VS_B2,COOJA_SIMULATION,768,1,gilbert,0.85,10.0,none,200004,valid,none,,,runs/A-kem768-gilbert-prr0p85-L10-rep04-seed200004-v1/cooja.log,628b9d88daeeb4a7b42bd79247b99f942e546a2a847cd5373abe9a500f8e7884,12221,129,success,1,SUCCESS
A-kem768-gilbert-prr0p85-L10-rep04-seed200004-v2,A-kem768-gilbert-prr0p85-L10-rep04-seed200004,A_B1_VS_B2,COOJA_SIMULATION,768,2,gilbert,0.85,10.0,none,200004,valid,none,,,runs/A-kem768-gilbert-prr0p85-L10-rep04-seed200004-v2/cooja.log,519e9ea6770665b23c26733a53ec956f99596461a8b9bda831fda537a0c60417,16909,177,success,1,SUCCESS
A-kem768-gilbert-prr0p85-L10-rep05-seed200005-v1,A-kem768-gilbert-prr0p85-L10-rep05-seed200005,A_B1_VS_B2,COOJA_SIMULATION,768,1,gilbert,0.85,10.0,none,200005,valid,none,,,runs/A-kem768-gilbert-prr0p85-L10-rep05-seed200005-v1/cooja.log,9ba888fa44d54347f8e60e356e4f865d45ccee1e9751258f724c66fcf6d9bf79,11359,115,success,0,FAILED_PROTOCOL
A-kem768-gilbert-prr0p85-L10-rep05-seed200005-v2,A-kem768-gilbert-prr0p85-L10-rep05-seed200005,A_B1_VS_B2,COOJA_SIMULATION,768,2,gilbert,0.85,10.0,none,200005,valid,none,,,runs/A-kem768-gilbert-prr0p85-L10-rep05-seed200005-v2/cooja.log,aac3e96a98c316d7c1ccace008ec7cba40e0f19d83b364c7026b9dfb28517050,11593,117,success,0,FAILED_PROTOCOL
A-kem768-gilbert-prr0p85-L10-rep06-seed200006-v1,A-kem768-gilbert-prr0p85-L10-rep06-seed200006,A_B1_VS_B2,COOJA_SIMULATION,768,1,gilbert,0.85,10.0,none,200006,valid,none,,,runs/A-kem768-gilbert-prr0p85-L10-rep06-seed200006-v1/cooja.log,39ac8241593c612efe4db7dbfd450260832e0e7d90c58f0f7e22fafedf401826,11884,118,success,0,FAILED_PROTOCOL
A-kem768-gilbert-prr0p85-L10-rep06-seed200006-v2,A-kem768-gilbert-prr0p85-L10-rep06-seed200006,A_B1_VS_B2,COOJA_SIMULATION,768,2,gilbert,0.85,10.0,none,200006,valid,none,,,runs/A-kem768-gilbert-prr0p85-L10-rep06-seed200006-v2/cooja.log,da3e0674749ea7cc7a3c9d01a7eb3bd885732559ea1dbfd74acd79e8aece9b6d,24087,248,success,0,FAILED_PROTOCOL
A-kem768-gilbert-prr0p85-L10-rep07-seed200007-v1,A-kem768-gilbert-prr0p85-L10-rep07-seed200007,A_B1_VS_B2,COOJA_SIMULATION,768,1,gilbert,0.85,10.0,none,200007,valid,none,,,runs/A-kem768-gilbert-prr0p85-L10-rep07-seed200007-v1/cooja.log,8fd0e9595abe7605aaddc254ca4a24ddde2157e9c608e013a6ea658799bd3264,12215,129,success,1,SUCCESS
A-kem768-gilbert-prr0p85-L10-rep07-seed200007-v2,A-kem768-gilbert-prr0p85-L10-rep07-seed200007,A_B1_VS_B2,COOJA_SIMULATION,768,2,gilbert,0.85,10.0,none,200007,valid,none,,,runs/A-kem768-gilbert-prr0p85-L10-rep07-seed200007-v2/cooja.log,0a105dc2a1ceabadbfb7f47ea0f1f2255e6d79a56f4d5dbd41aac2ebe02cd5a1,16847,168,success,1,SUCCESS
A-kem768-gilbert-prr0p85-L10-rep08-seed200008-v1,A-kem768-gilbert-prr0p85-L10-rep08-seed200008,A_B1_VS_B2,COOJA_SIMULATION,768,1,gilbert,0.85,10.0,none,200008,valid,none,,,runs/A-kem768-gilbert-prr0p85-L10-rep08-seed200008-v1/cooja.log,044eb512672dcf1ea929ff3f37df62beeb57a53bec5bd9ca28cdad48f606a0c2,12742,129,success,0,FAILED_PROTOCOL
A-kem768-gilbert-prr0p85-L10-rep08-seed200008-v2,A-kem768-gilbert-prr0p85-L10-rep08-seed200008,A_B1_VS_B2,COOJA_SIMULATION,768,2,gilbert,0.85,10.0,none,200008,valid,none,,,runs/A-kem768-gilbert-prr0p85-L10-rep08-seed200008-v2/cooja.log,43a82a4d37c19fb5ad3553c7e9a1e3df3924b939b4bacb4da16c97099778098e,12976,131,success,0,FAILED_PROTOCOL
A-kem768-gilbert-prr0p85-L10-rep09-seed200009-v1,A-kem768-gilbert-prr0p85-L10-rep09-seed200009,A_B1_VS_B2,COOJA_SIMULATION,768,1,gilbert,0.85,10.0,none,200009,valid,none,,,runs/A-kem768-gilbert-prr0p85-L10-rep09-seed200009-v1/cooja.log,d99ea63501b1727ba7f73edd682759cb826db829b28228d6928f2ecdd2e40af7,14994,156,success,0,FAILED_PROTOCOL
A-kem768-gilbert-prr0p85-L10-rep09-seed200009-v2,A-kem768-gilbert-prr0p85-L10-rep09-seed200009,A_B1_VS_B2,COOJA_SIMULATION,768,2,gilbert,0.85,10.0,none,200009,valid,none,,,runs/A-kem768-gilbert-prr0p85-L10-rep09-seed200009-v2/cooja.log,fb1bc50183cab5c9a36875c8601160d43c524affaf25333f37c0d7098a0249f7,15228,158,success,0,FAILED_PROTOCOL
A-kem768-gilbert-prr0p85-L10-rep10-seed200010-v1,A-kem768-gilbert-prr0p85-L10-rep10-seed200010,A_B1_VS_B2,COOJA_SIMULATION,768,1,gilbert,0.85,10.0,none,200010,valid,none,,,runs/A-kem768-gilbert-prr0p85-L10-rep10-seed200010-v1/cooja.log,56ade10c57a8292d5c9a638c3dc989e548b85cea7fdabd4924a2ffa405efe18c,16413,165,success,0,FAILED_PROTOCOL
A-kem768-gilbert-prr0p85-L10-rep10-seed200010-v2,A-kem768-gilbert-prr0p85-L10-rep10-seed200010,A_B1_VS_B2,COOJA_SIMULATION,768,2,gilbert,0.85,10.0,none,200010,valid,none,,,runs/A-kem768-gilbert-prr0p85-L10-rep10-seed200010-v2/cooja.log,ca2f6c41bcda7f96dfc2a03172edb55272a46398af6342d4ca9c8d501e82379e,20567,213,success,0,FAILED_PROTOCOL
A-kem768-gilbert-prr0p85-L10-rep11-seed200011-v1,A-kem768-gilbert-prr0p85-L10-rep11-seed200011,A_B1_VS_B2,COOJA_SIMULATION,768,1,gilbert,0.85,10.0,none,200011,valid,none,,,runs/A-kem768-gilbert-prr0p85-L10-rep11-seed200011-v1/cooja.log,95886bf48e34879a0a3486883fbbb833de63c79f302dd8f001502a45216c2d4b,12783,135,success,1,SUCCESS
A-kem768-gilbert-prr0p85-L10-rep11-seed200011-v2,A-kem768-gilbert-prr0p85-L10-rep11-seed200011,A_B1_VS_B2,COOJA_SIMULATION,768,2,gilbert,0.85,10.0,none,200011,valid,none,,,runs/A-kem768-gilbert-prr0p85-L10-rep11-seed200011-v2/cooja.log,58d2fddd96c5d86b0348249b4e3c881f2e9b1eadca46d7292aabc34cb93c966a,17415,174,success,1,SUCCESS
A-kem768-gilbert-prr0p85-L10-rep12-seed200012-v1,A-kem768-gilbert-prr0p85-L10-rep12-seed200012,A_B1_VS_B2,COOJA_SIMULATION,768,1,gilbert,0.85,10.0,none,200012,valid,none,,,runs/A-kem768-gilbert-prr0p85-L10-rep12-seed200012-v1/cooja.log,07b74ccb0dfcbe21ab607280ba68fda46516f8f586f854698f578333a2a6af04,8934,86,success,0,FAILED_PROTOCOL
A-kem768-gilbert-prr0p85-L10-rep12-seed200012-v2,A-kem768-gilbert-prr0p85-L10-rep12-seed200012,A_B1_VS_B2,COOJA_SIMULATION,768,2,gilbert,0.85,10.0,none,200012,valid,none,,,runs/A-kem768-gilbert-prr0p85-L10-rep12-seed200012-v2/cooja.log,699d124aa253083a12fd3c97a213be81558ad8312bfa94e197e2d8d01b0e8f30,9168,88,success,0,FAILED_PROTOCOL
A-kem768-gilbert-prr0p85-L10-rep13-seed200013-v1,A-kem768-gilbert-prr0p85-L10-rep13-seed200013,A_B1_VS_B2,COOJA_SIMULATION,768,1,gilbert,0.85,10.0,none,200013,valid,none,,,runs/A-kem768-gilbert-prr0p85-L10-rep13-seed200013-v1/cooja.log,f1a3d047592709f018ee442206a59ae5538009be192cf54283ad11c1ea99a67d,12224,129,success,1,SUCCESS
A-kem768-gilbert-prr0p85-L10-rep13-seed200013-v2,A-kem768-gilbert-prr0p85-L10-rep13-seed200013,A_B1_VS_B2,COOJA_SIMULATION,768,2,gilbert,0.85,10.0,none,200013,valid,none,,,runs/A-kem768-gilbert-prr0p85-L10-rep13-seed200013-v2/cooja.log,1cb25c3e973679bd338e3eb14f34173f126bd105bba48711703f653b84e5b8c2,16856,168,success,1,SUCCESS
A-kem768-gilbert-prr0p85-L10-rep14-seed200014-v1,A-kem768-gilbert-prr0p85-L10-rep14-seed200014,A_B1_VS_B2,COOJA_SIMULATION,768,1,gilbert,0.85,10.0,none,200014,valid,none,,,runs/A-kem768-gilbert-prr0p85-L10-rep14-seed200014-v1/cooja.log,8787bde9bb957b5221b40ddfaa275f692ca67f7aabad9237b1320c1ec0d88e01,11784,117,success,0,FAILED_PROTOCOL
A-kem768-gilbert-prr0p85-L10-rep14-seed200014-v2,A-kem768-gilbert-prr0p85-L10-rep14-seed200014,A_B1_VS_B2,COOJA_SIMULATION,768,2,gilbert,0.85,10.0,none,200014,valid,none,,,runs/A-kem768-gilbert-prr0p85-L10-rep14-seed200014-v2/cooja.log,f57e5af6237267f1d829573f4e3144bf4827cfbce246f02837a96344c1664131,19228,194,success,0,FAILED_PROTOCOL
A-kem768-gilbert-prr0p85-L10-rep15-seed200015-v1,A-kem768-gilbert-prr0p85-L10-rep15-seed200015,A_B1_VS_B2,COOJA_SIMULATION,768,1,gilbert,0.85,10.0,none,200015,valid,none,,,runs/A-kem768-gilbert-prr0p85-L10-rep15-seed200015-v1/cooja.log,768d3a6b22e4efec3e6f38ede8754251a115a89f369867be6a1a1b21ad44569a,12215,129,success,1,SUCCESS
A-kem768-gilbert-prr0p85-L10-rep15-seed200015-v2,A-kem768-gilbert-prr0p85-L10-rep15-seed200015,A_B1_VS_B2,COOJA_SIMULATION,768,2,gilbert,0.85,10.0,none,200015,valid,none,,,runs/A-kem768-gilbert-prr0p85-L10-rep15-seed200015-v2/cooja.log,642d890600bc5ccedce258ea638e270796a0fa8d2b9584a15b76b34681e73b96,17755,178,success,1,SUCCESS
A-kem768-gilbert-prr0p85-L10-rep16-seed200016-v1,A-kem768-gilbert-prr0p85-L10-rep16-seed200016,A_B1_VS_B2,COOJA_SIMULATION,768,1,gilbert,0.85,10.0,none,200016,valid,none,,,runs/A-kem768-gilbert-prr0p85-L10-rep16-seed200016-v1/cooja.log,b9fb7ee34ed266369e04c1c92ce55ed32323e28c56d276d27dfa23fa562b7286,8481,81,success,0,FAILED_PROTOCOL
A-kem768-gilbert-prr0p85-L10-rep16-seed200016-v2,A-kem768-gilbert-prr0p85-L10-rep16-seed200016,A_B1_VS_B2,COOJA_SIMULATION,768,2,gilbert,0.85,10.0,none,200016,valid,none,,,runs/A-kem768-gilbert-prr0p85-L10-rep16-seed200016-v2/cooja.log,53838916f053d4c4f20c8fae2916039820fedf097e521685f75427bdeed7da2a,8715,83,success,0,FAILED_PROTOCOL
A-kem768-gilbert-prr0p85-L10-rep17-seed200017-v1,A-kem768-gilbert-prr0p85-L10-rep17-seed200017,A_B1_VS_B2,COOJA_SIMULATION,768,1,gilbert,0.85,10.0,none,200017,valid,none,,,runs/A-kem768-gilbert-prr0p85-L10-rep17-seed200017-v1/cooja.log,322640a9cb30c7282b2d60159d320c62be9e2123eca46e3d65d1144e84912dbc,12224,129,success,1,SUCCESS
A-kem768-gilbert-prr0p85-L10-rep17-seed200017-v2,A-kem768-gilbert-prr0p85-L10-rep17-seed200017,A_B1_VS_B2,COOJA_SIMULATION,768,2,gilbert,0.85,10.0,none,200017,valid,none,,,runs/A-kem768-gilbert-prr0p85-L10-rep17-seed200017-v2/cooja.log,f02118c7a0ed5d82005790af94c69bb1c8055a46fc950d2707c75ed9e26fac66,16856,168,success,1,SUCCESS
A-kem768-gilbert-prr0p85-L10-rep18-seed200018-v1,A-kem768-gilbert-prr0p85-L10-rep18-seed200018,A_B1_VS_B2,COOJA_SIMULATION,768,1,gilbert,0.85,10.0,none,200018,valid,none,,,runs/A-kem768-gilbert-prr0p85-L10-rep18-seed200018-v1/cooja.log,50dfa2ae7a24dac9851c76501299dd5cf95200ef2884a780edc09e92543e719f,9007,87,success,0,FAILED_PROTOCOL
A-kem768-gilbert-prr0p85-L10-rep18-seed200018-v2,A-kem768-gilbert-prr0p85-L10-rep18-seed200018,A_B1_VS_B2,COOJA_SIMULATION,768,2,gilbert,0.85,10.0,none,200018,valid,none,,,runs/A-kem768-gilbert-prr0p85-L10-rep18-seed200018-v2/cooja.log,9c881ea65725bdafa80d1db8cc8816f8a05f158659f63b6f7a48223623c6a728,9241,89,success,0,FAILED_PROTOCOL
A-kem768-gilbert-prr0p85-L10-rep19-seed200019-v1,A-kem768-gilbert-prr0p85-L10-rep19-seed200019,A_B1_VS_B2,COOJA_SIMULATION,768,1,gilbert,0.85,10.0,none,200019,valid,none,,,runs/A-kem768-gilbert-prr0p85-L10-rep19-seed200019-v1/cooja.log,f91807032b67c695f1de2e0be2f703e6dbcd42ad7529974f7a03178977a5661e,12224,129,success,1,SUCCESS
A-kem768-gilbert-prr0p85-L10-rep19-seed200019-v2,A-kem768-gilbert-prr0p85-L10-rep19-seed200019,A_B1_VS_B2,COOJA_SIMULATION,768,2,gilbert,0.85,10.0,none,200019,valid,none,,,runs/A-kem768-gilbert-prr0p85-L10-rep19-seed200019-v2/cooja.log,9b911047ed7103c3d454f2f497ff1d38eaa03d18f9421aae533d8bb768abd86c,16856,168,success,1,SUCCESS
A-kem768-gilbert-prr0p85-L10-rep20-seed200020-v1,A-kem768-gilbert-prr0p85-L10-rep20-seed200020,A_B1_VS_B2,COOJA_SIMULATION,768,1,gilbert,0.85,10.0,none,200020,valid,none,,,runs/A-kem768-gilbert-prr0p85-L10-rep20-seed200020-v1/cooja.log,6ef22b156051a9560c2b41b6706d023d960e30c986e5ffc1b654e4c2c642cd9e,12215,129,success,1,SUCCESS
A-kem768-gilbert-prr0p85-L10-rep20-seed200020-v2,A-kem768-gilbert-prr0p85-L10-rep20-seed200020,A_B1_VS_B2,COOJA_SIMULATION,768,2,gilbert,0.85,10.0,none,200020,valid,none,,,runs/A-kem768-gilbert-prr0p85-L10-rep20-seed200020-v2/cooja.log,79b5bdaf006c77284b06ce9ca997d39381eccb682aa6f7f355b10dbbf969ea40,16847,168,success,1,SUCCESS
A-kem768-gilbert-prr0p85-L10-rep21-seed200021-v1,A-kem768-gilbert-prr0p85-L10-rep21-seed200021,A_B1_VS_B2,COOJA_SIMULATION,768,1,gilbert,0.85,10.0,none,200021,valid,none,,,runs/A-kem768-gilbert-prr0p85-L10-rep21-seed200021-v1/cooja.log,ffb21aca17f2b45d7f9425205af4570b2210422635b0484e481baecaf7c10f25,12215,129,success,1,SUCCESS
A-kem768-gilbert-prr0p85-L10-rep21-seed200021-v2,A-kem768-gilbert-prr0p85-L10-rep21-seed200021,A_B1_VS_B2,COOJA_SIMULATION,768,2,gilbert,0.85,10.0,none,200021,valid,none,,,runs/A-kem768-gilbert-prr0p85-L10-rep21-seed200021-v2/cooja.log,6f03030f523b628fc7c83f726c3aea44844632b45129a859d2b5780b7d69e070,16847,168,success,1,SUCCESS
A-kem768-gilbert-prr0p85-L10-rep22-seed200022-v1,A-kem768-gilbert-prr0p85-L10-rep22-seed200022,A_B1_VS_B2,COOJA_SIMULATION,768,1,gilbert,0.85,10.0,none,200022,valid,none,,,runs/A-kem768-gilbert-prr0p85-L10-rep22-seed200022-v1/cooja.log,ab1809a8356062dda74e8436fe7861112e2fb160728e0d132a8ebe2d93d5e6de,13296,136,success,0,FAILED_PROTOCOL
A-kem768-gilbert-prr0p85-L10-rep22-seed200022-v2,A-kem768-gilbert-prr0p85-L10-rep22-seed200022,A_B1_VS_B2,COOJA_SIMULATION,768,2,gilbert,0.85,10.0,none,200022,valid,none,,,runs/A-kem768-gilbert-prr0p85-L10-rep22-seed200022-v2/cooja.log,c26de428e874ea0eab153c895e50c1d09d452025f1101382c765dea8f5b49303,13530,138,success,0,FAILED_PROTOCOL
A-kem768-gilbert-prr0p85-L10-rep23-seed200023-v1,A-kem768-gilbert-prr0p85-L10-rep23-seed200023,A_B1_VS_B2,COOJA_SIMULATION,768,1,gilbert,0.85,10.0,none,200023,valid,none,,,runs/A-kem768-gilbert-prr0p85-L10-rep23-seed200023-v1/cooja.log,f8fee760829be64d905f4b8bf7f6f5214a17d9050d269c59c8aa997c0714febb,12147,128,success,1,SUCCESS
A-kem768-gilbert-prr0p85-L10-rep23-seed200023-v2,A-kem768-gilbert-prr0p85-L10-rep23-seed200023,A_B1_VS_B2,COOJA_SIMULATION,768,2,gilbert,0.85,10.0,none,200023,valid,none,,,runs/A-kem768-gilbert-prr0p85-L10-rep23-seed200023-v2/cooja.log,943e232f834273f58418f451d9a7cb9f5011b318abaa0392414ea2352341a91a,16779,167,success,1,SUCCESS
A-kem768-gilbert-prr0p85-L10-rep24-seed200024-v1,A-kem768-gilbert-prr0p85-L10-rep24-seed200024,A_B1_VS_B2,COOJA_SIMULATION,768,1,gilbert,0.85,10.0,none,200024,valid,none,,,runs/A-kem768-gilbert-prr0p85-L10-rep24-seed200024-v1/cooja.log,ea958071f4dbfaa7d32db2df13a5e0a589c03a5c01cb67e42cf410a495454980,12221,129,success,1,SUCCESS
A-kem768-gilbert-prr0p85-L10-rep24-seed200024-v2,A-kem768-gilbert-prr0p85-L10-rep24-seed200024,A_B1_VS_B2,COOJA_SIMULATION,768,2,gilbert,0.85,10.0,none,200024,valid,none,,,runs/A-kem768-gilbert-prr0p85-L10-rep24-seed200024-v2/cooja.log,40466d9f8f3d6871a4e93e6469677e8b4a2b82550272c509731938574925e893,16853,168,success,1,SUCCESS
A-kem768-gilbert-prr0p85-L10-rep25-seed200025-v1,A-kem768-gilbert-prr0p85-L10-rep25-seed200025,A_B1_VS_B2,COOJA_SIMULATION,768,1,gilbert,0.85,10.0,none,200025,valid,none,,,runs/A-kem768-gilbert-prr0p85-L10-rep25-seed200025-v1/cooja.log,159ee43863929be9a95ad246be49121d3c08eaec4c91ff4302a6d1733361cc69,19077,196,success,0,FAILED_PROTOCOL
A-kem768-gilbert-prr0p85-L10-rep25-seed200025-v2,A-kem768-gilbert-prr0p85-L10-rep25-seed200025,A_B1_VS_B2,COOJA_SIMULATION,768,2,gilbert,0.85,10.0,none,200025,valid,none,,,runs/A-kem768-gilbert-prr0p85-L10-rep25-seed200025-v2/cooja.log,f7613f06a5d22a3bc0c3bb02748b22d7aedb4a799d56ab3ed345cedf83aff1a2,23155,239,success,0,FAILED_PROTOCOL
A-kem768-gilbert-prr0p85-L10-rep26-seed200026-v1,A-kem768-gilbert-prr0p85-L10-rep26-seed200026,A_B1_VS_B2,COOJA_SIMULATION,768,1,gilbert,0.85,10.0,none,200026,valid,none,,,runs/A-kem768-gilbert-prr0p85-L10-rep26-seed200026-v1/cooja.log,dd5f03e926a676f050317af7c41308ef2d84122fd9f48518e858ec0ca981759b,12218,129,success,1,SUCCESS
A-kem768-gilbert-prr0p85-L10-rep26-seed200026-v2,A-kem768-gilbert-prr0p85-L10-rep26-seed200026,A_B1_VS_B2,COOJA_SIMULATION,768,2,gilbert,0.85,10.0,none,200026,valid,none,,,runs/A-kem768-gilbert-prr0p85-L10-rep26-seed200026-v2/cooja.log,19844a1893020eeb6b67cf1574b175d2d391430a50e380a5212ec94147f98393,16850,168,success,1,SUCCESS
A-kem768-gilbert-prr0p85-L10-rep27-seed200027-v1,A-kem768-gilbert-prr0p85-L10-rep27-seed200027,A_B1_VS_B2,COOJA_SIMULATION,768,1,gilbert,0.85,10.0,none,200027,valid,none,,,runs/A-kem768-gilbert-prr0p85-L10-rep27-seed200027-v1/cooja.log,e07aa5e13d61001e42f2e6b7e0ab976de0078dcd64c96241469027b294596bc1,10998,110,success,0,FAILED_PROTOCOL
A-kem768-gilbert-prr0p85-L10-rep27-seed200027-v2,A-kem768-gilbert-prr0p85-L10-rep27-seed200027,A_B1_VS_B2,COOJA_SIMULATION,768,2,gilbert,0.85,10.0,none,200027,valid,none,,,runs/A-kem768-gilbert-prr0p85-L10-rep27-seed200027-v2/cooja.log,388559432ec8f9b97d047565acbb52fb5802b1308c0c062ea15012c636ae4b4a,11232,112,success,0,FAILED_PROTOCOL
A-kem768-gilbert-prr0p85-L10-rep28-seed200028-v1,A-kem768-gilbert-prr0p85-L10-rep28-seed200028,A_B1_VS_B2,COOJA_SIMULATION,768,1,gilbert,0.85,10.0,none,200028,valid,none,,,runs/A-kem768-gilbert-prr0p85-L10-rep28-seed200028-v1/cooja.log,318d41028330597b66c76ac21cab28acdac9da6a989c8e06a7d4603558a9480c,12221,129,success,1,SUCCESS
A-kem768-gilbert-prr0p85-L10-rep28-seed200028-v2,A-kem768-gilbert-prr0p85-L10-rep28-seed200028,A_B1_VS_B2,COOJA_SIMULATION,768,2,gilbert,0.85,10.0,none,200028,valid,none,,,runs/A-kem768-gilbert-prr0p85-L10-rep28-seed200028-v2/cooja.log,c59b2346d3c33129880e51b10e58c176aaddd427b7132443b9eea18fc6b4f877,16853,168,success,1,SUCCESS
A-kem768-gilbert-prr0p85-L10-rep29-seed200029-v1,A-kem768-gilbert-prr0p85-L10-rep29-seed200029,A_B1_VS_B2,COOJA_SIMULATION,768,1,gilbert,0.85,10.0,none,200029,valid,none,,,runs/A-kem768-gilbert-prr0p85-L10-rep29-seed200029-v1/cooja.log,4bc7152cf9d66bedee0000e084fe481b6c09a4e21a4ddf7bf0e19a21bd1bf0c9,12259,121,success,0,FAILED_PROTOCOL
A-kem768-gilbert-prr0p85-L10-rep29-seed200029-v2,A-kem768-gilbert-prr0p85-L10-rep29-seed200029,A_B1_VS_B2,COOJA_SIMULATION,768,2,gilbert,0.85,10.0,none,200029,valid,none,,,runs/A-kem768-gilbert-prr0p85-L10-rep29-seed200029-v2/cooja.log,bffa5baf9b09504a981d766e5912e4ebe0ab1bcb20636128ebeb1a9c51c4fda5,14107,141,success,0,FAILED_PROTOCOL
A-kem768-gilbert-prr0p85-L10-rep30-seed200030-v1,A-kem768-gilbert-prr0p85-L10-rep30-seed200030,A_B1_VS_B2,COOJA_SIMULATION,768,1,gilbert,0.85,10.0,none,200030,valid,none,,,runs/A-kem768-gilbert-prr0p85-L10-rep30-seed200030-v1/cooja.log,331764b6f6f6e7a4c9ff02f6b4a668e48c094f58b7bff76345566646da5a1247,12224,129,success,1,SUCCESS
A-kem768-gilbert-prr0p85-L10-rep30-seed200030-v2,A-kem768-gilbert-prr0p85-L10-rep30-seed200030,A_B1_VS_B2,COOJA_SIMULATION,768,2,gilbert,0.85,10.0,none,200030,valid,none,,,runs/A-kem768-gilbert-prr0p85-L10-rep30-seed200030-v2/cooja.log,9279c9f781e1249bf119e52596bcd46d51cda602eff89be1d8f040727479b496,16856,168,success,1,SUCCESS
A-kem768-gilbert-prr0p90-L2-rep01-seed200001-v1,A-kem768-gilbert-prr0p90-L2-rep01-seed200001,A_B1_VS_B2,COOJA_SIMULATION,768,1,gilbert,0.9,2.0,none,200001,valid,none,,,runs/A-kem768-gilbert-prr0p90-L2-rep01-seed200001-v1/cooja.log,deddb39665e468d74652aee9e22f7afe33aa5906d26dcf0d5ed507778e2f7a6c,12218,129,success,1,SUCCESS
A-kem768-gilbert-prr0p90-L2-rep01-seed200001-v2,A-kem768-gilbert-prr0p90-L2-rep01-seed200001,A_B1_VS_B2,COOJA_SIMULATION,768,2,gilbert,0.9,2.0,none,200001,valid,none,,,runs/A-kem768-gilbert-prr0p90-L2-rep01-seed200001-v2/cooja.log,c7d422684a9ce222f94840ece960bf391bdc1b16bf3b9e686ab555b8e760496e,16850,168,success,1,SUCCESS
A-kem768-gilbert-prr0p90-L2-rep02-seed200002-v1,A-kem768-gilbert-prr0p90-L2-rep02-seed200002,A_B1_VS_B2,COOJA_SIMULATION,768,1,gilbert,0.9,2.0,none,200002,valid,none,,,runs/A-kem768-gilbert-prr0p90-L2-rep02-seed200002-v1/cooja.log,187337fe5ca401fe78136c80de50520cda0616846f2c64333ce0863e19fea110,10893,110,success,0,FAILED_PROTOCOL
A-kem768-gilbert-prr0p90-L2-rep02-seed200002-v2,A-kem768-gilbert-prr0p90-L2-rep02-seed200002,A_B1_VS_B2,COOJA_SIMULATION,768,2,gilbert,0.9,2.0,none,200002,valid,none,,,runs/A-kem768-gilbert-prr0p90-L2-rep02-seed200002-v2/cooja.log,866c72a4bea578c65abe669eb3590034da721fd91ad8f2f6aba60c58d4e8a043,11127,112,success,0,FAILED_PROTOCOL
A-kem768-gilbert-prr0p90-L2-rep03-seed200003-v1,A-kem768-gilbert-prr0p90-L2-rep03-seed200003,A_B1_VS_B2,COOJA_SIMULATION,768,1,gilbert,0.9,2.0,none,200003,valid,none,,,runs/A-kem768-gilbert-prr0p90-L2-rep03-seed200003-v1/cooja.log,e871b030abefe1dca1bac043455971f2267c935370ade0ed5499a4578137f8e2,13670,141,success,0,FAILED_PROTOCOL
A-kem768-gilbert-prr0p90-L2-rep03-seed200003-v2,A-kem768-gilbert-prr0p90-L2-rep03-seed200003,A_B1_VS_B2,COOJA_SIMULATION,768,2,gilbert,0.9,2.0,none,200003,valid,none,,,runs/A-kem768-gilbert-prr0p90-L2-rep03-seed200003-v2/cooja.log,030eaf6bd2a3bef69c4687f82b4231dd6ad3c14f6cae619709b0882bd2c1fb52,13904,143,success,0,FAILED_PROTOCOL
A-kem768-gilbert-prr0p90-L2-rep04-seed200004-v1,A-kem768-gilbert-prr0p90-L2-rep04-seed200004,A_B1_VS_B2,COOJA_SIMULATION,768,1,gilbert,0.9,2.0,none,200004,valid,none,,,runs/A-kem768-gilbert-prr0p90-L2-rep04-seed200004-v1/cooja.log,7a2f2fbc8812dcfc0e4a75cae454ae5682ff95f388dda03b2225267393e1d3b9,17584,182,success,0,FAILED_PROTOCOL
A-kem768-gilbert-prr0p90-L2-rep04-seed200004-v2,A-kem768-gilbert-prr0p90-L2-rep04-seed200004,A_B1_VS_B2,COOJA_SIMULATION,768,2,gilbert,0.9,2.0,none,200004,valid,none,,,runs/A-kem768-gilbert-prr0p90-L2-rep04-seed200004-v2/cooja.log,cdf6fa938fd865fb5945f7b26fe20a09e8920ac0f0adf63831b27cb91e8f5d6d,18807,189,success,1,SUCCESS
A-kem768-gilbert-prr0p90-L2-rep05-seed200005-v1,A-kem768-gilbert-prr0p90-L2-rep05-seed200005,A_B1_VS_B2,COOJA_SIMULATION,768,1,gilbert,0.9,2.0,none,200005,valid,none,,,runs/A-kem768-gilbert-prr0p90-L2-rep05-seed200005-v1/cooja.log,fa5a475481b8f9cc9834195e5f05d4eb491fd974f5ccb240d7c306127ddf855d,13875,143,success,0,FAILED_PROTOCOL
A-kem768-gilbert-prr0p90-L2-rep05-seed200005-v2,A-kem768-gilbert-prr0p90-L2-rep05-seed200005,A_B1_VS_B2,COOJA_SIMULATION,768,2,gilbert,0.9,2.0,none,200005,valid,none,,,runs/A-kem768-gilbert-prr0p90-L2-rep05-seed200005-v2/cooja.log,baa881e3ac6c24580f652e86afc9cd360b00112969c78b2007a443b8a72f371d,14109,145,success,0,FAILED_PROTOCOL
A-kem768-gilbert-prr0p90-L2-rep06-seed200006-v1,A-kem768-gilbert-prr0p90-L2-rep06-seed200006,A_B1_VS_B2,COOJA_SIMULATION,768,1,gilbert,0.9,2.0,none,200006,valid,none,,,runs/A-kem768-gilbert-prr0p90-L2-rep06-seed200006-v1/cooja.log,a62bc415cb89071e861abfaf1cfdea944521808f685053c37b9807f58a861530,11974,119,success,0,FAILED_PROTOCOL
A-kem768-gilbert-prr0p90-L2-rep06-seed200006-v2,A-kem768-gilbert-prr0p90-L2-rep06-seed200006,A_B1_VS_B2,COOJA_SIMULATION,768,2,gilbert,0.9,2.0,none,200006,valid,none,,,runs/A-kem768-gilbert-prr0p90-L2-rep06-seed200006-v2/cooja.log,1dc27104234d8f40b5260175671565e19bced730ce4ccef9fb72a2fa91367fe8,19335,194,success,1,SUCCESS
A-kem768-gilbert-prr0p90-L2-rep07-seed200007-v1,A-kem768-gilbert-prr0p90-L2-rep07-seed200007,A_B1_VS_B2,COOJA_SIMULATION,768,1,gilbert,0.9,2.0,none,200007,valid,none,,,runs/A-kem768-gilbert-prr0p90-L2-rep07-seed200007-v1/cooja.log,9d3390e1d3086beeb84ca6e927c19d1414e201280b98785c52f54e6940d5c6f6,15209,154,success,0,FAILED_PROTOCOL
A-kem768-gilbert-prr0p90-L2-rep07-seed200007-v2,A-kem768-gilbert-prr0p90-L2-rep07-seed200007,A_B1_VS_B2,COOJA_SIMULATION,768,2,gilbert,0.9,2.0,none,200007,valid,none,,,runs/A-kem768-gilbert-prr0p90-L2-rep07-seed200007-v2/cooja.log,777f9a4ea6570adcb24ac9639b30ffedda7ab577f7e284fa0eeebb80708772a8,17676,177,success,1,SUCCESS
A-kem768-gilbert-prr0p90-L2-rep08-seed200008-v1,A-kem768-gilbert-prr0p90-L2-rep08-seed200008,A_B1_VS_B2,COOJA_SIMULATION,768,1,gilbert,0.9,2.0,none,200008,valid,none,,,runs/A-kem768-gilbert-prr0p90-L2-rep08-seed200008-v1/cooja.log,2604fad76946bb12713fed6e7cedbf62075884f4491c699dd5fbeac6b8f99956,13530,139,success,0,FAILED_PROTOCOL
A-kem768-gilbert-prr0p90-L2-rep08-seed200008-v2,A-kem768-gilbert-prr0p90-L2-rep08-seed200008,A_B1_VS_B2,COOJA_SIMULATION,768,2,gilbert,0.9,2.0,none,200008,valid,none,,,runs/A-kem768-gilbert-prr0p90-L2-rep08-seed200008-v2/cooja.log,211eb755aa21dd9655390a16580b72208d5b2fe5d10cedef4a431060c5227305,13764,141,success,0,FAILED_PROTOCOL
A-kem768-gilbert-prr0p90-L2-rep09-seed200009-v1,A-kem768-gilbert-prr0p90-L2-rep09-seed200009,A_B1_VS_B2,COOJA_SIMULATION,768,1,gilbert,0.9,2.0,none,200009,valid,none,,,runs/A-kem768-gilbert-prr0p90-L2-rep09-seed200009-v1/cooja.log,dc853edcdd7662ea82e6ee6146605b1eae6086b954750c6a3cf7a136827c6f9a,17466,180,success,0,FAILED_PROTOCOL
A-kem768-gilbert-prr0p90-L2-rep09-seed200009-v2,A-kem768-gilbert-prr0p90-L2-rep09-seed200009,A_B1_VS_B2,COOJA_SIMULATION,768,2,gilbert,0.9,2.0,none,200009,valid,none,,,runs/A-kem768-gilbert-prr0p90-L2-rep09-seed200009-v2/cooja.log,263b4eba8e17b87522d0eb94df93591c76430ea087341bbed136e2750a6ca6d4,17928,188,success,0,FAILED_PROTOCOL
A-kem768-gilbert-prr0p90-L2-rep10-seed200010-v1,A-kem768-gilbert-prr0p90-L2-rep10-seed200010,A_B1_VS_B2,COOJA_SIMULATION,768,1,gilbert,0.9,2.0,none,200010,valid,none,,,runs/A-kem768-gilbert-prr0p90-L2-rep10-seed200010-v1/cooja.log,459759331e9e1052e04f4622cb33c7da24329fa6933841778d9656796b344c0f,15202,154,success,0,FAILED_PROTOCOL
A-kem768-gilbert-prr0p90-L2-rep10-seed200010-v2,A-kem768-gilbert-prr0p90-L2-rep10-seed200010,A_B1_VS_B2,COOJA_SIMULATION,768,2,gilbert,0.9,2.0,none,200010,valid,none,,,runs/A-kem768-gilbert-prr0p90-L2-rep10-seed200010-v2/cooja.log,9ee6c822ea648ae0b0c5ddcfe483717850398c3d2c7f659db3a7d5cbcc7dda0b,17566,176,success,1,SUCCESS
A-kem768-gilbert-prr0p90-L2-rep11-seed200011-v1,A-kem768-gilbert-prr0p90-L2-rep11-seed200011,A_B1_VS_B2,COOJA_SIMULATION,768,1,gilbert,0.9,2.0,none,200011,valid,none,,,runs/A-kem768-gilbert-prr0p90-L2-rep11-seed200011-v1/cooja.log,39ed495227bc66485d2c19d6a633d7b748db6dc1ebf6d5a2365c0f7ef6d6882b,12626,129,success,0,FAILED_PROTOCOL
A-kem768-gilbert-prr0p90-L2-rep11-seed200011-v2,A-kem768-gilbert-prr0p90-L2-rep11-seed200011,A_B1_VS_B2,COOJA_SIMULATION,768,2,gilbert,0.9,2.0,none,200011,valid,none,,,runs/A-kem768-gilbert-prr0p90-L2-rep11-seed200011-v2/cooja.log,8749e8286b8c03550c281a62c6cc59c4caf229a5b67c1f51f0a5f64a243f2b9b,12860,131,success,0,FAILED_PROTOCOL
A-kem768-gilbert-prr0p90-L2-rep12-seed200012-v1,A-kem768-gilbert-prr0p90-L2-rep12-seed200012,A_B1_VS_B2,COOJA_SIMULATION,768,1,gilbert,0.9,2.0,none,200012,valid,none,,,runs/A-kem768-gilbert-prr0p90-L2-rep12-seed200012-v1/cooja.log,6c5e974cdf85f3d6fc9c6fa380cbec300d140c6fb9c8df71ed6655d5e05139a8,11531,117,success,0,FAILED_PROTOCOL
A-kem768-gilbert-prr0p90-L2-rep12-seed200012-v2,A-kem768-gilbert-prr0p90-L2-rep12-seed200012,A_B1_VS_B2,COOJA_SIMULATION,768,2,gilbert,0.9,2.0,none,200012,valid,none,,,runs/A-kem768-gilbert-prr0p90-L2-rep12-seed200012-v2/cooja.log,1bc256b6c98a5ac48f35e2a481f51cbd6c7fe0432c2722f8af5c37dc983c32e7,11765,119,success,0,FAILED_PROTOCOL
A-kem768-gilbert-prr0p90-L2-rep13-seed200013-v1,A-kem768-gilbert-prr0p90-L2-rep13-seed200013,A_B1_VS_B2,COOJA_SIMULATION,768,1,gilbert,0.9,2.0,none,200013,valid,none,,,runs/A-kem768-gilbert-prr0p90-L2-rep13-seed200013-v1/cooja.log,e9012a75f33f42acbc9a15820cfeeade09bfbf7cd392467ad331e5de08de4444,12224,129,success,1,SUCCESS
A-kem768-gilbert-prr0p90-L2-rep13-seed200013-v2,A-kem768-gilbert-prr0p90-L2-rep13-seed200013,A_B1_VS_B2,COOJA_SIMULATION,768,2,gilbert,0.9,2.0,none,200013,valid,none,,,runs/A-kem768-gilbert-prr0p90-L2-rep13-seed200013-v2/cooja.log,0e6b1431f9ae5bafbd103de1720a9716d1eaa3bc14a34e99fc8342b7d0f194e8,16856,168,success,1,SUCCESS
A-kem768-gilbert-prr0p90-L2-rep14-seed200014-v1,A-kem768-gilbert-prr0p90-L2-rep14-seed200014,A_B1_VS_B2,COOJA_SIMULATION,768,1,gilbert,0.9,2.0,none,200014,valid,none,,,runs/A-kem768-gilbert-prr0p90-L2-rep14-seed200014-v1/cooja.log,6a8d66060f67607efae41166e984fea4eb076a03b571d9e17c34f7aeae236734,11635,115,success,0,FAILED_PROTOCOL
A-kem768-gilbert-prr0p90-L2-rep14-seed200014-v2,A-kem768-gilbert-prr0p90-L2-rep14-seed200014,A_B1_VS_B2,COOJA_SIMULATION,768,2,gilbert,0.9,2.0,none,200014,valid,none,,,runs/A-kem768-gilbert-prr0p90-L2-rep14-seed200014-v2/cooja.log,a6fd58d36f29e24dbe8ece08fdbc6bdbf8ee7ce6723ae15807c4693b9f758e84,20919,211,success,1,SUCCESS
A-kem768-gilbert-prr0p90-L2-rep15-seed200015-v1,A-kem768-gilbert-prr0p90-L2-rep15-seed200015,A_B1_VS_B2,COOJA_SIMULATION,768,1,gilbert,0.9,2.0,none,200015,valid,none,,,runs/A-kem768-gilbert-prr0p90-L2-rep15-seed200015-v1/cooja.log,f3c3a50bfac0a358b1b77bf24d890fa63107140e04540626c07eb1b3e331abf7,11952,119,success,0,FAILED_PROTOCOL
A-kem768-gilbert-prr0p90-L2-rep15-seed200015-v2,A-kem768-gilbert-prr0p90-L2-rep15-seed200015,A_B1_VS_B2,COOJA_SIMULATION,768,2,gilbert,0.9,2.0,none,200015,valid,none,,,runs/A-kem768-gilbert-prr0p90-L2-rep15-seed200015-v2/cooja.log,daaced91829f23183bb3bc758969964cc9d35f2a4991b7ccf1c1ac0504e573c1,18269,184,success,1,SUCCESS
A-kem768-gilbert-prr0p90-L2-rep16-seed200016-v1,A-kem768-gilbert-prr0p90-L2-rep16-seed200016,A_B1_VS_B2,COOJA_SIMULATION,768,1,gilbert,0.9,2.0,none,200016,valid,none,,,runs/A-kem768-gilbert-prr0p90-L2-rep16-seed200016-v1/cooja.log,197db040024634c78cc911f1c7e763c23376e9040584ecd60fb753165f2407aa,11084,112,success,0,FAILED_PROTOCOL
A-kem768-gilbert-prr0p90-L2-rep16-seed200016-v2,A-kem768-gilbert-prr0p90-L2-rep16-seed200016,A_B1_VS_B2,COOJA_SIMULATION,768,2,gilbert,0.9,2.0,none,200016,valid,none,,,runs/A-kem768-gilbert-prr0p90-L2-rep16-seed200016-v2/cooja.log,82aa408e842c308f105334a3f2d61d54a139571fd893eb2b507694d440af0283,11318,114,success,0,FAILED_PROTOCOL
A-kem768-gilbert-prr0p90-L2-rep17-seed200017-v1,A-kem768-gilbert-prr0p90-L2-rep17-seed200017,A_B1_VS_B2,COOJA_SIMULATION,768,1,gilbert,0.9,2.0,none,200017,valid,none,,,runs/A-kem768-gilbert-prr0p90-L2-rep17-seed200017-v1/cooja.log,5b5a6cb60812c0945fff7e0cc652947f8bd0c7747610e2effb16985590c462a2,14200,147,success,0,FAILED_PROTOCOL
A-kem768-gilbert-prr0p90-L2-rep17-seed200017-v2,A-kem768-gilbert-prr0p90-L2-rep17-seed200017,A_B1_VS_B2,COOJA_SIMULATION,768,2,gilbert,0.9,2.0,none,200017,valid,none,,,runs/A-kem768-gilbert-prr0p90-L2-rep17-seed200017-v2/cooja.log,97b9c1c3deecb01b4335b2bd343bd9fdd1ea3307b6a6aff3ec5efbe8a1263b51,14434,149,success,0,FAILED_PROTOCOL
A-kem768-gilbert-prr0p90-L2-rep18-seed200018-v1,A-kem768-gilbert-prr0p90-L2-rep18-seed200018,A_B1_VS_B2,COOJA_SIMULATION,768,1,gilbert,0.9,2.0,none,200018,valid,none,,,runs/A-kem768-gilbert-prr0p90-L2-rep18-seed200018-v1/cooja.log,1a3eb5ed0a0dd1756bdad6d565937e505abf0d7a0efc9e19854db55581b8da0e,12773,128,success,0,FAILED_PROTOCOL
A-kem768-gilbert-prr0p90-L2-rep18-seed200018-v2,A-kem768-gilbert-prr0p90-L2-rep18-seed200018,A_B1_VS_B2,COOJA_SIMULATION,768,2,gilbert,0.9,2.0,none,200018,valid,none,,,runs/A-kem768-gilbert-prr0p90-L2-rep18-seed200018-v2/cooja.log,2e526ee6a09726394b91a6bad3abc58b1fda5c656d2ea7d7a5ab4450eda3739a,17544,176,success,1,SUCCESS
A-kem768-gilbert-prr0p90-L2-rep19-seed200019-v1,A-kem768-gilbert-prr0p90-L2-rep19-seed200019,A_B1_VS_B2,COOJA_SIMULATION,768,1,gilbert,0.9,2.0,none,200019,valid,none,,,runs/A-kem768-gilbert-prr0p90-L2-rep19-seed200019-v1/cooja.log,cc56f787295eae09daf3e3d12f1bd0528be809320b27ee6af25a1eedfc1fd0c7,12761,128,success,0,FAILED_PROTOCOL
A-kem768-gilbert-prr0p90-L2-rep19-seed200019-v2,A-kem768-gilbert-prr0p90-L2-rep19-seed200019,A_B1_VS_B2,COOJA_SIMULATION,768,2,gilbert,0.9,2.0,none,200019,valid,none,,,runs/A-kem768-gilbert-prr0p90-L2-rep19-seed200019-v2/cooja.log,05331b52f9283f8d8723595df27cc80f42f008c1c937dd8ce86b2214d9bc2525,20077,204,success,1,SUCCESS
A-kem768-gilbert-prr0p90-L2-rep20-seed200020-v1,A-kem768-gilbert-prr0p90-L2-rep20-seed200020,A_B1_VS_B2,COOJA_SIMULATION,768,1,gilbert,0.9,2.0,none,200020,valid,none,,,runs/A-kem768-gilbert-prr0p90-L2-rep20-seed200020-v1/cooja.log,cabb9d27c63502339f34da300aa280d98046ec6e238e82b1117bfa0f0d1659b7,11632,118,success,0,FAILED_PROTOCOL
A-kem768-gilbert-prr0p90-L2-rep20-seed200020-v2,A-kem768-gilbert-prr0p90-L2-rep20-seed200020,A_B1_VS_B2,COOJA_SIMULATION,768,2,gilbert,0.9,2.0,none,200020,valid,none,,,runs/A-kem768-gilbert-prr0p90-L2-rep20-seed200020-v2/cooja.log,0e88702ff89b265297042d11c2b7bb95622845e56388eb739795fd0cbb60695c,11866,120,success,0,FAILED_PROTOCOL
A-kem768-gilbert-prr0p90-L2-rep21-seed200021-v1,A-kem768-gilbert-prr0p90-L2-rep21-seed200021,A_B1_VS_B2,COOJA_SIMULATION,768,1,gilbert,0.9,2.0,none,200021,valid,none,,,runs/A-kem768-gilbert-prr0p90-L2-rep21-seed200021-v1/cooja.log,7c6a4404d7731a2284b2ec1712e385398c0de8c7f942aebff69e5e7111f07d4e,14834,150,success,0,FAILED_PROTOCOL
A-kem768-gilbert-prr0p90-L2-rep21-seed200021-v2,A-kem768-gilbert-prr0p90-L2-rep21-seed200021,A_B1_VS_B2,COOJA_SIMULATION,768,2,gilbert,0.9,2.0,none,200021,valid,none,,,runs/A-kem768-gilbert-prr0p90-L2-rep21-seed200021-v2/cooja.log,89a0e5437873f77eca71a42d2be1af42317c6ac4a74f66f8a30bdbe9949d0df5,18109,187,success,0,FAILED_PROTOCOL
A-kem768-gilbert-prr0p90-L2-rep22-seed200022-v1,A-kem768-gilbert-prr0p90-L2-rep22-seed200022,A_B1_VS_B2,COOJA_SIMULATION,768,1,gilbert,0.9,2.0,none,200022,valid,none,,,runs/A-kem768-gilbert-prr0p90-L2-rep22-seed200022-v1/cooja.log,825d943bfb4377af1c952f67dc5618ad12c076271e03429f9a6c0951ae8fb440,13814,143,success,0,FAILED_PROTOCOL
A-kem768-gilbert-prr0p90-L2-rep22-seed200022-v2,A-kem768-gilbert-prr0p90-L2-rep22-seed200022,A_B1_VS_B2,COOJA_SIMULATION,768,2,gilbert,0.9,2.0,none,200022,valid,none,,,runs/A-kem768-gilbert-prr0p90-L2-rep22-seed200022-v2/cooja.log,9f5973d8268e542df0b2a4b85a29effc1b3ed399d80275f3c86e02975053cb2f,14048,145,success,0,FAILED_PROTOCOL
A-kem768-gilbert-prr0p90-L2-rep23-seed200023-v1,A-kem768-gilbert-prr0p90-L2-rep23-seed200023,A_B1_VS_B2,COOJA_SIMULATION,768,1,gilbert,0.9,2.0,none,200023,valid,none,,,runs/A-kem768-gilbert-prr0p90-L2-rep23-seed200023-v1/cooja.log,5f7c6901fdd5dd702d58a092e9d845e78116d3770c743fc98af9d3090f744b9d,12847,129,success,0,FAILED_PROTOCOL
A-kem768-gilbert-prr0p90-L2-rep23-seed200023-v2,A-kem768-gilbert-prr0p90-L2-rep23-seed200023,A_B1_VS_B2,COOJA_SIMULATION,768,2,gilbert,0.9,2.0,none,200023,valid,none,,,runs/A-kem768-gilbert-prr0p90-L2-rep23-seed200023-v2/cooja.log,83e2dffa38b54730d52c491cf49ffe4df82d775baa743a7219c425d1c2e4b53b,17649,177,success,1,SUCCESS
A-kem768-gilbert-prr0p90-L2-rep24-seed200024-v1,A-kem768-gilbert-prr0p90-L2-rep24-seed200024,A_B1_VS_B2,COOJA_SIMULATION,768,1,gilbert,0.9,2.0,none,200024,valid,none,,,runs/A-kem768-gilbert-prr0p90-L2-rep24-seed200024-v1/cooja.log,781b73246c0d73303fb8037837fc8c4c573d5445ae84b2d3238a7522200ce759,13468,136,success,0,FAILED_PROTOCOL
A-kem768-gilbert-prr0p90-L2-rep24-seed200024-v2,A-kem768-gilbert-prr0p90-L2-rep24-seed200024,A_B1_VS_B2,COOJA_SIMULATION,768,2,gilbert,0.9,2.0,none,200024,valid,none,,,runs/A-kem768-gilbert-prr0p90-L2-rep24-seed200024-v2/cooja.log,7fa75c484a63b5d176c040b666eff24561eaa374cf77a7a9fe1ea918743f80b4,18663,188,success,1,SUCCESS
A-kem768-gilbert-prr0p90-L2-rep25-seed200025-v1,A-kem768-gilbert-prr0p90-L2-rep25-seed200025,A_B1_VS_B2,COOJA_SIMULATION,768,1,gilbert,0.9,2.0,none,200025,valid,none,,,runs/A-kem768-gilbert-prr0p90-L2-rep25-seed200025-v1/cooja.log,267214ee6c539382367489643ed734b0a1f3e75822477888a4be2ab7ee6d890b,11982,119,success,0,FAILED_PROTOCOL
A-kem768-gilbert-prr0p90-L2-rep25-seed200025-v2,A-kem768-gilbert-prr0p90-L2-rep25-seed200025,A_B1_VS_B2,COOJA_SIMULATION,768,2,gilbert,0.9,2.0,none,200025,valid,none,,,runs/A-kem768-gilbert-prr0p90-L2-rep25-seed200025-v2/cooja.log,0d19df163822b8415e7a6cf4233dd11836040012dc6f11536919ef4a4b6def5e,18674,188,success,1,SUCCESS
A-kem768-gilbert-prr0p90-L2-rep26-seed200026-v1,A-kem768-gilbert-prr0p90-L2-rep26-seed200026,A_B1_VS_B2,COOJA_SIMULATION,768,1,gilbert,0.9,2.0,none,200026,valid,none,,,runs/A-kem768-gilbert-prr0p90-L2-rep26-seed200026-v1/cooja.log,c17c51f20579690104b67597bfb997748a552fd5d351bc36ec4e030385a9e8c4,12144,128,success,1,SUCCESS
A-kem768-gilbert-prr0p90-L2-rep26-seed200026-v2,A-kem768-gilbert-prr0p90-L2-rep26-seed200026,A_B1_VS_B2,COOJA_SIMULATION,768,2,gilbert,0.9,2.0,none,200026,valid,none,,,runs/A-kem768-gilbert-prr0p90-L2-rep26-seed200026-v2/cooja.log,50ecc050d2c3a31e33c22035fb703fb53525e84170af4cda3948e5bf716b7fbc,16776,167,success,1,SUCCESS
A-kem768-gilbert-prr0p90-L2-rep27-seed200027-v1,A-kem768-gilbert-prr0p90-L2-rep27-seed200027,A_B1_VS_B2,COOJA_SIMULATION,768,1,gilbert,0.9,2.0,none,200027,valid,none,,,runs/A-kem768-gilbert-prr0p90-L2-rep27-seed200027-v1/cooja.log,7bc6603a0cd74c2fba11f71dd1a421c04fe6e58f815a044d017ffc33938da40e,9433,92,success,0,FAILED_PROTOCOL
A-kem768-gilbert-prr0p90-L2-rep27-seed200027-v2,A-kem768-gilbert-prr0p90-L2-rep27-seed200027,A_B1_VS_B2,COOJA_SIMULATION,768,2,gilbert,0.9,2.0,none,200027,valid,none,,,runs/A-kem768-gilbert-prr0p90-L2-rep27-seed200027-v2/cooja.log,ff7fd1eab20580554afa4110c04b3e31336d5ce0fe4a302e164ce5f086c6f8bd,9667,94,success,0,FAILED_PROTOCOL
A-kem768-gilbert-prr0p90-L2-rep28-seed200028-v1,A-kem768-gilbert-prr0p90-L2-rep28-seed200028,A_B1_VS_B2,COOJA_SIMULATION,768,1,gilbert,0.9,2.0,none,200028,valid,none,,,runs/A-kem768-gilbert-prr0p90-L2-rep28-seed200028-v1/cooja.log,e11264bc5830bac7e4c25e9ea8033f6971397825f6687f97d29d41d92e423b37,12147,128,success,1,SUCCESS
A-kem768-gilbert-prr0p90-L2-rep28-seed200028-v2,A-kem768-gilbert-prr0p90-L2-rep28-seed200028,A_B1_VS_B2,COOJA_SIMULATION,768,2,gilbert,0.9,2.0,none,200028,valid,none,,,runs/A-kem768-gilbert-prr0p90-L2-rep28-seed200028-v2/cooja.log,4814aad25baf20bb5c7e80eb6df1dd203967799507a95158b7aaac2e148ac552,16779,167,success,1,SUCCESS
A-kem768-gilbert-prr0p90-L2-rep29-seed200029-v1,A-kem768-gilbert-prr0p90-L2-rep29-seed200029,A_B1_VS_B2,COOJA_SIMULATION,768,1,gilbert,0.9,2.0,none,200029,valid,none,,,runs/A-kem768-gilbert-prr0p90-L2-rep29-seed200029-v1/cooja.log,ea64f2644349861aeb8bf833edb7616830caea2affdbf22426546b76d8c74f5c,16944,175,success,0,FAILED_PROTOCOL
A-kem768-gilbert-prr0p90-L2-rep29-seed200029-v2,A-kem768-gilbert-prr0p90-L2-rep29-seed200029,A_B1_VS_B2,COOJA_SIMULATION,768,2,gilbert,0.9,2.0,none,200029,valid,none,,,runs/A-kem768-gilbert-prr0p90-L2-rep29-seed200029-v2/cooja.log,39d5753713549aaf2dc07af0a454bce4e939d9216c37aac0729933136fbf26b9,18400,185,success,1,SUCCESS
A-kem768-gilbert-prr0p90-L2-rep30-seed200030-v1,A-kem768-gilbert-prr0p90-L2-rep30-seed200030,A_B1_VS_B2,COOJA_SIMULATION,768,1,gilbert,0.9,2.0,none,200030,valid,none,,,runs/A-kem768-gilbert-prr0p90-L2-rep30-seed200030-v1/cooja.log,37ca9ae24b3cad82f779d1f917e7b7ce3ac45aeb8fd90cc2f8de56705b952c7d,11961,119,success,0,FAILED_PROTOCOL
A-kem768-gilbert-prr0p90-L2-rep30-seed200030-v2,A-kem768-gilbert-prr0p90-L2-rep30-seed200030,A_B1_VS_B2,COOJA_SIMULATION,768,2,gilbert,0.9,2.0,none,200030,valid,none,,,runs/A-kem768-gilbert-prr0p90-L2-rep30-seed200030-v2/cooja.log,54045216c497c81de3b4c308b74a39b8a910dc4beeb4118e11ffba96a0396df7,24387,257,success,0,FAILED_PROTOCOL
A-kem768-gilbert-prr0p90-L5-rep01-seed200001-v1,A-kem768-gilbert-prr0p90-L5-rep01-seed200001,A_B1_VS_B2,COOJA_SIMULATION,768,1,gilbert,0.9,5.0,none,200001,valid,none,,,runs/A-kem768-gilbert-prr0p90-L5-rep01-seed200001-v1/cooja.log,09ce91053f57335c7b53776e9e6420fc697bf85bb1ee331e1e449b7485f5a92e,12218,129,success,1,SUCCESS
A-kem768-gilbert-prr0p90-L5-rep01-seed200001-v2,A-kem768-gilbert-prr0p90-L5-rep01-seed200001,A_B1_VS_B2,COOJA_SIMULATION,768,2,gilbert,0.9,5.0,none,200001,valid,none,,,runs/A-kem768-gilbert-prr0p90-L5-rep01-seed200001-v2/cooja.log,77880c7ea9686ab94a770bc3054b4e12a49f0d21e97be115d1bf77ed41844f8b,16850,168,success,1,SUCCESS
A-kem768-gilbert-prr0p90-L5-rep02-seed200002-v1,A-kem768-gilbert-prr0p90-L5-rep02-seed200002,A_B1_VS_B2,COOJA_SIMULATION,768,1,gilbert,0.9,5.0,none,200002,valid,none,,,runs/A-kem768-gilbert-prr0p90-L5-rep02-seed200002-v1/cooja.log,cb264ca6f43f5d83f13910adeb82abe361bc87dc403cea027adaf17339532dd0,8749,84,success,0,FAILED_PROTOCOL
A-kem768-gilbert-prr0p90-L5-rep02-seed200002-v2,A-kem768-gilbert-prr0p90-L5-rep02-seed200002,A_B1_VS_B2,COOJA_SIMULATION,768,2,gilbert,0.9,5.0,none,200002,valid,none,,,runs/A-kem768-gilbert-prr0p90-L5-rep02-seed200002-v2/cooja.log,aae9a3d99dad8e70d1fd0c11e99e25cac095a992ac82a85d0d68ed9ccc46a446,8983,86,success,0,FAILED_PROTOCOL
A-kem768-gilbert-prr0p90-L5-rep03-seed200003-v1,A-kem768-gilbert-prr0p90-L5-rep03-seed200003,A_B1_VS_B2,COOJA_SIMULATION,768,1,gilbert,0.9,5.0,none,200003,valid,none,,,runs/A-kem768-gilbert-prr0p90-L5-rep03-seed200003-v1/cooja.log,46c811ca7158c006a1b6d4d6ad0fc872fffece1543ad582e3c150ebd06bf6aa0,10875,110,success,0,FAILED_PROTOCOL
A-kem768-gilbert-prr0p90-L5-rep03-seed200003-v2,A-kem768-gilbert-prr0p90-L5-rep03-seed200003,A_B1_VS_B2,COOJA_SIMULATION,768,2,gilbert,0.9,5.0,none,200003,valid,none,,,runs/A-kem768-gilbert-prr0p90-L5-rep03-seed200003-v2/cooja.log,439c0990b79515aa57d9c8313167abea178bb8974d55ee56d0a0a9e4a504c1aa,11109,112,success,0,FAILED_PROTOCOL
A-kem768-gilbert-prr0p90-L5-rep04-seed200004-v1,A-kem768-gilbert-prr0p90-L5-rep04-seed200004,A_B1_VS_B2,COOJA_SIMULATION,768,1,gilbert,0.9,5.0,none,200004,valid,none,,,runs/A-kem768-gilbert-prr0p90-L5-rep04-seed200004-v1/cooja.log,90ea915ddf915e8cc682764efe6ef626978341515bff2604433297cab61b2cd3,11688,116,success,0,FAILED_PROTOCOL
A-kem768-gilbert-prr0p90-L5-rep04-seed200004-v2,A-kem768-gilbert-prr0p90-L5-rep04-seed200004,A_B1_VS_B2,COOJA_SIMULATION,768,2,gilbert,0.9,5.0,none,200004,valid,none,,,runs/A-kem768-gilbert-prr0p90-L5-rep04-seed200004-v2/cooja.log,983d1aedd66e6778c8bd7da85c1af1caaee7465cc2498136ed605d7e2d136339,17562,176,success,1,SUCCESS
A-kem768-gilbert-prr0p90-L5-rep05-seed200005-v1,A-kem768-gilbert-prr0p90-L5-rep05-seed200005,A_B1_VS_B2,COOJA_SIMULATION,768,1,gilbert,0.9,5.0,none,200005,valid,none,,,runs/A-kem768-gilbert-prr0p90-L5-rep05-seed200005-v1/cooja.log,9ba888fa44d54347f8e60e356e4f865d45ccee1e9751258f724c66fcf6d9bf79,11359,115,success,0,FAILED_PROTOCOL
A-kem768-gilbert-prr0p90-L5-rep05-seed200005-v2,A-kem768-gilbert-prr0p90-L5-rep05-seed200005,A_B1_VS_B2,COOJA_SIMULATION,768,2,gilbert,0.9,5.0,none,200005,valid,none,,,runs/A-kem768-gilbert-prr0p90-L5-rep05-seed200005-v2/cooja.log,aac3e96a98c316d7c1ccace008ec7cba40e0f19d83b364c7026b9dfb28517050,11593,117,success,0,FAILED_PROTOCOL
A-kem768-gilbert-prr0p90-L5-rep06-seed200006-v1,A-kem768-gilbert-prr0p90-L5-rep06-seed200006,A_B1_VS_B2,COOJA_SIMULATION,768,1,gilbert,0.9,5.0,none,200006,valid,none,,,runs/A-kem768-gilbert-prr0p90-L5-rep06-seed200006-v1/cooja.log,e0681d122df5d766f1a942b103905d00dea3ca02784075f7338e6c9eef6c9926,12048,120,success,0,FAILED_PROTOCOL
A-kem768-gilbert-prr0p90-L5-rep06-seed200006-v2,A-kem768-gilbert-prr0p90-L5-rep06-seed200006,A_B1_VS_B2,COOJA_SIMULATION,768,2,gilbert,0.9,5.0,none,200006,valid,none,,,runs/A-kem768-gilbert-prr0p90-L5-rep06-seed200006-v2/cooja.log,84040cd947da776a585e2e50d913b5795e61ca10666d56f1fa4c63f400bbc634,18953,191,success,1,SUCCESS
A-kem768-gilbert-prr0p90-L5-rep07-seed200007-v1,A-kem768-gilbert-prr0p90-L5-rep07-seed200007,A_B1_VS_B2,COOJA_SIMULATION,768,1,gilbert,0.9,5.0,none,200007,valid,none,,,runs/A-kem768-gilbert-prr0p90-L5-rep07-seed200007-v1/cooja.log,8fd0e9595abe7605aaddc254ca4a24ddde2157e9c608e013a6ea658799bd3264,12215,129,success,1,SUCCESS
A-kem768-gilbert-prr0p90-L5-rep07-seed200007-v2,A-kem768-gilbert-prr0p90-L5-rep07-seed200007,A_B1_VS_B2,COOJA_SIMULATION,768,2,gilbert,0.9,5.0,none,200007,valid,none,,,runs/A-kem768-gilbert-prr0p90-L5-rep07-seed200007-v2/cooja.log,0a105dc2a1ceabadbfb7f47ea0f1f2255e6d79a56f4d5dbd41aac2ebe02cd5a1,16847,168,success,1,SUCCESS
A-kem768-gilbert-prr0p90-L5-rep08-seed200008-v1,A-kem768-gilbert-prr0p90-L5-rep08-seed200008,A_B1_VS_B2,COOJA_SIMULATION,768,1,gilbert,0.9,5.0,none,200008,valid,none,,,runs/A-kem768-gilbert-prr0p90-L5-rep08-seed200008-v1/cooja.log,dc85b84e11a0a14944d6103eba112e8a74129224d6528db0052f032380e3522c,13186,135,success,0,FAILED_PROTOCOL
A-kem768-gilbert-prr0p90-L5-rep08-seed200008-v2,A-kem768-gilbert-prr0p90-L5-rep08-seed200008,A_B1_VS_B2,COOJA_SIMULATION,768,2,gilbert,0.9,5.0,none,200008,valid,none,,,runs/A-kem768-gilbert-prr0p90-L5-rep08-seed200008-v2/cooja.log,7d90ae061db94808e041cb5c4fa083f5870d22260b15bc1498154082b2b1713d,13420,137,success,0,FAILED_PROTOCOL
A-kem768-gilbert-prr0p90-L5-rep09-seed200009-v1,A-kem768-gilbert-prr0p90-L5-rep09-seed200009,A_B1_VS_B2,COOJA_SIMULATION,768,1,gilbert,0.9,5.0,none,200009,valid,none,,,runs/A-kem768-gilbert-prr0p90-L5-rep09-seed200009-v1/cooja.log,d99ea63501b1727ba7f73edd682759cb826db829b28228d6928f2ecdd2e40af7,14994,156,success,0,FAILED_PROTOCOL
A-kem768-gilbert-prr0p90-L5-rep09-seed200009-v2,A-kem768-gilbert-prr0p90-L5-rep09-seed200009,A_B1_VS_B2,COOJA_SIMULATION,768,2,gilbert,0.9,5.0,none,200009,valid,none,,,runs/A-kem768-gilbert-prr0p90-L5-rep09-seed200009-v2/cooja.log,fb1bc50183cab5c9a36875c8601160d43c524affaf25333f37c0d7098a0249f7,15228,158,success,0,FAILED_PROTOCOL
A-kem768-gilbert-prr0p90-L5-rep10-seed200010-v1,A-kem768-gilbert-prr0p90-L5-rep10-seed200010,A_B1_VS_B2,COOJA_SIMULATION,768,1,gilbert,0.9,5.0,none,200010,valid,none,,,runs/A-kem768-gilbert-prr0p90-L5-rep10-seed200010-v1/cooja.log,b45b1e8793dbefd880c2cad3cab8fe90b271393dea4f19cb52fc5a975f6f436e,15028,152,success,0,FAILED_PROTOCOL
A-kem768-gilbert-prr0p90-L5-rep10-seed200010-v2,A-kem768-gilbert-prr0p90-L5-rep10-seed200010,A_B1_VS_B2,COOJA_SIMULATION,768,2,gilbert,0.9,5.0,none,200010,valid,none,,,runs/A-kem768-gilbert-prr0p90-L5-rep10-seed200010-v2/cooja.log,27e67ee235c0a692e5699813d6ecc8fe5426a468c22ec86af08e2354e12129f1,17888,180,success,1,SUCCESS
A-kem768-gilbert-prr0p90-L5-rep11-seed200011-v1,A-kem768-gilbert-prr0p90-L5-rep11-seed200011,A_B1_VS_B2,COOJA_SIMULATION,768,1,gilbert,0.9,5.0,none,200011,valid,none,,,runs/A-kem768-gilbert-prr0p90-L5-rep11-seed200011-v1/cooja.log,37c2a6b0c1300fa24d4e6652d0fbef4a23533ba6b39be360b6752ca3d5b67272,12521,132,success,1,SUCCESS
A-kem768-gilbert-prr0p90-L5-rep11-seed200011-v2,A-kem768-gilbert-prr0p90-L5-rep11-seed200011,A_B1_VS_B2,COOJA_SIMULATION,768,2,gilbert,0.9,5.0,none,200011,valid,none,,,runs/A-kem768-gilbert-prr0p90-L5-rep11-seed200011-v2/cooja.log,e0a50413b62b3b7e305f02408a0bd5f93a4e3c10df72ea99e50a146c8b55d79f,17704,177,success,1,SUCCESS
A-kem768-gilbert-prr0p90-L5-rep12-seed200012-v1,A-kem768-gilbert-prr0p90-L5-rep12-seed200012,A_B1_VS_B2,COOJA_SIMULATION,768,1,gilbert,0.9,5.0,none,200012,valid,none,,,runs/A-kem768-gilbert-prr0p90-L5-rep12-seed200012-v1/cooja.log,aad0b81a5248666d39677e0bcbf59358d04fef699d539229d14d06c7b126bdab,11679,119,success,0,FAILED_PROTOCOL
A-kem768-gilbert-prr0p90-L5-rep12-seed200012-v2,A-kem768-gilbert-prr0p90-L5-rep12-seed200012,A_B1_VS_B2,COOJA_SIMULATION,768,2,gilbert,0.9,5.0,none,200012,valid,none,,,runs/A-kem768-gilbert-prr0p90-L5-rep12-seed200012-v2/cooja.log,6636d03bef96ac469cfed392a06a343309b02911ca4ae33e3a2b2eb2d1bff64f,11913,121,success,0,FAILED_PROTOCOL
A-kem768-gilbert-prr0p90-L5-rep13-seed200013-v1,A-kem768-gilbert-prr0p90-L5-rep13-seed200013,A_B1_VS_B2,COOJA_SIMULATION,768,1,gilbert,0.9,5.0,none,200013,valid,none,,,runs/A-kem768-gilbert-prr0p90-L5-rep13-seed200013-v1/cooja.log,f1a3d047592709f018ee442206a59ae5538009be192cf54283ad11c1ea99a67d,12224,129,success,1,SUCCESS
A-kem768-gilbert-prr0p90-L5-rep13-seed200013-v2,A-kem768-gilbert-prr0p90-L5-rep13-seed200013,A_B1_VS_B2,COOJA_SIMULATION,768,2,gilbert,0.9,5.0,none,200013,valid,none,,,runs/A-kem768-gilbert-prr0p90-L5-rep13-seed200013-v2/cooja.log,1cb25c3e973679bd338e3eb14f34173f126bd105bba48711703f653b84e5b8c2,16856,168,success,1,SUCCESS
A-kem768-gilbert-prr0p90-L5-rep14-seed200014-v1,A-kem768-gilbert-prr0p90-L5-rep14-seed200014,A_B1_VS_B2,COOJA_SIMULATION,768,1,gilbert,0.9,5.0,none,200014,valid,none,,,runs/A-kem768-gilbert-prr0p90-L5-rep14-seed200014-v1/cooja.log,8787bde9bb957b5221b40ddfaa275f692ca67f7aabad9237b1320c1ec0d88e01,11784,117,success,0,FAILED_PROTOCOL
A-kem768-gilbert-prr0p90-L5-rep14-seed200014-v2,A-kem768-gilbert-prr0p90-L5-rep14-seed200014,A_B1_VS_B2,COOJA_SIMULATION,768,2,gilbert,0.9,5.0,none,200014,valid,none,,,runs/A-kem768-gilbert-prr0p90-L5-rep14-seed200014-v2/cooja.log,34befe0ff4c0b5d1cd54dec9d7d127023f047d6614fda3cef988a30568505300,18241,183,success,1,SUCCESS
A-kem768-gilbert-prr0p90-L5-rep15-seed200015-v1,A-kem768-gilbert-prr0p90-L5-rep15-seed200015,A_B1_VS_B2,COOJA_SIMULATION,768,1,gilbert,0.9,5.0,none,200015,valid,none,,,runs/A-kem768-gilbert-prr0p90-L5-rep15-seed200015-v1/cooja.log,8e5e131bb9626a51ded3fd43368ecd1585ca5b12b9c1e5215b7188992fa43d46,12215,129,success,1,SUCCESS
A-kem768-gilbert-prr0p90-L5-rep15-seed200015-v2,A-kem768-gilbert-prr0p90-L5-rep15-seed200015,A_B1_VS_B2,COOJA_SIMULATION,768,2,gilbert,0.9,5.0,none,200015,valid,none,,,runs/A-kem768-gilbert-prr0p90-L5-rep15-seed200015-v2/cooja.log,b854192da4dbf9f4da8c2f1efd06f8438ad9b4dd7b5bc3547abe84910db24537,17755,178,success,1,SUCCESS
A-kem768-gilbert-prr0p90-L5-rep16-seed200016-v1,A-kem768-gilbert-prr0p90-L5-rep16-seed200016,A_B1_VS_B2,COOJA_SIMULATION,768,1,gilbert,0.9,5.0,none,200016,valid,none,,,runs/A-kem768-gilbert-prr0p90-L5-rep16-seed200016-v1/cooja.log,4aa5374e4d5c3471f6fc1cab46713c497a23be1369f640c4fadd4f58b3e5f829,11949,121,success,0,FAILED_PROTOCOL
A-kem768-gilbert-prr0p90-L5-rep16-seed200016-v2,A-kem768-gilbert-prr0p90-L5-rep16-seed200016,A_B1_VS_B2,COOJA_SIMULATION,768,2,gilbert,0.9,5.0,none,200016,valid,none,,,runs/A-kem768-gilbert-prr0p90-L5-rep16-seed200016-v2/cooja.log,7e42d9ef0e5ab7ffd074bae5dd2c4c9da2cbb2d5bd863fde40ab463c9cf9d41d,12183,123,success,0,FAILED_PROTOCOL
A-kem768-gilbert-prr0p90-L5-rep17-seed200017-v1,A-kem768-gilbert-prr0p90-L5-rep17-seed200017,A_B1_VS_B2,COOJA_SIMULATION,768,1,gilbert,0.9,5.0,none,200017,valid,none,,,runs/A-kem768-gilbert-prr0p90-L5-rep17-seed200017-v1/cooja.log,0e9ccac541fae519312222ae580c83f238ae6db52c3507e3576fc1ce5996da86,13601,140,success,0,FAILED_PROTOCOL
A-kem768-gilbert-prr0p90-L5-rep17-seed200017-v2,A-kem768-gilbert-prr0p90-L5-rep17-seed200017,A_B1_VS_B2,COOJA_SIMULATION,768,2,gilbert,0.9,5.0,none,200017,valid,none,,,runs/A-kem768-gilbert-prr0p90-L5-rep17-seed200017-v2/cooja.log,efec9a7c4239d20832b2a3f3614928c60c47f3c4073c7ae83fa028195cdd1c1c,13835,142,success,0,FAILED_PROTOCOL
A-kem768-gilbert-prr0p90-L5-rep18-seed200018-v1,A-kem768-gilbert-prr0p90-L5-rep18-seed200018,A_B1_VS_B2,COOJA_SIMULATION,768,1,gilbert,0.9,5.0,none,200018,valid,none,,,runs/A-kem768-gilbert-prr0p90-L5-rep18-seed200018-v1/cooja.log,cc667051d84b06abfcdf3852acad7f476db4536715598df26a6e50cd7a2e4322,11953,119,success,0,FAILED_PROTOCOL
A-kem768-gilbert-prr0p90-L5-rep18-seed200018-v2,A-kem768-gilbert-prr0p90-L5-rep18-seed200018,A_B1_VS_B2,COOJA_SIMULATION,768,2,gilbert,0.9,5.0,none,200018,valid,none,,,runs/A-kem768-gilbert-prr0p90-L5-rep18-seed200018-v2/cooja.log,711c10d9295eeb4f9e75320049acc15f2f0df647a024ae979fc5cb15fa28abd0,17560,176,success,1,SUCCESS
A-kem768-gilbert-prr0p90-L5-rep19-seed200019-v1,A-kem768-gilbert-prr0p90-L5-rep19-seed200019,A_B1_VS_B2,COOJA_SIMULATION,768,1,gilbert,0.9,5.0,none,200019,valid,none,,,runs/A-kem768-gilbert-prr0p90-L5-rep19-seed200019-v1/cooja.log,f91807032b67c695f1de2e0be2f703e6dbcd42ad7529974f7a03178977a5661e,12224,129,success,1,SUCCESS
A-kem768-gilbert-prr0p90-L5-rep19-seed200019-v2,A-kem768-gilbert-prr0p90-L5-rep19-seed200019,A_B1_VS_B2,COOJA_SIMULATION,768,2,gilbert,0.9,5.0,none,200019,valid,none,,,runs/A-kem768-gilbert-prr0p90-L5-rep19-seed200019-v2/cooja.log,9b911047ed7103c3d454f2f497ff1d38eaa03d18f9421aae533d8bb768abd86c,16856,168,success,1,SUCCESS
A-kem768-gilbert-prr0p90-L5-rep20-seed200020-v1,A-kem768-gilbert-prr0p90-L5-rep20-seed200020,A_B1_VS_B2,COOJA_SIMULATION,768,1,gilbert,0.9,5.0,none,200020,valid,none,,,runs/A-kem768-gilbert-prr0p90-L5-rep20-seed200020-v1/cooja.log,6ef22b156051a9560c2b41b6706d023d960e30c986e5ffc1b654e4c2c642cd9e,12215,129,success,1,SUCCESS
A-kem768-gilbert-prr0p90-L5-rep20-seed200020-v2,A-kem768-gilbert-prr0p90-L5-rep20-seed200020,A_B1_VS_B2,COOJA_SIMULATION,768,2,gilbert,0.9,5.0,none,200020,valid,none,,,runs/A-kem768-gilbert-prr0p90-L5-rep20-seed200020-v2/cooja.log,79b5bdaf006c77284b06ce9ca997d39381eccb682aa6f7f355b10dbbf969ea40,16847,168,success,1,SUCCESS
A-kem768-gilbert-prr0p90-L5-rep21-seed200021-v1,A-kem768-gilbert-prr0p90-L5-rep21-seed200021,A_B1_VS_B2,COOJA_SIMULATION,768,1,gilbert,0.9,5.0,none,200021,valid,none,,,runs/A-kem768-gilbert-prr0p90-L5-rep21-seed200021-v1/cooja.log,ffb21aca17f2b45d7f9425205af4570b2210422635b0484e481baecaf7c10f25,12215,129,success,1,SUCCESS
A-kem768-gilbert-prr0p90-L5-rep21-seed200021-v2,A-kem768-gilbert-prr0p90-L5-rep21-seed200021,A_B1_VS_B2,COOJA_SIMULATION,768,2,gilbert,0.9,5.0,none,200021,valid,none,,,runs/A-kem768-gilbert-prr0p90-L5-rep21-seed200021-v2/cooja.log,6f03030f523b628fc7c83f726c3aea44844632b45129a859d2b5780b7d69e070,16847,168,success,1,SUCCESS
A-kem768-gilbert-prr0p90-L5-rep22-seed200022-v1,A-kem768-gilbert-prr0p90-L5-rep22-seed200022,A_B1_VS_B2,COOJA_SIMULATION,768,1,gilbert,0.9,5.0,none,200022,valid,none,,,runs/A-kem768-gilbert-prr0p90-L5-rep22-seed200022-v1/cooja.log,ab1809a8356062dda74e8436fe7861112e2fb160728e0d132a8ebe2d93d5e6de,13296,136,success,0,FAILED_PROTOCOL
A-kem768-gilbert-prr0p90-L5-rep22-seed200022-v2,A-kem768-gilbert-prr0p90-L5-rep22-seed200022,A_B1_VS_B2,COOJA_SIMULATION,768,2,gilbert,0.9,5.0,none,200022,valid,none,,,runs/A-kem768-gilbert-prr0p90-L5-rep22-seed200022-v2/cooja.log,c26de428e874ea0eab153c895e50c1d09d452025f1101382c765dea8f5b49303,13530,138,success,0,FAILED_PROTOCOL
A-kem768-gilbert-prr0p90-L5-rep23-seed200023-v1,A-kem768-gilbert-prr0p90-L5-rep23-seed200023,A_B1_VS_B2,COOJA_SIMULATION,768,1,gilbert,0.9,5.0,none,200023,valid,none,,,runs/A-kem768-gilbert-prr0p90-L5-rep23-seed200023-v1/cooja.log,f8fee760829be64d905f4b8bf7f6f5214a17d9050d269c59c8aa997c0714febb,12147,128,success,1,SUCCESS
A-kem768-gilbert-prr0p90-L5-rep23-seed200023-v2,A-kem768-gilbert-prr0p90-L5-rep23-seed200023,A_B1_VS_B2,COOJA_SIMULATION,768,2,gilbert,0.9,5.0,none,200023,valid,none,,,runs/A-kem768-gilbert-prr0p90-L5-rep23-seed200023-v2/cooja.log,943e232f834273f58418f451d9a7cb9f5011b318abaa0392414ea2352341a91a,16779,167,success,1,SUCCESS
A-kem768-gilbert-prr0p90-L5-rep24-seed200024-v1,A-kem768-gilbert-prr0p90-L5-rep24-seed200024,A_B1_VS_B2,COOJA_SIMULATION,768,1,gilbert,0.9,5.0,none,200024,valid,none,,,runs/A-kem768-gilbert-prr0p90-L5-rep24-seed200024-v1/cooja.log,152e8446b7eea68f902d79804b2e4cea7a5e42c6ba38b24ce6837dbd96c509c0,12221,129,success,1,SUCCESS
A-kem768-gilbert-prr0p90-L5-rep24-seed200024-v2,A-kem768-gilbert-prr0p90-L5-rep24-seed200024,A_B1_VS_B2,COOJA_SIMULATION,768,2,gilbert,0.9,5.0,none,200024,valid,none,,,runs/A-kem768-gilbert-prr0p90-L5-rep24-seed200024-v2/cooja.log,a324a8e7970c52a9e2fa2cce9655e397c6ef6bd267fec402c43db86f5d59cba2,16853,168,success,1,SUCCESS
A-kem768-gilbert-prr0p90-L5-rep25-seed200025-v1,A-kem768-gilbert-prr0p90-L5-rep25-seed200025,A_B1_VS_B2,COOJA_SIMULATION,768,1,gilbert,0.9,5.0,none,200025,valid,none,,,runs/A-kem768-gilbert-prr0p90-L5-rep25-seed200025-v1/cooja.log,410a13d07c07c990856afde4931b24aebb6a69731f90f836b3a784e7d0134d95,15829,160,success,0,FAILED_PROTOCOL
A-kem768-gilbert-prr0p90-L5-rep25-seed200025-v2,A-kem768-gilbert-prr0p90-L5-rep25-seed200025,A_B1_VS_B2,COOJA_SIMULATION,768,2,gilbert,0.9,5.0,none,200025,valid,none,,,runs/A-kem768-gilbert-prr0p90-L5-rep25-seed200025-v2/cooja.log,a8feddc213238526c8b049681360365b8f3490513f0b2b5aa2701e6a3998044b,15642,160,success,0,FAILED_PROTOCOL
A-kem768-gilbert-prr0p90-L5-rep26-seed200026-v1,A-kem768-gilbert-prr0p90-L5-rep26-seed200026,A_B1_VS_B2,COOJA_SIMULATION,768,1,gilbert,0.9,5.0,none,200026,valid,none,,,runs/A-kem768-gilbert-prr0p90-L5-rep26-seed200026-v1/cooja.log,dd5f03e926a676f050317af7c41308ef2d84122fd9f48518e858ec0ca981759b,12218,129,success,1,SUCCESS
A-kem768-gilbert-prr0p90-L5-rep26-seed200026-v2,A-kem768-gilbert-prr0p90-L5-rep26-seed200026,A_B1_VS_B2,COOJA_SIMULATION,768,2,gilbert,0.9,5.0,none,200026,valid,none,,,runs/A-kem768-gilbert-prr0p90-L5-rep26-seed200026-v2/cooja.log,19844a1893020eeb6b67cf1574b175d2d391430a50e380a5212ec94147f98393,16850,168,success,1,SUCCESS
A-kem768-gilbert-prr0p90-L5-rep27-seed200027-v1,A-kem768-gilbert-prr0p90-L5-rep27-seed200027,A_B1_VS_B2,COOJA_SIMULATION,768,1,gilbert,0.9,5.0,none,200027,valid,none,,,runs/A-kem768-gilbert-prr0p90-L5-rep27-seed200027-v1/cooja.log,e07aa5e13d61001e42f2e6b7e0ab976de0078dcd64c96241469027b294596bc1,10998,110,success,0,FAILED_PROTOCOL
A-kem768-gilbert-prr0p90-L5-rep27-seed200027-v2,A-kem768-gilbert-prr0p90-L5-rep27-seed200027,A_B1_VS_B2,COOJA_SIMULATION,768,2,gilbert,0.9,5.0,none,200027,valid,none,,,runs/A-kem768-gilbert-prr0p90-L5-rep27-seed200027-v2/cooja.log,388559432ec8f9b97d047565acbb52fb5802b1308c0c062ea15012c636ae4b4a,11232,112,success,0,FAILED_PROTOCOL
A-kem768-gilbert-prr0p90-L5-rep28-seed200028-v1,A-kem768-gilbert-prr0p90-L5-rep28-seed200028,A_B1_VS_B2,COOJA_SIMULATION,768,1,gilbert,0.9,5.0,none,200028,valid,none,,,runs/A-kem768-gilbert-prr0p90-L5-rep28-seed200028-v1/cooja.log,318d41028330597b66c76ac21cab28acdac9da6a989c8e06a7d4603558a9480c,12221,129,success,1,SUCCESS
A-kem768-gilbert-prr0p90-L5-rep28-seed200028-v2,A-kem768-gilbert-prr0p90-L5-rep28-seed200028,A_B1_VS_B2,COOJA_SIMULATION,768,2,gilbert,0.9,5.0,none,200028,valid,none,,,runs/A-kem768-gilbert-prr0p90-L5-rep28-seed200028-v2/cooja.log,c59b2346d3c33129880e51b10e58c176aaddd427b7132443b9eea18fc6b4f877,16853,168,success,1,SUCCESS
A-kem768-gilbert-prr0p90-L5-rep29-seed200029-v1,A-kem768-gilbert-prr0p90-L5-rep29-seed200029,A_B1_VS_B2,COOJA_SIMULATION,768,1,gilbert,0.9,5.0,none,200029,valid,none,,,runs/A-kem768-gilbert-prr0p90-L5-rep29-seed200029-v1/cooja.log,4bc7152cf9d66bedee0000e084fe481b6c09a4e21a4ddf7bf0e19a21bd1bf0c9,12259,121,success,0,FAILED_PROTOCOL
A-kem768-gilbert-prr0p90-L5-rep29-seed200029-v2,A-kem768-gilbert-prr0p90-L5-rep29-seed200029,A_B1_VS_B2,COOJA_SIMULATION,768,2,gilbert,0.9,5.0,none,200029,valid,none,,,runs/A-kem768-gilbert-prr0p90-L5-rep29-seed200029-v2/cooja.log,bffa5baf9b09504a981d766e5912e4ebe0ab1bcb20636128ebeb1a9c51c4fda5,14107,141,success,0,FAILED_PROTOCOL
A-kem768-gilbert-prr0p90-L5-rep30-seed200030-v1,A-kem768-gilbert-prr0p90-L5-rep30-seed200030,A_B1_VS_B2,COOJA_SIMULATION,768,1,gilbert,0.9,5.0,none,200030,valid,none,,,runs/A-kem768-gilbert-prr0p90-L5-rep30-seed200030-v1/cooja.log,331764b6f6f6e7a4c9ff02f6b4a668e48c094f58b7bff76345566646da5a1247,12224,129,success,1,SUCCESS
A-kem768-gilbert-prr0p90-L5-rep30-seed200030-v2,A-kem768-gilbert-prr0p90-L5-rep30-seed200030,A_B1_VS_B2,COOJA_SIMULATION,768,2,gilbert,0.9,5.0,none,200030,valid,none,,,runs/A-kem768-gilbert-prr0p90-L5-rep30-seed200030-v2/cooja.log,9279c9f781e1249bf119e52596bcd46d51cda602eff89be1d8f040727479b496,16856,168,success,1,SUCCESS
A-kem768-gilbert-prr0p90-L10-rep01-seed200001-v1,A-kem768-gilbert-prr0p90-L10-rep01-seed200001,A_B1_VS_B2,COOJA_SIMULATION,768,1,gilbert,0.9,10.0,none,200001,valid,none,,,runs/A-kem768-gilbert-prr0p90-L10-rep01-seed200001-v1/cooja.log,09ce91053f57335c7b53776e9e6420fc697bf85bb1ee331e1e449b7485f5a92e,12218,129,success,1,SUCCESS
A-kem768-gilbert-prr0p90-L10-rep01-seed200001-v2,A-kem768-gilbert-prr0p90-L10-rep01-seed200001,A_B1_VS_B2,COOJA_SIMULATION,768,2,gilbert,0.9,10.0,none,200001,valid,none,,,runs/A-kem768-gilbert-prr0p90-L10-rep01-seed200001-v2/cooja.log,77880c7ea9686ab94a770bc3054b4e12a49f0d21e97be115d1bf77ed41844f8b,16850,168,success,1,SUCCESS
A-kem768-gilbert-prr0p90-L10-rep02-seed200002-v1,A-kem768-gilbert-prr0p90-L10-rep02-seed200002,A_B1_VS_B2,COOJA_SIMULATION,768,1,gilbert,0.9,10.0,none,200002,valid,none,,,runs/A-kem768-gilbert-prr0p90-L10-rep02-seed200002-v1/cooja.log,cb264ca6f43f5d83f13910adeb82abe361bc87dc403cea027adaf17339532dd0,8749,84,success,0,FAILED_PROTOCOL
A-kem768-gilbert-prr0p90-L10-rep02-seed200002-v2,A-kem768-gilbert-prr0p90-L10-rep02-seed200002,A_B1_VS_B2,COOJA_SIMULATION,768,2,gilbert,0.9,10.0,none,200002,valid,none,,,runs/A-kem768-gilbert-prr0p90-L10-rep02-seed200002-v2/cooja.log,aae9a3d99dad8e70d1fd0c11e99e25cac095a992ac82a85d0d68ed9ccc46a446,8983,86,success,0,FAILED_PROTOCOL
A-kem768-gilbert-prr0p90-L10-rep03-seed200003-v1,A-kem768-gilbert-prr0p90-L10-rep03-seed200003,A_B1_VS_B2,COOJA_SIMULATION,768,1,gilbert,0.9,10.0,none,200003,valid,none,,,runs/A-kem768-gilbert-prr0p90-L10-rep03-seed200003-v1/cooja.log,ab6531157eaedb4139b74cabcd5cb1f0f0be50203d3c07bbba016345923e6913,13068,134,success,0,FAILED_PROTOCOL
A-kem768-gilbert-prr0p90-L10-rep03-seed200003-v2,A-kem768-gilbert-prr0p90-L10-rep03-seed200003,A_B1_VS_B2,COOJA_SIMULATION,768,2,gilbert,0.9,10.0,none,200003,valid,none,,,runs/A-kem768-gilbert-prr0p90-L10-rep03-seed200003-v2/cooja.log,f5c957af2db1b28ff86f08bcee63707d5ec22ec5c5bfb9871a30f45646308ae5,13302,136,success,0,FAILED_PROTOCOL
A-kem768-gilbert-prr0p90-L10-rep04-seed200004-v1,A-kem768-gilbert-prr0p90-L10-rep04-seed200004,A_B1_VS_B2,COOJA_SIMULATION,768,1,gilbert,0.9,10.0,none,200004,valid,none,,,runs/A-kem768-gilbert-prr0p90-L10-rep04-seed200004-v1/cooja.log,628b9d88daeeb4a7b42bd79247b99f942e546a2a847cd5373abe9a500f8e7884,12221,129,success,1,SUCCESS
A-kem768-gilbert-prr0p90-L10-rep04-seed200004-v2,A-kem768-gilbert-prr0p90-L10-rep04-seed200004,A_B1_VS_B2,COOJA_SIMULATION,768,2,gilbert,0.9,10.0,none,200004,valid,none,,,runs/A-kem768-gilbert-prr0p90-L10-rep04-seed200004-v2/cooja.log,519e9ea6770665b23c26733a53ec956f99596461a8b9bda831fda537a0c60417,16909,177,success,1,SUCCESS
A-kem768-gilbert-prr0p90-L10-rep05-seed200005-v1,A-kem768-gilbert-prr0p90-L10-rep05-seed200005,A_B1_VS_B2,COOJA_SIMULATION,768,1,gilbert,0.9,10.0,none,200005,valid,none,,,runs/A-kem768-gilbert-prr0p90-L10-rep05-seed200005-v1/cooja.log,9ba888fa44d54347f8e60e356e4f865d45ccee1e9751258f724c66fcf6d9bf79,11359,115,success,0,FAILED_PROTOCOL
A-kem768-gilbert-prr0p90-L10-rep05-seed200005-v2,A-kem768-gilbert-prr0p90-L10-rep05-seed200005,A_B1_VS_B2,COOJA_SIMULATION,768,2,gilbert,0.9,10.0,none,200005,valid,none,,,runs/A-kem768-gilbert-prr0p90-L10-rep05-seed200005-v2/cooja.log,aac3e96a98c316d7c1ccace008ec7cba40e0f19d83b364c7026b9dfb28517050,11593,117,success,0,FAILED_PROTOCOL
A-kem768-gilbert-prr0p90-L10-rep06-seed200006-v1,A-kem768-gilbert-prr0p90-L10-rep06-seed200006,A_B1_VS_B2,COOJA_SIMULATION,768,1,gilbert,0.9,10.0,none,200006,valid,none,,,runs/A-kem768-gilbert-prr0p90-L10-rep06-seed200006-v1/cooja.log,39ac8241593c612efe4db7dbfd450260832e0e7d90c58f0f7e22fafedf401826,11884,118,success,0,FAILED_PROTOCOL
A-kem768-gilbert-prr0p90-L10-rep06-seed200006-v2,A-kem768-gilbert-prr0p90-L10-rep06-seed200006,A_B1_VS_B2,COOJA_SIMULATION,768,2,gilbert,0.9,10.0,none,200006,valid,none,,,runs/A-kem768-gilbert-prr0p90-L10-rep06-seed200006-v2/cooja.log,da3e0674749ea7cc7a3c9d01a7eb3bd885732559ea1dbfd74acd79e8aece9b6d,24087,248,success,0,FAILED_PROTOCOL
A-kem768-gilbert-prr0p90-L10-rep07-seed200007-v1,A-kem768-gilbert-prr0p90-L10-rep07-seed200007,A_B1_VS_B2,COOJA_SIMULATION,768,1,gilbert,0.9,10.0,none,200007,valid,none,,,runs/A-kem768-gilbert-prr0p90-L10-rep07-seed200007-v1/cooja.log,8fd0e9595abe7605aaddc254ca4a24ddde2157e9c608e013a6ea658799bd3264,12215,129,success,1,SUCCESS
A-kem768-gilbert-prr0p90-L10-rep07-seed200007-v2,A-kem768-gilbert-prr0p90-L10-rep07-seed200007,A_B1_VS_B2,COOJA_SIMULATION,768,2,gilbert,0.9,10.0,none,200007,valid,none,,,runs/A-kem768-gilbert-prr0p90-L10-rep07-seed200007-v2/cooja.log,0a105dc2a1ceabadbfb7f47ea0f1f2255e6d79a56f4d5dbd41aac2ebe02cd5a1,16847,168,success,1,SUCCESS
A-kem768-gilbert-prr0p90-L10-rep08-seed200008-v1,A-kem768-gilbert-prr0p90-L10-rep08-seed200008,A_B1_VS_B2,COOJA_SIMULATION,768,1,gilbert,0.9,10.0,none,200008,valid,none,,,runs/A-kem768-gilbert-prr0p90-L10-rep08-seed200008-v1/cooja.log,66e57e052037b55ce0f008b47229953b34a0290cd0723ee06c00fe680da3a8ae,12734,128,success,0,FAILED_PROTOCOL
A-kem768-gilbert-prr0p90-L10-rep08-seed200008-v2,A-kem768-gilbert-prr0p90-L10-rep08-seed200008,A_B1_VS_B2,COOJA_SIMULATION,768,2,gilbert,0.9,10.0,none,200008,valid,none,,,runs/A-kem768-gilbert-prr0p90-L10-rep08-seed200008-v2/cooja.log,d04798919b8d717bde0fe4d8194abb57dcdc8549a682704804cd9f05fb974173,20612,216,success,0,FAILED_PROTOCOL
A-kem768-gilbert-prr0p90-L10-rep09-seed200009-v1,A-kem768-gilbert-prr0p90-L10-rep09-seed200009,A_B1_VS_B2,COOJA_SIMULATION,768,1,gilbert,0.9,10.0,none,200009,valid,none,,,runs/A-kem768-gilbert-prr0p90-L10-rep09-seed200009-v1/cooja.log,d99ea63501b1727ba7f73edd682759cb826db829b28228d6928f2ecdd2e40af7,14994,156,success,0,FAILED_PROTOCOL
A-kem768-gilbert-prr0p90-L10-rep09-seed200009-v2,A-kem768-gilbert-prr0p90-L10-rep09-seed200009,A_B1_VS_B2,COOJA_SIMULATION,768,2,gilbert,0.9,10.0,none,200009,valid,none,,,runs/A-kem768-gilbert-prr0p90-L10-rep09-seed200009-v2/cooja.log,fb1bc50183cab5c9a36875c8601160d43c524affaf25333f37c0d7098a0249f7,15228,158,success,0,FAILED_PROTOCOL
A-kem768-gilbert-prr0p90-L10-rep10-seed200010-v1,A-kem768-gilbert-prr0p90-L10-rep10-seed200010,A_B1_VS_B2,COOJA_SIMULATION,768,1,gilbert,0.9,10.0,none,200010,valid,none,,,runs/A-kem768-gilbert-prr0p90-L10-rep10-seed200010-v1/cooja.log,3692a0800d714c2960eef354930ff3f195b4de6dbed0d1159268401d3201d9d3,14804,149,success,0,FAILED_PROTOCOL
A-kem768-gilbert-prr0p90-L10-rep10-seed200010-v2,A-kem768-gilbert-prr0p90-L10-rep10-seed200010,A_B1_VS_B2,COOJA_SIMULATION,768,2,gilbert,0.9,10.0,none,200010,valid,none,,,runs/A-kem768-gilbert-prr0p90-L10-rep10-seed200010-v2/cooja.log,115fd0d831df3f487ea7defbe9df7a638bd5127b2653bb23681f08dcf681e1c6,18409,186,success,0,FAILED_PROTOCOL
A-kem768-gilbert-prr0p90-L10-rep11-seed200011-v1,A-kem768-gilbert-prr0p90-L10-rep11-seed200011,A_B1_VS_B2,COOJA_SIMULATION,768,1,gilbert,0.9,10.0,none,200011,valid,none,,,runs/A-kem768-gilbert-prr0p90-L10-rep11-seed200011-v1/cooja.log,95886bf48e34879a0a3486883fbbb833de63c79f302dd8f001502a45216c2d4b,12783,135,success,1,SUCCESS
A-kem768-gilbert-prr0p90-L10-rep11-seed200011-v2,A-kem768-gilbert-prr0p90-L10-rep11-seed200011,A_B1_VS_B2,COOJA_SIMULATION,768,2,gilbert,0.9,10.0,none,200011,valid,none,,,runs/A-kem768-gilbert-prr0p90-L10-rep11-seed200011-v2/cooja.log,58d2fddd96c5d86b0348249b4e3c881f2e9b1eadca46d7292aabc34cb93c966a,17415,174,success,1,SUCCESS
A-kem768-gilbert-prr0p90-L10-rep12-seed200012-v1,A-kem768-gilbert-prr0p90-L10-rep12-seed200012,A_B1_VS_B2,COOJA_SIMULATION,768,1,gilbert,0.9,10.0,none,200012,valid,none,,,runs/A-kem768-gilbert-prr0p90-L10-rep12-seed200012-v1/cooja.log,07b74ccb0dfcbe21ab607280ba68fda46516f8f586f854698f578333a2a6af04,8934,86,success,0,FAILED_PROTOCOL
A-kem768-gilbert-prr0p90-L10-rep12-seed200012-v2,A-kem768-gilbert-prr0p90-L10-rep12-seed200012,A_B1_VS_B2,COOJA_SIMULATION,768,2,gilbert,0.9,10.0,none,200012,valid,none,,,runs/A-kem768-gilbert-prr0p90-L10-rep12-seed200012-v2/cooja.log,699d124aa253083a12fd3c97a213be81558ad8312bfa94e197e2d8d01b0e8f30,9168,88,success,0,FAILED_PROTOCOL
A-kem768-gilbert-prr0p90-L10-rep13-seed200013-v1,A-kem768-gilbert-prr0p90-L10-rep13-seed200013,A_B1_VS_B2,COOJA_SIMULATION,768,1,gilbert,0.9,10.0,none,200013,valid,none,,,runs/A-kem768-gilbert-prr0p90-L10-rep13-seed200013-v1/cooja.log,f1a3d047592709f018ee442206a59ae5538009be192cf54283ad11c1ea99a67d,12224,129,success,1,SUCCESS
A-kem768-gilbert-prr0p90-L10-rep13-seed200013-v2,A-kem768-gilbert-prr0p90-L10-rep13-seed200013,A_B1_VS_B2,COOJA_SIMULATION,768,2,gilbert,0.9,10.0,none,200013,valid,none,,,runs/A-kem768-gilbert-prr0p90-L10-rep13-seed200013-v2/cooja.log,1cb25c3e973679bd338e3eb14f34173f126bd105bba48711703f653b84e5b8c2,16856,168,success,1,SUCCESS
A-kem768-gilbert-prr0p90-L10-rep14-seed200014-v1,A-kem768-gilbert-prr0p90-L10-rep14-seed200014,A_B1_VS_B2,COOJA_SIMULATION,768,1,gilbert,0.9,10.0,none,200014,valid,none,,,runs/A-kem768-gilbert-prr0p90-L10-rep14-seed200014-v1/cooja.log,587466279edfd7af5f010f6e7844e73c6dbbff33b2be21c14fe4c28af8b3137b,12224,129,success,1,SUCCESS
A-kem768-gilbert-prr0p90-L10-rep14-seed200014-v2,A-kem768-gilbert-prr0p90-L10-rep14-seed200014,A_B1_VS_B2,COOJA_SIMULATION,768,2,gilbert,0.9,10.0,none,200014,valid,none,,,runs/A-kem768-gilbert-prr0p90-L10-rep14-seed200014-v2/cooja.log,08868e7cc28b7127b17cb56aec96fa9ebf336a8e6929e06800064003be806c06,16912,177,success,1,SUCCESS
A-kem768-gilbert-prr0p90-L10-rep15-seed200015-v1,A-kem768-gilbert-prr0p90-L10-rep15-seed200015,A_B1_VS_B2,COOJA_SIMULATION,768,1,gilbert,0.9,10.0,none,200015,valid,none,,,runs/A-kem768-gilbert-prr0p90-L10-rep15-seed200015-v1/cooja.log,768d3a6b22e4efec3e6f38ede8754251a115a89f369867be6a1a1b21ad44569a,12215,129,success,1,SUCCESS
A-kem768-gilbert-prr0p90-L10-rep15-seed200015-v2,A-kem768-gilbert-prr0p90-L10-rep15-seed200015,A_B1_VS_B2,COOJA_SIMULATION,768,2,gilbert,0.9,10.0,none,200015,valid,none,,,runs/A-kem768-gilbert-prr0p90-L10-rep15-seed200015-v2/cooja.log,642d890600bc5ccedce258ea638e270796a0fa8d2b9584a15b76b34681e73b96,17755,178,success,1,SUCCESS
A-kem768-gilbert-prr0p90-L10-rep16-seed200016-v1,A-kem768-gilbert-prr0p90-L10-rep16-seed200016,A_B1_VS_B2,COOJA_SIMULATION,768,1,gilbert,0.9,10.0,none,200016,valid,none,,,runs/A-kem768-gilbert-prr0p90-L10-rep16-seed200016-v1/cooja.log,b9fb7ee34ed266369e04c1c92ce55ed32323e28c56d276d27dfa23fa562b7286,8481,81,success,0,FAILED_PROTOCOL
A-kem768-gilbert-prr0p90-L10-rep16-seed200016-v2,A-kem768-gilbert-prr0p90-L10-rep16-seed200016,A_B1_VS_B2,COOJA_SIMULATION,768,2,gilbert,0.9,10.0,none,200016,valid,none,,,runs/A-kem768-gilbert-prr0p90-L10-rep16-seed200016-v2/cooja.log,53838916f053d4c4f20c8fae2916039820fedf097e521685f75427bdeed7da2a,8715,83,success,0,FAILED_PROTOCOL
A-kem768-gilbert-prr0p90-L10-rep17-seed200017-v1,A-kem768-gilbert-prr0p90-L10-rep17-seed200017,A_B1_VS_B2,COOJA_SIMULATION,768,1,gilbert,0.9,10.0,none,200017,valid,none,,,runs/A-kem768-gilbert-prr0p90-L10-rep17-seed200017-v1/cooja.log,322640a9cb30c7282b2d60159d320c62be9e2123eca46e3d65d1144e84912dbc,12224,129,success,1,SUCCESS
A-kem768-gilbert-prr0p90-L10-rep17-seed200017-v2,A-kem768-gilbert-prr0p90-L10-rep17-seed200017,A_B1_VS_B2,COOJA_SIMULATION,768,2,gilbert,0.9,10.0,none,200017,valid,none,,,runs/A-kem768-gilbert-prr0p90-L10-rep17-seed200017-v2/cooja.log,f02118c7a0ed5d82005790af94c69bb1c8055a46fc950d2707c75ed9e26fac66,16856,168,success,1,SUCCESS
A-kem768-gilbert-prr0p90-L10-rep18-seed200018-v1,A-kem768-gilbert-prr0p90-L10-rep18-seed200018,A_B1_VS_B2,COOJA_SIMULATION,768,1,gilbert,0.9,10.0,none,200018,valid,none,,,runs/A-kem768-gilbert-prr0p90-L10-rep18-seed200018-v1/cooja.log,d302d65564c5f4bbbb995db6e1975e13a188f161f880e5728537829f5175f3fd,12218,129,success,1,SUCCESS
A-kem768-gilbert-prr0p90-L10-rep18-seed200018-v2,A-kem768-gilbert-prr0p90-L10-rep18-seed200018,A_B1_VS_B2,COOJA_SIMULATION,768,2,gilbert,0.9,10.0,none,200018,valid,none,,,runs/A-kem768-gilbert-prr0p90-L10-rep18-seed200018-v2/cooja.log,01cc336aebc0d64a6970fa82f095edebe403110aeb414afcb943cffc34adae12,16850,168,success,1,SUCCESS
A-kem768-gilbert-prr0p90-L10-rep19-seed200019-v1,A-kem768-gilbert-prr0p90-L10-rep19-seed200019,A_B1_VS_B2,COOJA_SIMULATION,768,1,gilbert,0.9,10.0,none,200019,valid,none,,,runs/A-kem768-gilbert-prr0p90-L10-rep19-seed200019-v1/cooja.log,f91807032b67c695f1de2e0be2f703e6dbcd42ad7529974f7a03178977a5661e,12224,129,success,1,SUCCESS
A-kem768-gilbert-prr0p90-L10-rep19-seed200019-v2,A-kem768-gilbert-prr0p90-L10-rep19-seed200019,A_B1_VS_B2,COOJA_SIMULATION,768,2,gilbert,0.9,10.0,none,200019,valid,none,,,runs/A-kem768-gilbert-prr0p90-L10-rep19-seed200019-v2/cooja.log,9b911047ed7103c3d454f2f497ff1d38eaa03d18f9421aae533d8bb768abd86c,16856,168,success,1,SUCCESS
A-kem768-gilbert-prr0p90-L10-rep20-seed200020-v1,A-kem768-gilbert-prr0p90-L10-rep20-seed200020,A_B1_VS_B2,COOJA_SIMULATION,768,1,gilbert,0.9,10.0,none,200020,valid,none,,,runs/A-kem768-gilbert-prr0p90-L10-rep20-seed200020-v1/cooja.log,6ef22b156051a9560c2b41b6706d023d960e30c986e5ffc1b654e4c2c642cd9e,12215,129,success,1,SUCCESS
A-kem768-gilbert-prr0p90-L10-rep20-seed200020-v2,A-kem768-gilbert-prr0p90-L10-rep20-seed200020,A_B1_VS_B2,COOJA_SIMULATION,768,2,gilbert,0.9,10.0,none,200020,valid,none,,,runs/A-kem768-gilbert-prr0p90-L10-rep20-seed200020-v2/cooja.log,79b5bdaf006c77284b06ce9ca997d39381eccb682aa6f7f355b10dbbf969ea40,16847,168,success,1,SUCCESS
A-kem768-gilbert-prr0p90-L10-rep21-seed200021-v1,A-kem768-gilbert-prr0p90-L10-rep21-seed200021,A_B1_VS_B2,COOJA_SIMULATION,768,1,gilbert,0.9,10.0,none,200021,valid,none,,,runs/A-kem768-gilbert-prr0p90-L10-rep21-seed200021-v1/cooja.log,ffb21aca17f2b45d7f9425205af4570b2210422635b0484e481baecaf7c10f25,12215,129,success,1,SUCCESS
A-kem768-gilbert-prr0p90-L10-rep21-seed200021-v2,A-kem768-gilbert-prr0p90-L10-rep21-seed200021,A_B1_VS_B2,COOJA_SIMULATION,768,2,gilbert,0.9,10.0,none,200021,valid,none,,,runs/A-kem768-gilbert-prr0p90-L10-rep21-seed200021-v2/cooja.log,6f03030f523b628fc7c83f726c3aea44844632b45129a859d2b5780b7d69e070,16847,168,success,1,SUCCESS
A-kem768-gilbert-prr0p90-L10-rep22-seed200022-v1,A-kem768-gilbert-prr0p90-L10-rep22-seed200022,A_B1_VS_B2,COOJA_SIMULATION,768,1,gilbert,0.9,10.0,none,200022,valid,none,,,runs/A-kem768-gilbert-prr0p90-L10-rep22-seed200022-v1/cooja.log,ab1809a8356062dda74e8436fe7861112e2fb160728e0d132a8ebe2d93d5e6de,13296,136,success,0,FAILED_PROTOCOL
A-kem768-gilbert-prr0p90-L10-rep22-seed200022-v2,A-kem768-gilbert-prr0p90-L10-rep22-seed200022,A_B1_VS_B2,COOJA_SIMULATION,768,2,gilbert,0.9,10.0,none,200022,valid,none,,,runs/A-kem768-gilbert-prr0p90-L10-rep22-seed200022-v2/cooja.log,c26de428e874ea0eab153c895e50c1d09d452025f1101382c765dea8f5b49303,13530,138,success,0,FAILED_PROTOCOL
A-kem768-gilbert-prr0p90-L10-rep23-seed200023-v1,A-kem768-gilbert-prr0p90-L10-rep23-seed200023,A_B1_VS_B2,COOJA_SIMULATION,768,1,gilbert,0.9,10.0,none,200023,valid,none,,,runs/A-kem768-gilbert-prr0p90-L10-rep23-seed200023-v1/cooja.log,0fda9db9b768238ca382dddfc332094a6bba5b403e2301a70bb25a1ff5cb35ca,12221,129,success,1,SUCCESS
A-kem768-gilbert-prr0p90-L10-rep23-seed200023-v2,A-kem768-gilbert-prr0p90-L10-rep23-seed200023,A_B1_VS_B2,COOJA_SIMULATION,768,2,gilbert,0.9,10.0,none,200023,valid,none,,,runs/A-kem768-gilbert-prr0p90-L10-rep23-seed200023-v2/cooja.log,50e5d06a965589c6e4c1ca6e44c399ba007691f42733dc7e36e5da0f5d25d7be,16853,168,success,1,SUCCESS
A-kem768-gilbert-prr0p90-L10-rep24-seed200024-v1,A-kem768-gilbert-prr0p90-L10-rep24-seed200024,A_B1_VS_B2,COOJA_SIMULATION,768,1,gilbert,0.9,10.0,none,200024,valid,none,,,runs/A-kem768-gilbert-prr0p90-L10-rep24-seed200024-v1/cooja.log,8f1140d9999acfe9f7d64497d1a109f378c92b86de9fce1bb2510cb427973417,12221,129,success,1,SUCCESS
A-kem768-gilbert-prr0p90-L10-rep24-seed200024-v2,A-kem768-gilbert-prr0p90-L10-rep24-seed200024,A_B1_VS_B2,COOJA_SIMULATION,768,2,gilbert,0.9,10.0,none,200024,valid,none,,,runs/A-kem768-gilbert-prr0p90-L10-rep24-seed200024-v2/cooja.log,89deab65ab9176ef8a780076073f863f51ea528f6adde099c69f93587cb2ad29,16853,168,success,1,SUCCESS
A-kem768-gilbert-prr0p90-L10-rep25-seed200025-v1,A-kem768-gilbert-prr0p90-L10-rep25-seed200025,A_B1_VS_B2,COOJA_SIMULATION,768,1,gilbert,0.9,10.0,none,200025,valid,none,,,runs/A-kem768-gilbert-prr0p90-L10-rep25-seed200025-v1/cooja.log,9dfe856564c720f0562cd595a940f1a31fee5aa73825597a16bd581f5f22cf47,12215,129,success,1,SUCCESS
A-kem768-gilbert-prr0p90-L10-rep25-seed200025-v2,A-kem768-gilbert-prr0p90-L10-rep25-seed200025,A_B1_VS_B2,COOJA_SIMULATION,768,2,gilbert,0.9,10.0,none,200025,valid,none,,,runs/A-kem768-gilbert-prr0p90-L10-rep25-seed200025-v2/cooja.log,dd2ef591fdc1f12f9366788eca672ec150538fa85e9bbe4b28c7f37169858634,16847,168,success,1,SUCCESS
A-kem768-gilbert-prr0p90-L10-rep26-seed200026-v1,A-kem768-gilbert-prr0p90-L10-rep26-seed200026,A_B1_VS_B2,COOJA_SIMULATION,768,1,gilbert,0.9,10.0,none,200026,valid,none,,,runs/A-kem768-gilbert-prr0p90-L10-rep26-seed200026-v1/cooja.log,dd5f03e926a676f050317af7c41308ef2d84122fd9f48518e858ec0ca981759b,12218,129,success,1,SUCCESS
A-kem768-gilbert-prr0p90-L10-rep26-seed200026-v2,A-kem768-gilbert-prr0p90-L10-rep26-seed200026,A_B1_VS_B2,COOJA_SIMULATION,768,2,gilbert,0.9,10.0,none,200026,valid,none,,,runs/A-kem768-gilbert-prr0p90-L10-rep26-seed200026-v2/cooja.log,19844a1893020eeb6b67cf1574b175d2d391430a50e380a5212ec94147f98393,16850,168,success,1,SUCCESS
A-kem768-gilbert-prr0p90-L10-rep27-seed200027-v1,A-kem768-gilbert-prr0p90-L10-rep27-seed200027,A_B1_VS_B2,COOJA_SIMULATION,768,1,gilbert,0.9,10.0,none,200027,valid,none,,,runs/A-kem768-gilbert-prr0p90-L10-rep27-seed200027-v1/cooja.log,e07aa5e13d61001e42f2e6b7e0ab976de0078dcd64c96241469027b294596bc1,10998,110,success,0,FAILED_PROTOCOL
A-kem768-gilbert-prr0p90-L10-rep27-seed200027-v2,A-kem768-gilbert-prr0p90-L10-rep27-seed200027,A_B1_VS_B2,COOJA_SIMULATION,768,2,gilbert,0.9,10.0,none,200027,valid,none,,,runs/A-kem768-gilbert-prr0p90-L10-rep27-seed200027-v2/cooja.log,388559432ec8f9b97d047565acbb52fb5802b1308c0c062ea15012c636ae4b4a,11232,112,success,0,FAILED_PROTOCOL
A-kem768-gilbert-prr0p90-L10-rep28-seed200028-v1,A-kem768-gilbert-prr0p90-L10-rep28-seed200028,A_B1_VS_B2,COOJA_SIMULATION,768,1,gilbert,0.9,10.0,none,200028,valid,none,,,runs/A-kem768-gilbert-prr0p90-L10-rep28-seed200028-v1/cooja.log,318d41028330597b66c76ac21cab28acdac9da6a989c8e06a7d4603558a9480c,12221,129,success,1,SUCCESS
A-kem768-gilbert-prr0p90-L10-rep28-seed200028-v2,A-kem768-gilbert-prr0p90-L10-rep28-seed200028,A_B1_VS_B2,COOJA_SIMULATION,768,2,gilbert,0.9,10.0,none,200028,valid,none,,,runs/A-kem768-gilbert-prr0p90-L10-rep28-seed200028-v2/cooja.log,c59b2346d3c33129880e51b10e58c176aaddd427b7132443b9eea18fc6b4f877,16853,168,success,1,SUCCESS
A-kem768-gilbert-prr0p90-L10-rep29-seed200029-v1,A-kem768-gilbert-prr0p90-L10-rep29-seed200029,A_B1_VS_B2,COOJA_SIMULATION,768,1,gilbert,0.9,10.0,none,200029,valid,none,,,runs/A-kem768-gilbert-prr0p90-L10-rep29-seed200029-v1/cooja.log,5363962bfdeef6138c3d34ed2cb4a3395a4fa08f21aea8daf3d13843b17afd9f,11877,117,success,0,FAILED_PROTOCOL
A-kem768-gilbert-prr0p90-L10-rep29-seed200029-v2,A-kem768-gilbert-prr0p90-L10-rep29-seed200029,A_B1_VS_B2,COOJA_SIMULATION,768,2,gilbert,0.9,10.0,none,200029,valid,none,,,runs/A-kem768-gilbert-prr0p90-L10-rep29-seed200029-v2/cooja.log,dcc6d759f33ced5feaebe9d916a7707a5c9827a92f62e501e730b483e021407a,14489,145,success,0,FAILED_PROTOCOL
A-kem768-gilbert-prr0p90-L10-rep30-seed200030-v1,A-kem768-gilbert-prr0p90-L10-rep30-seed200030,A_B1_VS_B2,COOJA_SIMULATION,768,1,gilbert,0.9,10.0,none,200030,valid,none,,,runs/A-kem768-gilbert-prr0p90-L10-rep30-seed200030-v1/cooja.log,331764b6f6f6e7a4c9ff02f6b4a668e48c094f58b7bff76345566646da5a1247,12224,129,success,1,SUCCESS
A-kem768-gilbert-prr0p90-L10-rep30-seed200030-v2,A-kem768-gilbert-prr0p90-L10-rep30-seed200030,A_B1_VS_B2,COOJA_SIMULATION,768,2,gilbert,0.9,10.0,none,200030,valid,none,,,runs/A-kem768-gilbert-prr0p90-L10-rep30-seed200030-v2/cooja.log,9279c9f781e1249bf119e52596bcd46d51cda602eff89be1d8f040727479b496,16856,168,success,1,SUCCESS
A-kem768-gilbert-prr0p95-L2-rep01-seed200001-v1,A-kem768-gilbert-prr0p95-L2-rep01-seed200001,A_B1_VS_B2,COOJA_SIMULATION,768,1,gilbert,0.95,2.0,none,200001,valid,none,,,runs/A-kem768-gilbert-prr0p95-L2-rep01-seed200001-v1/cooja.log,09ce91053f57335c7b53776e9e6420fc697bf85bb1ee331e1e449b7485f5a92e,12218,129,success,1,SUCCESS
A-kem768-gilbert-prr0p95-L2-rep01-seed200001-v2,A-kem768-gilbert-prr0p95-L2-rep01-seed200001,A_B1_VS_B2,COOJA_SIMULATION,768,2,gilbert,0.95,2.0,none,200001,valid,none,,,runs/A-kem768-gilbert-prr0p95-L2-rep01-seed200001-v2/cooja.log,77880c7ea9686ab94a770bc3054b4e12a49f0d21e97be115d1bf77ed41844f8b,16850,168,success,1,SUCCESS
A-kem768-gilbert-prr0p95-L2-rep02-seed200002-v1,A-kem768-gilbert-prr0p95-L2-rep02-seed200002,A_B1_VS_B2,COOJA_SIMULATION,768,1,gilbert,0.95,2.0,none,200002,valid,none,,,runs/A-kem768-gilbert-prr0p95-L2-rep02-seed200002-v1/cooja.log,187337fe5ca401fe78136c80de50520cda0616846f2c64333ce0863e19fea110,10893,110,success,0,FAILED_PROTOCOL
A-kem768-gilbert-prr0p95-L2-rep02-seed200002-v2,A-kem768-gilbert-prr0p95-L2-rep02-seed200002,A_B1_VS_B2,COOJA_SIMULATION,768,2,gilbert,0.95,2.0,none,200002,valid,none,,,runs/A-kem768-gilbert-prr0p95-L2-rep02-seed200002-v2/cooja.log,866c72a4bea578c65abe669eb3590034da721fd91ad8f2f6aba60c58d4e8a043,11127,112,success,0,FAILED_PROTOCOL
A-kem768-gilbert-prr0p95-L2-rep03-seed200003-v1,A-kem768-gilbert-prr0p95-L2-rep03-seed200003,A_B1_VS_B2,COOJA_SIMULATION,768,1,gilbert,0.95,2.0,none,200003,valid,none,,,runs/A-kem768-gilbert-prr0p95-L2-rep03-seed200003-v1/cooja.log,46c811ca7158c006a1b6d4d6ad0fc872fffece1543ad582e3c150ebd06bf6aa0,10875,110,success,0,FAILED_PROTOCOL
A-kem768-gilbert-prr0p95-L2-rep03-seed200003-v2,A-kem768-gilbert-prr0p95-L2-rep03-seed200003,A_B1_VS_B2,COOJA_SIMULATION,768,2,gilbert,0.95,2.0,none,200003,valid,none,,,runs/A-kem768-gilbert-prr0p95-L2-rep03-seed200003-v2/cooja.log,439c0990b79515aa57d9c8313167abea178bb8974d55ee56d0a0a9e4a504c1aa,11109,112,success,0,FAILED_PROTOCOL
A-kem768-gilbert-prr0p95-L2-rep04-seed200004-v1,A-kem768-gilbert-prr0p95-L2-rep04-seed200004,A_B1_VS_B2,COOJA_SIMULATION,768,1,gilbert,0.95,2.0,none,200004,valid,none,,,runs/A-kem768-gilbert-prr0p95-L2-rep04-seed200004-v1/cooja.log,7a2f2fbc8812dcfc0e4a75cae454ae5682ff95f388dda03b2225267393e1d3b9,17584,182,success,0,FAILED_PROTOCOL
A-kem768-gilbert-prr0p95-L2-rep04-seed200004-v2,A-kem768-gilbert-prr0p95-L2-rep04-seed200004,A_B1_VS_B2,COOJA_SIMULATION,768,2,gilbert,0.95,2.0,none,200004,valid,none,,,runs/A-kem768-gilbert-prr0p95-L2-rep04-seed200004-v2/cooja.log,cdf6fa938fd865fb5945f7b26fe20a09e8920ac0f0adf63831b27cb91e8f5d6d,18807,189,success,1,SUCCESS
A-kem768-gilbert-prr0p95-L2-rep05-seed200005-v1,A-kem768-gilbert-prr0p95-L2-rep05-seed200005,A_B1_VS_B2,COOJA_SIMULATION,768,1,gilbert,0.95,2.0,none,200005,valid,none,,,runs/A-kem768-gilbert-prr0p95-L2-rep05-seed200005-v1/cooja.log,9ba888fa44d54347f8e60e356e4f865d45ccee1e9751258f724c66fcf6d9bf79,11359,115,success,0,FAILED_PROTOCOL
A-kem768-gilbert-prr0p95-L2-rep05-seed200005-v2,A-kem768-gilbert-prr0p95-L2-rep05-seed200005,A_B1_VS_B2,COOJA_SIMULATION,768,2,gilbert,0.95,2.0,none,200005,valid,none,,,runs/A-kem768-gilbert-prr0p95-L2-rep05-seed200005-v2/cooja.log,aac3e96a98c316d7c1ccace008ec7cba40e0f19d83b364c7026b9dfb28517050,11593,117,success,0,FAILED_PROTOCOL
A-kem768-gilbert-prr0p95-L2-rep06-seed200006-v1,A-kem768-gilbert-prr0p95-L2-rep06-seed200006,A_B1_VS_B2,COOJA_SIMULATION,768,1,gilbert,0.95,2.0,none,200006,valid,none,,,runs/A-kem768-gilbert-prr0p95-L2-rep06-seed200006-v1/cooja.log,e0681d122df5d766f1a942b103905d00dea3ca02784075f7338e6c9eef6c9926,12048,120,success,0,FAILED_PROTOCOL
A-kem768-gilbert-prr0p95-L2-rep06-seed200006-v2,A-kem768-gilbert-prr0p95-L2-rep06-seed200006,A_B1_VS_B2,COOJA_SIMULATION,768,2,gilbert,0.95,2.0,none,200006,valid,none,,,runs/A-kem768-gilbert-prr0p95-L2-rep06-seed200006-v2/cooja.log,becf70a3ab59e72e772c7a3b67794eab82f87401bc8dbde224e387a9ac7eba65,17956,180,success,1,SUCCESS
A-kem768-gilbert-prr0p95-L2-rep07-seed200007-v1,A-kem768-gilbert-prr0p95-L2-rep07-seed200007,A_B1_VS_B2,COOJA_SIMULATION,768,1,gilbert,0.95,2.0,none,200007,valid,none,,,runs/A-kem768-gilbert-prr0p95-L2-rep07-seed200007-v1/cooja.log,8fd0e9595abe7605aaddc254ca4a24ddde2157e9c608e013a6ea658799bd3264,12215,129,success,1,SUCCESS
A-kem768-gilbert-prr0p95-L2-rep07-seed200007-v2,A-kem768-gilbert-prr0p95-L2-rep07-seed200007,A_B1_VS_B2,COOJA_SIMULATION,768,2,gilbert,0.95,2.0,none,200007,valid,none,,,runs/A-kem768-gilbert-prr0p95-L2-rep07-seed200007-v2/cooja.log,0a105dc2a1ceabadbfb7f47ea0f1f2255e6d79a56f4d5dbd41aac2ebe02cd5a1,16847,168,success,1,SUCCESS
A-kem768-gilbert-prr0p95-L2-rep08-seed200008-v1,A-kem768-gilbert-prr0p95-L2-rep08-seed200008,A_B1_VS_B2,COOJA_SIMULATION,768,1,gilbert,0.95,2.0,none,200008,valid,none,,,runs/A-kem768-gilbert-prr0p95-L2-rep08-seed200008-v1/cooja.log,76f6e2227c8f3a7a88acd5e61fd5932f4020f75c149db1b2c80d5f128e6029f1,13411,138,success,0,FAILED_PROTOCOL
A-kem768-gilbert-prr0p95-L2-rep08-seed200008-v2,A-kem768-gilbert-prr0p95-L2-rep08-seed200008,A_B1_VS_B2,COOJA_SIMULATION,768,2,gilbert,0.95,2.0,none,200008,valid,none,,,runs/A-kem768-gilbert-prr0p95-L2-rep08-seed200008-v2/cooja.log,380322b21c83dc2ad027f0196b7506b967310670ca896a51dd794727e9765dd2,13645,140,success,0,FAILED_PROTOCOL
A-kem768-gilbert-prr0p95-L2-rep09-seed200009-v1,A-kem768-gilbert-prr0p95-L2-rep09-seed200009,A_B1_VS_B2,COOJA_SIMULATION,768,1,gilbert,0.95,2.0,none,200009,valid,none,,,runs/A-kem768-gilbert-prr0p95-L2-rep09-seed200009-v1/cooja.log,e587eaac4f6c69f31d272915f6b1b5f3d88af1194417b9f052d54d427d330500,13596,136,success,0,FAILED_PROTOCOL
A-kem768-gilbert-prr0p95-L2-rep09-seed200009-v2,A-kem768-gilbert-prr0p95-L2-rep09-seed200009,A_B1_VS_B2,COOJA_SIMULATION,768,2,gilbert,0.95,2.0,none,200009,valid,none,,,runs/A-kem768-gilbert-prr0p95-L2-rep09-seed200009-v2/cooja.log,ad806f167ef7c2399259c574e8261c3cfeda3d12f20cb2975c3eed52f76893c4,14295,148,success,0,FAILED_PROTOCOL
A-kem768-gilbert-prr0p95-L2-rep10-seed200010-v1,A-kem768-gilbert-prr0p95-L2-rep10-seed200010,A_B1_VS_B2,COOJA_SIMULATION,768,1,gilbert,0.95,2.0,none,200010,valid,none,,,runs/A-kem768-gilbert-prr0p95-L2-rep10-seed200010-v1/cooja.log,924f4b218d0a8f175c2a22f3e622174b59521c5170da5bc420cf746be9295d4e,15202,154,success,0,FAILED_PROTOCOL
A-kem768-gilbert-prr0p95-L2-rep10-seed200010-v2,A-kem768-gilbert-prr0p95-L2-rep10-seed200010,A_B1_VS_B2,COOJA_SIMULATION,768,2,gilbert,0.95,2.0,none,200010,valid,none,,,runs/A-kem768-gilbert-prr0p95-L2-rep10-seed200010-v2/cooja.log,1570ee8cd5e1e737b949a3070066e4ff8ff83d1618ae4ca4c39ce884b115cfe4,17566,176,success,1,SUCCESS
A-kem768-gilbert-prr0p95-L2-rep11-seed200011-v1,A-kem768-gilbert-prr0p95-L2-rep11-seed200011,A_B1_VS_B2,COOJA_SIMULATION,768,1,gilbert,0.95,2.0,none,200011,valid,none,,,runs/A-kem768-gilbert-prr0p95-L2-rep11-seed200011-v1/cooja.log,2aa8f6dfcc93ec0cae20b7d55f8da6b77c26285aa0c722b5725fd0c1fa7efd9d,13383,133,success,0,FAILED_PROTOCOL
A-kem768-gilbert-prr0p95-L2-rep11-seed200011-v2,A-kem768-gilbert-prr0p95-L2-rep11-seed200011,A_B1_VS_B2,COOJA_SIMULATION,768,2,gilbert,0.95,2.0,none,200011,valid,none,,,runs/A-kem768-gilbert-prr0p95-L2-rep11-seed200011-v2/cooja.log,7b52aa559e6436d536c65cc141b810004d805b50df6873224590228a8c4b8c12,13574,140,success,0,FAILED_PROTOCOL
A-kem768-gilbert-prr0p95-L2-rep12-seed200012-v1,A-kem768-gilbert-prr0p95-L2-rep12-seed200012,A_B1_VS_B2,COOJA_SIMULATION,768,1,gilbert,0.95,2.0,none,200012,valid,none,,,runs/A-kem768-gilbert-prr0p95-L2-rep12-seed200012-v1/cooja.log,aad0b81a5248666d39677e0bcbf59358d04fef699d539229d14d06c7b126bdab,11679,119,success,0,FAILED_PROTOCOL
A-kem768-gilbert-prr0p95-L2-rep12-seed200012-v2,A-kem768-gilbert-prr0p95-L2-rep12-seed200012,A_B1_VS_B2,COOJA_SIMULATION,768,2,gilbert,0.95,2.0,none,200012,valid,none,,,runs/A-kem768-gilbert-prr0p95-L2-rep12-seed200012-v2/cooja.log,6636d03bef96ac469cfed392a06a343309b02911ca4ae33e3a2b2eb2d1bff64f,11913,121,success,0,FAILED_PROTOCOL
A-kem768-gilbert-prr0p95-L2-rep13-seed200013-v1,A-kem768-gilbert-prr0p95-L2-rep13-seed200013,A_B1_VS_B2,COOJA_SIMULATION,768,1,gilbert,0.95,2.0,none,200013,valid,none,,,runs/A-kem768-gilbert-prr0p95-L2-rep13-seed200013-v1/cooja.log,f1a3d047592709f018ee442206a59ae5538009be192cf54283ad11c1ea99a67d,12224,129,success,1,SUCCESS
A-kem768-gilbert-prr0p95-L2-rep13-seed200013-v2,A-kem768-gilbert-prr0p95-L2-rep13-seed200013,A_B1_VS_B2,COOJA_SIMULATION,768,2,gilbert,0.95,2.0,none,200013,valid,none,,,runs/A-kem768-gilbert-prr0p95-L2-rep13-seed200013-v2/cooja.log,1cb25c3e973679bd338e3eb14f34173f126bd105bba48711703f653b84e5b8c2,16856,168,success,1,SUCCESS
A-kem768-gilbert-prr0p95-L2-rep14-seed200014-v1,A-kem768-gilbert-prr0p95-L2-rep14-seed200014,A_B1_VS_B2,COOJA_SIMULATION,768,1,gilbert,0.95,2.0,none,200014,valid,none,,,runs/A-kem768-gilbert-prr0p95-L2-rep14-seed200014-v1/cooja.log,8787bde9bb957b5221b40ddfaa275f692ca67f7aabad9237b1320c1ec0d88e01,11784,117,success,0,FAILED_PROTOCOL
A-kem768-gilbert-prr0p95-L2-rep14-seed200014-v2,A-kem768-gilbert-prr0p95-L2-rep14-seed200014,A_B1_VS_B2,COOJA_SIMULATION,768,2,gilbert,0.95,2.0,none,200014,valid,none,,,runs/A-kem768-gilbert-prr0p95-L2-rep14-seed200014-v2/cooja.log,6ea7c68fd5d3a9186433e31fd99f6f6edd025f4e36f45e8026779bdbae532ea2,17958,180,success,1,SUCCESS
A-kem768-gilbert-prr0p95-L2-rep15-seed200015-v1,A-kem768-gilbert-prr0p95-L2-rep15-seed200015,A_B1_VS_B2,COOJA_SIMULATION,768,1,gilbert,0.95,2.0,none,200015,valid,none,,,runs/A-kem768-gilbert-prr0p95-L2-rep15-seed200015-v1/cooja.log,cf108911cbe125905243792767817403192effa0ea554ff45dd3606580f705e9,12215,129,success,1,SUCCESS
A-kem768-gilbert-prr0p95-L2-rep15-seed200015-v2,A-kem768-gilbert-prr0p95-L2-rep15-seed200015,A_B1_VS_B2,COOJA_SIMULATION,768,2,gilbert,0.95,2.0,none,200015,valid,none,,,runs/A-kem768-gilbert-prr0p95-L2-rep15-seed200015-v2/cooja.log,de75527057eb50ea7b0f3caa1ccd363650cc663c1857adf11f9522d015cdd48b,16847,168,success,1,SUCCESS
A-kem768-gilbert-prr0p95-L2-rep16-seed200016-v1,A-kem768-gilbert-prr0p95-L2-rep16-seed200016,A_B1_VS_B2,COOJA_SIMULATION,768,1,gilbert,0.95,2.0,none,200016,valid,none,,,runs/A-kem768-gilbert-prr0p95-L2-rep16-seed200016-v1/cooja.log,58ee91ecc190843555e823dc42e03a8a1f11301cf326f215e199b66fc961434a,11158,113,success,0,FAILED_PROTOCOL
A-kem768-gilbert-prr0p95-L2-rep16-seed200016-v2,A-kem768-gilbert-prr0p95-L2-rep16-seed200016,A_B1_VS_B2,COOJA_SIMULATION,768,2,gilbert,0.95,2.0,none,200016,valid,none,,,runs/A-kem768-gilbert-prr0p95-L2-rep16-seed200016-v2/cooja.log,521233bbe900292ebab63a0ea865ce22813c16c243d23bc9e9102b08aef855b0,11392,115,success,0,FAILED_PROTOCOL
A-kem768-gilbert-prr0p95-L2-rep17-seed200017-v1,A-kem768-gilbert-prr0p95-L2-rep17-seed200017,A_B1_VS_B2,COOJA_SIMULATION,768,1,gilbert,0.95,2.0,none,200017,valid,none,,,runs/A-kem768-gilbert-prr0p95-L2-rep17-seed200017-v1/cooja.log,a27a5874368f47895ca918221fe2200a325312033ec70af964ac7e7f62bbc5c8,13897,144,success,0,FAILED_PROTOCOL
A-kem768-gilbert-prr0p95-L2-rep17-seed200017-v2,A-kem768-gilbert-prr0p95-L2-rep17-seed200017,A_B1_VS_B2,COOJA_SIMULATION,768,2,gilbert,0.95,2.0,none,200017,valid,none,,,runs/A-kem768-gilbert-prr0p95-L2-rep17-seed200017-v2/cooja.log,0ff104402702d956c80f3378b06977a2b8178d5d07d59c1f69e3047c9af0956b,14131,146,success,0,FAILED_PROTOCOL
A-kem768-gilbert-prr0p95-L2-rep18-seed200018-v1,A-kem768-gilbert-prr0p95-L2-rep18-seed200018,A_B1_VS_B2,COOJA_SIMULATION,768,1,gilbert,0.95,2.0,none,200018,valid,none,,,runs/A-kem768-gilbert-prr0p95-L2-rep18-seed200018-v1/cooja.log,d630bc6d07d1a9c3adf80a69dedca7f19de4d7f5f3977199b510b9a2023bfb7d,11862,118,success,0,FAILED_PROTOCOL
A-kem768-gilbert-prr0p95-L2-rep18-seed200018-v2,A-kem768-gilbert-prr0p95-L2-rep18-seed200018,A_B1_VS_B2,COOJA_SIMULATION,768,2,gilbert,0.95,2.0,none,200018,valid,none,,,runs/A-kem768-gilbert-prr0p95-L2-rep18-seed200018-v2/cooja.log,982b4fcf6c21cd68ee54566848a318db9519c477ac79d14a3f7d3f9d047474e1,17719,178,success,1,SUCCESS
A-kem768-gilbert-prr0p95-L2-rep19-seed200019-v1,A-kem768-gilbert-prr0p95-L2-rep19-seed200019,A_B1_VS_B2,COOJA_SIMULATION,768,1,gilbert,0.95,2.0,none,200019,valid,none,,,runs/A-kem768-gilbert-prr0p95-L2-rep19-seed200019-v1/cooja.log,f91807032b67c695f1de2e0be2f703e6dbcd42ad7529974f7a03178977a5661e,12224,129,success,1,SUCCESS
A-kem768-gilbert-prr0p95-L2-rep19-seed200019-v2,A-kem768-gilbert-prr0p95-L2-rep19-seed200019,A_B1_VS_B2,COOJA_SIMULATION,768,2,gilbert,0.95,2.0,none,200019,valid,none,,,runs/A-kem768-gilbert-prr0p95-L2-rep19-seed200019-v2/cooja.log,9b911047ed7103c3d454f2f497ff1d38eaa03d18f9421aae533d8bb768abd86c,16856,168,success,1,SUCCESS
A-kem768-gilbert-prr0p95-L2-rep20-seed200020-v1,A-kem768-gilbert-prr0p95-L2-rep20-seed200020,A_B1_VS_B2,COOJA_SIMULATION,768,1,gilbert,0.95,2.0,none,200020,valid,none,,,runs/A-kem768-gilbert-prr0p95-L2-rep20-seed200020-v1/cooja.log,fe5d6f1f935bd36c6733cf1bbfb206bfcda09cf608967246558caf895937ed08,12215,129,success,1,SUCCESS
A-kem768-gilbert-prr0p95-L2-rep20-seed200020-v2,A-kem768-gilbert-prr0p95-L2-rep20-seed200020,A_B1_VS_B2,COOJA_SIMULATION,768,2,gilbert,0.95,2.0,none,200020,valid,none,,,runs/A-kem768-gilbert-prr0p95-L2-rep20-seed200020-v2/cooja.log,52245cbd679e39f56c70152dbc4a91bfa2e01a866aed2f47ab1a3e2f62ffa938,16847,168,success,1,SUCCESS
A-kem768-gilbert-prr0p95-L2-rep21-seed200021-v1,A-kem768-gilbert-prr0p95-L2-rep21-seed200021,A_B1_VS_B2,COOJA_SIMULATION,768,1,gilbert,0.95,2.0,none,200021,valid,none,,,runs/A-kem768-gilbert-prr0p95-L2-rep21-seed200021-v1/cooja.log,ffb21aca17f2b45d7f9425205af4570b2210422635b0484e481baecaf7c10f25,12215,129,success,1,SUCCESS
A-kem768-gilbert-prr0p95-L2-rep21-seed200021-v2,A-kem768-gilbert-prr0p95-L2-rep21-seed200021,A_B1_VS_B2,COOJA_SIMULATION,768,2,gilbert,0.95,2.0,none,200021,valid,none,,,runs/A-kem768-gilbert-prr0p95-L2-rep21-seed200021-v2/cooja.log,6f03030f523b628fc7c83f726c3aea44844632b45129a859d2b5780b7d69e070,16847,168,success,1,SUCCESS
A-kem768-gilbert-prr0p95-L2-rep22-seed200022-v1,A-kem768-gilbert-prr0p95-L2-rep22-seed200022,A_B1_VS_B2,COOJA_SIMULATION,768,1,gilbert,0.95,2.0,none,200022,valid,none,,,runs/A-kem768-gilbert-prr0p95-L2-rep22-seed200022-v1/cooja.log,825d943bfb4377af1c952f67dc5618ad12c076271e03429f9a6c0951ae8fb440,13814,143,success,0,FAILED_PROTOCOL
A-kem768-gilbert-prr0p95-L2-rep22-seed200022-v2,A-kem768-gilbert-prr0p95-L2-rep22-seed200022,A_B1_VS_B2,COOJA_SIMULATION,768,2,gilbert,0.95,2.0,none,200022,valid,none,,,runs/A-kem768-gilbert-prr0p95-L2-rep22-seed200022-v2/cooja.log,9f5973d8268e542df0b2a4b85a29effc1b3ed399d80275f3c86e02975053cb2f,14048,145,success,0,FAILED_PROTOCOL
A-kem768-gilbert-prr0p95-L2-rep23-seed200023-v1,A-kem768-gilbert-prr0p95-L2-rep23-seed200023,A_B1_VS_B2,COOJA_SIMULATION,768,1,gilbert,0.95,2.0,none,200023,valid,none,,,runs/A-kem768-gilbert-prr0p95-L2-rep23-seed200023-v1/cooja.log,f8fee760829be64d905f4b8bf7f6f5214a17d9050d269c59c8aa997c0714febb,12147,128,success,1,SUCCESS
A-kem768-gilbert-prr0p95-L2-rep23-seed200023-v2,A-kem768-gilbert-prr0p95-L2-rep23-seed200023,A_B1_VS_B2,COOJA_SIMULATION,768,2,gilbert,0.95,2.0,none,200023,valid,none,,,runs/A-kem768-gilbert-prr0p95-L2-rep23-seed200023-v2/cooja.log,943e232f834273f58418f451d9a7cb9f5011b318abaa0392414ea2352341a91a,16779,167,success,1,SUCCESS
A-kem768-gilbert-prr0p95-L2-rep24-seed200024-v1,A-kem768-gilbert-prr0p95-L2-rep24-seed200024,A_B1_VS_B2,COOJA_SIMULATION,768,1,gilbert,0.95,2.0,none,200024,valid,none,,,runs/A-kem768-gilbert-prr0p95-L2-rep24-seed200024-v1/cooja.log,0b251cd7e8db3362d54b88666669e40de221726601b96a6f426c5149792bd0cd,11959,119,success,0,FAILED_PROTOCOL
A-kem768-gilbert-prr0p95-L2-rep24-seed200024-v2,A-kem768-gilbert-prr0p95-L2-rep24-seed200024,A_B1_VS_B2,COOJA_SIMULATION,768,2,gilbert,0.95,2.0,none,200024,valid,none,,,runs/A-kem768-gilbert-prr0p95-L2-rep24-seed200024-v2/cooja.log,cb567924fdadd0a2d2928352a10af3ae2a7188fdc3c8077afb624e0f29993de4,17563,176,success,1,SUCCESS
A-kem768-gilbert-prr0p95-L2-rep25-seed200025-v1,A-kem768-gilbert-prr0p95-L2-rep25-seed200025,A_B1_VS_B2,COOJA_SIMULATION,768,1,gilbert,0.95,2.0,none,200025,valid,none,,,runs/A-kem768-gilbert-prr0p95-L2-rep25-seed200025-v1/cooja.log,267214ee6c539382367489643ed734b0a1f3e75822477888a4be2ab7ee6d890b,11982,119,success,0,FAILED_PROTOCOL
A-kem768-gilbert-prr0p95-L2-rep25-seed200025-v2,A-kem768-gilbert-prr0p95-L2-rep25-seed200025,A_B1_VS_B2,COOJA_SIMULATION,768,2,gilbert,0.95,2.0,none,200025,valid,none,,,runs/A-kem768-gilbert-prr0p95-L2-rep25-seed200025-v2/cooja.log,d3e15f4a5a227e1a3629a8f85f74feafd242831bb9583e76e5919b0ede73a45b,18398,185,success,1,SUCCESS
A-kem768-gilbert-prr0p95-L2-rep26-seed200026-v1,A-kem768-gilbert-prr0p95-L2-rep26-seed200026,A_B1_VS_B2,COOJA_SIMULATION,768,1,gilbert,0.95,2.0,none,200026,valid,none,,,runs/A-kem768-gilbert-prr0p95-L2-rep26-seed200026-v1/cooja.log,c17c51f20579690104b67597bfb997748a552fd5d351bc36ec4e030385a9e8c4,12144,128,success,1,SUCCESS
A-kem768-gilbert-prr0p95-L2-rep26-seed200026-v2,A-kem768-gilbert-prr0p95-L2-rep26-seed200026,A_B1_VS_B2,COOJA_SIMULATION,768,2,gilbert,0.95,2.0,none,200026,valid,none,,,runs/A-kem768-gilbert-prr0p95-L2-rep26-seed200026-v2/cooja.log,50ecc050d2c3a31e33c22035fb703fb53525e84170af4cda3948e5bf716b7fbc,16776,167,success,1,SUCCESS
A-kem768-gilbert-prr0p95-L2-rep27-seed200027-v1,A-kem768-gilbert-prr0p95-L2-rep27-seed200027,A_B1_VS_B2,COOJA_SIMULATION,768,1,gilbert,0.95,2.0,none,200027,valid,none,,,runs/A-kem768-gilbert-prr0p95-L2-rep27-seed200027-v1/cooja.log,89598acf8be758b1b00f1e2dfaeeb40de9e98ab0d2f459c7a3626facd1192776,9548,94,success,0,FAILED_PROTOCOL
A-kem768-gilbert-prr0p95-L2-rep27-seed200027-v2,A-kem768-gilbert-prr0p95-L2-rep27-seed200027,A_B1_VS_B2,COOJA_SIMULATION,768,2,gilbert,0.95,2.0,none,200027,valid,none,,,runs/A-kem768-gilbert-prr0p95-L2-rep27-seed200027-v2/cooja.log,9d1fb222a0fedd5e6a87e015609b5ae7816474da42edf8f6c0ce19c890c1dbca,9782,96,success,0,FAILED_PROTOCOL
A-kem768-gilbert-prr0p95-L2-rep28-seed200028-v1,A-kem768-gilbert-prr0p95-L2-rep28-seed200028,A_B1_VS_B2,COOJA_SIMULATION,768,1,gilbert,0.95,2.0,none,200028,valid,none,,,runs/A-kem768-gilbert-prr0p95-L2-rep28-seed200028-v1/cooja.log,318d41028330597b66c76ac21cab28acdac9da6a989c8e06a7d4603558a9480c,12221,129,success,1,SUCCESS
A-kem768-gilbert-prr0p95-L2-rep28-seed200028-v2,A-kem768-gilbert-prr0p95-L2-rep28-seed200028,A_B1_VS_B2,COOJA_SIMULATION,768,2,gilbert,0.95,2.0,none,200028,valid,none,,,runs/A-kem768-gilbert-prr0p95-L2-rep28-seed200028-v2/cooja.log,c59b2346d3c33129880e51b10e58c176aaddd427b7132443b9eea18fc6b4f877,16853,168,success,1,SUCCESS
A-kem768-gilbert-prr0p95-L2-rep29-seed200029-v1,A-kem768-gilbert-prr0p95-L2-rep29-seed200029,A_B1_VS_B2,COOJA_SIMULATION,768,1,gilbert,0.95,2.0,none,200029,valid,none,,,runs/A-kem768-gilbert-prr0p95-L2-rep29-seed200029-v1/cooja.log,7f7ead2cec1f3a2f403c62617c7d2af42628b0d8eff39dc8bc601532572c4307,13212,133,success,0,FAILED_PROTOCOL
A-kem768-gilbert-prr0p95-L2-rep29-seed200029-v2,A-kem768-gilbert-prr0p95-L2-rep29-seed200029,A_B1_VS_B2,COOJA_SIMULATION,768,2,gilbert,0.95,2.0,none,200029,valid,none,,,runs/A-kem768-gilbert-prr0p95-L2-rep29-seed200029-v2/cooja.log,0d11917873be80fa015c5a1da3ed0822c760d7db297315b1a9d98135710f8a80,18400,185,success,1,SUCCESS
A-kem768-gilbert-prr0p95-L2-rep30-seed200030-v1,A-kem768-gilbert-prr0p95-L2-rep30-seed200030,A_B1_VS_B2,COOJA_SIMULATION,768,1,gilbert,0.95,2.0,none,200030,valid,none,,,runs/A-kem768-gilbert-prr0p95-L2-rep30-seed200030-v1/cooja.log,37ca9ae24b3cad82f779d1f917e7b7ce3ac45aeb8fd90cc2f8de56705b952c7d,11961,119,success,0,FAILED_PROTOCOL
A-kem768-gilbert-prr0p95-L2-rep30-seed200030-v2,A-kem768-gilbert-prr0p95-L2-rep30-seed200030,A_B1_VS_B2,COOJA_SIMULATION,768,2,gilbert,0.95,2.0,none,200030,valid,none,,,runs/A-kem768-gilbert-prr0p95-L2-rep30-seed200030-v2/cooja.log,8306ec788f8f79e300bb8a583af623a7b3404782797aa9ccedd48815bea5bdd3,17568,176,success,1,SUCCESS
A-kem768-gilbert-prr0p95-L5-rep01-seed200001-v1,A-kem768-gilbert-prr0p95-L5-rep01-seed200001,A_B1_VS_B2,COOJA_SIMULATION,768,1,gilbert,0.95,5.0,none,200001,valid,none,,,runs/A-kem768-gilbert-prr0p95-L5-rep01-seed200001-v1/cooja.log,09ce91053f57335c7b53776e9e6420fc697bf85bb1ee331e1e449b7485f5a92e,12218,129,success,1,SUCCESS
A-kem768-gilbert-prr0p95-L5-rep01-seed200001-v2,A-kem768-gilbert-prr0p95-L5-rep01-seed200001,A_B1_VS_B2,COOJA_SIMULATION,768,2,gilbert,0.95,5.0,none,200001,valid,none,,,runs/A-kem768-gilbert-prr0p95-L5-rep01-seed200001-v2/cooja.log,77880c7ea9686ab94a770bc3054b4e12a49f0d21e97be115d1bf77ed41844f8b,16850,168,success,1,SUCCESS
A-kem768-gilbert-prr0p95-L5-rep02-seed200002-v1,A-kem768-gilbert-prr0p95-L5-rep02-seed200002,A_B1_VS_B2,COOJA_SIMULATION,768,1,gilbert,0.95,5.0,none,200002,valid,none,,,runs/A-kem768-gilbert-prr0p95-L5-rep02-seed200002-v1/cooja.log,cb264ca6f43f5d83f13910adeb82abe361bc87dc403cea027adaf17339532dd0,8749,84,success,0,FAILED_PROTOCOL
A-kem768-gilbert-prr0p95-L5-rep02-seed200002-v2,A-kem768-gilbert-prr0p95-L5-rep02-seed200002,A_B1_VS_B2,COOJA_SIMULATION,768,2,gilbert,0.95,5.0,none,200002,valid,none,,,runs/A-kem768-gilbert-prr0p95-L5-rep02-seed200002-v2/cooja.log,aae9a3d99dad8e70d1fd0c11e99e25cac095a992ac82a85d0d68ed9ccc46a446,8983,86,success,0,FAILED_PROTOCOL
A-kem768-gilbert-prr0p95-L5-rep03-seed200003-v1,A-kem768-gilbert-prr0p95-L5-rep03-seed200003,A_B1_VS_B2,COOJA_SIMULATION,768,1,gilbert,0.95,5.0,none,200003,valid,none,,,runs/A-kem768-gilbert-prr0p95-L5-rep03-seed200003-v1/cooja.log,46c811ca7158c006a1b6d4d6ad0fc872fffece1543ad582e3c150ebd06bf6aa0,10875,110,success,0,FAILED_PROTOCOL
A-kem768-gilbert-prr0p95-L5-rep03-seed200003-v2,A-kem768-gilbert-prr0p95-L5-rep03-seed200003,A_B1_VS_B2,COOJA_SIMULATION,768,2,gilbert,0.95,5.0,none,200003,valid,none,,,runs/A-kem768-gilbert-prr0p95-L5-rep03-seed200003-v2/cooja.log,439c0990b79515aa57d9c8313167abea178bb8974d55ee56d0a0a9e4a504c1aa,11109,112,success,0,FAILED_PROTOCOL
A-kem768-gilbert-prr0p95-L5-rep04-seed200004-v1,A-kem768-gilbert-prr0p95-L5-rep04-seed200004,A_B1_VS_B2,COOJA_SIMULATION,768,1,gilbert,0.95,5.0,none,200004,valid,none,,,runs/A-kem768-gilbert-prr0p95-L5-rep04-seed200004-v1/cooja.log,4265896c5266a79e795b3fc5460b6cccdcfe4b07d074f560b3df95d37a82eed6,12221,129,success,1,SUCCESS
A-kem768-gilbert-prr0p95-L5-rep04-seed200004-v2,A-kem768-gilbert-prr0p95-L5-rep04-seed200004,A_B1_VS_B2,COOJA_SIMULATION,768,2,gilbert,0.95,5.0,none,200004,valid,none,,,runs/A-kem768-gilbert-prr0p95-L5-rep04-seed200004-v2/cooja.log,1de561331e9fd202818d3a98e9a9d6e02fca73b860db23f435b4e72ad4fd395b,16853,168,success,1,SUCCESS
A-kem768-gilbert-prr0p95-L5-rep05-seed200005-v1,A-kem768-gilbert-prr0p95-L5-rep05-seed200005,A_B1_VS_B2,COOJA_SIMULATION,768,1,gilbert,0.95,5.0,none,200005,valid,none,,,runs/A-kem768-gilbert-prr0p95-L5-rep05-seed200005-v1/cooja.log,9ba888fa44d54347f8e60e356e4f865d45ccee1e9751258f724c66fcf6d9bf79,11359,115,success,0,FAILED_PROTOCOL
A-kem768-gilbert-prr0p95-L5-rep05-seed200005-v2,A-kem768-gilbert-prr0p95-L5-rep05-seed200005,A_B1_VS_B2,COOJA_SIMULATION,768,2,gilbert,0.95,5.0,none,200005,valid,none,,,runs/A-kem768-gilbert-prr0p95-L5-rep05-seed200005-v2/cooja.log,aac3e96a98c316d7c1ccace008ec7cba40e0f19d83b364c7026b9dfb28517050,11593,117,success,0,FAILED_PROTOCOL
A-kem768-gilbert-prr0p95-L5-rep06-seed200006-v1,A-kem768-gilbert-prr0p95-L5-rep06-seed200006,A_B1_VS_B2,COOJA_SIMULATION,768,1,gilbert,0.95,5.0,none,200006,valid,none,,,runs/A-kem768-gilbert-prr0p95-L5-rep06-seed200006-v1/cooja.log,e0681d122df5d766f1a942b103905d00dea3ca02784075f7338e6c9eef6c9926,12048,120,success,0,FAILED_PROTOCOL
A-kem768-gilbert-prr0p95-L5-rep06-seed200006-v2,A-kem768-gilbert-prr0p95-L5-rep06-seed200006,A_B1_VS_B2,COOJA_SIMULATION,768,2,gilbert,0.95,5.0,none,200006,valid,none,,,runs/A-kem768-gilbert-prr0p95-L5-rep06-seed200006-v2/cooja.log,84040cd947da776a585e2e50d913b5795e61ca10666d56f1fa4c63f400bbc634,18953,191,success,1,SUCCESS
A-kem768-gilbert-prr0p95-L5-rep07-seed200007-v1,A-kem768-gilbert-prr0p95-L5-rep07-seed200007,A_B1_VS_B2,COOJA_SIMULATION,768,1,gilbert,0.95,5.0,none,200007,valid,none,,,runs/A-kem768-gilbert-prr0p95-L5-rep07-seed200007-v1/cooja.log,8fd0e9595abe7605aaddc254ca4a24ddde2157e9c608e013a6ea658799bd3264,12215,129,success,1,SUCCESS
A-kem768-gilbert-prr0p95-L5-rep07-seed200007-v2,A-kem768-gilbert-prr0p95-L5-rep07-seed200007,A_B1_VS_B2,COOJA_SIMULATION,768,2,gilbert,0.95,5.0,none,200007,valid,none,,,runs/A-kem768-gilbert-prr0p95-L5-rep07-seed200007-v2/cooja.log,0a105dc2a1ceabadbfb7f47ea0f1f2255e6d79a56f4d5dbd41aac2ebe02cd5a1,16847,168,success,1,SUCCESS
A-kem768-gilbert-prr0p95-L5-rep08-seed200008-v1,A-kem768-gilbert-prr0p95-L5-rep08-seed200008,A_B1_VS_B2,COOJA_SIMULATION,768,1,gilbert,0.95,5.0,none,200008,valid,none,,,runs/A-kem768-gilbert-prr0p95-L5-rep08-seed200008-v1/cooja.log,66e57e052037b55ce0f008b47229953b34a0290cd0723ee06c00fe680da3a8ae,12734,128,success,0,FAILED_PROTOCOL
A-kem768-gilbert-prr0p95-L5-rep08-seed200008-v2,A-kem768-gilbert-prr0p95-L5-rep08-seed200008,A_B1_VS_B2,COOJA_SIMULATION,768,2,gilbert,0.95,5.0,none,200008,valid,none,,,runs/A-kem768-gilbert-prr0p95-L5-rep08-seed200008-v2/cooja.log,d04798919b8d717bde0fe4d8194abb57dcdc8549a682704804cd9f05fb974173,20612,216,success,0,FAILED_PROTOCOL
A-kem768-gilbert-prr0p95-L5-rep09-seed200009-v1,A-kem768-gilbert-prr0p95-L5-rep09-seed200009,A_B1_VS_B2,COOJA_SIMULATION,768,1,gilbert,0.95,5.0,none,200009,valid,none,,,runs/A-kem768-gilbert-prr0p95-L5-rep09-seed200009-v1/cooja.log,d99ea63501b1727ba7f73edd682759cb826db829b28228d6928f2ecdd2e40af7,14994,156,success,0,FAILED_PROTOCOL
A-kem768-gilbert-prr0p95-L5-rep09-seed200009-v2,A-kem768-gilbert-prr0p95-L5-rep09-seed200009,A_B1_VS_B2,COOJA_SIMULATION,768,2,gilbert,0.95,5.0,none,200009,valid,none,,,runs/A-kem768-gilbert-prr0p95-L5-rep09-seed200009-v2/cooja.log,fb1bc50183cab5c9a36875c8601160d43c524affaf25333f37c0d7098a0249f7,15228,158,success,0,FAILED_PROTOCOL
A-kem768-gilbert-prr0p95-L5-rep10-seed200010-v1,A-kem768-gilbert-prr0p95-L5-rep10-seed200010,A_B1_VS_B2,COOJA_SIMULATION,768,1,gilbert,0.95,5.0,none,200010,valid,none,,,runs/A-kem768-gilbert-prr0p95-L5-rep10-seed200010-v1/cooja.log,25177504d92c4eb5e00b096d0403bc788240cf8f5e627cd2800682ce2003ada9,15028,152,success,0,FAILED_PROTOCOL
A-kem768-gilbert-prr0p95-L5-rep10-seed200010-v2,A-kem768-gilbert-prr0p95-L5-rep10-seed200010,A_B1_VS_B2,COOJA_SIMULATION,768,2,gilbert,0.95,5.0,none,200010,valid,none,,,runs/A-kem768-gilbert-prr0p95-L5-rep10-seed200010-v2/cooja.log,57c6c6ca2e78840a15b09153af7a177de8f749712230ed33870f43cb0a919c95,17888,180,success,1,SUCCESS
A-kem768-gilbert-prr0p95-L5-rep11-seed200011-v1,A-kem768-gilbert-prr0p95-L5-rep11-seed200011,A_B1_VS_B2,COOJA_SIMULATION,768,1,gilbert,0.95,5.0,none,200011,valid,none,,,runs/A-kem768-gilbert-prr0p95-L5-rep11-seed200011-v1/cooja.log,37c2a6b0c1300fa24d4e6652d0fbef4a23533ba6b39be360b6752ca3d5b67272,12521,132,success,1,SUCCESS
A-kem768-gilbert-prr0p95-L5-rep11-seed200011-v2,A-kem768-gilbert-prr0p95-L5-rep11-seed200011,A_B1_VS_B2,COOJA_SIMULATION,768,2,gilbert,0.95,5.0,none,200011,valid,none,,,runs/A-kem768-gilbert-prr0p95-L5-rep11-seed200011-v2/cooja.log,db78c7cd592a133549ec02e8f3e879f84e8f544b7c0e0d6341f8a0975a14b639,17153,171,success,1,SUCCESS
A-kem768-gilbert-prr0p95-L5-rep12-seed200012-v1,A-kem768-gilbert-prr0p95-L5-rep12-seed200012,A_B1_VS_B2,COOJA_SIMULATION,768,1,gilbert,0.95,5.0,none,200012,valid,none,,,runs/A-kem768-gilbert-prr0p95-L5-rep12-seed200012-v1/cooja.log,aad0b81a5248666d39677e0bcbf59358d04fef699d539229d14d06c7b126bdab,11679,119,success,0,FAILED_PROTOCOL
A-kem768-gilbert-prr0p95-L5-rep12-seed200012-v2,A-kem768-gilbert-prr0p95-L5-rep12-seed200012,A_B1_VS_B2,COOJA_SIMULATION,768,2,gilbert,0.95,5.0,none,200012,valid,none,,,runs/A-kem768-gilbert-prr0p95-L5-rep12-seed200012-v2/cooja.log,6636d03bef96ac469cfed392a06a343309b02911ca4ae33e3a2b2eb2d1bff64f,11913,121,success,0,FAILED_PROTOCOL
A-kem768-gilbert-prr0p95-L5-rep13-seed200013-v1,A-kem768-gilbert-prr0p95-L5-rep13-seed200013,A_B1_VS_B2,COOJA_SIMULATION,768,1,gilbert,0.95,5.0,none,200013,valid,none,,,runs/A-kem768-gilbert-prr0p95-L5-rep13-seed200013-v1/cooja.log,f1a3d047592709f018ee442206a59ae5538009be192cf54283ad11c1ea99a67d,12224,129,success,1,SUCCESS
A-kem768-gilbert-prr0p95-L5-rep13-seed200013-v2,A-kem768-gilbert-prr0p95-L5-rep13-seed200013,A_B1_VS_B2,COOJA_SIMULATION,768,2,gilbert,0.95,5.0,none,200013,valid,none,,,runs/A-kem768-gilbert-prr0p95-L5-rep13-seed200013-v2/cooja.log,1cb25c3e973679bd338e3eb14f34173f126bd105bba48711703f653b84e5b8c2,16856,168,success,1,SUCCESS
A-kem768-gilbert-prr0p95-L5-rep14-seed200014-v1,A-kem768-gilbert-prr0p95-L5-rep14-seed200014,A_B1_VS_B2,COOJA_SIMULATION,768,1,gilbert,0.95,5.0,none,200014,valid,none,,,runs/A-kem768-gilbert-prr0p95-L5-rep14-seed200014-v1/cooja.log,587466279edfd7af5f010f6e7844e73c6dbbff33b2be21c14fe4c28af8b3137b,12224,129,success,1,SUCCESS
A-kem768-gilbert-prr0p95-L5-rep14-seed200014-v2,A-kem768-gilbert-prr0p95-L5-rep14-seed200014,A_B1_VS_B2,COOJA_SIMULATION,768,2,gilbert,0.95,5.0,none,200014,valid,none,,,runs/A-kem768-gilbert-prr0p95-L5-rep14-seed200014-v2/cooja.log,4e1722758df9cf5b8000fd8d5c01d6965b0923f7edc3c826070b16b9648b5933,17310,173,success,1,SUCCESS
A-kem768-gilbert-prr0p95-L5-rep15-seed200015-v1,A-kem768-gilbert-prr0p95-L5-rep15-seed200015,A_B1_VS_B2,COOJA_SIMULATION,768,1,gilbert,0.95,5.0,none,200015,valid,none,,,runs/A-kem768-gilbert-prr0p95-L5-rep15-seed200015-v1/cooja.log,768d3a6b22e4efec3e6f38ede8754251a115a89f369867be6a1a1b21ad44569a,12215,129,success,1,SUCCESS
A-kem768-gilbert-prr0p95-L5-rep15-seed200015-v2,A-kem768-gilbert-prr0p95-L5-rep15-seed200015,A_B1_VS_B2,COOJA_SIMULATION,768,2,gilbert,0.95,5.0,none,200015,valid,none,,,runs/A-kem768-gilbert-prr0p95-L5-rep15-seed200015-v2/cooja.log,642d890600bc5ccedce258ea638e270796a0fa8d2b9584a15b76b34681e73b96,17755,178,success,1,SUCCESS
A-kem768-gilbert-prr0p95-L5-rep16-seed200016-v1,A-kem768-gilbert-prr0p95-L5-rep16-seed200016,A_B1_VS_B2,COOJA_SIMULATION,768,1,gilbert,0.95,5.0,none,200016,valid,none,,,runs/A-kem768-gilbert-prr0p95-L5-rep16-seed200016-v1/cooja.log,4aa5374e4d5c3471f6fc1cab46713c497a23be1369f640c4fadd4f58b3e5f829,11949,121,success,0,FAILED_PROTOCOL
A-kem768-gilbert-prr0p95-L5-rep16-seed200016-v2,A-kem768-gilbert-prr0p95-L5-rep16-seed200016,A_B1_VS_B2,COOJA_SIMULATION,768,2,gilbert,0.95,5.0,none,200016,valid,none,,,runs/A-kem768-gilbert-prr0p95-L5-rep16-seed200016-v2/cooja.log,7e42d9ef0e5ab7ffd074bae5dd2c4c9da2cbb2d5bd863fde40ab463c9cf9d41d,12183,123,success,0,FAILED_PROTOCOL
A-kem768-gilbert-prr0p95-L5-rep17-seed200017-v1,A-kem768-gilbert-prr0p95-L5-rep17-seed200017,A_B1_VS_B2,COOJA_SIMULATION,768,1,gilbert,0.95,5.0,none,200017,valid,none,,,runs/A-kem768-gilbert-prr0p95-L5-rep17-seed200017-v1/cooja.log,322640a9cb30c7282b2d60159d320c62be9e2123eca46e3d65d1144e84912dbc,12224,129,success,1,SUCCESS
A-kem768-gilbert-prr0p95-L5-rep17-seed200017-v2,A-kem768-gilbert-prr0p95-L5-rep17-seed200017,A_B1_VS_B2,COOJA_SIMULATION,768,2,gilbert,0.95,5.0,none,200017,valid,none,,,runs/A-kem768-gilbert-prr0p95-L5-rep17-seed200017-v2/cooja.log,f02118c7a0ed5d82005790af94c69bb1c8055a46fc950d2707c75ed9e26fac66,16856,168,success,1,SUCCESS
A-kem768-gilbert-prr0p95-L5-rep18-seed200018-v1,A-kem768-gilbert-prr0p95-L5-rep18-seed200018,A_B1_VS_B2,COOJA_SIMULATION,768,1,gilbert,0.95,5.0,none,200018,valid,none,,,runs/A-kem768-gilbert-prr0p95-L5-rep18-seed200018-v1/cooja.log,d302d65564c5f4bbbb995db6e1975e13a188f161f880e5728537829f5175f3fd,12218,129,success,1,SUCCESS
A-kem768-gilbert-prr0p95-L5-rep18-seed200018-v2,A-kem768-gilbert-prr0p95-L5-rep18-seed200018,A_B1_VS_B2,COOJA_SIMULATION,768,2,gilbert,0.95,5.0,none,200018,valid,none,,,runs/A-kem768-gilbert-prr0p95-L5-rep18-seed200018-v2/cooja.log,01cc336aebc0d64a6970fa82f095edebe403110aeb414afcb943cffc34adae12,16850,168,success,1,SUCCESS
A-kem768-gilbert-prr0p95-L5-rep19-seed200019-v1,A-kem768-gilbert-prr0p95-L5-rep19-seed200019,A_B1_VS_B2,COOJA_SIMULATION,768,1,gilbert,0.95,5.0,none,200019,valid,none,,,runs/A-kem768-gilbert-prr0p95-L5-rep19-seed200019-v1/cooja.log,f91807032b67c695f1de2e0be2f703e6dbcd42ad7529974f7a03178977a5661e,12224,129,success,1,SUCCESS
A-kem768-gilbert-prr0p95-L5-rep19-seed200019-v2,A-kem768-gilbert-prr0p95-L5-rep19-seed200019,A_B1_VS_B2,COOJA_SIMULATION,768,2,gilbert,0.95,5.0,none,200019,valid,none,,,runs/A-kem768-gilbert-prr0p95-L5-rep19-seed200019-v2/cooja.log,9b911047ed7103c3d454f2f497ff1d38eaa03d18f9421aae533d8bb768abd86c,16856,168,success,1,SUCCESS
A-kem768-gilbert-prr0p95-L5-rep20-seed200020-v1,A-kem768-gilbert-prr0p95-L5-rep20-seed200020,A_B1_VS_B2,COOJA_SIMULATION,768,1,gilbert,0.95,5.0,none,200020,valid,none,,,runs/A-kem768-gilbert-prr0p95-L5-rep20-seed200020-v1/cooja.log,6ef22b156051a9560c2b41b6706d023d960e30c986e5ffc1b654e4c2c642cd9e,12215,129,success,1,SUCCESS
A-kem768-gilbert-prr0p95-L5-rep20-seed200020-v2,A-kem768-gilbert-prr0p95-L5-rep20-seed200020,A_B1_VS_B2,COOJA_SIMULATION,768,2,gilbert,0.95,5.0,none,200020,valid,none,,,runs/A-kem768-gilbert-prr0p95-L5-rep20-seed200020-v2/cooja.log,79b5bdaf006c77284b06ce9ca997d39381eccb682aa6f7f355b10dbbf969ea40,16847,168,success,1,SUCCESS
A-kem768-gilbert-prr0p95-L5-rep21-seed200021-v1,A-kem768-gilbert-prr0p95-L5-rep21-seed200021,A_B1_VS_B2,COOJA_SIMULATION,768,1,gilbert,0.95,5.0,none,200021,valid,none,,,runs/A-kem768-gilbert-prr0p95-L5-rep21-seed200021-v1/cooja.log,ffb21aca17f2b45d7f9425205af4570b2210422635b0484e481baecaf7c10f25,12215,129,success,1,SUCCESS
A-kem768-gilbert-prr0p95-L5-rep21-seed200021-v2,A-kem768-gilbert-prr0p95-L5-rep21-seed200021,A_B1_VS_B2,COOJA_SIMULATION,768,2,gilbert,0.95,5.0,none,200021,valid,none,,,runs/A-kem768-gilbert-prr0p95-L5-rep21-seed200021-v2/cooja.log,6f03030f523b628fc7c83f726c3aea44844632b45129a859d2b5780b7d69e070,16847,168,success,1,SUCCESS
A-kem768-gilbert-prr0p95-L5-rep22-seed200022-v1,A-kem768-gilbert-prr0p95-L5-rep22-seed200022,A_B1_VS_B2,COOJA_SIMULATION,768,1,gilbert,0.95,5.0,none,200022,valid,none,,,runs/A-kem768-gilbert-prr0p95-L5-rep22-seed200022-v1/cooja.log,6a32694076d4a6a4ff5a7c129ac039ad331d8fb5909c7b72c43e424bcafa46f3,12305,123,success,0,FAILED_PROTOCOL
A-kem768-gilbert-prr0p95-L5-rep22-seed200022-v2,A-kem768-gilbert-prr0p95-L5-rep22-seed200022,A_B1_VS_B2,COOJA_SIMULATION,768,2,gilbert,0.95,5.0,none,200022,valid,none,,,runs/A-kem768-gilbert-prr0p95-L5-rep22-seed200022-v2/cooja.log,8472ecb58b5a07452b3169bfe24fc532e208eb219ed5723895148bd601910a32,18584,188,success,1,SUCCESS
A-kem768-gilbert-prr0p95-L5-rep23-seed200023-v1,A-kem768-gilbert-prr0p95-L5-rep23-seed200023,A_B1_VS_B2,COOJA_SIMULATION,768,1,gilbert,0.95,5.0,none,200023,valid,none,,,runs/A-kem768-gilbert-prr0p95-L5-rep23-seed200023-v1/cooja.log,0fda9db9b768238ca382dddfc332094a6bba5b403e2301a70bb25a1ff5cb35ca,12221,129,success,1,SUCCESS
A-kem768-gilbert-prr0p95-L5-rep23-seed200023-v2,A-kem768-gilbert-prr0p95-L5-rep23-seed200023,A_B1_VS_B2,COOJA_SIMULATION,768,2,gilbert,0.95,5.0,none,200023,valid,none,,,runs/A-kem768-gilbert-prr0p95-L5-rep23-seed200023-v2/cooja.log,50e5d06a965589c6e4c1ca6e44c399ba007691f42733dc7e36e5da0f5d25d7be,16853,168,success,1,SUCCESS
A-kem768-gilbert-prr0p95-L5-rep24-seed200024-v1,A-kem768-gilbert-prr0p95-L5-rep24-seed200024,A_B1_VS_B2,COOJA_SIMULATION,768,1,gilbert,0.95,5.0,none,200024,valid,none,,,runs/A-kem768-gilbert-prr0p95-L5-rep24-seed200024-v1/cooja.log,8f1140d9999acfe9f7d64497d1a109f378c92b86de9fce1bb2510cb427973417,12221,129,success,1,SUCCESS
A-kem768-gilbert-prr0p95-L5-rep24-seed200024-v2,A-kem768-gilbert-prr0p95-L5-rep24-seed200024,A_B1_VS_B2,COOJA_SIMULATION,768,2,gilbert,0.95,5.0,none,200024,valid,none,,,runs/A-kem768-gilbert-prr0p95-L5-rep24-seed200024-v2/cooja.log,89deab65ab9176ef8a780076073f863f51ea528f6adde099c69f93587cb2ad29,16853,168,success,1,SUCCESS
A-kem768-gilbert-prr0p95-L5-rep25-seed200025-v1,A-kem768-gilbert-prr0p95-L5-rep25-seed200025,A_B1_VS_B2,COOJA_SIMULATION,768,1,gilbert,0.95,5.0,none,200025,valid,none,,,runs/A-kem768-gilbert-prr0p95-L5-rep25-seed200025-v1/cooja.log,9dfe856564c720f0562cd595a940f1a31fee5aa73825597a16bd581f5f22cf47,12215,129,success,1,SUCCESS
A-kem768-gilbert-prr0p95-L5-rep25-seed200025-v2,A-kem768-gilbert-prr0p95-L5-rep25-seed200025,A_B1_VS_B2,COOJA_SIMULATION,768,2,gilbert,0.95,5.0,none,200025,valid,none,,,runs/A-kem768-gilbert-prr0p95-L5-rep25-seed200025-v2/cooja.log,dd2ef591fdc1f12f9366788eca672ec150538fa85e9bbe4b28c7f37169858634,16847,168,success,1,SUCCESS
A-kem768-gilbert-prr0p95-L5-rep26-seed200026-v1,A-kem768-gilbert-prr0p95-L5-rep26-seed200026,A_B1_VS_B2,COOJA_SIMULATION,768,1,gilbert,0.95,5.0,none,200026,valid,none,,,runs/A-kem768-gilbert-prr0p95-L5-rep26-seed200026-v1/cooja.log,dd5f03e926a676f050317af7c41308ef2d84122fd9f48518e858ec0ca981759b,12218,129,success,1,SUCCESS
A-kem768-gilbert-prr0p95-L5-rep26-seed200026-v2,A-kem768-gilbert-prr0p95-L5-rep26-seed200026,A_B1_VS_B2,COOJA_SIMULATION,768,2,gilbert,0.95,5.0,none,200026,valid,none,,,runs/A-kem768-gilbert-prr0p95-L5-rep26-seed200026-v2/cooja.log,19844a1893020eeb6b67cf1574b175d2d391430a50e380a5212ec94147f98393,16850,168,success,1,SUCCESS
A-kem768-gilbert-prr0p95-L5-rep27-seed200027-v1,A-kem768-gilbert-prr0p95-L5-rep27-seed200027,A_B1_VS_B2,COOJA_SIMULATION,768,1,gilbert,0.95,5.0,none,200027,valid,none,,,runs/A-kem768-gilbert-prr0p95-L5-rep27-seed200027-v1/cooja.log,e07aa5e13d61001e42f2e6b7e0ab976de0078dcd64c96241469027b294596bc1,10998,110,success,0,FAILED_PROTOCOL
A-kem768-gilbert-prr0p95-L5-rep27-seed200027-v2,A-kem768-gilbert-prr0p95-L5-rep27-seed200027,A_B1_VS_B2,COOJA_SIMULATION,768,2,gilbert,0.95,5.0,none,200027,valid,none,,,runs/A-kem768-gilbert-prr0p95-L5-rep27-seed200027-v2/cooja.log,388559432ec8f9b97d047565acbb52fb5802b1308c0c062ea15012c636ae4b4a,11232,112,success,0,FAILED_PROTOCOL
A-kem768-gilbert-prr0p95-L5-rep28-seed200028-v1,A-kem768-gilbert-prr0p95-L5-rep28-seed200028,A_B1_VS_B2,COOJA_SIMULATION,768,1,gilbert,0.95,5.0,none,200028,valid,none,,,runs/A-kem768-gilbert-prr0p95-L5-rep28-seed200028-v1/cooja.log,318d41028330597b66c76ac21cab28acdac9da6a989c8e06a7d4603558a9480c,12221,129,success,1,SUCCESS
A-kem768-gilbert-prr0p95-L5-rep28-seed200028-v2,A-kem768-gilbert-prr0p95-L5-rep28-seed200028,A_B1_VS_B2,COOJA_SIMULATION,768,2,gilbert,0.95,5.0,none,200028,valid,none,,,runs/A-kem768-gilbert-prr0p95-L5-rep28-seed200028-v2/cooja.log,c59b2346d3c33129880e51b10e58c176aaddd427b7132443b9eea18fc6b4f877,16853,168,success,1,SUCCESS
A-kem768-gilbert-prr0p95-L5-rep29-seed200029-v1,A-kem768-gilbert-prr0p95-L5-rep29-seed200029,A_B1_VS_B2,COOJA_SIMULATION,768,1,gilbert,0.95,5.0,none,200029,valid,none,,,runs/A-kem768-gilbert-prr0p95-L5-rep29-seed200029-v1/cooja.log,fb85cb82274172b2b40a0daaeec8daf1b6ebe1341825020a6394aaae982a06cc,12333,122,success,0,FAILED_PROTOCOL
A-kem768-gilbert-prr0p95-L5-rep29-seed200029-v2,A-kem768-gilbert-prr0p95-L5-rep29-seed200029,A_B1_VS_B2,COOJA_SIMULATION,768,2,gilbert,0.95,5.0,none,200029,valid,none,,,runs/A-kem768-gilbert-prr0p95-L5-rep29-seed200029-v2/cooja.log,692bbe02b7b9bd7b243d7e1d8d7bec820998687da04780eb904f27c3e6f26068,14181,142,success,0,FAILED_PROTOCOL
A-kem768-gilbert-prr0p95-L5-rep30-seed200030-v1,A-kem768-gilbert-prr0p95-L5-rep30-seed200030,A_B1_VS_B2,COOJA_SIMULATION,768,1,gilbert,0.95,5.0,none,200030,valid,none,,,runs/A-kem768-gilbert-prr0p95-L5-rep30-seed200030-v1/cooja.log,331764b6f6f6e7a4c9ff02f6b4a668e48c094f58b7bff76345566646da5a1247,12224,129,success,1,SUCCESS
A-kem768-gilbert-prr0p95-L5-rep30-seed200030-v2,A-kem768-gilbert-prr0p95-L5-rep30-seed200030,A_B1_VS_B2,COOJA_SIMULATION,768,2,gilbert,0.95,5.0,none,200030,valid,none,,,runs/A-kem768-gilbert-prr0p95-L5-rep30-seed200030-v2/cooja.log,9279c9f781e1249bf119e52596bcd46d51cda602eff89be1d8f040727479b496,16856,168,success,1,SUCCESS
A-kem768-gilbert-prr0p95-L10-rep01-seed200001-v1,A-kem768-gilbert-prr0p95-L10-rep01-seed200001,A_B1_VS_B2,COOJA_SIMULATION,768,1,gilbert,0.95,10.0,none,200001,valid,none,,,runs/A-kem768-gilbert-prr0p95-L10-rep01-seed200001-v1/cooja.log,09ce91053f57335c7b53776e9e6420fc697bf85bb1ee331e1e449b7485f5a92e,12218,129,success,1,SUCCESS
A-kem768-gilbert-prr0p95-L10-rep01-seed200001-v2,A-kem768-gilbert-prr0p95-L10-rep01-seed200001,A_B1_VS_B2,COOJA_SIMULATION,768,2,gilbert,0.95,10.0,none,200001,valid,none,,,runs/A-kem768-gilbert-prr0p95-L10-rep01-seed200001-v2/cooja.log,77880c7ea9686ab94a770bc3054b4e12a49f0d21e97be115d1bf77ed41844f8b,16850,168,success,1,SUCCESS
A-kem768-gilbert-prr0p95-L10-rep02-seed200002-v1,A-kem768-gilbert-prr0p95-L10-rep02-seed200002,A_B1_VS_B2,COOJA_SIMULATION,768,1,gilbert,0.95,10.0,none,200002,valid,none,,,runs/A-kem768-gilbert-prr0p95-L10-rep02-seed200002-v1/cooja.log,cb264ca6f43f5d83f13910adeb82abe361bc87dc403cea027adaf17339532dd0,8749,84,success,0,FAILED_PROTOCOL
A-kem768-gilbert-prr0p95-L10-rep02-seed200002-v2,A-kem768-gilbert-prr0p95-L10-rep02-seed200002,A_B1_VS_B2,COOJA_SIMULATION,768,2,gilbert,0.95,10.0,none,200002,valid,none,,,runs/A-kem768-gilbert-prr0p95-L10-rep02-seed200002-v2/cooja.log,aae9a3d99dad8e70d1fd0c11e99e25cac095a992ac82a85d0d68ed9ccc46a446,8983,86,success,0,FAILED_PROTOCOL
A-kem768-gilbert-prr0p95-L10-rep03-seed200003-v1,A-kem768-gilbert-prr0p95-L10-rep03-seed200003,A_B1_VS_B2,COOJA_SIMULATION,768,1,gilbert,0.95,10.0,none,200003,valid,none,,,runs/A-kem768-gilbert-prr0p95-L10-rep03-seed200003-v1/cooja.log,ab6531157eaedb4139b74cabcd5cb1f0f0be50203d3c07bbba016345923e6913,13068,134,success,0,FAILED_PROTOCOL
A-kem768-gilbert-prr0p95-L10-rep03-seed200003-v2,A-kem768-gilbert-prr0p95-L10-rep03-seed200003,A_B1_VS_B2,COOJA_SIMULATION,768,2,gilbert,0.95,10.0,none,200003,valid,none,,,runs/A-kem768-gilbert-prr0p95-L10-rep03-seed200003-v2/cooja.log,f5c957af2db1b28ff86f08bcee63707d5ec22ec5c5bfb9871a30f45646308ae5,13302,136,success,0,FAILED_PROTOCOL
A-kem768-gilbert-prr0p95-L10-rep04-seed200004-v1,A-kem768-gilbert-prr0p95-L10-rep04-seed200004,A_B1_VS_B2,COOJA_SIMULATION,768,1,gilbert,0.95,10.0,none,200004,valid,none,,,runs/A-kem768-gilbert-prr0p95-L10-rep04-seed200004-v1/cooja.log,4265896c5266a79e795b3fc5460b6cccdcfe4b07d074f560b3df95d37a82eed6,12221,129,success,1,SUCCESS
A-kem768-gilbert-prr0p95-L10-rep04-seed200004-v2,A-kem768-gilbert-prr0p95-L10-rep04-seed200004,A_B1_VS_B2,COOJA_SIMULATION,768,2,gilbert,0.95,10.0,none,200004,valid,none,,,runs/A-kem768-gilbert-prr0p95-L10-rep04-seed200004-v2/cooja.log,1de561331e9fd202818d3a98e9a9d6e02fca73b860db23f435b4e72ad4fd395b,16853,168,success,1,SUCCESS
A-kem768-gilbert-prr0p95-L10-rep05-seed200005-v1,A-kem768-gilbert-prr0p95-L10-rep05-seed200005,A_B1_VS_B2,COOJA_SIMULATION,768,1,gilbert,0.95,10.0,none,200005,valid,none,,,runs/A-kem768-gilbert-prr0p95-L10-rep05-seed200005-v1/cooja.log,9ba888fa44d54347f8e60e356e4f865d45ccee1e9751258f724c66fcf6d9bf79,11359,115,success,0,FAILED_PROTOCOL
A-kem768-gilbert-prr0p95-L10-rep05-seed200005-v2,A-kem768-gilbert-prr0p95-L10-rep05-seed200005,A_B1_VS_B2,COOJA_SIMULATION,768,2,gilbert,0.95,10.0,none,200005,valid,none,,,runs/A-kem768-gilbert-prr0p95-L10-rep05-seed200005-v2/cooja.log,aac3e96a98c316d7c1ccace008ec7cba40e0f19d83b364c7026b9dfb28517050,11593,117,success,0,FAILED_PROTOCOL
A-kem768-gilbert-prr0p95-L10-rep06-seed200006-v1,A-kem768-gilbert-prr0p95-L10-rep06-seed200006,A_B1_VS_B2,COOJA_SIMULATION,768,1,gilbert,0.95,10.0,none,200006,valid,none,,,runs/A-kem768-gilbert-prr0p95-L10-rep06-seed200006-v1/cooja.log,39ac8241593c612efe4db7dbfd450260832e0e7d90c58f0f7e22fafedf401826,11884,118,success,0,FAILED_PROTOCOL
A-kem768-gilbert-prr0p95-L10-rep06-seed200006-v2,A-kem768-gilbert-prr0p95-L10-rep06-seed200006,A_B1_VS_B2,COOJA_SIMULATION,768,2,gilbert,0.95,10.0,none,200006,valid,none,,,runs/A-kem768-gilbert-prr0p95-L10-rep06-seed200006-v2/cooja.log,da3e0674749ea7cc7a3c9d01a7eb3bd885732559ea1dbfd74acd79e8aece9b6d,24087,248,success,0,FAILED_PROTOCOL
A-kem768-gilbert-prr0p95-L10-rep07-seed200007-v1,A-kem768-gilbert-prr0p95-L10-rep07-seed200007,A_B1_VS_B2,COOJA_SIMULATION,768,1,gilbert,0.95,10.0,none,200007,valid,none,,,runs/A-kem768-gilbert-prr0p95-L10-rep07-seed200007-v1/cooja.log,8fd0e9595abe7605aaddc254ca4a24ddde2157e9c608e013a6ea658799bd3264,12215,129,success,1,SUCCESS
A-kem768-gilbert-prr0p95-L10-rep07-seed200007-v2,A-kem768-gilbert-prr0p95-L10-rep07-seed200007,A_B1_VS_B2,COOJA_SIMULATION,768,2,gilbert,0.95,10.0,none,200007,valid,none,,,runs/A-kem768-gilbert-prr0p95-L10-rep07-seed200007-v2/cooja.log,0a105dc2a1ceabadbfb7f47ea0f1f2255e6d79a56f4d5dbd41aac2ebe02cd5a1,16847,168,success,1,SUCCESS
A-kem768-gilbert-prr0p95-L10-rep08-seed200008-v1,A-kem768-gilbert-prr0p95-L10-rep08-seed200008,A_B1_VS_B2,COOJA_SIMULATION,768,1,gilbert,0.95,10.0,none,200008,valid,none,,,runs/A-kem768-gilbert-prr0p95-L10-rep08-seed200008-v1/cooja.log,66e57e052037b55ce0f008b47229953b34a0290cd0723ee06c00fe680da3a8ae,12734,128,success,0,FAILED_PROTOCOL
A-kem768-gilbert-prr0p95-L10-rep08-seed200008-v2,A-kem768-gilbert-prr0p95-L10-rep08-seed200008,A_B1_VS_B2,COOJA_SIMULATION,768,2,gilbert,0.95,10.0,none,200008,valid,none,,,runs/A-kem768-gilbert-prr0p95-L10-rep08-seed200008-v2/cooja.log,d4b6020e9f1dbc55c14e86e2c830bfc3f46cead87c806d0db10f94cda6bd8926,18037,182,success,1,SUCCESS
A-kem768-gilbert-prr0p95-L10-rep09-seed200009-v1,A-kem768-gilbert-prr0p95-L10-rep09-seed200009,A_B1_VS_B2,COOJA_SIMULATION,768,1,gilbert,0.95,10.0,none,200009,valid,none,,,runs/A-kem768-gilbert-prr0p95-L10-rep09-seed200009-v1/cooja.log,b6edf65585349b57fc1fce38602cd9c7fca87a84e2db7f41645a59d5eb833e54,12221,129,success,1,SUCCESS
A-kem768-gilbert-prr0p95-L10-rep09-seed200009-v2,A-kem768-gilbert-prr0p95-L10-rep09-seed200009,A_B1_VS_B2,COOJA_SIMULATION,768,2,gilbert,0.95,10.0,none,200009,valid,none,,,runs/A-kem768-gilbert-prr0p95-L10-rep09-seed200009-v2/cooja.log,739e9524013526f8d2e041d046ccbace7cf017e0d786c7f2ef6e0182753cc750,16853,168,success,1,SUCCESS
A-kem768-gilbert-prr0p95-L10-rep10-seed200010-v1,A-kem768-gilbert-prr0p95-L10-rep10-seed200010,A_B1_VS_B2,COOJA_SIMULATION,768,1,gilbert,0.95,10.0,none,200010,valid,none,,,runs/A-kem768-gilbert-prr0p95-L10-rep10-seed200010-v1/cooja.log,3692a0800d714c2960eef354930ff3f195b4de6dbed0d1159268401d3201d9d3,14804,149,success,0,FAILED_PROTOCOL
A-kem768-gilbert-prr0p95-L10-rep10-seed200010-v2,A-kem768-gilbert-prr0p95-L10-rep10-seed200010,A_B1_VS_B2,COOJA_SIMULATION,768,2,gilbert,0.95,10.0,none,200010,valid,none,,,runs/A-kem768-gilbert-prr0p95-L10-rep10-seed200010-v2/cooja.log,115fd0d831df3f487ea7defbe9df7a638bd5127b2653bb23681f08dcf681e1c6,18409,186,success,0,FAILED_PROTOCOL
A-kem768-gilbert-prr0p95-L10-rep11-seed200011-v1,A-kem768-gilbert-prr0p95-L10-rep11-seed200011,A_B1_VS_B2,COOJA_SIMULATION,768,1,gilbert,0.95,10.0,none,200011,valid,none,,,runs/A-kem768-gilbert-prr0p95-L10-rep11-seed200011-v1/cooja.log,566984dc03be203c530391e69d15664b48bb318953a46ce12f9d2eb900b23fc2,12215,129,success,1,SUCCESS
A-kem768-gilbert-prr0p95-L10-rep11-seed200011-v2,A-kem768-gilbert-prr0p95-L10-rep11-seed200011,A_B1_VS_B2,COOJA_SIMULATION,768,2,gilbert,0.95,10.0,none,200011,valid,none,,,runs/A-kem768-gilbert-prr0p95-L10-rep11-seed200011-v2/cooja.log,2cc59cfe46c5a93e25666bbda741f0fc0570688f80ee3cbc89ebe111fd1db091,16847,168,success,1,SUCCESS
A-kem768-gilbert-prr0p95-L10-rep12-seed200012-v1,A-kem768-gilbert-prr0p95-L10-rep12-seed200012,A_B1_VS_B2,COOJA_SIMULATION,768,1,gilbert,0.95,10.0,none,200012,valid,none,,,runs/A-kem768-gilbert-prr0p95-L10-rep12-seed200012-v1/cooja.log,07b74ccb0dfcbe21ab607280ba68fda46516f8f586f854698f578333a2a6af04,8934,86,success,0,FAILED_PROTOCOL
A-kem768-gilbert-prr0p95-L10-rep12-seed200012-v2,A-kem768-gilbert-prr0p95-L10-rep12-seed200012,A_B1_VS_B2,COOJA_SIMULATION,768,2,gilbert,0.95,10.0,none,200012,valid,none,,,runs/A-kem768-gilbert-prr0p95-L10-rep12-seed200012-v2/cooja.log,699d124aa253083a12fd3c97a213be81558ad8312bfa94e197e2d8d01b0e8f30,9168,88,success,0,FAILED_PROTOCOL
A-kem768-gilbert-prr0p95-L10-rep13-seed200013-v1,A-kem768-gilbert-prr0p95-L10-rep13-seed200013,A_B1_VS_B2,COOJA_SIMULATION,768,1,gilbert,0.95,10.0,none,200013,valid,none,,,runs/A-kem768-gilbert-prr0p95-L10-rep13-seed200013-v1/cooja.log,f1a3d047592709f018ee442206a59ae5538009be192cf54283ad11c1ea99a67d,12224,129,success,1,SUCCESS
A-kem768-gilbert-prr0p95-L10-rep13-seed200013-v2,A-kem768-gilbert-prr0p95-L10-rep13-seed200013,A_B1_VS_B2,COOJA_SIMULATION,768,2,gilbert,0.95,10.0,none,200013,valid,none,,,runs/A-kem768-gilbert-prr0p95-L10-rep13-seed200013-v2/cooja.log,1cb25c3e973679bd338e3eb14f34173f126bd105bba48711703f653b84e5b8c2,16856,168,success,1,SUCCESS
A-kem768-gilbert-prr0p95-L10-rep14-seed200014-v1,A-kem768-gilbert-prr0p95-L10-rep14-seed200014,A_B1_VS_B2,COOJA_SIMULATION,768,1,gilbert,0.95,10.0,none,200014,valid,none,,,runs/A-kem768-gilbert-prr0p95-L10-rep14-seed200014-v1/cooja.log,587466279edfd7af5f010f6e7844e73c6dbbff33b2be21c14fe4c28af8b3137b,12224,129,success,1,SUCCESS
A-kem768-gilbert-prr0p95-L10-rep14-seed200014-v2,A-kem768-gilbert-prr0p95-L10-rep14-seed200014,A_B1_VS_B2,COOJA_SIMULATION,768,2,gilbert,0.95,10.0,none,200014,valid,none,,,runs/A-kem768-gilbert-prr0p95-L10-rep14-seed200014-v2/cooja.log,08868e7cc28b7127b17cb56aec96fa9ebf336a8e6929e06800064003be806c06,16912,177,success,1,SUCCESS
A-kem768-gilbert-prr0p95-L10-rep15-seed200015-v1,A-kem768-gilbert-prr0p95-L10-rep15-seed200015,A_B1_VS_B2,COOJA_SIMULATION,768,1,gilbert,0.95,10.0,none,200015,valid,none,,,runs/A-kem768-gilbert-prr0p95-L10-rep15-seed200015-v1/cooja.log,9241592c226ccebc8e5ae70eaf4338a23fa752f59a29b84d400358640365cb98,12215,129,success,1,SUCCESS
A-kem768-gilbert-prr0p95-L10-rep15-seed200015-v2,A-kem768-gilbert-prr0p95-L10-rep15-seed200015,A_B1_VS_B2,COOJA_SIMULATION,768,2,gilbert,0.95,10.0,none,200015,valid,none,,,runs/A-kem768-gilbert-prr0p95-L10-rep15-seed200015-v2/cooja.log,be89311b3af06e31c859338a7fe432080234ce4ba591f1fee80dfc8ed1526137,16847,168,success,1,SUCCESS
A-kem768-gilbert-prr0p95-L10-rep16-seed200016-v1,A-kem768-gilbert-prr0p95-L10-rep16-seed200016,A_B1_VS_B2,COOJA_SIMULATION,768,1,gilbert,0.95,10.0,none,200016,valid,none,,,runs/A-kem768-gilbert-prr0p95-L10-rep16-seed200016-v1/cooja.log,b9fb7ee34ed266369e04c1c92ce55ed32323e28c56d276d27dfa23fa562b7286,8481,81,success,0,FAILED_PROTOCOL
A-kem768-gilbert-prr0p95-L10-rep16-seed200016-v2,A-kem768-gilbert-prr0p95-L10-rep16-seed200016,A_B1_VS_B2,COOJA_SIMULATION,768,2,gilbert,0.95,10.0,none,200016,valid,none,,,runs/A-kem768-gilbert-prr0p95-L10-rep16-seed200016-v2/cooja.log,53838916f053d4c4f20c8fae2916039820fedf097e521685f75427bdeed7da2a,8715,83,success,0,FAILED_PROTOCOL
A-kem768-gilbert-prr0p95-L10-rep17-seed200017-v1,A-kem768-gilbert-prr0p95-L10-rep17-seed200017,A_B1_VS_B2,COOJA_SIMULATION,768,1,gilbert,0.95,10.0,none,200017,valid,none,,,runs/A-kem768-gilbert-prr0p95-L10-rep17-seed200017-v1/cooja.log,322640a9cb30c7282b2d60159d320c62be9e2123eca46e3d65d1144e84912dbc,12224,129,success,1,SUCCESS
A-kem768-gilbert-prr0p95-L10-rep17-seed200017-v2,A-kem768-gilbert-prr0p95-L10-rep17-seed200017,A_B1_VS_B2,COOJA_SIMULATION,768,2,gilbert,0.95,10.0,none,200017,valid,none,,,runs/A-kem768-gilbert-prr0p95-L10-rep17-seed200017-v2/cooja.log,f02118c7a0ed5d82005790af94c69bb1c8055a46fc950d2707c75ed9e26fac66,16856,168,success,1,SUCCESS
A-kem768-gilbert-prr0p95-L10-rep18-seed200018-v1,A-kem768-gilbert-prr0p95-L10-rep18-seed200018,A_B1_VS_B2,COOJA_SIMULATION,768,1,gilbert,0.95,10.0,none,200018,valid,none,,,runs/A-kem768-gilbert-prr0p95-L10-rep18-seed200018-v1/cooja.log,d302d65564c5f4bbbb995db6e1975e13a188f161f880e5728537829f5175f3fd,12218,129,success,1,SUCCESS
A-kem768-gilbert-prr0p95-L10-rep18-seed200018-v2,A-kem768-gilbert-prr0p95-L10-rep18-seed200018,A_B1_VS_B2,COOJA_SIMULATION,768,2,gilbert,0.95,10.0,none,200018,valid,none,,,runs/A-kem768-gilbert-prr0p95-L10-rep18-seed200018-v2/cooja.log,01cc336aebc0d64a6970fa82f095edebe403110aeb414afcb943cffc34adae12,16850,168,success,1,SUCCESS
A-kem768-gilbert-prr0p95-L10-rep19-seed200019-v1,A-kem768-gilbert-prr0p95-L10-rep19-seed200019,A_B1_VS_B2,COOJA_SIMULATION,768,1,gilbert,0.95,10.0,none,200019,valid,none,,,runs/A-kem768-gilbert-prr0p95-L10-rep19-seed200019-v1/cooja.log,f91807032b67c695f1de2e0be2f703e6dbcd42ad7529974f7a03178977a5661e,12224,129,success,1,SUCCESS
A-kem768-gilbert-prr0p95-L10-rep19-seed200019-v2,A-kem768-gilbert-prr0p95-L10-rep19-seed200019,A_B1_VS_B2,COOJA_SIMULATION,768,2,gilbert,0.95,10.0,none,200019,valid,none,,,runs/A-kem768-gilbert-prr0p95-L10-rep19-seed200019-v2/cooja.log,9b911047ed7103c3d454f2f497ff1d38eaa03d18f9421aae533d8bb768abd86c,16856,168,success,1,SUCCESS
A-kem768-gilbert-prr0p95-L10-rep20-seed200020-v1,A-kem768-gilbert-prr0p95-L10-rep20-seed200020,A_B1_VS_B2,COOJA_SIMULATION,768,1,gilbert,0.95,10.0,none,200020,valid,none,,,runs/A-kem768-gilbert-prr0p95-L10-rep20-seed200020-v1/cooja.log,d436d58131e38ccd4bfc8e000eec8a1ff73465f34694d2ea04584af749ec128a,12215,129,success,1,SUCCESS
A-kem768-gilbert-prr0p95-L10-rep20-seed200020-v2,A-kem768-gilbert-prr0p95-L10-rep20-seed200020,A_B1_VS_B2,COOJA_SIMULATION,768,2,gilbert,0.95,10.0,none,200020,valid,none,,,runs/A-kem768-gilbert-prr0p95-L10-rep20-seed200020-v2/cooja.log,8b53d17dcfad23610fd81d73d356202ca4d05ccb6f56d13f4730b9b255166727,16847,168,success,1,SUCCESS
A-kem768-gilbert-prr0p95-L10-rep21-seed200021-v1,A-kem768-gilbert-prr0p95-L10-rep21-seed200021,A_B1_VS_B2,COOJA_SIMULATION,768,1,gilbert,0.95,10.0,none,200021,valid,none,,,runs/A-kem768-gilbert-prr0p95-L10-rep21-seed200021-v1/cooja.log,ffb21aca17f2b45d7f9425205af4570b2210422635b0484e481baecaf7c10f25,12215,129,success,1,SUCCESS
A-kem768-gilbert-prr0p95-L10-rep21-seed200021-v2,A-kem768-gilbert-prr0p95-L10-rep21-seed200021,A_B1_VS_B2,COOJA_SIMULATION,768,2,gilbert,0.95,10.0,none,200021,valid,none,,,runs/A-kem768-gilbert-prr0p95-L10-rep21-seed200021-v2/cooja.log,6f03030f523b628fc7c83f726c3aea44844632b45129a859d2b5780b7d69e070,16847,168,success,1,SUCCESS
A-kem768-gilbert-prr0p95-L10-rep22-seed200022-v1,A-kem768-gilbert-prr0p95-L10-rep22-seed200022,A_B1_VS_B2,COOJA_SIMULATION,768,1,gilbert,0.95,10.0,none,200022,valid,none,,,runs/A-kem768-gilbert-prr0p95-L10-rep22-seed200022-v1/cooja.log,556c6eff331fe5a1262f244b7cae713cb2942350ed6c947e927ec74673898c6a,12212,129,success,1,SUCCESS
A-kem768-gilbert-prr0p95-L10-rep22-seed200022-v2,A-kem768-gilbert-prr0p95-L10-rep22-seed200022,A_B1_VS_B2,COOJA_SIMULATION,768,2,gilbert,0.95,10.0,none,200022,valid,none,,,runs/A-kem768-gilbert-prr0p95-L10-rep22-seed200022-v2/cooja.log,15427c82f0b0916f26068fb0fe946d6fe3e7231ca99747d15ce87ac92f3b5186,16844,168,success,1,SUCCESS
A-kem768-gilbert-prr0p95-L10-rep23-seed200023-v1,A-kem768-gilbert-prr0p95-L10-rep23-seed200023,A_B1_VS_B2,COOJA_SIMULATION,768,1,gilbert,0.95,10.0,none,200023,valid,none,,,runs/A-kem768-gilbert-prr0p95-L10-rep23-seed200023-v1/cooja.log,0fda9db9b768238ca382dddfc332094a6bba5b403e2301a70bb25a1ff5cb35ca,12221,129,success,1,SUCCESS
A-kem768-gilbert-prr0p95-L10-rep23-seed200023-v2,A-kem768-gilbert-prr0p95-L10-rep23-seed200023,A_B1_VS_B2,COOJA_SIMULATION,768,2,gilbert,0.95,10.0,none,200023,valid,none,,,runs/A-kem768-gilbert-prr0p95-L10-rep23-seed200023-v2/cooja.log,50e5d06a965589c6e4c1ca6e44c399ba007691f42733dc7e36e5da0f5d25d7be,16853,168,success,1,SUCCESS
A-kem768-gilbert-prr0p95-L10-rep24-seed200024-v1,A-kem768-gilbert-prr0p95-L10-rep24-seed200024,A_B1_VS_B2,COOJA_SIMULATION,768,1,gilbert,0.95,10.0,none,200024,valid,none,,,runs/A-kem768-gilbert-prr0p95-L10-rep24-seed200024-v1/cooja.log,8f1140d9999acfe9f7d64497d1a109f378c92b86de9fce1bb2510cb427973417,12221,129,success,1,SUCCESS
A-kem768-gilbert-prr0p95-L10-rep24-seed200024-v2,A-kem768-gilbert-prr0p95-L10-rep24-seed200024,A_B1_VS_B2,COOJA_SIMULATION,768,2,gilbert,0.95,10.0,none,200024,valid,none,,,runs/A-kem768-gilbert-prr0p95-L10-rep24-seed200024-v2/cooja.log,89deab65ab9176ef8a780076073f863f51ea528f6adde099c69f93587cb2ad29,16853,168,success,1,SUCCESS
A-kem768-gilbert-prr0p95-L10-rep25-seed200025-v1,A-kem768-gilbert-prr0p95-L10-rep25-seed200025,A_B1_VS_B2,COOJA_SIMULATION,768,1,gilbert,0.95,10.0,none,200025,valid,none,,,runs/A-kem768-gilbert-prr0p95-L10-rep25-seed200025-v1/cooja.log,9dfe856564c720f0562cd595a940f1a31fee5aa73825597a16bd581f5f22cf47,12215,129,success,1,SUCCESS
A-kem768-gilbert-prr0p95-L10-rep25-seed200025-v2,A-kem768-gilbert-prr0p95-L10-rep25-seed200025,A_B1_VS_B2,COOJA_SIMULATION,768,2,gilbert,0.95,10.0,none,200025,valid,none,,,runs/A-kem768-gilbert-prr0p95-L10-rep25-seed200025-v2/cooja.log,dd2ef591fdc1f12f9366788eca672ec150538fa85e9bbe4b28c7f37169858634,16847,168,success,1,SUCCESS
A-kem768-gilbert-prr0p95-L10-rep26-seed200026-v1,A-kem768-gilbert-prr0p95-L10-rep26-seed200026,A_B1_VS_B2,COOJA_SIMULATION,768,1,gilbert,0.95,10.0,none,200026,valid,none,,,runs/A-kem768-gilbert-prr0p95-L10-rep26-seed200026-v1/cooja.log,dd5f03e926a676f050317af7c41308ef2d84122fd9f48518e858ec0ca981759b,12218,129,success,1,SUCCESS
A-kem768-gilbert-prr0p95-L10-rep26-seed200026-v2,A-kem768-gilbert-prr0p95-L10-rep26-seed200026,A_B1_VS_B2,COOJA_SIMULATION,768,2,gilbert,0.95,10.0,none,200026,valid,none,,,runs/A-kem768-gilbert-prr0p95-L10-rep26-seed200026-v2/cooja.log,19844a1893020eeb6b67cf1574b175d2d391430a50e380a5212ec94147f98393,16850,168,success,1,SUCCESS
A-kem768-gilbert-prr0p95-L10-rep27-seed200027-v1,A-kem768-gilbert-prr0p95-L10-rep27-seed200027,A_B1_VS_B2,COOJA_SIMULATION,768,1,gilbert,0.95,10.0,none,200027,valid,none,,,runs/A-kem768-gilbert-prr0p95-L10-rep27-seed200027-v1/cooja.log,a1cd73d80a36756160b47badb0c733096419499db3fa1a98ef46460ab2595180,11148,112,success,0,FAILED_PROTOCOL
A-kem768-gilbert-prr0p95-L10-rep27-seed200027-v2,A-kem768-gilbert-prr0p95-L10-rep27-seed200027,A_B1_VS_B2,COOJA_SIMULATION,768,2,gilbert,0.95,10.0,none,200027,valid,none,,,runs/A-kem768-gilbert-prr0p95-L10-rep27-seed200027-v2/cooja.log,a58d69117dfa6ecc874309ae10fcbcdd7522f947de3db2a946d93137831171d5,11382,114,success,0,FAILED_PROTOCOL
A-kem768-gilbert-prr0p95-L10-rep28-seed200028-v1,A-kem768-gilbert-prr0p95-L10-rep28-seed200028,A_B1_VS_B2,COOJA_SIMULATION,768,1,gilbert,0.95,10.0,none,200028,valid,none,,,runs/A-kem768-gilbert-prr0p95-L10-rep28-seed200028-v1/cooja.log,318d41028330597b66c76ac21cab28acdac9da6a989c8e06a7d4603558a9480c,12221,129,success,1,SUCCESS
A-kem768-gilbert-prr0p95-L10-rep28-seed200028-v2,A-kem768-gilbert-prr0p95-L10-rep28-seed200028,A_B1_VS_B2,COOJA_SIMULATION,768,2,gilbert,0.95,10.0,none,200028,valid,none,,,runs/A-kem768-gilbert-prr0p95-L10-rep28-seed200028-v2/cooja.log,c59b2346d3c33129880e51b10e58c176aaddd427b7132443b9eea18fc6b4f877,16853,168,success,1,SUCCESS
A-kem768-gilbert-prr0p95-L10-rep29-seed200029-v1,A-kem768-gilbert-prr0p95-L10-rep29-seed200029,A_B1_VS_B2,COOJA_SIMULATION,768,1,gilbert,0.95,10.0,none,200029,valid,none,,,runs/A-kem768-gilbert-prr0p95-L10-rep29-seed200029-v1/cooja.log,fb85cb82274172b2b40a0daaeec8daf1b6ebe1341825020a6394aaae982a06cc,12333,122,success,0,FAILED_PROTOCOL
A-kem768-gilbert-prr0p95-L10-rep29-seed200029-v2,A-kem768-gilbert-prr0p95-L10-rep29-seed200029,A_B1_VS_B2,COOJA_SIMULATION,768,2,gilbert,0.95,10.0,none,200029,valid,none,,,runs/A-kem768-gilbert-prr0p95-L10-rep29-seed200029-v2/cooja.log,692bbe02b7b9bd7b243d7e1d8d7bec820998687da04780eb904f27c3e6f26068,14181,142,success,0,FAILED_PROTOCOL
A-kem768-gilbert-prr0p95-L10-rep30-seed200030-v1,A-kem768-gilbert-prr0p95-L10-rep30-seed200030,A_B1_VS_B2,COOJA_SIMULATION,768,1,gilbert,0.95,10.0,none,200030,valid,none,,,runs/A-kem768-gilbert-prr0p95-L10-rep30-seed200030-v1/cooja.log,331764b6f6f6e7a4c9ff02f6b4a668e48c094f58b7bff76345566646da5a1247,12224,129,success,1,SUCCESS
A-kem768-gilbert-prr0p95-L10-rep30-seed200030-v2,A-kem768-gilbert-prr0p95-L10-rep30-seed200030,A_B1_VS_B2,COOJA_SIMULATION,768,2,gilbert,0.95,10.0,none,200030,valid,none,,,runs/A-kem768-gilbert-prr0p95-L10-rep30-seed200030-v2/cooja.log,9279c9f781e1249bf119e52596bcd46d51cda602eff89be1d8f040727479b496,16856,168,success,1,SUCCESS
A-kem1024-fixed-prr0p50-rep01-seed200001-v1,A-kem1024-fixed-prr0p50-rep01-seed200001,A_B1_VS_B2,COOJA_SIMULATION,1024,1,fixed,0.5,,none,200001,valid,none,,,runs/A-kem1024-fixed-prr0p50-rep01-seed200001-v1/cooja.log,11f1f5d03a91b565823bd2c7a260197e38283d94c0ac1f0f04a84cd3faba36b8,13626,137,success,0,FAILED_PROTOCOL
A-kem1024-fixed-prr0p50-rep01-seed200001-v2,A-kem1024-fixed-prr0p50-rep01-seed200001,A_B1_VS_B2,COOJA_SIMULATION,1024,2,fixed,0.5,,none,200001,valid,none,,,runs/A-kem1024-fixed-prr0p50-rep01-seed200001-v2/cooja.log,86e9b791c9f04f1762880c21e0c4d4992b3b15042a31f21287d2940cb3ca27e1,21888,223,success,1,SUCCESS
A-kem1024-fixed-prr0p50-rep02-seed200002-v1,A-kem1024-fixed-prr0p50-rep02-seed200002,A_B1_VS_B2,COOJA_SIMULATION,1024,1,fixed,0.5,,none,200002,valid,none,,,runs/A-kem1024-fixed-prr0p50-rep02-seed200002-v1/cooja.log,7467dfe46509c7d449c7ed9f26121e7f58c8fb8eddc65257ed84048f2fe6d9c8,11118,111,success,0,FAILED_PROTOCOL
A-kem1024-fixed-prr0p50-rep02-seed200002-v2,A-kem1024-fixed-prr0p50-rep02-seed200002,A_B1_VS_B2,COOJA_SIMULATION,1024,2,fixed,0.5,,none,200002,valid,none,,,runs/A-kem1024-fixed-prr0p50-rep02-seed200002-v2/cooja.log,e81cb315629770f085e41868ceaba1946989cc76d13b7971d72e73fb3da9a9cb,11352,113,success,0,FAILED_PROTOCOL
A-kem1024-fixed-prr0p50-rep03-seed200003-v1,A-kem1024-fixed-prr0p50-rep03-seed200003,A_B1_VS_B2,COOJA_SIMULATION,1024,1,fixed,0.5,,none,200003,valid,none,,,runs/A-kem1024-fixed-prr0p50-rep03-seed200003-v1/cooja.log,44eb2cd129353150e567aaa8d1710f25c4cefb9e82727cde21e60e38d1efc2de,17001,175,success,0,FAILED_PROTOCOL
A-kem1024-fixed-prr0p50-rep03-seed200003-v2,A-kem1024-fixed-prr0p50-rep03-seed200003,A_B1_VS_B2,COOJA_SIMULATION,1024,2,fixed,0.5,,none,200003,valid,none,,,runs/A-kem1024-fixed-prr0p50-rep03-seed200003-v2/cooja.log,0cf40f98245269162e492126b2c92c2b28db52363972aa78475266a40d39ba75,20656,209,success,1,SUCCESS
A-kem1024-fixed-prr0p50-rep04-seed200004-v1,A-kem1024-fixed-prr0p50-rep04-seed200004,A_B1_VS_B2,COOJA_SIMULATION,1024,1,fixed,0.5,,none,200004,valid,none,,,runs/A-kem1024-fixed-prr0p50-rep04-seed200004-v1/cooja.log,021462a1d595d29346c39a46d51dc67effdc80c3c70aa85d1a43685089bc6a2b,11840,120,success,0,FAILED_PROTOCOL
A-kem1024-fixed-prr0p50-rep04-seed200004-v2,A-kem1024-fixed-prr0p50-rep04-seed200004,A_B1_VS_B2,COOJA_SIMULATION,1024,2,fixed,0.5,,none,200004,valid,none,,,runs/A-kem1024-fixed-prr0p50-rep04-seed200004-v2/cooja.log,b4544dcbfb5dadac762d1ffc3317cb798a99ea33052e6a7376700c28053ff7f8,12074,122,success,0,FAILED_PROTOCOL
A-kem1024-fixed-prr0p50-rep05-seed200005-v1,A-kem1024-fixed-prr0p50-rep05-seed200005,A_B1_VS_B2,COOJA_SIMULATION,1024,1,fixed,0.5,,none,200005,valid,none,,,runs/A-kem1024-fixed-prr0p50-rep05-seed200005-v1/cooja.log,dcd8e9d50f773392cbd7ccc07065cd65e399ffcef4a995b3d779021f2170eb83,14010,144,success,0,FAILED_PROTOCOL
A-kem1024-fixed-prr0p50-rep05-seed200005-v2,A-kem1024-fixed-prr0p50-rep05-seed200005,A_B1_VS_B2,COOJA_SIMULATION,1024,2,fixed,0.5,,none,200005,valid,none,,,runs/A-kem1024-fixed-prr0p50-rep05-seed200005-v2/cooja.log,6807363a67655637f5937b56379405608568b3d72b9b23ae8cc0ba5aa87478e2,14244,146,success,0,FAILED_PROTOCOL
A-kem1024-fixed-prr0p50-rep06-seed200006-v1,A-kem1024-fixed-prr0p50-rep06-seed200006,A_B1_VS_B2,COOJA_SIMULATION,1024,1,fixed,0.5,,none,200006,valid,none,,,runs/A-kem1024-fixed-prr0p50-rep06-seed200006-v1/cooja.log,7182cb0f3557ba4f703d7d4664193455a30546a093045d87243e671850c7432a,13785,139,success,0,FAILED_PROTOCOL
A-kem1024-fixed-prr0p50-rep06-seed200006-v2,A-kem1024-fixed-prr0p50-rep06-seed200006,A_B1_VS_B2,COOJA_SIMULATION,1024,2,fixed,0.5,,none,200006,valid,none,,,runs/A-kem1024-fixed-prr0p50-rep06-seed200006-v2/cooja.log,be553fd0bb39bc9f9871a8b64a7d0213162d4248649f875d17bb6dd69723c5c8,21921,223,success,1,SUCCESS
A-kem1024-fixed-prr0p50-rep07-seed200007-v1,A-kem1024-fixed-prr0p50-rep07-seed200007,A_B1_VS_B2,COOJA_SIMULATION,1024,1,fixed,0.5,,none,200007,valid,none,,,runs/A-kem1024-fixed-prr0p50-rep07-seed200007-v1/cooja.log,b96f4900e23c38838792b6afc68c24daf5f691e72c86bca72a42b112c272aba9,12936,132,success,0,FAILED_PROTOCOL
A-kem1024-fixed-prr0p50-rep07-seed200007-v2,A-kem1024-fixed-prr0p50-rep07-seed200007,A_B1_VS_B2,COOJA_SIMULATION,1024,2,fixed,0.5,,none,200007,valid,none,,,runs/A-kem1024-fixed-prr0p50-rep07-seed200007-v2/cooja.log,9ce2ed6eead29955edf5967c3abb542c275b8e80b8b4cbc92615be49c1cfd487,13170,134,success,0,FAILED_PROTOCOL
A-kem1024-fixed-prr0p50-rep08-seed200008-v1,A-kem1024-fixed-prr0p50-rep08-seed200008,A_B1_VS_B2,COOJA_SIMULATION,1024,1,fixed,0.5,,none,200008,valid,none,,,runs/A-kem1024-fixed-prr0p50-rep08-seed200008-v1/cooja.log,eb7c4edf9aa325962ef56ebabaa407d6543932d4f6f05176041e13725839ff9f,17548,181,success,0,FAILED_PROTOCOL
A-kem1024-fixed-prr0p50-rep08-seed200008-v2,A-kem1024-fixed-prr0p50-rep08-seed200008,A_B1_VS_B2,COOJA_SIMULATION,1024,2,fixed,0.5,,none,200008,valid,none,,,runs/A-kem1024-fixed-prr0p50-rep08-seed200008-v2/cooja.log,d508655ca7fde2e77bc7e0f2805c8979b9518e38123a81d7b65ff74568a9f9e4,22143,224,success,1,SUCCESS
A-kem1024-fixed-prr0p50-rep09-seed200009-v1,A-kem1024-fixed-prr0p50-rep09-seed200009,A_B1_VS_B2,COOJA_SIMULATION,1024,1,fixed,0.5,,none,200009,valid,none,,,runs/A-kem1024-fixed-prr0p50-rep09-seed200009-v1/cooja.log,0db9ae3bbacea53d897f4a221261bc8011948b8e418a38d6ae2807a0c16e3730,12746,130,success,0,FAILED_PROTOCOL
A-kem1024-fixed-prr0p50-rep09-seed200009-v2,A-kem1024-fixed-prr0p50-rep09-seed200009,A_B1_VS_B2,COOJA_SIMULATION,1024,2,fixed,0.5,,none,200009,valid,none,,,runs/A-kem1024-fixed-prr0p50-rep09-seed200009-v2/cooja.log,c2969c1ef67fb0ca2b40d45e548cce44b13e6f8520228f8b9ffccae0dbc692ab,12980,132,success,0,FAILED_PROTOCOL
A-kem1024-fixed-prr0p50-rep10-seed200010-v1,A-kem1024-fixed-prr0p50-rep10-seed200010,A_B1_VS_B2,COOJA_SIMULATION,1024,1,fixed,0.5,,none,200010,valid,none,,,runs/A-kem1024-fixed-prr0p50-rep10-seed200010-v1/cooja.log,f96eb79d227d75c3f511c09d41d45c49f70744c7e1aad526b6170134cc2e7f2a,13280,136,success,0,FAILED_PROTOCOL
A-kem1024-fixed-prr0p50-rep10-seed200010-v2,A-kem1024-fixed-prr0p50-rep10-seed200010,A_B1_VS_B2,COOJA_SIMULATION,1024,2,fixed,0.5,,none,200010,valid,none,,,runs/A-kem1024-fixed-prr0p50-rep10-seed200010-v2/cooja.log,5698698d568d4f81e52a300510895868da4288dbc7f6eb0aeccf9b2a03c8c6eb,13514,138,success,0,FAILED_PROTOCOL
A-kem1024-fixed-prr0p50-rep11-seed200011-v1,A-kem1024-fixed-prr0p50-rep11-seed200011,A_B1_VS_B2,COOJA_SIMULATION,1024,1,fixed,0.5,,none,200011,valid,none,,,runs/A-kem1024-fixed-prr0p50-rep11-seed200011-v1/cooja.log,1cf0a1b124a33f249293330457d2c7aaff44b0d9a4a4ef5d3972ce5575fcc8b5,14428,146,success,0,FAILED_PROTOCOL
A-kem1024-fixed-prr0p50-rep11-seed200011-v2,A-kem1024-fixed-prr0p50-rep11-seed200011,A_B1_VS_B2,COOJA_SIMULATION,1024,2,fixed,0.5,,none,200011,valid,none,,,runs/A-kem1024-fixed-prr0p50-rep11-seed200011-v2/cooja.log,a0011cea5c928a7a264855c1b5d607a76ddbf8701ad7cab80cc7238100aae866,26977,287,success,0,FAILED_PROTOCOL
A-kem1024-fixed-prr0p50-rep12-seed200012-v1,A-kem1024-fixed-prr0p50-rep12-seed200012,A_B1_VS_B2,COOJA_SIMULATION,1024,1,fixed,0.5,,none,200012,valid,none,,,runs/A-kem1024-fixed-prr0p50-rep12-seed200012-v1/cooja.log,0ec01b30f0aa277e2b8380d4a6ba06a6d6b2662107621abae49b46385ac3b0ad,13740,141,success,0,FAILED_PROTOCOL
A-kem1024-fixed-prr0p50-rep12-seed200012-v2,A-kem1024-fixed-prr0p50-rep12-seed200012,A_B1_VS_B2,COOJA_SIMULATION,1024,2,fixed,0.5,,none,200012,valid,none,,,runs/A-kem1024-fixed-prr0p50-rep12-seed200012-v2/cooja.log,2330f8997482850f579ac1f8e6b301f531e7fac588e4e7d495a90c016323e979,13974,143,success,0,FAILED_PROTOCOL
A-kem1024-fixed-prr0p50-rep13-seed200013-v1,A-kem1024-fixed-prr0p50-rep13-seed200013,A_B1_VS_B2,COOJA_SIMULATION,1024,1,fixed,0.5,,none,200013,valid,none,,,runs/A-kem1024-fixed-prr0p50-rep13-seed200013-v1/cooja.log,fc1e8e4f67cd3249dc9bef8a1a211b8c068acbef9c9954fb0cb995ece4b02f9c,13535,139,success,0,FAILED_PROTOCOL
A-kem1024-fixed-prr0p50-rep13-seed200013-v2,A-kem1024-fixed-prr0p50-rep13-seed200013,A_B1_VS_B2,COOJA_SIMULATION,1024,2,fixed,0.5,,none,200013,valid,none,,,runs/A-kem1024-fixed-prr0p50-rep13-seed200013-v2/cooja.log,a17ad1ffc3ca064f860a62ee3402e0b371958cebc3ae5b9656ca71077e05b22b,13769,141,success,0,FAILED_PROTOCOL
A-kem1024-fixed-prr0p50-rep14-seed200014-v1,A-kem1024-fixed-prr0p50-rep14-seed200014,A_B1_VS_B2,COOJA_SIMULATION,1024,1,fixed,0.5,,none,200014,valid,none,,,runs/A-kem1024-fixed-prr0p50-rep14-seed200014-v1/cooja.log,893179e461b4ed1f0526e71e29c504a53c5157cac1c3f1673aedfd9daa622fa2,13558,139,success,0,FAILED_PROTOCOL
A-kem1024-fixed-prr0p50-rep14-seed200014-v2,A-kem1024-fixed-prr0p50-rep14-seed200014,A_B1_VS_B2,COOJA_SIMULATION,1024,2,fixed,0.5,,none,200014,valid,none,,,runs/A-kem1024-fixed-prr0p50-rep14-seed200014-v2/cooja.log,b13eb869886086c132b7862e56e0126535a0c6443596314936179017629ac205,13792,141,success,0,FAILED_PROTOCOL
A-kem1024-fixed-prr0p50-rep15-seed200015-v1,A-kem1024-fixed-prr0p50-rep15-seed200015,A_B1_VS_B2,COOJA_SIMULATION,1024,1,fixed,0.5,,none,200015,valid,none,,,runs/A-kem1024-fixed-prr0p50-rep15-seed200015-v1/cooja.log,0af37e93c809593501d293d4fdbf361e9d663d0f96a7c5ad833b4269655b6c50,13386,134,success,0,FAILED_PROTOCOL
A-kem1024-fixed-prr0p50-rep15-seed200015-v2,A-kem1024-fixed-prr0p50-rep15-seed200015,A_B1_VS_B2,COOJA_SIMULATION,1024,2,fixed,0.5,,none,200015,valid,none,,,runs/A-kem1024-fixed-prr0p50-rep15-seed200015-v2/cooja.log,22264fd17d5eb7f96a0e96f0a101aaa3c0ec5bc52002ccb472111981945b4bb6,22948,233,success,1,SUCCESS
A-kem1024-fixed-prr0p50-rep16-seed200016-v1,A-kem1024-fixed-prr0p50-rep16-seed200016,A_B1_VS_B2,COOJA_SIMULATION,1024,1,fixed,0.5,,none,200016,valid,none,,,runs/A-kem1024-fixed-prr0p50-rep16-seed200016-v1/cooja.log,8dd291b0fbf850eb08fee6147c6aaca8f1cabef45fd7ef53a5047c0b2054a890,11302,114,success,0,FAILED_PROTOCOL
A-kem1024-fixed-prr0p50-rep16-seed200016-v2,A-kem1024-fixed-prr0p50-rep16-seed200016,A_B1_VS_B2,COOJA_SIMULATION,1024,2,fixed,0.5,,none,200016,valid,none,,,runs/A-kem1024-fixed-prr0p50-rep16-seed200016-v2/cooja.log,a4824b88133b430ff1b8d12a404ab40903c10249223074bd7673efa481e64dff,11536,116,success,0,FAILED_PROTOCOL
A-kem1024-fixed-prr0p50-rep17-seed200017-v1,A-kem1024-fixed-prr0p50-rep17-seed200017,A_B1_VS_B2,COOJA_SIMULATION,1024,1,fixed,0.5,,none,200017,valid,none,,,runs/A-kem1024-fixed-prr0p50-rep17-seed200017-v1/cooja.log,1fe8b8dd43f7d322b03e65f43a71c1b765bdb85f21be1f5d9b0ddf5f10567d87,16287,167,success,0,FAILED_PROTOCOL
A-kem1024-fixed-prr0p50-rep17-seed200017-v2,A-kem1024-fixed-prr0p50-rep17-seed200017,A_B1_VS_B2,COOJA_SIMULATION,1024,2,fixed,0.5,,none,200017,valid,none,,,runs/A-kem1024-fixed-prr0p50-rep17-seed200017-v2/cooja.log,1f5c47f061323c0c5b69cfe73a391278798042fc6025ec9c69f8e820f6f7c3b6,22136,225,success,1,SUCCESS
A-kem1024-fixed-prr0p50-rep18-seed200018-v1,A-kem1024-fixed-prr0p50-rep18-seed200018,A_B1_VS_B2,COOJA_SIMULATION,1024,1,fixed,0.5,,none,200018,valid,none,,,runs/A-kem1024-fixed-prr0p50-rep18-seed200018-v1/cooja.log,6c2d955a3f8ffe5b2c6b44d6f079a55d94cc4e9e5b5aa58fe6798fd6304615a3,14492,150,success,0,FAILED_PROTOCOL
A-kem1024-fixed-prr0p50-rep18-seed200018-v2,A-kem1024-fixed-prr0p50-rep18-seed200018,A_B1_VS_B2,COOJA_SIMULATION,1024,2,fixed,0.5,,none,200018,valid,none,,,runs/A-kem1024-fixed-prr0p50-rep18-seed200018-v2/cooja.log,1e10d38fcfa491772c847cee0a92ee010dcb3002140c81504db257ba4e4a2cf2,14726,152,success,0,FAILED_PROTOCOL
A-kem1024-fixed-prr0p50-rep19-seed200019-v1,A-kem1024-fixed-prr0p50-rep19-seed200019,A_B1_VS_B2,COOJA_SIMULATION,1024,1,fixed,0.5,,none,200019,valid,none,,,runs/A-kem1024-fixed-prr0p50-rep19-seed200019-v1/cooja.log,e0f7897f4c07afe58837e3d31ec7c5d79ab15caedfdc08c82b3d7b0cec1580b3,16572,170,success,0,FAILED_PROTOCOL
A-kem1024-fixed-prr0p50-rep19-seed200019-v2,A-kem1024-fixed-prr0p50-rep19-seed200019,A_B1_VS_B2,COOJA_SIMULATION,1024,2,fixed,0.5,,none,200019,valid,none,,,runs/A-kem1024-fixed-prr0p50-rep19-seed200019-v2/cooja.log,362b06c2aaf527c1fdcc99a2295e1c5c23b3c14b9070c21dbe09142205f67faf,22632,231,success,1,SUCCESS
A-kem1024-fixed-prr0p50-rep20-seed200020-v1,A-kem1024-fixed-prr0p50-rep20-seed200020,A_B1_VS_B2,COOJA_SIMULATION,1024,1,fixed,0.5,,none,200020,valid,none,,,runs/A-kem1024-fixed-prr0p50-rep20-seed200020-v1/cooja.log,72472d889d39dfd91db4279d266f82eec427d623d6caad15a28d8e21e28a38db,14790,148,success,0,FAILED_PROTOCOL
A-kem1024-fixed-prr0p50-rep20-seed200020-v2,A-kem1024-fixed-prr0p50-rep20-seed200020,A_B1_VS_B2,COOJA_SIMULATION,1024,2,fixed,0.5,,none,200020,valid,none,,,runs/A-kem1024-fixed-prr0p50-rep20-seed200020-v2/cooja.log,bc0d77f778e81adf88792d815aa07303ac673ef40c5197e5ebea408705e8c0bf,14691,153,success,0,FAILED_PROTOCOL
A-kem1024-fixed-prr0p50-rep21-seed200021-v1,A-kem1024-fixed-prr0p50-rep21-seed200021,A_B1_VS_B2,COOJA_SIMULATION,1024,1,fixed,0.5,,none,200021,valid,none,,,runs/A-kem1024-fixed-prr0p50-rep21-seed200021-v1/cooja.log,54b6b4f34456304296e202a14130cfde673e891ee61c5a89d7b936cee2ebdba9,10224,102,success,0,FAILED_PROTOCOL
A-kem1024-fixed-prr0p50-rep21-seed200021-v2,A-kem1024-fixed-prr0p50-rep21-seed200021,A_B1_VS_B2,COOJA_SIMULATION,1024,2,fixed,0.5,,none,200021,valid,none,,,runs/A-kem1024-fixed-prr0p50-rep21-seed200021-v2/cooja.log,7d3e0eb98d79ae9a201cfdd7e7a7314addf000683578b566af742f1ff9a9c9e9,10458,104,success,0,FAILED_PROTOCOL
A-kem1024-fixed-prr0p50-rep22-seed200022-v1,A-kem1024-fixed-prr0p50-rep22-seed200022,A_B1_VS_B2,COOJA_SIMULATION,1024,1,fixed,0.5,,none,200022,valid,none,,,runs/A-kem1024-fixed-prr0p50-rep22-seed200022-v1/cooja.log,54352e7f188d8cfd3b26cdacfa9d32b3c18d0b39c7da731edcfc39660cbbf00e,11953,121,success,0,FAILED_PROTOCOL
A-kem1024-fixed-prr0p50-rep22-seed200022-v2,A-kem1024-fixed-prr0p50-rep22-seed200022,A_B1_VS_B2,COOJA_SIMULATION,1024,2,fixed,0.5,,none,200022,valid,none,,,runs/A-kem1024-fixed-prr0p50-rep22-seed200022-v2/cooja.log,1b93f9542826a8a90ece38faffb8a324a1551c6b3cb55a0c22405b351f237733,12187,123,success,0,FAILED_PROTOCOL
A-kem1024-fixed-prr0p50-rep23-seed200023-v1,A-kem1024-fixed-prr0p50-rep23-seed200023,A_B1_VS_B2,COOJA_SIMULATION,1024,1,fixed,0.5,,none,200023,valid,none,,,runs/A-kem1024-fixed-prr0p50-rep23-seed200023-v1/cooja.log,b3afe8a9fadd16c46fa93dcea098ed10352c16316554ff05be33935b3f3a22dd,18441,191,success,0,FAILED_PROTOCOL
A-kem1024-fixed-prr0p50-rep23-seed200023-v2,A-kem1024-fixed-prr0p50-rep23-seed200023,A_B1_VS_B2,COOJA_SIMULATION,1024,2,fixed,0.5,,none,200023,valid,none,,,runs/A-kem1024-fixed-prr0p50-rep23-seed200023-v2/cooja.log,47ef85b235ff0cd2484654b749eb08e4ce74b910ae74a5a0aa2f4fd8520ec5ea,21380,217,success,1,SUCCESS
A-kem1024-fixed-prr0p50-rep24-seed200024-v1,A-kem1024-fixed-prr0p50-rep24-seed200024,A_B1_VS_B2,COOJA_SIMULATION,1024,1,fixed,0.5,,none,200024,valid,none,,,runs/A-kem1024-fixed-prr0p50-rep24-seed200024-v1/cooja.log,804aaec6cc3eeccdfafb394dc321f4ee5fb638a6ea170484b8a9d843ddbf6fa3,12493,127,success,0,FAILED_PROTOCOL
A-kem1024-fixed-prr0p50-rep24-seed200024-v2,A-kem1024-fixed-prr0p50-rep24-seed200024,A_B1_VS_B2,COOJA_SIMULATION,1024,2,fixed,0.5,,none,200024,valid,none,,,runs/A-kem1024-fixed-prr0p50-rep24-seed200024-v2/cooja.log,100dba5f1da791dd0002b42c75dcb01d20829947bc90fbd6d91ae6ff71904088,12727,129,success,0,FAILED_PROTOCOL
A-kem1024-fixed-prr0p50-rep25-seed200025-v1,A-kem1024-fixed-prr0p50-rep25-seed200025,A_B1_VS_B2,COOJA_SIMULATION,1024,1,fixed,0.5,,none,200025,valid,none,,,runs/A-kem1024-fixed-prr0p50-rep25-seed200025-v1/cooja.log,8c48348153621b7767f46337fcc2a4e88e3a9bdf11dd652284168a02ce600a30,13142,132,success,0,FAILED_PROTOCOL
A-kem1024-fixed-prr0p50-rep25-seed200025-v2,A-kem1024-fixed-prr0p50-rep25-seed200025,A_B1_VS_B2,COOJA_SIMULATION,1024,2,fixed,0.5,,none,200025,valid,none,,,runs/A-kem1024-fixed-prr0p50-rep25-seed200025-v2/cooja.log,e4c2531e96d8377727cfbd8e837acd28918d9e7cc9d8de4030956572bba1b1b7,20294,205,success,1,SUCCESS
A-kem1024-fixed-prr0p50-rep26-seed200026-v1,A-kem1024-fixed-prr0p50-rep26-seed200026,A_B1_VS_B2,COOJA_SIMULATION,1024,1,fixed,0.5,,none,200026,valid,none,,,runs/A-kem1024-fixed-prr0p50-rep26-seed200026-v1/cooja.log,6d4f939be06e1d64c54a68d003836f43b1089235b690d3b20f96c4985f66085b,12665,129,success,0,FAILED_PROTOCOL
A-kem1024-fixed-prr0p50-rep26-seed200026-v2,A-kem1024-fixed-prr0p50-rep26-seed200026,A_B1_VS_B2,COOJA_SIMULATION,1024,2,fixed,0.5,,none,200026,valid,none,,,runs/A-kem1024-fixed-prr0p50-rep26-seed200026-v2/cooja.log,d15767b39e891b73d66e8abfbd118b61dad9067a9c480e47b54d189a4eab74a2,12899,131,success,0,FAILED_PROTOCOL
A-kem1024-fixed-prr0p50-rep27-seed200027-v1,A-kem1024-fixed-prr0p50-rep27-seed200027,A_B1_VS_B2,COOJA_SIMULATION,1024,1,fixed,0.5,,none,200027,valid,none,,,runs/A-kem1024-fixed-prr0p50-rep27-seed200027-v1/cooja.log,0e9c31017895fb15c36974a8e02141e087faed1a0e8f32add1e1af44a67b4b03,12983,133,success,0,FAILED_PROTOCOL
A-kem1024-fixed-prr0p50-rep27-seed200027-v2,A-kem1024-fixed-prr0p50-rep27-seed200027,A_B1_VS_B2,COOJA_SIMULATION,1024,2,fixed,0.5,,none,200027,valid,none,,,runs/A-kem1024-fixed-prr0p50-rep27-seed200027-v2/cooja.log,5a3d4c9618cbbaf8f9e96f9cf81ded016937e54f4aa562313492e7179c86bdd6,13217,135,success,0,FAILED_PROTOCOL
A-kem1024-fixed-prr0p50-rep28-seed200028-v1,A-kem1024-fixed-prr0p50-rep28-seed200028,A_B1_VS_B2,COOJA_SIMULATION,1024,1,fixed,0.5,,none,200028,valid,none,,,runs/A-kem1024-fixed-prr0p50-rep28-seed200028-v1/cooja.log,b04f81bc04c284abc501de7d0723b7e4703e257d6f7f2769599afc6a423a66ad,12161,124,success,0,FAILED_PROTOCOL
A-kem1024-fixed-prr0p50-rep28-seed200028-v2,A-kem1024-fixed-prr0p50-rep28-seed200028,A_B1_VS_B2,COOJA_SIMULATION,1024,2,fixed,0.5,,none,200028,valid,none,,,runs/A-kem1024-fixed-prr0p50-rep28-seed200028-v2/cooja.log,617bacd902aa0ba3608d358089c1366e013fd6339e14e015c78995b4545fa26d,12395,126,success,0,FAILED_PROTOCOL
A-kem1024-fixed-prr0p50-rep29-seed200029-v1,A-kem1024-fixed-prr0p50-rep29-seed200029,A_B1_VS_B2,COOJA_SIMULATION,1024,1,fixed,0.5,,none,200029,valid,none,,,runs/A-kem1024-fixed-prr0p50-rep29-seed200029-v1/cooja.log,cb310fd24afbf0c7e5cf9d71362acf4d5b5ed987ee360119f663cde1ee1a614f,11255,114,success,0,FAILED_PROTOCOL
A-kem1024-fixed-prr0p50-rep29-seed200029-v2,A-kem1024-fixed-prr0p50-rep29-seed200029,A_B1_VS_B2,COOJA_SIMULATION,1024,2,fixed,0.5,,none,200029,valid,none,,,runs/A-kem1024-fixed-prr0p50-rep29-seed200029-v2/cooja.log,8915f248a831ba9685ef472a64612284b7d4ab8c79a4652fb1eab2618ac0119d,11489,116,success,0,FAILED_PROTOCOL
A-kem1024-fixed-prr0p50-rep30-seed200030-v1,A-kem1024-fixed-prr0p50-rep30-seed200030,A_B1_VS_B2,COOJA_SIMULATION,1024,1,fixed,0.5,,none,200030,valid,none,,,runs/A-kem1024-fixed-prr0p50-rep30-seed200030-v1/cooja.log,22040f6ffc020116efb644d1d2f5147f7b3a02e1e29fcd89d78a3451fe4d86b7,14398,143,success,0,FAILED_PROTOCOL
A-kem1024-fixed-prr0p50-rep30-seed200030-v2,A-kem1024-fixed-prr0p50-rep30-seed200030,A_B1_VS_B2,COOJA_SIMULATION,1024,2,fixed,0.5,,none,200030,valid,none,,,runs/A-kem1024-fixed-prr0p50-rep30-seed200030-v2/cooja.log,761c370cc000f7c780ecc8feed7f68b9210053e6a076bae588f94bf476c97c86,14211,148,success,0,FAILED_PROTOCOL
A-kem1024-fixed-prr0p85-rep01-seed200001-v1,A-kem1024-fixed-prr0p85-rep01-seed200001,A_B1_VS_B2,COOJA_SIMULATION,1024,1,fixed,0.85,,none,200001,valid,none,,,runs/A-kem1024-fixed-prr0p85-rep01-seed200001-v1/cooja.log,52f78b95a7c0d6826699efde0a0a8dd57768a477d7919df2758dd30e406d2aec,16761,171,success,0,FAILED_PROTOCOL
A-kem1024-fixed-prr0p85-rep01-seed200001-v2,A-kem1024-fixed-prr0p85-rep01-seed200001,A_B1_VS_B2,COOJA_SIMULATION,1024,2,fixed,0.85,,none,200001,valid,none,,,runs/A-kem1024-fixed-prr0p85-rep01-seed200001-v2/cooja.log,7570371250e31cb90e053e620c3ddae34a660bca4e2788123a99e9e91db8ed6f,20102,203,success,1,SUCCESS
A-kem1024-fixed-prr0p85-rep02-seed200002-v1,A-kem1024-fixed-prr0p85-rep02-seed200002,A_B1_VS_B2,COOJA_SIMULATION,1024,1,fixed,0.85,,none,200002,valid,none,,,runs/A-kem1024-fixed-prr0p85-rep02-seed200002-v1/cooja.log,d58e6aba5367cdb17fcdf3a70906091f56068436c7de18fa25544b13e6a94979,10763,108,success,0,FAILED_PROTOCOL
A-kem1024-fixed-prr0p85-rep02-seed200002-v2,A-kem1024-fixed-prr0p85-rep02-seed200002,A_B1_VS_B2,COOJA_SIMULATION,1024,2,fixed,0.85,,none,200002,valid,none,,,runs/A-kem1024-fixed-prr0p85-rep02-seed200002-v2/cooja.log,299fe18bb21f5d9ce20665ff328b43bba422a262fe870d20d444c8a18bfa0d32,10997,110,success,0,FAILED_PROTOCOL
A-kem1024-fixed-prr0p85-rep03-seed200003-v1,A-kem1024-fixed-prr0p85-rep03-seed200003,A_B1_VS_B2,COOJA_SIMULATION,1024,1,fixed,0.85,,none,200003,valid,none,,,runs/A-kem1024-fixed-prr0p85-rep03-seed200003-v1/cooja.log,bec512baff38b797293a03f59dffe87f3b1f2f72ad5e608a9af4060728d9bd24,16654,170,success,0,FAILED_PROTOCOL
A-kem1024-fixed-prr0p85-rep03-seed200003-v2,A-kem1024-fixed-prr0p85-rep03-seed200003,A_B1_VS_B2,COOJA_SIMULATION,1024,2,fixed,0.85,,none,200003,valid,none,,,runs/A-kem1024-fixed-prr0p85-rep03-seed200003-v2/cooja.log,b7f8f5c6d28edc3e613f3b691812ab556a1ab536f5e8bafa33ce887b1ec41af7,19949,201,success,1,SUCCESS
A-kem1024-fixed-prr0p85-rep04-seed200004-v1,A-kem1024-fixed-prr0p85-rep04-seed200004,A_B1_VS_B2,COOJA_SIMULATION,1024,1,fixed,0.85,,none,200004,valid,none,,,runs/A-kem1024-fixed-prr0p85-rep04-seed200004-v1/cooja.log,ee5bfc3a857febcae9e672a7c7c0752ea90f01a6f2274f4c90aecbb0cfa46476,11914,121,success,0,FAILED_PROTOCOL
A-kem1024-fixed-prr0p85-rep04-seed200004-v2,A-kem1024-fixed-prr0p85-rep04-seed200004,A_B1_VS_B2,COOJA_SIMULATION,1024,2,fixed,0.85,,none,200004,valid,none,,,runs/A-kem1024-fixed-prr0p85-rep04-seed200004-v2/cooja.log,546431bcb4cfc7e5ee56b17bd54de4cdbc64e9727e26b4f2b7c5c034eaa599ef,12148,123,success,0,FAILED_PROTOCOL
A-kem1024-fixed-prr0p85-rep05-seed200005-v1,A-kem1024-fixed-prr0p85-rep05-seed200005,A_B1_VS_B2,COOJA_SIMULATION,1024,1,fixed,0.85,,none,200005,valid,none,,,runs/A-kem1024-fixed-prr0p85-rep05-seed200005-v1/cooja.log,5b676ace716b08c00a75130c63ac24a93f41517ed83eedfca3050262f836bb79,12056,123,success,0,FAILED_PROTOCOL
A-kem1024-fixed-prr0p85-rep05-seed200005-v2,A-kem1024-fixed-prr0p85-rep05-seed200005,A_B1_VS_B2,COOJA_SIMULATION,1024,2,fixed,0.85,,none,200005,valid,none,,,runs/A-kem1024-fixed-prr0p85-rep05-seed200005-v2/cooja.log,64e069cf071542da0a5360054b1462d9fbf02d8383c6c7020563a0d61ca67da0,12290,125,success,0,FAILED_PROTOCOL
A-kem1024-fixed-prr0p85-rep06-seed200006-v1,A-kem1024-fixed-prr0p85-rep06-seed200006,A_B1_VS_B2,COOJA_SIMULATION,1024,1,fixed,0.85,,none,200006,valid,none,,,runs/A-kem1024-fixed-prr0p85-rep06-seed200006-v1/cooja.log,87e2f6c404cecfb01577a53bed5350946140add7058a08a4605c57c58ab0f8e7,13856,147,success,1,SUCCESS
A-kem1024-fixed-prr0p85-rep06-seed200006-v2,A-kem1024-fixed-prr0p85-rep06-seed200006,A_B1_VS_B2,COOJA_SIMULATION,1024,2,fixed,0.85,,none,200006,valid,none,,,runs/A-kem1024-fixed-prr0p85-rep06-seed200006-v2/cooja.log,65381f988f752d26fe40fcba168f7658950bd2b79c4c3a4361f5f1c44eb00840,19392,195,success,1,SUCCESS
A-kem1024-fixed-prr0p85-rep07-seed200007-v1,A-kem1024-fixed-prr0p85-rep07-seed200007,A_B1_VS_B2,COOJA_SIMULATION,1024,1,fixed,0.85,,none,200007,valid,none,,,runs/A-kem1024-fixed-prr0p85-rep07-seed200007-v1/cooja.log,ceab39d4dbe6512af385d62931a415878672f10c26bb325840341a3273a5babc,13850,147,success,1,SUCCESS
A-kem1024-fixed-prr0p85-rep07-seed200007-v2,A-kem1024-fixed-prr0p85-rep07-seed200007,A_B1_VS_B2,COOJA_SIMULATION,1024,2,fixed,0.85,,none,200007,valid,none,,,runs/A-kem1024-fixed-prr0p85-rep07-seed200007-v2/cooja.log,f42f724fcd770af21f4c6588a85c07a33f0bd30b7347f185214b7418edaace78,19393,195,success,1,SUCCESS
A-kem1024-fixed-prr0p85-rep08-seed200008-v1,A-kem1024-fixed-prr0p85-rep08-seed200008,A_B1_VS_B2,COOJA_SIMULATION,1024,1,fixed,0.85,,none,200008,valid,none,,,runs/A-kem1024-fixed-prr0p85-rep08-seed200008-v1/cooja.log,f93cea176df17ef0bd2043729ed9da50abd2f7d445fd4bb5d026db8e946f35e4,12617,126,success,0,FAILED_PROTOCOL
A-kem1024-fixed-prr0p85-rep08-seed200008-v2,A-kem1024-fixed-prr0p85-rep08-seed200008,A_B1_VS_B2,COOJA_SIMULATION,1024,2,fixed,0.85,,none,200008,valid,none,,,runs/A-kem1024-fixed-prr0p85-rep08-seed200008-v2/cooja.log,f7e378a46248f878d71567d8cd7fc4705950b0f4fddef052ea0d893f017e6db7,20030,202,success,1,SUCCESS
A-kem1024-fixed-prr0p85-rep09-seed200009-v1,A-kem1024-fixed-prr0p85-rep09-seed200009,A_B1_VS_B2,COOJA_SIMULATION,1024,1,fixed,0.85,,none,200009,valid,none,,,runs/A-kem1024-fixed-prr0p85-rep09-seed200009-v1/cooja.log,414fcdc59d21eadf40fadb05ae2c64cd1271dff6186dc41a69d64c7e290fc28d,13054,131,success,0,FAILED_PROTOCOL
A-kem1024-fixed-prr0p85-rep09-seed200009-v2,A-kem1024-fixed-prr0p85-rep09-seed200009,A_B1_VS_B2,COOJA_SIMULATION,1024,2,fixed,0.85,,none,200009,valid,none,,,runs/A-kem1024-fixed-prr0p85-rep09-seed200009-v2/cooja.log,f4be31d6b818b036b2d3144462e09719f603dea60a298e5f1c90bbcd89af7f2c,20665,209,success,1,SUCCESS
A-kem1024-fixed-prr0p85-rep10-seed200010-v1,A-kem1024-fixed-prr0p85-rep10-seed200010,A_B1_VS_B2,COOJA_SIMULATION,1024,1,fixed,0.85,,none,200010,valid,none,,,runs/A-kem1024-fixed-prr0p85-rep10-seed200010-v1/cooja.log,ddeb8aae4235b80fbe0171d5d11dd668c3b5617ae9bbd6accf8aaac157b9a953,16767,171,success,0,FAILED_PROTOCOL
A-kem1024-fixed-prr0p85-rep10-seed200010-v2,A-kem1024-fixed-prr0p85-rep10-seed200010,A_B1_VS_B2,COOJA_SIMULATION,1024,2,fixed,0.85,,none,200010,valid,none,,,runs/A-kem1024-fixed-prr0p85-rep10-seed200010-v2/cooja.log,4b7d7c4bcfc248bfd49d5877ec2f5376ddfcfb27be3c690cd015a273f6a9e24a,20038,202,success,1,SUCCESS
A-kem1024-fixed-prr0p85-rep11-seed200011-v1,A-kem1024-fixed-prr0p85-rep11-seed200011,A_B1_VS_B2,COOJA_SIMULATION,1024,1,fixed,0.85,,none,200011,valid,none,,,runs/A-kem1024-fixed-prr0p85-rep11-seed200011-v1/cooja.log,91e862d5fb3c35d435ba22b99f798c9e618a1cbf2a09778383bbba166cd7d592,18598,189,success,0,FAILED_PROTOCOL
A-kem1024-fixed-prr0p85-rep11-seed200011-v2,A-kem1024-fixed-prr0p85-rep11-seed200011,A_B1_VS_B2,COOJA_SIMULATION,1024,2,fixed,0.85,,none,200011,valid,none,,,runs/A-kem1024-fixed-prr0p85-rep11-seed200011-v2/cooja.log,6e66e69279e602d02b8e6537fb0f4965d67a8f05e31343ad1a83973ccfb00616,20754,210,success,1,SUCCESS
A-kem1024-fixed-prr0p85-rep12-seed200012-v1,A-kem1024-fixed-prr0p85-rep12-seed200012,A_B1_VS_B2,COOJA_SIMULATION,1024,1,fixed,0.85,,none,200012,valid,none,,,runs/A-kem1024-fixed-prr0p85-rep12-seed200012-v1/cooja.log,31b90d75cce5a6b251e3f94a2fc0449580a665f7e0a99b43ecec7c66e76d0eb1,11773,120,success,0,FAILED_PROTOCOL
A-kem1024-fixed-prr0p85-rep12-seed200012-v2,A-kem1024-fixed-prr0p85-rep12-seed200012,A_B1_VS_B2,COOJA_SIMULATION,1024,2,fixed,0.85,,none,200012,valid,none,,,runs/A-kem1024-fixed-prr0p85-rep12-seed200012-v2/cooja.log,d2c9bd1dbeeedceaeec995910c299f9b7c3dab01761d33881acfb35b6848d192,12007,122,success,0,FAILED_PROTOCOL
A-kem1024-fixed-prr0p85-rep13-seed200013-v1,A-kem1024-fixed-prr0p85-rep13-seed200013,A_B1_VS_B2,COOJA_SIMULATION,1024,1,fixed,0.85,,none,200013,valid,none,,,runs/A-kem1024-fixed-prr0p85-rep13-seed200013-v1/cooja.log,dd57e2b2b0aa0dc31692e1be10ddc6b776973fa0ec4539369424d51c7657ffc4,10899,110,success,0,FAILED_PROTOCOL
A-kem1024-fixed-prr0p85-rep13-seed200013-v2,A-kem1024-fixed-prr0p85-rep13-seed200013,A_B1_VS_B2,COOJA_SIMULATION,1024,2,fixed,0.85,,none,200013,valid,none,,,runs/A-kem1024-fixed-prr0p85-rep13-seed200013-v2/cooja.log,4ec27366cf242f6ccc9ed7de2b1ecfbf6827b70ac8168c7a86b9ea65078a9c9f,11133,112,success,0,FAILED_PROTOCOL
A-kem1024-fixed-prr0p85-rep14-seed200014-v1,A-kem1024-fixed-prr0p85-rep14-seed200014,A_B1_VS_B2,COOJA_SIMULATION,1024,1,fixed,0.85,,none,200014,valid,none,,,runs/A-kem1024-fixed-prr0p85-rep14-seed200014-v1/cooja.log,775767b93b0b913aabed95e90542f696e02adab39b91e8fcb676419d9950059c,14304,148,success,0,FAILED_PROTOCOL
A-kem1024-fixed-prr0p85-rep14-seed200014-v2,A-kem1024-fixed-prr0p85-rep14-seed200014,A_B1_VS_B2,COOJA_SIMULATION,1024,2,fixed,0.85,,none,200014,valid,none,,,runs/A-kem1024-fixed-prr0p85-rep14-seed200014-v2/cooja.log,e5901618c62fc13a3d6ceb0596c8119d5d30032e1745e46128029768ab47bddf,14538,150,success,0,FAILED_PROTOCOL
A-kem1024-fixed-prr0p85-rep15-seed200015-v1,A-kem1024-fixed-prr0p85-rep15-seed200015,A_B1_VS_B2,COOJA_SIMULATION,1024,1,fixed,0.85,,none,200015,valid,none,,,runs/A-kem1024-fixed-prr0p85-rep15-seed200015-v1/cooja.log,79cc30b6d61b992fc4f0f9e78fc0d5c0dc7515058765cddf6e93e3e7e2d57590,12467,124,success,0,FAILED_PROTOCOL
A-kem1024-fixed-prr0p85-rep15-seed200015-v2,A-kem1024-fixed-prr0p85-rep15-seed200015,A_B1_VS_B2,COOJA_SIMULATION,1024,2,fixed,0.85,,none,200015,valid,none,,,runs/A-kem1024-fixed-prr0p85-rep15-seed200015-v2/cooja.log,361820602468ef0927a3ace2c6544fad6429025f28dc148e44d7cd5e7a1102bc,20231,204,success,1,SUCCESS
A-kem1024-fixed-prr0p85-rep16-seed200016-v1,A-kem1024-fixed-prr0p85-rep16-seed200016,A_B1_VS_B2,COOJA_SIMULATION,1024,1,fixed,0.85,,none,200016,valid,none,,,runs/A-kem1024-fixed-prr0p85-rep16-seed200016-v1/cooja.log,914cb633bb9e5b14cdc9f569e5f73b28cc811518f08c6ec2af3364b6bf80c6b6,11103,112,success,0,FAILED_PROTOCOL
A-kem1024-fixed-prr0p85-rep16-seed200016-v2,A-kem1024-fixed-prr0p85-rep16-seed200016,A_B1_VS_B2,COOJA_SIMULATION,1024,2,fixed,0.85,,none,200016,valid,none,,,runs/A-kem1024-fixed-prr0p85-rep16-seed200016-v2/cooja.log,63c0bd0e8806a4616a0d6f3b74671a91707e75e134ae1d70813de10f57ec3ae9,11337,114,success,0,FAILED_PROTOCOL
A-kem1024-fixed-prr0p85-rep17-seed200017-v1,A-kem1024-fixed-prr0p85-rep17-seed200017,A_B1_VS_B2,COOJA_SIMULATION,1024,1,fixed,0.85,,none,200017,valid,none,,,runs/A-kem1024-fixed-prr0p85-rep17-seed200017-v1/cooja.log,a85c8e6549ea5dcb03a8671ffd5f1f6ae69900af638421f9e1cef6f9b5d74673,13866,147,success,1,SUCCESS
A-kem1024-fixed-prr0p85-rep17-seed200017-v2,A-kem1024-fixed-prr0p85-rep17-seed200017,A_B1_VS_B2,COOJA_SIMULATION,1024,2,fixed,0.85,,none,200017,valid,none,,,runs/A-kem1024-fixed-prr0p85-rep17-seed200017-v2/cooja.log,600c6a8479cd48271433ad1f1cbcc4d925201850c668fe0e13e921a26e7fdfed,19402,195,success,1,SUCCESS
A-kem1024-fixed-prr0p85-rep18-seed200018-v1,A-kem1024-fixed-prr0p85-rep18-seed200018,A_B1_VS_B2,COOJA_SIMULATION,1024,1,fixed,0.85,,none,200018,valid,none,,,runs/A-kem1024-fixed-prr0p85-rep18-seed200018-v1/cooja.log,6bca24835372c39441062f87f6bd58b124bed9c5b48067dae1bb03328fac0069,16505,168,success,0,FAILED_PROTOCOL
A-kem1024-fixed-prr0p85-rep18-seed200018-v2,A-kem1024-fixed-prr0p85-rep18-seed200018,A_B1_VS_B2,COOJA_SIMULATION,1024,2,fixed,0.85,,none,200018,valid,none,,,runs/A-kem1024-fixed-prr0p85-rep18-seed200018-v2/cooja.log,70957ba4c78cf3252439c9b95ed582fa4addd208d3709a5cfe800af8a64bb1e1,20143,203,success,1,SUCCESS
A-kem1024-fixed-prr0p85-rep19-seed200019-v1,A-kem1024-fixed-prr0p85-rep19-seed200019,A_B1_VS_B2,COOJA_SIMULATION,1024,1,fixed,0.85,,none,200019,valid,none,,,runs/A-kem1024-fixed-prr0p85-rep19-seed200019-v1/cooja.log,94a3b7b6af79799795ac2a350e5680bfd52f71e0e8f6379e9d17e1504142f39a,12459,124,success,0,FAILED_PROTOCOL
A-kem1024-fixed-prr0p85-rep19-seed200019-v2,A-kem1024-fixed-prr0p85-rep19-seed200019,A_B1_VS_B2,COOJA_SIMULATION,1024,2,fixed,0.85,,none,200019,valid,none,,,runs/A-kem1024-fixed-prr0p85-rep19-seed200019-v2/cooja.log,c650b9e9731a0f74615aa618a0c4bc353067527f2fa91965621bf00392e61b13,20392,206,success,1,SUCCESS
A-kem1024-fixed-prr0p85-rep20-seed200020-v1,A-kem1024-fixed-prr0p85-rep20-seed200020,A_B1_VS_B2,COOJA_SIMULATION,1024,1,fixed,0.85,,none,200020,valid,none,,,runs/A-kem1024-fixed-prr0p85-rep20-seed200020-v1/cooja.log,8d11389bd5d9e2750cbba504a7628f47d18f2f612b2be3d9f7ae7d5a2c85e7f2,12779,128,success,0,FAILED_PROTOCOL
A-kem1024-fixed-prr0p85-rep20-seed200020-v2,A-kem1024-fixed-prr0p85-rep20-seed200020,A_B1_VS_B2,COOJA_SIMULATION,1024,2,fixed,0.85,,none,200020,valid,none,,,runs/A-kem1024-fixed-prr0p85-rep20-seed200020-v2/cooja.log,c1619f8c77485630f9698b9645b76be13717ed123f2ce231152fd73514b6c399,19946,201,success,1,SUCCESS
A-kem1024-fixed-prr0p85-rep21-seed200021-v1,A-kem1024-fixed-prr0p85-rep21-seed200021,A_B1_VS_B2,COOJA_SIMULATION,1024,1,fixed,0.85,,none,200021,valid,none,,,runs/A-kem1024-fixed-prr0p85-rep21-seed200021-v1/cooja.log,16ca2678b83a7985e4e554ec7f92ebba3ea4836f89ecfe845665873c13a65522,13504,139,success,0,FAILED_PROTOCOL
A-kem1024-fixed-prr0p85-rep21-seed200021-v2,A-kem1024-fixed-prr0p85-rep21-seed200021,A_B1_VS_B2,COOJA_SIMULATION,1024,2,fixed,0.85,,none,200021,valid,none,,,runs/A-kem1024-fixed-prr0p85-rep21-seed200021-v2/cooja.log,00e9efb35e11ee270a7f36a2a2618ff3bc11045ea9b0540dc9266f27f773f281,13738,141,success,0,FAILED_PROTOCOL
A-kem1024-fixed-prr0p85-rep22-seed200022-v1,A-kem1024-fixed-prr0p85-rep22-seed200022,A_B1_VS_B2,COOJA_SIMULATION,1024,1,fixed,0.85,,none,200022,valid,none,,,runs/A-kem1024-fixed-prr0p85-rep22-seed200022-v1/cooja.log,37e21f02c4079b0b195151f41284b00e9702c9de4ab346547b97b606ee944171,13774,146,success,1,SUCCESS
A-kem1024-fixed-prr0p85-rep22-seed200022-v2,A-kem1024-fixed-prr0p85-rep22-seed200022,A_B1_VS_B2,COOJA_SIMULATION,1024,2,fixed,0.85,,none,200022,valid,none,,,runs/A-kem1024-fixed-prr0p85-rep22-seed200022-v2/cooja.log,cd234a10dc3fecc87b0cdaf39e7e1ea35c152dcbaf2aab1b5f2853db9bfcd89e,19310,194,success,1,SUCCESS
A-kem1024-fixed-prr0p85-rep23-seed200023-v1,A-kem1024-fixed-prr0p85-rep23-seed200023,A_B1_VS_B2,COOJA_SIMULATION,1024,1,fixed,0.85,,none,200023,valid,none,,,runs/A-kem1024-fixed-prr0p85-rep23-seed200023-v1/cooja.log,45dd2244f6af314d2f430a71592e9a8f7a624050b6ba2614c3a5d4f81935cf5b,13856,147,success,1,SUCCESS
A-kem1024-fixed-prr0p85-rep23-seed200023-v2,A-kem1024-fixed-prr0p85-rep23-seed200023,A_B1_VS_B2,COOJA_SIMULATION,1024,2,fixed,0.85,,none,200023,valid,none,,,runs/A-kem1024-fixed-prr0p85-rep23-seed200023-v2/cooja.log,70427edc7d7bc1777fa7f60dd53ee0338fa609a8a34ee3e2bcc5c572dd662c57,19392,195,success,1,SUCCESS
A-kem1024-fixed-prr0p85-rep24-seed200024-v1,A-kem1024-fixed-prr0p85-rep24-seed200024,A_B1_VS_B2,COOJA_SIMULATION,1024,1,fixed,0.85,,none,200024,valid,none,,,runs/A-kem1024-fixed-prr0p85-rep24-seed200024-v1/cooja.log,305ba870634455c67b57f39eab84f29af14b8c6bdfdc67460be3c006a58f2be0,13856,147,success,1,SUCCESS
A-kem1024-fixed-prr0p85-rep24-seed200024-v2,A-kem1024-fixed-prr0p85-rep24-seed200024,A_B1_VS_B2,COOJA_SIMULATION,1024,2,fixed,0.85,,none,200024,valid,none,,,runs/A-kem1024-fixed-prr0p85-rep24-seed200024-v2/cooja.log,69f1b76a51c5f8b1f22c0c6560039a342ffcb2fb03509ee265fdcfbb53f4b63a,19392,195,success,1,SUCCESS
A-kem1024-fixed-prr0p85-rep25-seed200025-v1,A-kem1024-fixed-prr0p85-rep25-seed200025,A_B1_VS_B2,COOJA_SIMULATION,1024,1,fixed,0.85,,none,200025,valid,none,,,runs/A-kem1024-fixed-prr0p85-rep25-seed200025-v1/cooja.log,820dfb76215b34c1c2d7fbf2be4e785a60be29023b927dc7ce2a8c2438735217,13850,147,success,1,SUCCESS
A-kem1024-fixed-prr0p85-rep25-seed200025-v2,A-kem1024-fixed-prr0p85-rep25-seed200025,A_B1_VS_B2,COOJA_SIMULATION,1024,2,fixed,0.85,,none,200025,valid,none,,,runs/A-kem1024-fixed-prr0p85-rep25-seed200025-v2/cooja.log,304b080ed931ec3bf5220ff98d4c71ed62a688e3eb55c6f329dbf68868cda80e,19386,195,success,1,SUCCESS
A-kem1024-fixed-prr0p85-rep26-seed200026-v1,A-kem1024-fixed-prr0p85-rep26-seed200026,A_B1_VS_B2,COOJA_SIMULATION,1024,1,fixed,0.85,,none,200026,valid,none,,,runs/A-kem1024-fixed-prr0p85-rep26-seed200026-v1/cooja.log,849278f17b5b8c7d0765af8637f4df9293a0720749c2a17b980c802fed55514f,13351,137,success,0,FAILED_PROTOCOL
A-kem1024-fixed-prr0p85-rep26-seed200026-v2,A-kem1024-fixed-prr0p85-rep26-seed200026,A_B1_VS_B2,COOJA_SIMULATION,1024,2,fixed,0.85,,none,200026,valid,none,,,runs/A-kem1024-fixed-prr0p85-rep26-seed200026-v2/cooja.log,8be4d7d03e741ac9e8354d487b721897dcd34a5e9e13677b453246f97833f39f,13585,139,success,0,FAILED_PROTOCOL
A-kem1024-fixed-prr0p85-rep27-seed200027-v1,A-kem1024-fixed-prr0p85-rep27-seed200027,A_B1_VS_B2,COOJA_SIMULATION,1024,1,fixed,0.85,,none,200027,valid,none,,,runs/A-kem1024-fixed-prr0p85-rep27-seed200027-v1/cooja.log,68ffa9002ba3c9a2b6d85b2a530c0c379974965c9de795be9caa4ee82c25c185,12068,123,success,0,FAILED_PROTOCOL
A-kem1024-fixed-prr0p85-rep27-seed200027-v2,A-kem1024-fixed-prr0p85-rep27-seed200027,A_B1_VS_B2,COOJA_SIMULATION,1024,2,fixed,0.85,,none,200027,valid,none,,,runs/A-kem1024-fixed-prr0p85-rep27-seed200027-v2/cooja.log,9fc22fc392fdabed4be7cd484398d4874053193b11f3ce14f4599c12e89f3a28,12302,125,success,0,FAILED_PROTOCOL
A-kem1024-fixed-prr0p85-rep28-seed200028-v1,A-kem1024-fixed-prr0p85-rep28-seed200028,A_B1_VS_B2,COOJA_SIMULATION,1024,1,fixed,0.85,,none,200028,valid,none,,,runs/A-kem1024-fixed-prr0p85-rep28-seed200028-v1/cooja.log,f093af93f55e40b7106460dc2fd4269a85ab795427351d59d270cd879fa7ef54,12786,128,success,0,FAILED_PROTOCOL
A-kem1024-fixed-prr0p85-rep28-seed200028-v2,A-kem1024-fixed-prr0p85-rep28-seed200028,A_B1_VS_B2,COOJA_SIMULATION,1024,2,fixed,0.85,,none,200028,valid,none,,,runs/A-kem1024-fixed-prr0p85-rep28-seed200028-v2/cooja.log,8532d186e9b04d6070a3ccb20bb70a9de9cc8c3b41c1cfe01d3568a29e64fc6a,20778,210,success,1,SUCCESS
A-kem1024-fixed-prr0p85-rep29-seed200029-v1,A-kem1024-fixed-prr0p85-rep29-seed200029,A_B1_VS_B2,COOJA_SIMULATION,1024,1,fixed,0.85,,none,200029,valid,none,,,runs/A-kem1024-fixed-prr0p85-rep29-seed200029-v1/cooja.log,5b031559075b85573b2e8804da8e2d23e229cee3d42d300bec4da136dc0e1368,16587,169,success,0,FAILED_PROTOCOL
A-kem1024-fixed-prr0p85-rep29-seed200029-v2,A-kem1024-fixed-prr0p85-rep29-seed200029,A_B1_VS_B2,COOJA_SIMULATION,1024,2,fixed,0.85,,none,200029,valid,none,,,runs/A-kem1024-fixed-prr0p85-rep29-seed200029-v2/cooja.log,7ce74a4f5610729191369dcaffc891589143d1880e461536ea6ab87bcede29e7,20783,218,success,0,FAILED_PROTOCOL
A-kem1024-fixed-prr0p85-rep30-seed200030-v1,A-kem1024-fixed-prr0p85-rep30-seed200030,A_B1_VS_B2,COOJA_SIMULATION,1024,1,fixed,0.85,,none,200030,valid,none,,,runs/A-kem1024-fixed-prr0p85-rep30-seed200030-v1/cooja.log,bed2e0d415d8f3bcbe3853abfdc171af0fe0134650a8494acfc3a1a760f19759,12908,129,success,0,FAILED_PROTOCOL
A-kem1024-fixed-prr0p85-rep30-seed200030-v2,A-kem1024-fixed-prr0p85-rep30-seed200030,A_B1_VS_B2,COOJA_SIMULATION,1024,2,fixed,0.85,,none,200030,valid,none,,,runs/A-kem1024-fixed-prr0p85-rep30-seed200030-v2/cooja.log,406945befe46401c383afae22811e13b5cf3f70360a1c6027cb33b5431f6bd80,21725,220,success,1,SUCCESS
A-kem1024-fixed-prr0p90-rep01-seed200001-v1,A-kem1024-fixed-prr0p90-rep01-seed200001,A_B1_VS_B2,COOJA_SIMULATION,1024,1,fixed,0.9,,none,200001,valid,none,,,runs/A-kem1024-fixed-prr0p90-rep01-seed200001-v1/cooja.log,d70746886c97e907d4ae79bf4a4982e61c0db5f142cb8f03562b8aa01159852f,16761,171,success,0,FAILED_PROTOCOL
A-kem1024-fixed-prr0p90-rep01-seed200001-v2,A-kem1024-fixed-prr0p90-rep01-seed200001,A_B1_VS_B2,COOJA_SIMULATION,1024,2,fixed,0.9,,none,200001,valid,none,,,runs/A-kem1024-fixed-prr0p90-rep01-seed200001-v2/cooja.log,ee084ebf2b33915b4c638575fee6000564babdab15611b815fc6373affd1bbe3,20102,203,success,1,SUCCESS
A-kem1024-fixed-prr0p90-rep02-seed200002-v1,A-kem1024-fixed-prr0p90-rep02-seed200002,A_B1_VS_B2,COOJA_SIMULATION,1024,1,fixed,0.9,,none,200002,valid,none,,,runs/A-kem1024-fixed-prr0p90-rep02-seed200002-v1/cooja.log,fba8832d248ba42d05cbbf556b65b697974fa48ed9c2df32d7895719836befcc,10912,110,success,0,FAILED_PROTOCOL
A-kem1024-fixed-prr0p90-rep02-seed200002-v2,A-kem1024-fixed-prr0p90-rep02-seed200002,A_B1_VS_B2,COOJA_SIMULATION,1024,2,fixed,0.9,,none,200002,valid,none,,,runs/A-kem1024-fixed-prr0p90-rep02-seed200002-v2/cooja.log,6b89c7cb124a25f6b787037e7ca4e8fc80765cafbc483e38d6abef0b7a1d3e39,11146,112,success,0,FAILED_PROTOCOL
A-kem1024-fixed-prr0p90-rep03-seed200003-v1,A-kem1024-fixed-prr0p90-rep03-seed200003,A_B1_VS_B2,COOJA_SIMULATION,1024,1,fixed,0.9,,none,200003,valid,none,,,runs/A-kem1024-fixed-prr0p90-rep03-seed200003-v1/cooja.log,a9e3948b8e9e4f2ca035e4d6e1753fcb4ee192fafc121332bca71c231b27ac81,16654,170,success,0,FAILED_PROTOCOL
A-kem1024-fixed-prr0p90-rep03-seed200003-v2,A-kem1024-fixed-prr0p90-rep03-seed200003,A_B1_VS_B2,COOJA_SIMULATION,1024,2,fixed,0.9,,none,200003,valid,none,,,runs/A-kem1024-fixed-prr0p90-rep03-seed200003-v2/cooja.log,1dc0ec0ff4c0d2ad4e0222f87761ad40c6d837279bccd327b7aefdae823b7796,19949,201,success,1,SUCCESS
A-kem1024-fixed-prr0p90-rep04-seed200004-v1,A-kem1024-fixed-prr0p90-rep04-seed200004,A_B1_VS_B2,COOJA_SIMULATION,1024,1,fixed,0.9,,none,200004,valid,none,,,runs/A-kem1024-fixed-prr0p90-rep04-seed200004-v1/cooja.log,ee5bfc3a857febcae9e672a7c7c0752ea90f01a6f2274f4c90aecbb0cfa46476,11914,121,success,0,FAILED_PROTOCOL
A-kem1024-fixed-prr0p90-rep04-seed200004-v2,A-kem1024-fixed-prr0p90-rep04-seed200004,A_B1_VS_B2,COOJA_SIMULATION,1024,2,fixed,0.9,,none,200004,valid,none,,,runs/A-kem1024-fixed-prr0p90-rep04-seed200004-v2/cooja.log,546431bcb4cfc7e5ee56b17bd54de4cdbc64e9727e26b4f2b7c5c034eaa599ef,12148,123,success,0,FAILED_PROTOCOL
A-kem1024-fixed-prr0p90-rep05-seed200005-v1,A-kem1024-fixed-prr0p90-rep05-seed200005,A_B1_VS_B2,COOJA_SIMULATION,1024,1,fixed,0.9,,none,200005,valid,none,,,runs/A-kem1024-fixed-prr0p90-rep05-seed200005-v1/cooja.log,5b676ace716b08c00a75130c63ac24a93f41517ed83eedfca3050262f836bb79,12056,123,success,0,FAILED_PROTOCOL
A-kem1024-fixed-prr0p90-rep05-seed200005-v2,A-kem1024-fixed-prr0p90-rep05-seed200005,A_B1_VS_B2,COOJA_SIMULATION,1024,2,fixed,0.9,,none,200005,valid,none,,,runs/A-kem1024-fixed-prr0p90-rep05-seed200005-v2/cooja.log,64e069cf071542da0a5360054b1462d9fbf02d8383c6c7020563a0d61ca67da0,12290,125,success,0,FAILED_PROTOCOL
A-kem1024-fixed-prr0p90-rep06-seed200006-v1,A-kem1024-fixed-prr0p90-rep06-seed200006,A_B1_VS_B2,COOJA_SIMULATION,1024,1,fixed,0.9,,none,200006,valid,none,,,runs/A-kem1024-fixed-prr0p90-rep06-seed200006-v1/cooja.log,87e2f6c404cecfb01577a53bed5350946140add7058a08a4605c57c58ab0f8e7,13856,147,success,1,SUCCESS
A-kem1024-fixed-prr0p90-rep06-seed200006-v2,A-kem1024-fixed-prr0p90-rep06-seed200006,A_B1_VS_B2,COOJA_SIMULATION,1024,2,fixed,0.9,,none,200006,valid,none,,,runs/A-kem1024-fixed-prr0p90-rep06-seed200006-v2/cooja.log,65381f988f752d26fe40fcba168f7658950bd2b79c4c3a4361f5f1c44eb00840,19392,195,success,1,SUCCESS
A-kem1024-fixed-prr0p90-rep07-seed200007-v1,A-kem1024-fixed-prr0p90-rep07-seed200007,A_B1_VS_B2,COOJA_SIMULATION,1024,1,fixed,0.9,,none,200007,valid,none,,,runs/A-kem1024-fixed-prr0p90-rep07-seed200007-v1/cooja.log,391adb424ba2f531fc6a64fdfda04df581b484c42e157c3c9fa6d83838cac660,13850,147,success,1,SUCCESS
A-kem1024-fixed-prr0p90-rep07-seed200007-v2,A-kem1024-fixed-prr0p90-rep07-seed200007,A_B1_VS_B2,COOJA_SIMULATION,1024,2,fixed,0.9,,none,200007,valid,none,,,runs/A-kem1024-fixed-prr0p90-rep07-seed200007-v2/cooja.log,402e14ee9f3620888a89642f1481008699759debe134855d806b4608f2060a47,19393,195,success,1,SUCCESS
A-kem1024-fixed-prr0p90-rep08-seed200008-v1,A-kem1024-fixed-prr0p90-rep08-seed200008,A_B1_VS_B2,COOJA_SIMULATION,1024,1,fixed,0.9,,none,200008,valid,none,,,runs/A-kem1024-fixed-prr0p90-rep08-seed200008-v1/cooja.log,f93cea176df17ef0bd2043729ed9da50abd2f7d445fd4bb5d026db8e946f35e4,12617,126,success,0,FAILED_PROTOCOL
A-kem1024-fixed-prr0p90-rep08-seed200008-v2,A-kem1024-fixed-prr0p90-rep08-seed200008,A_B1_VS_B2,COOJA_SIMULATION,1024,2,fixed,0.9,,none,200008,valid,none,,,runs/A-kem1024-fixed-prr0p90-rep08-seed200008-v2/cooja.log,f7e378a46248f878d71567d8cd7fc4705950b0f4fddef052ea0d893f017e6db7,20030,202,success,1,SUCCESS
A-kem1024-fixed-prr0p90-rep09-seed200009-v1,A-kem1024-fixed-prr0p90-rep09-seed200009,A_B1_VS_B2,COOJA_SIMULATION,1024,1,fixed,0.9,,none,200009,valid,none,,,runs/A-kem1024-fixed-prr0p90-rep09-seed200009-v1/cooja.log,5d57710da41240b2db48f538ca3b1e58b1a3214cd1a8c0c6dfc3fc84d835be06,16773,171,success,0,FAILED_PROTOCOL
A-kem1024-fixed-prr0p90-rep09-seed200009-v2,A-kem1024-fixed-prr0p90-rep09-seed200009,A_B1_VS_B2,COOJA_SIMULATION,1024,2,fixed,0.9,,none,200009,valid,none,,,runs/A-kem1024-fixed-prr0p90-rep09-seed200009-v2/cooja.log,b5e61c58dabe6b15032cf4ea0ae283a03c9cd79066a327485b8d82fc00b6c809,20388,206,success,1,SUCCESS
A-kem1024-fixed-prr0p90-rep10-seed200010-v1,A-kem1024-fixed-prr0p90-rep10-seed200010,A_B1_VS_B2,COOJA_SIMULATION,1024,1,fixed,0.9,,none,200010,valid,none,,,runs/A-kem1024-fixed-prr0p90-rep10-seed200010-v1/cooja.log,242c9a0f9c4e5470d3dab955ffe8304c8885db4a6306f5ba38b6893c2dc9bf20,16841,172,success,0,FAILED_PROTOCOL
A-kem1024-fixed-prr0p90-rep10-seed200010-v2,A-kem1024-fixed-prr0p90-rep10-seed200010,A_B1_VS_B2,COOJA_SIMULATION,1024,2,fixed,0.9,,none,200010,valid,none,,,runs/A-kem1024-fixed-prr0p90-rep10-seed200010-v2/cooja.log,0febafa8f898e6edf63433d9cc0bcb1a2ac73e380e5b50169d802b408fdd7c79,20112,203,success,1,SUCCESS
A-kem1024-fixed-prr0p90-rep11-seed200011-v1,A-kem1024-fixed-prr0p90-rep11-seed200011,A_B1_VS_B2,COOJA_SIMULATION,1024,1,fixed,0.9,,none,200011,valid,none,,,runs/A-kem1024-fixed-prr0p90-rep11-seed200011-v1/cooja.log,7796c011945f966cf9e60810757ae0a8ae6b7036403bbc31707ccc54657e8fd5,13857,147,success,1,SUCCESS
A-kem1024-fixed-prr0p90-rep11-seed200011-v2,A-kem1024-fixed-prr0p90-rep11-seed200011,A_B1_VS_B2,COOJA_SIMULATION,1024,2,fixed,0.9,,none,200011,valid,none,,,runs/A-kem1024-fixed-prr0p90-rep11-seed200011-v2/cooja.log,5d39261f358c86d20c1c8834325aee2aa1f5c2e7393d876a5c86d81c94ed9248,19393,195,success,1,SUCCESS
A-kem1024-fixed-prr0p90-rep12-seed200012-v1,A-kem1024-fixed-prr0p90-rep12-seed200012,A_B1_VS_B2,COOJA_SIMULATION,1024,1,fixed,0.9,,none,200012,valid,none,,,runs/A-kem1024-fixed-prr0p90-rep12-seed200012-v1/cooja.log,7e061befcb2e25b1553636681fc74a59233390f8db06284e8f433c6f8b44806d,16663,170,success,0,FAILED_PROTOCOL
A-kem1024-fixed-prr0p90-rep12-seed200012-v2,A-kem1024-fixed-prr0p90-rep12-seed200012,A_B1_VS_B2,COOJA_SIMULATION,1024,2,fixed,0.9,,none,200012,valid,none,,,runs/A-kem1024-fixed-prr0p90-rep12-seed200012-v2/cooja.log,01ff64a58c1b4d4d91fd8582cd1d452d25f7d7e19aca90e8609ce97851662c86,19955,201,success,1,SUCCESS
A-kem1024-fixed-prr0p90-rep13-seed200013-v1,A-kem1024-fixed-prr0p90-rep13-seed200013,A_B1_VS_B2,COOJA_SIMULATION,1024,1,fixed,0.9,,none,200013,valid,none,,,runs/A-kem1024-fixed-prr0p90-rep13-seed200013-v1/cooja.log,fa91897e2fd4a5dcda43333e19b3a0614cef5c2aced5f0653921fe413fe70c4c,16660,170,success,0,FAILED_PROTOCOL
A-kem1024-fixed-prr0p90-rep13-seed200013-v2,A-kem1024-fixed-prr0p90-rep13-seed200013,A_B1_VS_B2,COOJA_SIMULATION,1024,2,fixed,0.9,,none,200013,valid,none,,,runs/A-kem1024-fixed-prr0p90-rep13-seed200013-v2/cooja.log,5d7ca806f3fab10f1389a546adebc7e81249a38d44f9727632fb8722733a6fd6,20409,206,success,1,SUCCESS
A-kem1024-fixed-prr0p90-rep14-seed200014-v1,A-kem1024-fixed-prr0p90-rep14-seed200014,A_B1_VS_B2,COOJA_SIMULATION,1024,1,fixed,0.9,,none,200014,valid,none,,,runs/A-kem1024-fixed-prr0p90-rep14-seed200014-v1/cooja.log,775767b93b0b913aabed95e90542f696e02adab39b91e8fcb676419d9950059c,14304,148,success,0,FAILED_PROTOCOL
A-kem1024-fixed-prr0p90-rep14-seed200014-v2,A-kem1024-fixed-prr0p90-rep14-seed200014,A_B1_VS_B2,COOJA_SIMULATION,1024,2,fixed,0.9,,none,200014,valid,none,,,runs/A-kem1024-fixed-prr0p90-rep14-seed200014-v2/cooja.log,e5901618c62fc13a3d6ceb0596c8119d5d30032e1745e46128029768ab47bddf,14538,150,success,0,FAILED_PROTOCOL
A-kem1024-fixed-prr0p90-rep15-seed200015-v1,A-kem1024-fixed-prr0p90-rep15-seed200015,A_B1_VS_B2,COOJA_SIMULATION,1024,1,fixed,0.9,,none,200015,valid,none,,,runs/A-kem1024-fixed-prr0p90-rep15-seed200015-v1/cooja.log,ebe4abc568564228e8b2138f68b867c91b25892e9c0b130abc24a152d9ba3068,16507,168,success,0,FAILED_PROTOCOL
A-kem1024-fixed-prr0p90-rep15-seed200015-v2,A-kem1024-fixed-prr0p90-rep15-seed200015,A_B1_VS_B2,COOJA_SIMULATION,1024,2,fixed,0.9,,none,200015,valid,none,,,runs/A-kem1024-fixed-prr0p90-rep15-seed200015-v2/cooja.log,b4e0084e9ff7c395ab75e39972e51d99292a3651b657a2ab0d1e8d659bf1c496,19795,199,success,1,SUCCESS
A-kem1024-fixed-prr0p90-rep16-seed200016-v1,A-kem1024-fixed-prr0p90-rep16-seed200016,A_B1_VS_B2,COOJA_SIMULATION,1024,1,fixed,0.9,,none,200016,valid,none,,,runs/A-kem1024-fixed-prr0p90-rep16-seed200016-v1/cooja.log,9335ebf09b2fc5e4ac72d6145fe02830c28b2bfe7c7ec1df270afcf1da10166b,11177,113,success,0,FAILED_PROTOCOL
A-kem1024-fixed-prr0p90-rep16-seed200016-v2,A-kem1024-fixed-prr0p90-rep16-seed200016,A_B1_VS_B2,COOJA_SIMULATION,1024,2,fixed,0.9,,none,200016,valid,none,,,runs/A-kem1024-fixed-prr0p90-rep16-seed200016-v2/cooja.log,78106298f925099ec5860ec5d3ad0d560299a13e813733e4fdb05319cab731b4,11411,115,success,0,FAILED_PROTOCOL
A-kem1024-fixed-prr0p90-rep17-seed200017-v1,A-kem1024-fixed-prr0p90-rep17-seed200017,A_B1_VS_B2,COOJA_SIMULATION,1024,1,fixed,0.9,,none,200017,valid,none,,,runs/A-kem1024-fixed-prr0p90-rep17-seed200017-v1/cooja.log,a85c8e6549ea5dcb03a8671ffd5f1f6ae69900af638421f9e1cef6f9b5d74673,13866,147,success,1,SUCCESS
A-kem1024-fixed-prr0p90-rep17-seed200017-v2,A-kem1024-fixed-prr0p90-rep17-seed200017,A_B1_VS_B2,COOJA_SIMULATION,1024,2,fixed,0.9,,none,200017,valid,none,,,runs/A-kem1024-fixed-prr0p90-rep17-seed200017-v2/cooja.log,600c6a8479cd48271433ad1f1cbcc4d925201850c668fe0e13e921a26e7fdfed,19402,195,success,1,SUCCESS
A-kem1024-fixed-prr0p90-rep18-seed200018-v1,A-kem1024-fixed-prr0p90-rep18-seed200018,A_B1_VS_B2,COOJA_SIMULATION,1024,1,fixed,0.9,,none,200018,valid,none,,,runs/A-kem1024-fixed-prr0p90-rep18-seed200018-v1/cooja.log,62c56079c2fb4a600510e22747b77b37cfa612585c4450b9c21c90c8a3d17c5b,16390,167,success,0,FAILED_PROTOCOL
A-kem1024-fixed-prr0p90-rep18-seed200018-v2,A-kem1024-fixed-prr0p90-rep18-seed200018,A_B1_VS_B2,COOJA_SIMULATION,1024,2,fixed,0.9,,none,200018,valid,none,,,runs/A-kem1024-fixed-prr0p90-rep18-seed200018-v2/cooja.log,5f8e22891233483450aad7395130d5d88343424f4793a8bb77f76e223a7c099c,19939,201,success,1,SUCCESS
A-kem1024-fixed-prr0p90-rep19-seed200019-v1,A-kem1024-fixed-prr0p90-rep19-seed200019,A_B1_VS_B2,COOJA_SIMULATION,1024,1,fixed,0.9,,none,200019,valid,none,,,runs/A-kem1024-fixed-prr0p90-rep19-seed200019-v1/cooja.log,21cf146cf421ada2602fe12f66ed0372a05e83b4ea320bd3c2d342078958442f,12715,127,success,0,FAILED_PROTOCOL
A-kem1024-fixed-prr0p90-rep19-seed200019-v2,A-kem1024-fixed-prr0p90-rep19-seed200019,A_B1_VS_B2,COOJA_SIMULATION,1024,2,fixed,0.9,,none,200019,valid,none,,,runs/A-kem1024-fixed-prr0p90-rep19-seed200019-v2/cooja.log,0aec4bbf20f82c6a9df86c444d834f8010f220a6057608dc356899c7163eace3,19952,201,success,1,SUCCESS
A-kem1024-fixed-prr0p90-rep20-seed200020-v1,A-kem1024-fixed-prr0p90-rep20-seed200020,A_B1_VS_B2,COOJA_SIMULATION,1024,1,fixed,0.9,,none,200020,valid,none,,,runs/A-kem1024-fixed-prr0p90-rep20-seed200020-v1/cooja.log,de9c90519adf638b7b4198c2ae6b5494c079e0873068385dbf230a7e1535d018,12779,128,success,0,FAILED_PROTOCOL
A-kem1024-fixed-prr0p90-rep20-seed200020-v2,A-kem1024-fixed-prr0p90-rep20-seed200020,A_B1_VS_B2,COOJA_SIMULATION,1024,2,fixed,0.9,,none,200020,valid,none,,,runs/A-kem1024-fixed-prr0p90-rep20-seed200020-v2/cooja.log,0239411db6d38bf45d890f4e15c0a8ab73026cc360bbe76db84ad9ddbe4394cb,19946,201,success,1,SUCCESS
A-kem1024-fixed-prr0p90-rep21-seed200021-v1,A-kem1024-fixed-prr0p90-rep21-seed200021,A_B1_VS_B2,COOJA_SIMULATION,1024,1,fixed,0.9,,none,200021,valid,none,,,runs/A-kem1024-fixed-prr0p90-rep21-seed200021-v1/cooja.log,8e49480d1400994f9c991bbf0a3740c44660e9de89734bf9a0be13167cf98282,12857,132,success,0,FAILED_PROTOCOL
A-kem1024-fixed-prr0p90-rep21-seed200021-v2,A-kem1024-fixed-prr0p90-rep21-seed200021,A_B1_VS_B2,COOJA_SIMULATION,1024,2,fixed,0.9,,none,200021,valid,none,,,runs/A-kem1024-fixed-prr0p90-rep21-seed200021-v2/cooja.log,2fbf8812abc32971269a52bda72bd857c00aebe767eeca8da5df59703e0baf1e,13091,134,success,0,FAILED_PROTOCOL
A-kem1024-fixed-prr0p90-rep22-seed200022-v1,A-kem1024-fixed-prr0p90-rep22-seed200022,A_B1_VS_B2,COOJA_SIMULATION,1024,1,fixed,0.9,,none,200022,valid,none,,,runs/A-kem1024-fixed-prr0p90-rep22-seed200022-v1/cooja.log,37e21f02c4079b0b195151f41284b00e9702c9de4ab346547b97b606ee944171,13774,146,success,1,SUCCESS
A-kem1024-fixed-prr0p90-rep22-seed200022-v2,A-kem1024-fixed-prr0p90-rep22-seed200022,A_B1_VS_B2,COOJA_SIMULATION,1024,2,fixed,0.9,,none,200022,valid,none,,,runs/A-kem1024-fixed-prr0p90-rep22-seed200022-v2/cooja.log,cd234a10dc3fecc87b0cdaf39e7e1ea35c152dcbaf2aab1b5f2853db9bfcd89e,19310,194,success,1,SUCCESS
A-kem1024-fixed-prr0p90-rep23-seed200023-v1,A-kem1024-fixed-prr0p90-rep23-seed200023,A_B1_VS_B2,COOJA_SIMULATION,1024,1,fixed,0.9,,none,200023,valid,none,,,runs/A-kem1024-fixed-prr0p90-rep23-seed200023-v1/cooja.log,45dd2244f6af314d2f430a71592e9a8f7a624050b6ba2614c3a5d4f81935cf5b,13856,147,success,1,SUCCESS
A-kem1024-fixed-prr0p90-rep23-seed200023-v2,A-kem1024-fixed-prr0p90-rep23-seed200023,A_B1_VS_B2,COOJA_SIMULATION,1024,2,fixed,0.9,,none,200023,valid,none,,,runs/A-kem1024-fixed-prr0p90-rep23-seed200023-v2/cooja.log,70427edc7d7bc1777fa7f60dd53ee0338fa609a8a34ee3e2bcc5c572dd662c57,19392,195,success,1,SUCCESS
A-kem1024-fixed-prr0p90-rep24-seed200024-v1,A-kem1024-fixed-prr0p90-rep24-seed200024,A_B1_VS_B2,COOJA_SIMULATION,1024,1,fixed,0.9,,none,200024,valid,none,,,runs/A-kem1024-fixed-prr0p90-rep24-seed200024-v1/cooja.log,acf23956b3240babb8dde124bbc3a82998b1044df74f3c3269065341b02595c1,13856,147,success,1,SUCCESS
A-kem1024-fixed-prr0p90-rep24-seed200024-v2,A-kem1024-fixed-prr0p90-rep24-seed200024,A_B1_VS_B2,COOJA_SIMULATION,1024,2,fixed,0.9,,none,200024,valid,none,,,runs/A-kem1024-fixed-prr0p90-rep24-seed200024-v2/cooja.log,59a14b4414e636c304a8f239ce759889bb85414e20bba1be0a06d4ee66432ffc,19392,195,success,1,SUCCESS
A-kem1024-fixed-prr0p90-rep25-seed200025-v1,A-kem1024-fixed-prr0p90-rep25-seed200025,A_B1_VS_B2,COOJA_SIMULATION,1024,1,fixed,0.9,,none,200025,valid,none,,,runs/A-kem1024-fixed-prr0p90-rep25-seed200025-v1/cooja.log,820dfb76215b34c1c2d7fbf2be4e785a60be29023b927dc7ce2a8c2438735217,13850,147,success,1,SUCCESS
A-kem1024-fixed-prr0p90-rep25-seed200025-v2,A-kem1024-fixed-prr0p90-rep25-seed200025,A_B1_VS_B2,COOJA_SIMULATION,1024,2,fixed,0.9,,none,200025,valid,none,,,runs/A-kem1024-fixed-prr0p90-rep25-seed200025-v2/cooja.log,304b080ed931ec3bf5220ff98d4c71ed62a688e3eb55c6f329dbf68868cda80e,19386,195,success,1,SUCCESS
A-kem1024-fixed-prr0p90-rep26-seed200026-v1,A-kem1024-fixed-prr0p90-rep26-seed200026,A_B1_VS_B2,COOJA_SIMULATION,1024,1,fixed,0.9,,none,200026,valid,none,,,runs/A-kem1024-fixed-prr0p90-rep26-seed200026-v1/cooja.log,0267bb8933e59298ef9472d9a85d7f978f000f290cc86482ec2889731a799cc1,14347,143,success,0,FAILED_PROTOCOL
A-kem1024-fixed-prr0p90-rep26-seed200026-v2,A-kem1024-fixed-prr0p90-rep26-seed200026,A_B1_VS_B2,COOJA_SIMULATION,1024,2,fixed,0.9,,none,200026,valid,none,,,runs/A-kem1024-fixed-prr0p90-rep26-seed200026-v2/cooja.log,c22402527a16297b6d24050e6d6c829111e300dff13c0a5f2946be8f54cd2338,14354,150,success,0,FAILED_PROTOCOL
A-kem1024-fixed-prr0p90-rep27-seed200027-v1,A-kem1024-fixed-prr0p90-rep27-seed200027,A_B1_VS_B2,COOJA_SIMULATION,1024,1,fixed,0.9,,none,200027,valid,none,,,runs/A-kem1024-fixed-prr0p90-rep27-seed200027-v1/cooja.log,68ffa9002ba3c9a2b6d85b2a530c0c379974965c9de795be9caa4ee82c25c185,12068,123,success,0,FAILED_PROTOCOL
A-kem1024-fixed-prr0p90-rep27-seed200027-v2,A-kem1024-fixed-prr0p90-rep27-seed200027,A_B1_VS_B2,COOJA_SIMULATION,1024,2,fixed,0.9,,none,200027,valid,none,,,runs/A-kem1024-fixed-prr0p90-rep27-seed200027-v2/cooja.log,9fc22fc392fdabed4be7cd484398d4874053193b11f3ce14f4599c12e89f3a28,12302,125,success,0,FAILED_PROTOCOL
A-kem1024-fixed-prr0p90-rep28-seed200028-v1,A-kem1024-fixed-prr0p90-rep28-seed200028,A_B1_VS_B2,COOJA_SIMULATION,1024,1,fixed,0.9,,none,200028,valid,none,,,runs/A-kem1024-fixed-prr0p90-rep28-seed200028-v1/cooja.log,eb739840cad126e59a928b418942264b969c55c974989839a3169f49cac3c132,13856,147,success,1,SUCCESS
A-kem1024-fixed-prr0p90-rep28-seed200028-v2,A-kem1024-fixed-prr0p90-rep28-seed200028,A_B1_VS_B2,COOJA_SIMULATION,1024,2,fixed,0.9,,none,200028,valid,none,,,runs/A-kem1024-fixed-prr0p90-rep28-seed200028-v2/cooja.log,7322020cf09bda766cf30b2f9ff2417af4132f42d466a9446c94c0ae8f85e5cb,19392,195,success,1,SUCCESS
A-kem1024-fixed-prr0p90-rep29-seed200029-v1,A-kem1024-fixed-prr0p90-rep29-seed200029,A_B1_VS_B2,COOJA_SIMULATION,1024,1,fixed,0.9,,none,200029,valid,none,,,runs/A-kem1024-fixed-prr0p90-rep29-seed200029-v1/cooja.log,952acf3859d2ec6ac849bf46abc1504ef34d55b093bed901b167e68025725a68,13859,147,success,1,SUCCESS
A-kem1024-fixed-prr0p90-rep29-seed200029-v2,A-kem1024-fixed-prr0p90-rep29-seed200029,A_B1_VS_B2,COOJA_SIMULATION,1024,2,fixed,0.9,,none,200029,valid,none,,,runs/A-kem1024-fixed-prr0p90-rep29-seed200029-v2/cooja.log,31ce0f733851bdb07e860bc2fad0ffd0d8fed2a1e5df7eb032ad489d6befa286,19402,195,success,1,SUCCESS
A-kem1024-fixed-prr0p90-rep30-seed200030-v1,A-kem1024-fixed-prr0p90-rep30-seed200030,A_B1_VS_B2,COOJA_SIMULATION,1024,1,fixed,0.9,,none,200030,valid,none,,,runs/A-kem1024-fixed-prr0p90-rep30-seed200030-v1/cooja.log,07028f7979a3ee2ca3eb8cb88fbc1f6e179877e9f6d325961b02cad900ee5c53,18078,183,success,0,FAILED_PROTOCOL
A-kem1024-fixed-prr0p90-rep30-seed200030-v2,A-kem1024-fixed-prr0p90-rep30-seed200030,A_B1_VS_B2,COOJA_SIMULATION,1024,2,fixed,0.9,,none,200030,valid,none,,,runs/A-kem1024-fixed-prr0p90-rep30-seed200030-v2/cooja.log,6a029bfdcc5797d6e99fbf50eb7c6b2fc5b7f8c6686b3c5a9bc038382c004401,20251,204,success,1,SUCCESS
A-kem1024-fixed-prr0p95-rep01-seed200001-v1,A-kem1024-fixed-prr0p95-rep01-seed200001,A_B1_VS_B2,COOJA_SIMULATION,1024,1,fixed,0.95,,none,200001,valid,none,,,runs/A-kem1024-fixed-prr0p95-rep01-seed200001-v1/cooja.log,0b6092cb7557ac71add4e6d85b38fd3bf8e0a600994e9584e89c197b66e41d96,13853,147,success,1,SUCCESS
A-kem1024-fixed-prr0p95-rep01-seed200001-v2,A-kem1024-fixed-prr0p95-rep01-seed200001,A_B1_VS_B2,COOJA_SIMULATION,1024,2,fixed,0.95,,none,200001,valid,none,,,runs/A-kem1024-fixed-prr0p95-rep01-seed200001-v2/cooja.log,a8f466a59bfc1e8a2822034c6a969af90dcbe56c9bfb65745fbfac9ff2c034c3,19389,195,success,1,SUCCESS
A-kem1024-fixed-prr0p95-rep02-seed200002-v1,A-kem1024-fixed-prr0p95-rep02-seed200002,A_B1_VS_B2,COOJA_SIMULATION,1024,1,fixed,0.95,,none,200002,valid,none,,,runs/A-kem1024-fixed-prr0p95-rep02-seed200002-v1/cooja.log,e7bb46abef0d90114f415d61511acc2c1899edf2f5afabf9d9796015e15fe649,13863,147,success,1,SUCCESS
A-kem1024-fixed-prr0p95-rep02-seed200002-v2,A-kem1024-fixed-prr0p95-rep02-seed200002,A_B1_VS_B2,COOJA_SIMULATION,1024,2,fixed,0.95,,none,200002,valid,none,,,runs/A-kem1024-fixed-prr0p95-rep02-seed200002-v2/cooja.log,b989bfab531177f8c5b429593a3c26af04bab932e790902c4e6e07ff03fe8927,19399,195,success,1,SUCCESS
A-kem1024-fixed-prr0p95-rep03-seed200003-v1,A-kem1024-fixed-prr0p95-rep03-seed200003,A_B1_VS_B2,COOJA_SIMULATION,1024,1,fixed,0.95,,none,200003,valid,none,,,runs/A-kem1024-fixed-prr0p95-rep03-seed200003-v1/cooja.log,a9e3948b8e9e4f2ca035e4d6e1753fcb4ee192fafc121332bca71c231b27ac81,16654,170,success,0,FAILED_PROTOCOL
A-kem1024-fixed-prr0p95-rep03-seed200003-v2,A-kem1024-fixed-prr0p95-rep03-seed200003,A_B1_VS_B2,COOJA_SIMULATION,1024,2,fixed,0.95,,none,200003,valid,none,,,runs/A-kem1024-fixed-prr0p95-rep03-seed200003-v2/cooja.log,1dc0ec0ff4c0d2ad4e0222f87761ad40c6d837279bccd327b7aefdae823b7796,19949,201,success,1,SUCCESS
A-kem1024-fixed-prr0p95-rep04-seed200004-v1,A-kem1024-fixed-prr0p95-rep04-seed200004,A_B1_VS_B2,COOJA_SIMULATION,1024,1,fixed,0.95,,none,200004,valid,none,,,runs/A-kem1024-fixed-prr0p95-rep04-seed200004-v1/cooja.log,eb5dff968675ee3dececad9f67006ac39fa4c09d07876568f0b8a9d4e3fd0958,12367,123,success,0,FAILED_PROTOCOL
A-kem1024-fixed-prr0p95-rep04-seed200004-v2,A-kem1024-fixed-prr0p95-rep04-seed200004,A_B1_VS_B2,COOJA_SIMULATION,1024,2,fixed,0.95,,none,200004,valid,none,,,runs/A-kem1024-fixed-prr0p95-rep04-seed200004-v2/cooja.log,c269745ea3872d4fe81175682319425fea31057ef55766a982c8f0fdde458ce7,20151,203,success,1,SUCCESS
A-kem1024-fixed-prr0p95-rep05-seed200005-v1,A-kem1024-fixed-prr0p95-rep05-seed200005,A_B1_VS_B2,COOJA_SIMULATION,1024,1,fixed,0.95,,none,200005,valid,none,,,runs/A-kem1024-fixed-prr0p95-rep05-seed200005-v1/cooja.log,bd0e88072d6a98e245ef55a55d61e2b544ebb18841f5eced8acb213259252dd9,13847,147,success,1,SUCCESS
A-kem1024-fixed-prr0p95-rep05-seed200005-v2,A-kem1024-fixed-prr0p95-rep05-seed200005,A_B1_VS_B2,COOJA_SIMULATION,1024,2,fixed,0.95,,none,200005,valid,none,,,runs/A-kem1024-fixed-prr0p95-rep05-seed200005-v2/cooja.log,ca4ba981f9b432d9eee5e3d12cd01643419cd012a45d12555aae26cc9ee340c3,19383,195,success,1,SUCCESS
A-kem1024-fixed-prr0p95-rep06-seed200006-v1,A-kem1024-fixed-prr0p95-rep06-seed200006,A_B1_VS_B2,COOJA_SIMULATION,1024,1,fixed,0.95,,none,200006,valid,none,,,runs/A-kem1024-fixed-prr0p95-rep06-seed200006-v1/cooja.log,bd279a3ff778d0d361c1bd1325bac3856d72c49c7e3ad8c7ccc38838d5927b4b,13856,147,success,1,SUCCESS
A-kem1024-fixed-prr0p95-rep06-seed200006-v2,A-kem1024-fixed-prr0p95-rep06-seed200006,A_B1_VS_B2,COOJA_SIMULATION,1024,2,fixed,0.95,,none,200006,valid,none,,,runs/A-kem1024-fixed-prr0p95-rep06-seed200006-v2/cooja.log,0a1bd36a4b74f0e527a8cfb89cc3c5c40922a8ba3569140c54f03d795546011c,19392,195,success,1,SUCCESS
A-kem1024-fixed-prr0p95-rep07-seed200007-v1,A-kem1024-fixed-prr0p95-rep07-seed200007,A_B1_VS_B2,COOJA_SIMULATION,1024,1,fixed,0.95,,none,200007,valid,none,,,runs/A-kem1024-fixed-prr0p95-rep07-seed200007-v1/cooja.log,391adb424ba2f531fc6a64fdfda04df581b484c42e157c3c9fa6d83838cac660,13850,147,success,1,SUCCESS
A-kem1024-fixed-prr0p95-rep07-seed200007-v2,A-kem1024-fixed-prr0p95-rep07-seed200007,A_B1_VS_B2,COOJA_SIMULATION,1024,2,fixed,0.95,,none,200007,valid,none,,,runs/A-kem1024-fixed-prr0p95-rep07-seed200007-v2/cooja.log,402e14ee9f3620888a89642f1481008699759debe134855d806b4608f2060a47,19393,195,success,1,SUCCESS
A-kem1024-fixed-prr0p95-rep08-seed200008-v1,A-kem1024-fixed-prr0p95-rep08-seed200008,A_B1_VS_B2,COOJA_SIMULATION,1024,1,fixed,0.95,,none,200008,valid,none,,,runs/A-kem1024-fixed-prr0p95-rep08-seed200008-v1/cooja.log,3af330a08fcdad198ee6a2be6241f3962ab2cdaba9fc07e4f59d04cec84019a3,13777,146,success,1,SUCCESS
A-kem1024-fixed-prr0p95-rep08-seed200008-v2,A-kem1024-fixed-prr0p95-rep08-seed200008,A_B1_VS_B2,COOJA_SIMULATION,1024,2,fixed,0.95,,none,200008,valid,none,,,runs/A-kem1024-fixed-prr0p95-rep08-seed200008-v2/cooja.log,769a162a090eaedf20dc42f002edc7f1cef070ce4904ec2fb9d12a721e6e88b8,19313,194,success,1,SUCCESS
A-kem1024-fixed-prr0p95-rep09-seed200009-v1,A-kem1024-fixed-prr0p95-rep09-seed200009,A_B1_VS_B2,COOJA_SIMULATION,1024,1,fixed,0.95,,none,200009,valid,none,,,runs/A-kem1024-fixed-prr0p95-rep09-seed200009-v1/cooja.log,e1c234d8fbcc58db8efa870cfeb3ce1387159be406a922b9f31ee04521b8590c,16937,173,success,0,FAILED_PROTOCOL
A-kem1024-fixed-prr0p95-rep09-seed200009-v2,A-kem1024-fixed-prr0p95-rep09-seed200009,A_B1_VS_B2,COOJA_SIMULATION,1024,2,fixed,0.95,,none,200009,valid,none,,,runs/A-kem1024-fixed-prr0p95-rep09-seed200009-v2/cooja.log,c4bdc297dbbbfe2bae6b3416a9f301216f58f866f18bd605b59bbc7f72e38eed,19952,201,success,1,SUCCESS
A-kem1024-fixed-prr0p95-rep10-seed200010-v1,A-kem1024-fixed-prr0p95-rep10-seed200010,A_B1_VS_B2,COOJA_SIMULATION,1024,1,fixed,0.95,,none,200010,valid,none,,,runs/A-kem1024-fixed-prr0p95-rep10-seed200010-v1/cooja.log,242c9a0f9c4e5470d3dab955ffe8304c8885db4a6306f5ba38b6893c2dc9bf20,16841,172,success,0,FAILED_PROTOCOL
A-kem1024-fixed-prr0p95-rep10-seed200010-v2,A-kem1024-fixed-prr0p95-rep10-seed200010,A_B1_VS_B2,COOJA_SIMULATION,1024,2,fixed,0.95,,none,200010,valid,none,,,runs/A-kem1024-fixed-prr0p95-rep10-seed200010-v2/cooja.log,0febafa8f898e6edf63433d9cc0bcb1a2ac73e380e5b50169d802b408fdd7c79,20112,203,success,1,SUCCESS
A-kem1024-fixed-prr0p95-rep11-seed200011-v1,A-kem1024-fixed-prr0p95-rep11-seed200011,A_B1_VS_B2,COOJA_SIMULATION,1024,1,fixed,0.95,,none,200011,valid,none,,,runs/A-kem1024-fixed-prr0p95-rep11-seed200011-v1/cooja.log,a7dea1feb00044e5074a5cc4205090eb391d236f755471010d2a66c5edc67196,13857,147,success,1,SUCCESS
A-kem1024-fixed-prr0p95-rep11-seed200011-v2,A-kem1024-fixed-prr0p95-rep11-seed200011,A_B1_VS_B2,COOJA_SIMULATION,1024,2,fixed,0.95,,none,200011,valid,none,,,runs/A-kem1024-fixed-prr0p95-rep11-seed200011-v2/cooja.log,110cefcd502d83e58969e0af07323b63bfecb5d232b52bd7b5618a5a2589325c,19393,195,success,1,SUCCESS
A-kem1024-fixed-prr0p95-rep12-seed200012-v1,A-kem1024-fixed-prr0p95-rep12-seed200012,A_B1_VS_B2,COOJA_SIMULATION,1024,1,fixed,0.95,,none,200012,valid,none,,,runs/A-kem1024-fixed-prr0p95-rep12-seed200012-v1/cooja.log,108098e14db5a0036594b6b84390314e5ed88294ee9e135fb837a98353aad7cd,13866,147,success,1,SUCCESS
A-kem1024-fixed-prr0p95-rep12-seed200012-v2,A-kem1024-fixed-prr0p95-rep12-seed200012,A_B1_VS_B2,COOJA_SIMULATION,1024,2,fixed,0.95,,none,200012,valid,none,,,runs/A-kem1024-fixed-prr0p95-rep12-seed200012-v2/cooja.log,c38e08b72c97a17a5fbbfd65c796a38a5898c1c06e991eb8261edd0020500a0f,19402,195,success,1,SUCCESS
A-kem1024-fixed-prr0p95-rep13-seed200013-v1,A-kem1024-fixed-prr0p95-rep13-seed200013,A_B1_VS_B2,COOJA_SIMULATION,1024,1,fixed,0.95,,none,200013,valid,none,,,runs/A-kem1024-fixed-prr0p95-rep13-seed200013-v1/cooja.log,459e9729c0cc063faa857e1a8018ea49209c9bf00ea37284ffe44ce4dcfb45ee,13859,147,success,1,SUCCESS
A-kem1024-fixed-prr0p95-rep13-seed200013-v2,A-kem1024-fixed-prr0p95-rep13-seed200013,A_B1_VS_B2,COOJA_SIMULATION,1024,2,fixed,0.95,,none,200013,valid,none,,,runs/A-kem1024-fixed-prr0p95-rep13-seed200013-v2/cooja.log,d82fde9a6ee18d7daad0ef0d286e5f6062137386cef235d8808dde924c8f603e,19402,195,success,1,SUCCESS
A-kem1024-fixed-prr0p95-rep14-seed200014-v1,A-kem1024-fixed-prr0p95-rep14-seed200014,A_B1_VS_B2,COOJA_SIMULATION,1024,1,fixed,0.95,,none,200014,valid,none,,,runs/A-kem1024-fixed-prr0p95-rep14-seed200014-v1/cooja.log,775767b93b0b913aabed95e90542f696e02adab39b91e8fcb676419d9950059c,14304,148,success,0,FAILED_PROTOCOL
A-kem1024-fixed-prr0p95-rep14-seed200014-v2,A-kem1024-fixed-prr0p95-rep14-seed200014,A_B1_VS_B2,COOJA_SIMULATION,1024,2,fixed,0.95,,none,200014,valid,none,,,runs/A-kem1024-fixed-prr0p95-rep14-seed200014-v2/cooja.log,e5901618c62fc13a3d6ceb0596c8119d5d30032e1745e46128029768ab47bddf,14538,150,success,0,FAILED_PROTOCOL
A-kem1024-fixed-prr0p95-rep15-seed200015-v1,A-kem1024-fixed-prr0p95-rep15-seed200015,A_B1_VS_B2,COOJA_SIMULATION,1024,1,fixed,0.95,,none,200015,valid,none,,,runs/A-kem1024-fixed-prr0p95-rep15-seed200015-v1/cooja.log,c4b02c669217677ce6ae9d013b7785fc2aaf21ab453d3a1027834b3f51262f72,16581,169,success,0,FAILED_PROTOCOL
A-kem1024-fixed-prr0p95-rep15-seed200015-v2,A-kem1024-fixed-prr0p95-rep15-seed200015,A_B1_VS_B2,COOJA_SIMULATION,1024,2,fixed,0.95,,none,200015,valid,none,,,runs/A-kem1024-fixed-prr0p95-rep15-seed200015-v2/cooja.log,592b9b64fbe832b84004a154fe1f500b170e052aa349d8ea71f6181064d2b8e7,19869,200,success,1,SUCCESS
A-kem1024-fixed-prr0p95-rep16-seed200016-v1,A-kem1024-fixed-prr0p95-rep16-seed200016,A_B1_VS_B2,COOJA_SIMULATION,1024,1,fixed,0.95,,none,200016,valid,none,,,runs/A-kem1024-fixed-prr0p95-rep16-seed200016-v1/cooja.log,d1aa06aba65a9b3a05b7392eda7b2ceb66acc6d770001233fef35ebbe7cb8e83,11252,114,success,0,FAILED_PROTOCOL
A-kem1024-fixed-prr0p95-rep16-seed200016-v2,A-kem1024-fixed-prr0p95-rep16-seed200016,A_B1_VS_B2,COOJA_SIMULATION,1024,2,fixed,0.95,,none,200016,valid,none,,,runs/A-kem1024-fixed-prr0p95-rep16-seed200016-v2/cooja.log,e07022781501a0cdbf663187bfa9a039f255498cf7ae8fb7037808184a925988,11486,116,success,0,FAILED_PROTOCOL
A-kem1024-fixed-prr0p95-rep17-seed200017-v1,A-kem1024-fixed-prr0p95-rep17-seed200017,A_B1_VS_B2,COOJA_SIMULATION,1024,1,fixed,0.95,,none,200017,valid,none,,,runs/A-kem1024-fixed-prr0p95-rep17-seed200017-v1/cooja.log,53a67a29f850c11c3bfa5d47d76759472dbab2ce5320e1f5a823e24aae9a53fd,13866,147,success,1,SUCCESS
A-kem1024-fixed-prr0p95-rep17-seed200017-v2,A-kem1024-fixed-prr0p95-rep17-seed200017,A_B1_VS_B2,COOJA_SIMULATION,1024,2,fixed,0.95,,none,200017,valid,none,,,runs/A-kem1024-fixed-prr0p95-rep17-seed200017-v2/cooja.log,5a6f7d5d13f463dbf9bfad559f4aff7cecbe859122ad06ae576b350d9d89e090,19402,195,success,1,SUCCESS
A-kem1024-fixed-prr0p95-rep18-seed200018-v1,A-kem1024-fixed-prr0p95-rep18-seed200018,A_B1_VS_B2,COOJA_SIMULATION,1024,1,fixed,0.95,,none,200018,valid,none,,,runs/A-kem1024-fixed-prr0p95-rep18-seed200018-v1/cooja.log,850d183c7ed16a3750dbe0b2a3fa88858dc2f8c9ab48c81a58c58ecdb4d59391,13853,147,success,1,SUCCESS
A-kem1024-fixed-prr0p95-rep18-seed200018-v2,A-kem1024-fixed-prr0p95-rep18-seed200018,A_B1_VS_B2,COOJA_SIMULATION,1024,2,fixed,0.95,,none,200018,valid,none,,,runs/A-kem1024-fixed-prr0p95-rep18-seed200018-v2/cooja.log,96e60d3b0201cdde0f7d89f5241ecff6c2ac8dfc6ff01ef70e29a22da2748f83,19389,195,success,1,SUCCESS
A-kem1024-fixed-prr0p95-rep19-seed200019-v1,A-kem1024-fixed-prr0p95-rep19-seed200019,A_B1_VS_B2,COOJA_SIMULATION,1024,1,fixed,0.95,,none,200019,valid,none,,,runs/A-kem1024-fixed-prr0p95-rep19-seed200019-v1/cooja.log,64df542d4d7e22052cb914170fa72b14c8b0efb4402f0252cf1f84f0ab2f51fb,12714,127,success,0,FAILED_PROTOCOL
A-kem1024-fixed-prr0p95-rep19-seed200019-v2,A-kem1024-fixed-prr0p95-rep19-seed200019,A_B1_VS_B2,COOJA_SIMULATION,1024,2,fixed,0.95,,none,200019,valid,none,,,runs/A-kem1024-fixed-prr0p95-rep19-seed200019-v2/cooja.log,9171d3d1468da7cefe7992cf1d1d266f7c140174702af5ec3be2c3b29c7f993c,19955,201,success,1,SUCCESS
A-kem1024-fixed-prr0p95-rep20-seed200020-v1,A-kem1024-fixed-prr0p95-rep20-seed200020,A_B1_VS_B2,COOJA_SIMULATION,1024,1,fixed,0.95,,none,200020,valid,none,,,runs/A-kem1024-fixed-prr0p95-rep20-seed200020-v1/cooja.log,de9c90519adf638b7b4198c2ae6b5494c079e0873068385dbf230a7e1535d018,12779,128,success,0,FAILED_PROTOCOL
A-kem1024-fixed-prr0p95-rep20-seed200020-v2,A-kem1024-fixed-prr0p95-rep20-seed200020,A_B1_VS_B2,COOJA_SIMULATION,1024,2,fixed,0.95,,none,200020,valid,none,,,runs/A-kem1024-fixed-prr0p95-rep20-seed200020-v2/cooja.log,0239411db6d38bf45d890f4e15c0a8ab73026cc360bbe76db84ad9ddbe4394cb,19946,201,success,1,SUCCESS
A-kem1024-fixed-prr0p95-rep21-seed200021-v1,A-kem1024-fixed-prr0p95-rep21-seed200021,A_B1_VS_B2,COOJA_SIMULATION,1024,1,fixed,0.95,,none,200021,valid,none,,,runs/A-kem1024-fixed-prr0p95-rep21-seed200021-v1/cooja.log,b5a2c75ef688e7ac97ba8a5f4370b3fc2763606aa28d8ce5adab3cc783cdefdb,13850,147,success,1,SUCCESS
A-kem1024-fixed-prr0p95-rep21-seed200021-v2,A-kem1024-fixed-prr0p95-rep21-seed200021,A_B1_VS_B2,COOJA_SIMULATION,1024,2,fixed,0.95,,none,200021,valid,none,,,runs/A-kem1024-fixed-prr0p95-rep21-seed200021-v2/cooja.log,1e4d5407675159d11e75cb3098b30413f16b833c902c318952c48796871cbeec,19386,195,success,1,SUCCESS
A-kem1024-fixed-prr0p95-rep22-seed200022-v1,A-kem1024-fixed-prr0p95-rep22-seed200022,A_B1_VS_B2,COOJA_SIMULATION,1024,1,fixed,0.95,,none,200022,valid,none,,,runs/A-kem1024-fixed-prr0p95-rep22-seed200022-v1/cooja.log,6b3e0505590d8fd299d621bf3ce57c9485e90fa82aebb09efdb4b1fcd7070bc3,13847,147,success,1,SUCCESS
A-kem1024-fixed-prr0p95-rep22-seed200022-v2,A-kem1024-fixed-prr0p95-rep22-seed200022,A_B1_VS_B2,COOJA_SIMULATION,1024,2,fixed,0.95,,none,200022,valid,none,,,runs/A-kem1024-fixed-prr0p95-rep22-seed200022-v2/cooja.log,6c4096a85a7bbabb8f73df2171a77aa10ad7542505cf41f11a882aa6f59b120b,19383,195,success,1,SUCCESS
A-kem1024-fixed-prr0p95-rep23-seed200023-v1,A-kem1024-fixed-prr0p95-rep23-seed200023,A_B1_VS_B2,COOJA_SIMULATION,1024,1,fixed,0.95,,none,200023,valid,none,,,runs/A-kem1024-fixed-prr0p95-rep23-seed200023-v1/cooja.log,0a28700786cf5c67685f656582730e82ea4b27f5e5a2f79e85ce611a46b724fe,13856,147,success,1,SUCCESS
A-kem1024-fixed-prr0p95-rep23-seed200023-v2,A-kem1024-fixed-prr0p95-rep23-seed200023,A_B1_VS_B2,COOJA_SIMULATION,1024,2,fixed,0.95,,none,200023,valid,none,,,runs/A-kem1024-fixed-prr0p95-rep23-seed200023-v2/cooja.log,2646a835b21ef7c07ce6f169443eec35c3efdec05ab251395f21a1f6ceb6c87e,19392,195,success,1,SUCCESS
A-kem1024-fixed-prr0p95-rep24-seed200024-v1,A-kem1024-fixed-prr0p95-rep24-seed200024,A_B1_VS_B2,COOJA_SIMULATION,1024,1,fixed,0.95,,none,200024,valid,none,,,runs/A-kem1024-fixed-prr0p95-rep24-seed200024-v1/cooja.log,acf23956b3240babb8dde124bbc3a82998b1044df74f3c3269065341b02595c1,13856,147,success,1,SUCCESS
A-kem1024-fixed-prr0p95-rep24-seed200024-v2,A-kem1024-fixed-prr0p95-rep24-seed200024,A_B1_VS_B2,COOJA_SIMULATION,1024,2,fixed,0.95,,none,200024,valid,none,,,runs/A-kem1024-fixed-prr0p95-rep24-seed200024-v2/cooja.log,59a14b4414e636c304a8f239ce759889bb85414e20bba1be0a06d4ee66432ffc,19392,195,success,1,SUCCESS
A-kem1024-fixed-prr0p95-rep25-seed200025-v1,A-kem1024-fixed-prr0p95-rep25-seed200025,A_B1_VS_B2,COOJA_SIMULATION,1024,1,fixed,0.95,,none,200025,valid,none,,,runs/A-kem1024-fixed-prr0p95-rep25-seed200025-v1/cooja.log,820dfb76215b34c1c2d7fbf2be4e785a60be29023b927dc7ce2a8c2438735217,13850,147,success,1,SUCCESS
A-kem1024-fixed-prr0p95-rep25-seed200025-v2,A-kem1024-fixed-prr0p95-rep25-seed200025,A_B1_VS_B2,COOJA_SIMULATION,1024,2,fixed,0.95,,none,200025,valid,none,,,runs/A-kem1024-fixed-prr0p95-rep25-seed200025-v2/cooja.log,304b080ed931ec3bf5220ff98d4c71ed62a688e3eb55c6f329dbf68868cda80e,19386,195,success,1,SUCCESS
A-kem1024-fixed-prr0p95-rep26-seed200026-v1,A-kem1024-fixed-prr0p95-rep26-seed200026,A_B1_VS_B2,COOJA_SIMULATION,1024,1,fixed,0.95,,none,200026,valid,none,,,runs/A-kem1024-fixed-prr0p95-rep26-seed200026-v1/cooja.log,6f2eeb07d7a36ebe8526a99b773904657f6c89ce6a8014c1b46d87381436d798,12782,128,success,0,FAILED_PROTOCOL
A-kem1024-fixed-prr0p95-rep26-seed200026-v2,A-kem1024-fixed-prr0p95-rep26-seed200026,A_B1_VS_B2,COOJA_SIMULATION,1024,2,fixed,0.95,,none,200026,valid,none,,,runs/A-kem1024-fixed-prr0p95-rep26-seed200026-v2/cooja.log,e652df9af85b20451448934e2347f0ef2606838b757c05d2cd441c415ad7cfc0,19948,201,success,1,SUCCESS
A-kem1024-fixed-prr0p95-rep27-seed200027-v1,A-kem1024-fixed-prr0p95-rep27-seed200027,A_B1_VS_B2,COOJA_SIMULATION,1024,1,fixed,0.95,,none,200027,valid,none,,,runs/A-kem1024-fixed-prr0p95-rep27-seed200027-v1/cooja.log,68ffa9002ba3c9a2b6d85b2a530c0c379974965c9de795be9caa4ee82c25c185,12068,123,success,0,FAILED_PROTOCOL
A-kem1024-fixed-prr0p95-rep27-seed200027-v2,A-kem1024-fixed-prr0p95-rep27-seed200027,A_B1_VS_B2,COOJA_SIMULATION,1024,2,fixed,0.95,,none,200027,valid,none,,,runs/A-kem1024-fixed-prr0p95-rep27-seed200027-v2/cooja.log,9fc22fc392fdabed4be7cd484398d4874053193b11f3ce14f4599c12e89f3a28,12302,125,success,0,FAILED_PROTOCOL
A-kem1024-fixed-prr0p95-rep28-seed200028-v1,A-kem1024-fixed-prr0p95-rep28-seed200028,A_B1_VS_B2,COOJA_SIMULATION,1024,1,fixed,0.95,,none,200028,valid,none,,,runs/A-kem1024-fixed-prr0p95-rep28-seed200028-v1/cooja.log,82371670f646cb6849b719f0d1bf1e06213339dd7bf12a54438c417e4a62185a,13856,147,success,1,SUCCESS
A-kem1024-fixed-prr0p95-rep28-seed200028-v2,A-kem1024-fixed-prr0p95-rep28-seed200028,A_B1_VS_B2,COOJA_SIMULATION,1024,2,fixed,0.95,,none,200028,valid,none,,,runs/A-kem1024-fixed-prr0p95-rep28-seed200028-v2/cooja.log,726c9803a33054cde7dc58ab38d61aff87f4c2092dce0cd1fcc44dca7c06988b,19392,195,success,1,SUCCESS
A-kem1024-fixed-prr0p95-rep29-seed200029-v1,A-kem1024-fixed-prr0p95-rep29-seed200029,A_B1_VS_B2,COOJA_SIMULATION,1024,1,fixed,0.95,,none,200029,valid,none,,,runs/A-kem1024-fixed-prr0p95-rep29-seed200029-v1/cooja.log,952acf3859d2ec6ac849bf46abc1504ef34d55b093bed901b167e68025725a68,13859,147,success,1,SUCCESS
A-kem1024-fixed-prr0p95-rep29-seed200029-v2,A-kem1024-fixed-prr0p95-rep29-seed200029,A_B1_VS_B2,COOJA_SIMULATION,1024,2,fixed,0.95,,none,200029,valid,none,,,runs/A-kem1024-fixed-prr0p95-rep29-seed200029-v2/cooja.log,0c28aa873b4f2d20c42e6c670003cc14927708830219d6086c26189b14622146,19402,195,success,1,SUCCESS
A-kem1024-fixed-prr0p95-rep30-seed200030-v1,A-kem1024-fixed-prr0p95-rep30-seed200030,A_B1_VS_B2,COOJA_SIMULATION,1024,1,fixed,0.95,,none,200030,valid,none,,,runs/A-kem1024-fixed-prr0p95-rep30-seed200030-v1/cooja.log,07028f7979a3ee2ca3eb8cb88fbc1f6e179877e9f6d325961b02cad900ee5c53,18078,183,success,0,FAILED_PROTOCOL
A-kem1024-fixed-prr0p95-rep30-seed200030-v2,A-kem1024-fixed-prr0p95-rep30-seed200030,A_B1_VS_B2,COOJA_SIMULATION,1024,2,fixed,0.95,,none,200030,valid,none,,,runs/A-kem1024-fixed-prr0p95-rep30-seed200030-v2/cooja.log,6a029bfdcc5797d6e99fbf50eb7c6b2fc5b7f8c6686b3c5a9bc038382c004401,20251,204,success,1,SUCCESS
A-kem1024-fixed-prr1p00-rep01-seed200001-v1,A-kem1024-fixed-prr1p00-rep01-seed200001,A_B1_VS_B2,COOJA_SIMULATION,1024,1,fixed,1.0,,none,200001,valid,none,,,runs/A-kem1024-fixed-prr1p00-rep01-seed200001-v1/cooja.log,0b6092cb7557ac71add4e6d85b38fd3bf8e0a600994e9584e89c197b66e41d96,13853,147,success,1,SUCCESS
A-kem1024-fixed-prr1p00-rep01-seed200001-v2,A-kem1024-fixed-prr1p00-rep01-seed200001,A_B1_VS_B2,COOJA_SIMULATION,1024,2,fixed,1.0,,none,200001,valid,none,,,runs/A-kem1024-fixed-prr1p00-rep01-seed200001-v2/cooja.log,a6bdefaf69c2fbc4ed84b3f5a8de19a1d659b8f082480f6e5f26801856941ffb,19389,195,success,1,SUCCESS
A-kem1024-fixed-prr1p00-rep02-seed200002-v1,A-kem1024-fixed-prr1p00-rep02-seed200002,A_B1_VS_B2,COOJA_SIMULATION,1024,1,fixed,1.0,,none,200002,valid,none,,,runs/A-kem1024-fixed-prr1p00-rep02-seed200002-v1/cooja.log,ab38fbd82b6d1daaeca88e51d2d51922ac7429c3b1a1a28d92b3050852504abb,13863,147,success,1,SUCCESS
A-kem1024-fixed-prr1p00-rep02-seed200002-v2,A-kem1024-fixed-prr1p00-rep02-seed200002,A_B1_VS_B2,COOJA_SIMULATION,1024,2,fixed,1.0,,none,200002,valid,none,,,runs/A-kem1024-fixed-prr1p00-rep02-seed200002-v2/cooja.log,794819b6ec35f80097783c57bdbcf9236b6c3715a6268832cc4cc4b50039d18e,19399,195,success,1,SUCCESS
A-kem1024-fixed-prr1p00-rep03-seed200003-v1,A-kem1024-fixed-prr1p00-rep03-seed200003,A_B1_VS_B2,COOJA_SIMULATION,1024,1,fixed,1.0,,none,200003,valid,none,,,runs/A-kem1024-fixed-prr1p00-rep03-seed200003-v1/cooja.log,334b8267b933a3f49e03035079ed5d9131c9bd2f2a7d615560bb45e203cf1eb7,13853,147,success,1,SUCCESS
A-kem1024-fixed-prr1p00-rep03-seed200003-v2,A-kem1024-fixed-prr1p00-rep03-seed200003,A_B1_VS_B2,COOJA_SIMULATION,1024,2,fixed,1.0,,none,200003,valid,none,,,runs/A-kem1024-fixed-prr1p00-rep03-seed200003-v2/cooja.log,e0120f7c9316bc48a3b0f4dc79acdd794bedb261f1d89e3057788ccef060af9e,19396,195,success,1,SUCCESS
A-kem1024-fixed-prr1p00-rep04-seed200004-v1,A-kem1024-fixed-prr1p00-rep04-seed200004,A_B1_VS_B2,COOJA_SIMULATION,1024,1,fixed,1.0,,none,200004,valid,none,,,runs/A-kem1024-fixed-prr1p00-rep04-seed200004-v1/cooja.log,12293b164b0e43d2181d10071367c9871142e65b978621ec2b6d42e3d6857384,13856,147,success,1,SUCCESS
A-kem1024-fixed-prr1p00-rep04-seed200004-v2,A-kem1024-fixed-prr1p00-rep04-seed200004,A_B1_VS_B2,COOJA_SIMULATION,1024,2,fixed,1.0,,none,200004,valid,none,,,runs/A-kem1024-fixed-prr1p00-rep04-seed200004-v2/cooja.log,288ca91bc935707dfcce7cc742c4522e7a1afd61bd25879c58e20cc191a911da,19392,195,success,1,SUCCESS
A-kem1024-fixed-prr1p00-rep05-seed200005-v1,A-kem1024-fixed-prr1p00-rep05-seed200005,A_B1_VS_B2,COOJA_SIMULATION,1024,1,fixed,1.0,,none,200005,valid,none,,,runs/A-kem1024-fixed-prr1p00-rep05-seed200005-v1/cooja.log,bd0e88072d6a98e245ef55a55d61e2b544ebb18841f5eced8acb213259252dd9,13847,147,success,1,SUCCESS
A-kem1024-fixed-prr1p00-rep05-seed200005-v2,A-kem1024-fixed-prr1p00-rep05-seed200005,A_B1_VS_B2,COOJA_SIMULATION,1024,2,fixed,1.0,,none,200005,valid,none,,,runs/A-kem1024-fixed-prr1p00-rep05-seed200005-v2/cooja.log,ca4ba981f9b432d9eee5e3d12cd01643419cd012a45d12555aae26cc9ee340c3,19383,195,success,1,SUCCESS
A-kem1024-fixed-prr1p00-rep06-seed200006-v1,A-kem1024-fixed-prr1p00-rep06-seed200006,A_B1_VS_B2,COOJA_SIMULATION,1024,1,fixed,1.0,,none,200006,valid,none,,,runs/A-kem1024-fixed-prr1p00-rep06-seed200006-v1/cooja.log,bd279a3ff778d0d361c1bd1325bac3856d72c49c7e3ad8c7ccc38838d5927b4b,13856,147,success,1,SUCCESS
A-kem1024-fixed-prr1p00-rep06-seed200006-v2,A-kem1024-fixed-prr1p00-rep06-seed200006,A_B1_VS_B2,COOJA_SIMULATION,1024,2,fixed,1.0,,none,200006,valid,none,,,runs/A-kem1024-fixed-prr1p00-rep06-seed200006-v2/cooja.log,0a1bd36a4b74f0e527a8cfb89cc3c5c40922a8ba3569140c54f03d795546011c,19392,195,success,1,SUCCESS
A-kem1024-fixed-prr1p00-rep07-seed200007-v1,A-kem1024-fixed-prr1p00-rep07-seed200007,A_B1_VS_B2,COOJA_SIMULATION,1024,1,fixed,1.0,,none,200007,valid,none,,,runs/A-kem1024-fixed-prr1p00-rep07-seed200007-v1/cooja.log,391adb424ba2f531fc6a64fdfda04df581b484c42e157c3c9fa6d83838cac660,13850,147,success,1,SUCCESS
A-kem1024-fixed-prr1p00-rep07-seed200007-v2,A-kem1024-fixed-prr1p00-rep07-seed200007,A_B1_VS_B2,COOJA_SIMULATION,1024,2,fixed,1.0,,none,200007,valid,none,,,runs/A-kem1024-fixed-prr1p00-rep07-seed200007-v2/cooja.log,402e14ee9f3620888a89642f1481008699759debe134855d806b4608f2060a47,19393,195,success,1,SUCCESS
A-kem1024-fixed-prr1p00-rep08-seed200008-v1,A-kem1024-fixed-prr1p00-rep08-seed200008,A_B1_VS_B2,COOJA_SIMULATION,1024,1,fixed,1.0,,none,200008,valid,none,,,runs/A-kem1024-fixed-prr1p00-rep08-seed200008-v1/cooja.log,5eaaa423ac7e8d2f1724c992de5b62ee91599ad3a9966e6413dc5c331fbfb25d,13850,147,success,1,SUCCESS
A-kem1024-fixed-prr1p00-rep08-seed200008-v2,A-kem1024-fixed-prr1p00-rep08-seed200008,A_B1_VS_B2,COOJA_SIMULATION,1024,2,fixed,1.0,,none,200008,valid,none,,,runs/A-kem1024-fixed-prr1p00-rep08-seed200008-v2/cooja.log,8f85e9c2b9945c6a4be2edf01fbbd1874a5771a805c741812db384e1bf7e9f26,19386,195,success,1,SUCCESS
A-kem1024-fixed-prr1p00-rep09-seed200009-v1,A-kem1024-fixed-prr1p00-rep09-seed200009,A_B1_VS_B2,COOJA_SIMULATION,1024,1,fixed,1.0,,none,200009,valid,none,,,runs/A-kem1024-fixed-prr1p00-rep09-seed200009-v1/cooja.log,dd5f954f5be4ea261f49a60e122db356fcfb62c00b7f049f055fd855ef70ba81,13856,147,success,1,SUCCESS
A-kem1024-fixed-prr1p00-rep09-seed200009-v2,A-kem1024-fixed-prr1p00-rep09-seed200009,A_B1_VS_B2,COOJA_SIMULATION,1024,2,fixed,1.0,,none,200009,valid,none,,,runs/A-kem1024-fixed-prr1p00-rep09-seed200009-v2/cooja.log,6aff4c0839b45a0fbfbbf256fddc4c22ca030ffc7fcaa7fc9f2c022e4976160c,19392,195,success,1,SUCCESS
A-kem1024-fixed-prr1p00-rep10-seed200010-v1,A-kem1024-fixed-prr1p00-rep10-seed200010,A_B1_VS_B2,COOJA_SIMULATION,1024,1,fixed,1.0,,none,200010,valid,none,,,runs/A-kem1024-fixed-prr1p00-rep10-seed200010-v1/cooja.log,2a5f8a9e838038b5adf1679f45d9135d6018073256950a145490c649a7b493c3,13859,147,success,1,SUCCESS
A-kem1024-fixed-prr1p00-rep10-seed200010-v2,A-kem1024-fixed-prr1p00-rep10-seed200010,A_B1_VS_B2,COOJA_SIMULATION,1024,2,fixed,1.0,,none,200010,valid,none,,,runs/A-kem1024-fixed-prr1p00-rep10-seed200010-v2/cooja.log,1007098f69bba3fa80c9c8090ee9489984c9c0e64fdf023cb261f70c54bc1c23,19395,195,success,1,SUCCESS
A-kem1024-fixed-prr1p00-rep11-seed200011-v1,A-kem1024-fixed-prr1p00-rep11-seed200011,A_B1_VS_B2,COOJA_SIMULATION,1024,1,fixed,1.0,,none,200011,valid,none,,,runs/A-kem1024-fixed-prr1p00-rep11-seed200011-v1/cooja.log,a7dea1feb00044e5074a5cc4205090eb391d236f755471010d2a66c5edc67196,13857,147,success,1,SUCCESS
A-kem1024-fixed-prr1p00-rep11-seed200011-v2,A-kem1024-fixed-prr1p00-rep11-seed200011,A_B1_VS_B2,COOJA_SIMULATION,1024,2,fixed,1.0,,none,200011,valid,none,,,runs/A-kem1024-fixed-prr1p00-rep11-seed200011-v2/cooja.log,110cefcd502d83e58969e0af07323b63bfecb5d232b52bd7b5618a5a2589325c,19393,195,success,1,SUCCESS
A-kem1024-fixed-prr1p00-rep12-seed200012-v1,A-kem1024-fixed-prr1p00-rep12-seed200012,A_B1_VS_B2,COOJA_SIMULATION,1024,1,fixed,1.0,,none,200012,valid,none,,,runs/A-kem1024-fixed-prr1p00-rep12-seed200012-v1/cooja.log,108098e14db5a0036594b6b84390314e5ed88294ee9e135fb837a98353aad7cd,13866,147,success,1,SUCCESS
A-kem1024-fixed-prr1p00-rep12-seed200012-v2,A-kem1024-fixed-prr1p00-rep12-seed200012,A_B1_VS_B2,COOJA_SIMULATION,1024,2,fixed,1.0,,none,200012,valid,none,,,runs/A-kem1024-fixed-prr1p00-rep12-seed200012-v2/cooja.log,c38e08b72c97a17a5fbbfd65c796a38a5898c1c06e991eb8261edd0020500a0f,19402,195,success,1,SUCCESS
A-kem1024-fixed-prr1p00-rep13-seed200013-v1,A-kem1024-fixed-prr1p00-rep13-seed200013,A_B1_VS_B2,COOJA_SIMULATION,1024,1,fixed,1.0,,none,200013,valid,none,,,runs/A-kem1024-fixed-prr1p00-rep13-seed200013-v1/cooja.log,459e9729c0cc063faa857e1a8018ea49209c9bf00ea37284ffe44ce4dcfb45ee,13859,147,success,1,SUCCESS
A-kem1024-fixed-prr1p00-rep13-seed200013-v2,A-kem1024-fixed-prr1p00-rep13-seed200013,A_B1_VS_B2,COOJA_SIMULATION,1024,2,fixed,1.0,,none,200013,valid,none,,,runs/A-kem1024-fixed-prr1p00-rep13-seed200013-v2/cooja.log,d82fde9a6ee18d7daad0ef0d286e5f6062137386cef235d8808dde924c8f603e,19402,195,success,1,SUCCESS
A-kem1024-fixed-prr1p00-rep14-seed200014-v1,A-kem1024-fixed-prr1p00-rep14-seed200014,A_B1_VS_B2,COOJA_SIMULATION,1024,1,fixed,1.0,,none,200014,valid,none,,,runs/A-kem1024-fixed-prr1p00-rep14-seed200014-v1/cooja.log,16de3175d7410489b64f39954cf9f5bd3048db8f22187cd2294a800aa2a491cd,13859,147,success,1,SUCCESS
A-kem1024-fixed-prr1p00-rep14-seed200014-v2,A-kem1024-fixed-prr1p00-rep14-seed200014,A_B1_VS_B2,COOJA_SIMULATION,1024,2,fixed,1.0,,none,200014,valid,none,,,runs/A-kem1024-fixed-prr1p00-rep14-seed200014-v2/cooja.log,48cafdda0a2591ec8bb04ec9d6a1bf4a15bfc070a87331f2d0840c3165bf49ce,19402,195,success,1,SUCCESS
A-kem1024-fixed-prr1p00-rep15-seed200015-v1,A-kem1024-fixed-prr1p00-rep15-seed200015,A_B1_VS_B2,COOJA_SIMULATION,1024,1,fixed,1.0,,none,200015,valid,none,,,runs/A-kem1024-fixed-prr1p00-rep15-seed200015-v1/cooja.log,e30b8dc442fb1fd97ab47fa183352f40cedf65af9324da541ba5858b240f9446,13850,147,success,1,SUCCESS
A-kem1024-fixed-prr1p00-rep15-seed200015-v2,A-kem1024-fixed-prr1p00-rep15-seed200015,A_B1_VS_B2,COOJA_SIMULATION,1024,2,fixed,1.0,,none,200015,valid,none,,,runs/A-kem1024-fixed-prr1p00-rep15-seed200015-v2/cooja.log,953dc96ca81bb4c530241eecef5e94d5acb77de5955f736bf43f307b91bdd8bb,19386,195,success,1,SUCCESS
A-kem1024-fixed-prr1p00-rep16-seed200016-v1,A-kem1024-fixed-prr1p00-rep16-seed200016,A_B1_VS_B2,COOJA_SIMULATION,1024,1,fixed,1.0,,none,200016,valid,none,,,runs/A-kem1024-fixed-prr1p00-rep16-seed200016-v1/cooja.log,ab1846e577aa30d50361f0118d6c40295c5451dfcfc4ff952c9bd44809f8a560,13853,147,success,1,SUCCESS
A-kem1024-fixed-prr1p00-rep16-seed200016-v2,A-kem1024-fixed-prr1p00-rep16-seed200016,A_B1_VS_B2,COOJA_SIMULATION,1024,2,fixed,1.0,,none,200016,valid,none,,,runs/A-kem1024-fixed-prr1p00-rep16-seed200016-v2/cooja.log,d7ba0cba90bda53f3bb6e1a329026ccea6e6f845a6302bc82c1cc5d597f38e56,19396,195,success,1,SUCCESS
A-kem1024-fixed-prr1p00-rep17-seed200017-v1,A-kem1024-fixed-prr1p00-rep17-seed200017,A_B1_VS_B2,COOJA_SIMULATION,1024,1,fixed,1.0,,none,200017,valid,none,,,runs/A-kem1024-fixed-prr1p00-rep17-seed200017-v1/cooja.log,63d237e6046d7e75989ff64057ed1f583c8013a767fd3db58c457dabbf3c3eeb,13866,147,success,1,SUCCESS
A-kem1024-fixed-prr1p00-rep17-seed200017-v2,A-kem1024-fixed-prr1p00-rep17-seed200017,A_B1_VS_B2,COOJA_SIMULATION,1024,2,fixed,1.0,,none,200017,valid,none,,,runs/A-kem1024-fixed-prr1p00-rep17-seed200017-v2/cooja.log,e968f24234a588d503e02b4dccabfb7269f0e5bf00ec4752c5e230db229b20f6,19402,195,success,1,SUCCESS
A-kem1024-fixed-prr1p00-rep18-seed200018-v1,A-kem1024-fixed-prr1p00-rep18-seed200018,A_B1_VS_B2,COOJA_SIMULATION,1024,1,fixed,1.0,,none,200018,valid,none,,,runs/A-kem1024-fixed-prr1p00-rep18-seed200018-v1/cooja.log,850d183c7ed16a3750dbe0b2a3fa88858dc2f8c9ab48c81a58c58ecdb4d59391,13853,147,success,1,SUCCESS
A-kem1024-fixed-prr1p00-rep18-seed200018-v2,A-kem1024-fixed-prr1p00-rep18-seed200018,A_B1_VS_B2,COOJA_SIMULATION,1024,2,fixed,1.0,,none,200018,valid,none,,,runs/A-kem1024-fixed-prr1p00-rep18-seed200018-v2/cooja.log,96e60d3b0201cdde0f7d89f5241ecff6c2ac8dfc6ff01ef70e29a22da2748f83,19389,195,success,1,SUCCESS
A-kem1024-fixed-prr1p00-rep19-seed200019-v1,A-kem1024-fixed-prr1p00-rep19-seed200019,A_B1_VS_B2,COOJA_SIMULATION,1024,1,fixed,1.0,,none,200019,valid,none,,,runs/A-kem1024-fixed-prr1p00-rep19-seed200019-v1/cooja.log,36ac2763303967509437746adee373d8805415734dadeb3b264e3caad33bcbcf,13866,147,success,1,SUCCESS
A-kem1024-fixed-prr1p00-rep19-seed200019-v2,A-kem1024-fixed-prr1p00-rep19-seed200019,A_B1_VS_B2,COOJA_SIMULATION,1024,2,fixed,1.0,,none,200019,valid,none,,,runs/A-kem1024-fixed-prr1p00-rep19-seed200019-v2/cooja.log,38cf6b60c00721f5d514b5a5517512801a8deae58ea51fc5bd152febbbd0a835,19402,195,success,1,SUCCESS
A-kem1024-fixed-prr1p00-rep20-seed200020-v1,A-kem1024-fixed-prr1p00-rep20-seed200020,A_B1_VS_B2,COOJA_SIMULATION,1024,1,fixed,1.0,,none,200020,valid,none,,,runs/A-kem1024-fixed-prr1p00-rep20-seed200020-v1/cooja.log,927906dfe9b753a65b73a5b27de2b3bd440fb241653022fbb4c9b265be6d2bad,13850,147,success,1,SUCCESS
A-kem1024-fixed-prr1p00-rep20-seed200020-v2,A-kem1024-fixed-prr1p00-rep20-seed200020,A_B1_VS_B2,COOJA_SIMULATION,1024,2,fixed,1.0,,none,200020,valid,none,,,runs/A-kem1024-fixed-prr1p00-rep20-seed200020-v2/cooja.log,06d5b6302fe23b547454a1ad665610b1defb3964483183576e716ee0ca4021af,19386,195,success,1,SUCCESS
A-kem1024-fixed-prr1p00-rep21-seed200021-v1,A-kem1024-fixed-prr1p00-rep21-seed200021,A_B1_VS_B2,COOJA_SIMULATION,1024,1,fixed,1.0,,none,200021,valid,none,,,runs/A-kem1024-fixed-prr1p00-rep21-seed200021-v1/cooja.log,079bc37836d6560ac781ec14dee941d8a01e241f911df98a49de36b086f4d449,13850,147,success,1,SUCCESS
A-kem1024-fixed-prr1p00-rep21-seed200021-v2,A-kem1024-fixed-prr1p00-rep21-seed200021,A_B1_VS_B2,COOJA_SIMULATION,1024,2,fixed,1.0,,none,200021,valid,none,,,runs/A-kem1024-fixed-prr1p00-rep21-seed200021-v2/cooja.log,a7c876a7df823fad94970e98de920435729355978d17aa0c9b3fab885b7be54b,19386,195,success,1,SUCCESS
A-kem1024-fixed-prr1p00-rep22-seed200022-v1,A-kem1024-fixed-prr1p00-rep22-seed200022,A_B1_VS_B2,COOJA_SIMULATION,1024,1,fixed,1.0,,none,200022,valid,none,,,runs/A-kem1024-fixed-prr1p00-rep22-seed200022-v1/cooja.log,6b3e0505590d8fd299d621bf3ce57c9485e90fa82aebb09efdb4b1fcd7070bc3,13847,147,success,1,SUCCESS
A-kem1024-fixed-prr1p00-rep22-seed200022-v2,A-kem1024-fixed-prr1p00-rep22-seed200022,A_B1_VS_B2,COOJA_SIMULATION,1024,2,fixed,1.0,,none,200022,valid,none,,,runs/A-kem1024-fixed-prr1p00-rep22-seed200022-v2/cooja.log,6c4096a85a7bbabb8f73df2171a77aa10ad7542505cf41f11a882aa6f59b120b,19383,195,success,1,SUCCESS
A-kem1024-fixed-prr1p00-rep23-seed200023-v1,A-kem1024-fixed-prr1p00-rep23-seed200023,A_B1_VS_B2,COOJA_SIMULATION,1024,1,fixed,1.0,,none,200023,valid,none,,,runs/A-kem1024-fixed-prr1p00-rep23-seed200023-v1/cooja.log,0a28700786cf5c67685f656582730e82ea4b27f5e5a2f79e85ce611a46b724fe,13856,147,success,1,SUCCESS
A-kem1024-fixed-prr1p00-rep23-seed200023-v2,A-kem1024-fixed-prr1p00-rep23-seed200023,A_B1_VS_B2,COOJA_SIMULATION,1024,2,fixed,1.0,,none,200023,valid,none,,,runs/A-kem1024-fixed-prr1p00-rep23-seed200023-v2/cooja.log,30ffacd401ee44a070b476a65ceecbe3e85baef9ef3b465c3aae073320807261,19392,195,success,1,SUCCESS
A-kem1024-fixed-prr1p00-rep24-seed200024-v1,A-kem1024-fixed-prr1p00-rep24-seed200024,A_B1_VS_B2,COOJA_SIMULATION,1024,1,fixed,1.0,,none,200024,valid,none,,,runs/A-kem1024-fixed-prr1p00-rep24-seed200024-v1/cooja.log,330bbec8dfac670379d1e2d500a4f8a59068b3e48e21de5a374e983607b4e777,13856,147,success,1,SUCCESS
A-kem1024-fixed-prr1p00-rep24-seed200024-v2,A-kem1024-fixed-prr1p00-rep24-seed200024,A_B1_VS_B2,COOJA_SIMULATION,1024,2,fixed,1.0,,none,200024,valid,none,,,runs/A-kem1024-fixed-prr1p00-rep24-seed200024-v2/cooja.log,2a8599a5667e57bac18032d6ac2d05e63d9f755f4678a983578d0c57960db10b,19392,195,success,1,SUCCESS
A-kem1024-fixed-prr1p00-rep25-seed200025-v1,A-kem1024-fixed-prr1p00-rep25-seed200025,A_B1_VS_B2,COOJA_SIMULATION,1024,1,fixed,1.0,,none,200025,valid,none,,,runs/A-kem1024-fixed-prr1p00-rep25-seed200025-v1/cooja.log,820dfb76215b34c1c2d7fbf2be4e785a60be29023b927dc7ce2a8c2438735217,13850,147,success,1,SUCCESS
A-kem1024-fixed-prr1p00-rep25-seed200025-v2,A-kem1024-fixed-prr1p00-rep25-seed200025,A_B1_VS_B2,COOJA_SIMULATION,1024,2,fixed,1.0,,none,200025,valid,none,,,runs/A-kem1024-fixed-prr1p00-rep25-seed200025-v2/cooja.log,304b080ed931ec3bf5220ff98d4c71ed62a688e3eb55c6f329dbf68868cda80e,19386,195,success,1,SUCCESS
A-kem1024-fixed-prr1p00-rep26-seed200026-v1,A-kem1024-fixed-prr1p00-rep26-seed200026,A_B1_VS_B2,COOJA_SIMULATION,1024,1,fixed,1.0,,none,200026,valid,none,,,runs/A-kem1024-fixed-prr1p00-rep26-seed200026-v1/cooja.log,c4fc7f1ea473040b066f1069b62f5120bfd00f371fe0bf92343291af0742f662,13853,147,success,1,SUCCESS
A-kem1024-fixed-prr1p00-rep26-seed200026-v2,A-kem1024-fixed-prr1p00-rep26-seed200026,A_B1_VS_B2,COOJA_SIMULATION,1024,2,fixed,1.0,,none,200026,valid,none,,,runs/A-kem1024-fixed-prr1p00-rep26-seed200026-v2/cooja.log,5b9f35eb1a7687d6fff930ef28fd62f19de56f6df55f292ca5efbd9f6d2b3b28,19396,195,success,1,SUCCESS
A-kem1024-fixed-prr1p00-rep27-seed200027-v1,A-kem1024-fixed-prr1p00-rep27-seed200027,A_B1_VS_B2,COOJA_SIMULATION,1024,1,fixed,1.0,,none,200027,valid,none,,,runs/A-kem1024-fixed-prr1p00-rep27-seed200027-v1/cooja.log,a7e6975fd1cb6f6e5412c91883a9289d51e5bb7773108fa95aceab50b7d24e07,13856,147,success,1,SUCCESS
A-kem1024-fixed-prr1p00-rep27-seed200027-v2,A-kem1024-fixed-prr1p00-rep27-seed200027,A_B1_VS_B2,COOJA_SIMULATION,1024,2,fixed,1.0,,none,200027,valid,none,,,runs/A-kem1024-fixed-prr1p00-rep27-seed200027-v2/cooja.log,d4092c77a251783dc7dfb233242547f705722b87a218ad308b95f6cc08cf6fd8,19399,195,success,1,SUCCESS
A-kem1024-fixed-prr1p00-rep28-seed200028-v1,A-kem1024-fixed-prr1p00-rep28-seed200028,A_B1_VS_B2,COOJA_SIMULATION,1024,1,fixed,1.0,,none,200028,valid,none,,,runs/A-kem1024-fixed-prr1p00-rep28-seed200028-v1/cooja.log,82371670f646cb6849b719f0d1bf1e06213339dd7bf12a54438c417e4a62185a,13856,147,success,1,SUCCESS
A-kem1024-fixed-prr1p00-rep28-seed200028-v2,A-kem1024-fixed-prr1p00-rep28-seed200028,A_B1_VS_B2,COOJA_SIMULATION,1024,2,fixed,1.0,,none,200028,valid,none,,,runs/A-kem1024-fixed-prr1p00-rep28-seed200028-v2/cooja.log,726c9803a33054cde7dc58ab38d61aff87f4c2092dce0cd1fcc44dca7c06988b,19392,195,success,1,SUCCESS
A-kem1024-fixed-prr1p00-rep29-seed200029-v1,A-kem1024-fixed-prr1p00-rep29-seed200029,A_B1_VS_B2,COOJA_SIMULATION,1024,1,fixed,1.0,,none,200029,valid,none,,,runs/A-kem1024-fixed-prr1p00-rep29-seed200029-v1/cooja.log,952acf3859d2ec6ac849bf46abc1504ef34d55b093bed901b167e68025725a68,13859,147,success,1,SUCCESS
A-kem1024-fixed-prr1p00-rep29-seed200029-v2,A-kem1024-fixed-prr1p00-rep29-seed200029,A_B1_VS_B2,COOJA_SIMULATION,1024,2,fixed,1.0,,none,200029,valid,none,,,runs/A-kem1024-fixed-prr1p00-rep29-seed200029-v2/cooja.log,0c28aa873b4f2d20c42e6c670003cc14927708830219d6086c26189b14622146,19402,195,success,1,SUCCESS
A-kem1024-fixed-prr1p00-rep30-seed200030-v1,A-kem1024-fixed-prr1p00-rep30-seed200030,A_B1_VS_B2,COOJA_SIMULATION,1024,1,fixed,1.0,,none,200030,valid,none,,,runs/A-kem1024-fixed-prr1p00-rep30-seed200030-v1/cooja.log,8e10eaf18c6e04297506551a69a3dbc355d3767b6b2deaad8762a1a1785c0dea,13859,147,success,1,SUCCESS
A-kem1024-fixed-prr1p00-rep30-seed200030-v2,A-kem1024-fixed-prr1p00-rep30-seed200030,A_B1_VS_B2,COOJA_SIMULATION,1024,2,fixed,1.0,,none,200030,valid,none,,,runs/A-kem1024-fixed-prr1p00-rep30-seed200030-v2/cooja.log,59e298ffa928dfe76e94bf0a7e2cfeb01e6c7c9d8e6236e804507598af348206,19402,195,success,1,SUCCESS
A-kem1024-gilbert-prr0p50-L2-rep01-seed200001-v1,A-kem1024-gilbert-prr0p50-L2-rep01-seed200001,A_B1_VS_B2,COOJA_SIMULATION,1024,1,gilbert,0.5,2.0,none,200001,valid,none,,,runs/A-kem1024-gilbert-prr0p50-L2-rep01-seed200001-v1/cooja.log,a01bde0af091f1700fc146b906d3fd0c04fe792eceadf33ad81a4c0ce8f3ed1e,9839,96,success,0,FAILED_PROTOCOL
A-kem1024-gilbert-prr0p50-L2-rep01-seed200001-v2,A-kem1024-gilbert-prr0p50-L2-rep01-seed200001,A_B1_VS_B2,COOJA_SIMULATION,1024,2,gilbert,0.5,2.0,none,200001,valid,none,,,runs/A-kem1024-gilbert-prr0p50-L2-rep01-seed200001-v2/cooja.log,044365f7ae6e5744bcd394580efd4d43bf5790760135ed9bfd84bf513ac02808,10073,98,success,0,FAILED_PROTOCOL
A-kem1024-gilbert-prr0p50-L2-rep02-seed200002-v1,A-kem1024-gilbert-prr0p50-L2-rep02-seed200002,A_B1_VS_B2,COOJA_SIMULATION,1024,1,gilbert,0.5,2.0,none,200002,valid,none,,,runs/A-kem1024-gilbert-prr0p50-L2-rep02-seed200002-v1/cooja.log,5f4fa50ba0ecf417f3c613fe7a41f885c9c8615232dc0a06960ec2afcf7ea9c4,9953,97,success,0,FAILED_PROTOCOL
A-kem1024-gilbert-prr0p50-L2-rep02-seed200002-v2,A-kem1024-gilbert-prr0p50-L2-rep02-seed200002,A_B1_VS_B2,COOJA_SIMULATION,1024,2,gilbert,0.5,2.0,none,200002,valid,none,,,runs/A-kem1024-gilbert-prr0p50-L2-rep02-seed200002-v2/cooja.log,e17c0e0696ebf44deb92e574862ba31e0b97cdd911f621f4b3a51b2dc02deb96,10187,99,success,0,FAILED_PROTOCOL
A-kem1024-gilbert-prr0p50-L2-rep03-seed200003-v1,A-kem1024-gilbert-prr0p50-L2-rep03-seed200003,A_B1_VS_B2,COOJA_SIMULATION,1024,1,gilbert,0.5,2.0,none,200003,valid,none,,,runs/A-kem1024-gilbert-prr0p50-L2-rep03-seed200003-v1/cooja.log,caf62ff48a9e0745b6e15850400c2f275f3c8bd0acf14398c837b81145c85e5d,11478,114,success,0,FAILED_PROTOCOL
A-kem1024-gilbert-prr0p50-L2-rep03-seed200003-v2,A-kem1024-gilbert-prr0p50-L2-rep03-seed200003,A_B1_VS_B2,COOJA_SIMULATION,1024,2,gilbert,0.5,2.0,none,200003,valid,none,,,runs/A-kem1024-gilbert-prr0p50-L2-rep03-seed200003-v2/cooja.log,07c0e3dfbe600a576da4b566ce62c5b64f75ffbac759a53c3bd9a8b6db1061ba,11712,116,success,0,FAILED_PROTOCOL
A-kem1024-gilbert-prr0p50-L2-rep04-seed200004-v1,A-kem1024-gilbert-prr0p50-L2-rep04-seed200004,A_B1_VS_B2,COOJA_SIMULATION,1024,1,gilbert,0.5,2.0,none,200004,valid,none,,,runs/A-kem1024-gilbert-prr0p50-L2-rep04-seed200004-v1/cooja.log,9941530ba30f41cd8d5c464247856af89d89d94bc26c290133c77790d63be755,10691,106,success,0,FAILED_PROTOCOL
A-kem1024-gilbert-prr0p50-L2-rep04-seed200004-v2,A-kem1024-gilbert-prr0p50-L2-rep04-seed200004,A_B1_VS_B2,COOJA_SIMULATION,1024,2,gilbert,0.5,2.0,none,200004,valid,none,,,runs/A-kem1024-gilbert-prr0p50-L2-rep04-seed200004-v2/cooja.log,5486299ec30a7c2a55023a216e74b72e4a1ae3ce23992d0fdfbdcaffb0f622f9,10925,108,success,0,FAILED_PROTOCOL
A-kem1024-gilbert-prr0p50-L2-rep05-seed200005-v1,A-kem1024-gilbert-prr0p50-L2-rep05-seed200005,A_B1_VS_B2,COOJA_SIMULATION,1024,1,gilbert,0.5,2.0,none,200005,valid,none,,,runs/A-kem1024-gilbert-prr0p50-L2-rep05-seed200005-v1/cooja.log,86f3fd2e7040d1b2e0ea3eb074538a0178a1b28a96fe1a83bddc00274af08bfb,11964,120,success,0,FAILED_PROTOCOL
A-kem1024-gilbert-prr0p50-L2-rep05-seed200005-v2,A-kem1024-gilbert-prr0p50-L2-rep05-seed200005,A_B1_VS_B2,COOJA_SIMULATION,1024,2,gilbert,0.5,2.0,none,200005,valid,none,,,runs/A-kem1024-gilbert-prr0p50-L2-rep05-seed200005-v2/cooja.log,df9f45dca6afef51b46dd46879e2b568d1eb313760d930e6aab6b30a906aff2b,12198,122,success,0,FAILED_PROTOCOL
A-kem1024-gilbert-prr0p50-L2-rep06-seed200006-v1,A-kem1024-gilbert-prr0p50-L2-rep06-seed200006,A_B1_VS_B2,COOJA_SIMULATION,1024,1,gilbert,0.5,2.0,none,200006,valid,none,,,runs/A-kem1024-gilbert-prr0p50-L2-rep06-seed200006-v1/cooja.log,59b3ac4b167d476f348f58806f3afd624308de1a72b7eab35f2de266d2c36d6f,11959,120,success,0,FAILED_PROTOCOL
A-kem1024-gilbert-prr0p50-L2-rep06-seed200006-v2,A-kem1024-gilbert-prr0p50-L2-rep06-seed200006,A_B1_VS_B2,COOJA_SIMULATION,1024,2,gilbert,0.5,2.0,none,200006,valid,none,,,runs/A-kem1024-gilbert-prr0p50-L2-rep06-seed200006-v2/cooja.log,847603a567d1a39e863861fb8267e79549065c7d086d3b603da6366c0d14f1ba,12193,122,success,0,FAILED_PROTOCOL
A-kem1024-gilbert-prr0p50-L2-rep07-seed200007-v1,A-kem1024-gilbert-prr0p50-L2-rep07-seed200007,A_B1_VS_B2,COOJA_SIMULATION,1024,1,gilbert,0.5,2.0,none,200007,valid,none,,,runs/A-kem1024-gilbert-prr0p50-L2-rep07-seed200007-v1/cooja.log,633e97c9675654decfe6143610f296e55a76de6720032fb92eb0874ebb0fbf96,10787,106,success,0,FAILED_PROTOCOL
A-kem1024-gilbert-prr0p50-L2-rep07-seed200007-v2,A-kem1024-gilbert-prr0p50-L2-rep07-seed200007,A_B1_VS_B2,COOJA_SIMULATION,1024,2,gilbert,0.5,2.0,none,200007,valid,none,,,runs/A-kem1024-gilbert-prr0p50-L2-rep07-seed200007-v2/cooja.log,5842243b75e6caaca2309d182302ff3732a17b616c841a0a7c471d85e59c8665,11021,108,success,0,FAILED_PROTOCOL
A-kem1024-gilbert-prr0p50-L2-rep08-seed200008-v1,A-kem1024-gilbert-prr0p50-L2-rep08-seed200008,A_B1_VS_B2,COOJA_SIMULATION,1024,1,gilbert,0.5,2.0,none,200008,valid,none,,,runs/A-kem1024-gilbert-prr0p50-L2-rep08-seed200008-v1/cooja.log,88c1002edd848ce87fe7dff93b5e89ae85cadbabc6542fcbc19c1d5bc074ee74,10703,106,success,0,FAILED_PROTOCOL
A-kem1024-gilbert-prr0p50-L2-rep08-seed200008-v2,A-kem1024-gilbert-prr0p50-L2-rep08-seed200008,A_B1_VS_B2,COOJA_SIMULATION,1024,2,gilbert,0.5,2.0,none,200008,valid,none,,,runs/A-kem1024-gilbert-prr0p50-L2-rep08-seed200008-v2/cooja.log,530a45c8acce8ac90edad08056afe514e882ee5f8736cf072fac3118a87ee89e,10937,108,success,0,FAILED_PROTOCOL
A-kem1024-gilbert-prr0p50-L2-rep09-seed200009-v1,A-kem1024-gilbert-prr0p50-L2-rep09-seed200009,A_B1_VS_B2,COOJA_SIMULATION,1024,1,gilbert,0.5,2.0,none,200009,valid,none,,,runs/A-kem1024-gilbert-prr0p50-L2-rep09-seed200009-v1/cooja.log,4b26c3fa47d72c71643d96d64522a1f28f620bb4c111a271ffd805cf33637ab7,11035,110,success,0,FAILED_PROTOCOL
A-kem1024-gilbert-prr0p50-L2-rep09-seed200009-v2,A-kem1024-gilbert-prr0p50-L2-rep09-seed200009,A_B1_VS_B2,COOJA_SIMULATION,1024,2,gilbert,0.5,2.0,none,200009,valid,none,,,runs/A-kem1024-gilbert-prr0p50-L2-rep09-seed200009-v2/cooja.log,1e89dcd658cc083a11e394a84138821e937a37aa627af43db354fe6e56450781,11269,112,success,0,FAILED_PROTOCOL
A-kem1024-gilbert-prr0p50-L2-rep10-seed200010-v1,A-kem1024-gilbert-prr0p50-L2-rep10-seed200010,A_B1_VS_B2,COOJA_SIMULATION,1024,1,gilbert,0.5,2.0,none,200010,valid,none,,,runs/A-kem1024-gilbert-prr0p50-L2-rep10-seed200010-v1/cooja.log,8c57bc18f5244a04e2b64db18178b39f40df51906f32a64d62d0863ac7a7f031,11894,119,success,0,FAILED_PROTOCOL
A-kem1024-gilbert-prr0p50-L2-rep10-seed200010-v2,A-kem1024-gilbert-prr0p50-L2-rep10-seed200010,A_B1_VS_B2,COOJA_SIMULATION,1024,2,gilbert,0.5,2.0,none,200010,valid,none,,,runs/A-kem1024-gilbert-prr0p50-L2-rep10-seed200010-v2/cooja.log,c0f0fd42fa47e70367d4e00b6216853828bc94c5c7f177e17d9a90f8a3959a50,12128,121,success,0,FAILED_PROTOCOL
A-kem1024-gilbert-prr0p50-L2-rep11-seed200011-v1,A-kem1024-gilbert-prr0p50-L2-rep11-seed200011,A_B1_VS_B2,COOJA_SIMULATION,1024,1,gilbert,0.5,2.0,none,200011,valid,none,,,runs/A-kem1024-gilbert-prr0p50-L2-rep11-seed200011-v1/cooja.log,3fae12a85d2ca8b659a1e38fa423257bfecc44b7e9fdd578bddc8385aeef962d,11165,111,success,0,FAILED_PROTOCOL
A-kem1024-gilbert-prr0p50-L2-rep11-seed200011-v2,A-kem1024-gilbert-prr0p50-L2-rep11-seed200011,A_B1_VS_B2,COOJA_SIMULATION,1024,2,gilbert,0.5,2.0,none,200011,valid,none,,,runs/A-kem1024-gilbert-prr0p50-L2-rep11-seed200011-v2/cooja.log,e99a7459ece0aadcfc52113c3f0fe873f686e65020848374b42f4da1086d4a95,11399,113,success,0,FAILED_PROTOCOL
A-kem1024-gilbert-prr0p50-L2-rep12-seed200012-v1,A-kem1024-gilbert-prr0p50-L2-rep12-seed200012,A_B1_VS_B2,COOJA_SIMULATION,1024,1,gilbert,0.5,2.0,none,200012,valid,none,,,runs/A-kem1024-gilbert-prr0p50-L2-rep12-seed200012-v1/cooja.log,0d3b515e1b13693128459c72945f71af68b0d1c4db518fe2cf82cb2d9dacf552,12503,125,success,0,FAILED_PROTOCOL
A-kem1024-gilbert-prr0p50-L2-rep12-seed200012-v2,A-kem1024-gilbert-prr0p50-L2-rep12-seed200012,A_B1_VS_B2,COOJA_SIMULATION,1024,2,gilbert,0.5,2.0,none,200012,valid,none,,,runs/A-kem1024-gilbert-prr0p50-L2-rep12-seed200012-v2/cooja.log,43d6bd420352d926d8b0bc81236911e9fccf5fe2740919b746364b92c7339608,12737,127,success,0,FAILED_PROTOCOL
A-kem1024-gilbert-prr0p50-L2-rep13-seed200013-v1,A-kem1024-gilbert-prr0p50-L2-rep13-seed200013,A_B1_VS_B2,COOJA_SIMULATION,1024,1,gilbert,0.5,2.0,none,200013,valid,none,,,runs/A-kem1024-gilbert-prr0p50-L2-rep13-seed200013-v1/cooja.log,d04b20dbafa088fd38d93a699537730744e1109586559859ee5db6f0cecdb080,11865,118,success,0,FAILED_PROTOCOL
A-kem1024-gilbert-prr0p50-L2-rep13-seed200013-v2,A-kem1024-gilbert-prr0p50-L2-rep13-seed200013,A_B1_VS_B2,COOJA_SIMULATION,1024,2,gilbert,0.5,2.0,none,200013,valid,none,,,runs/A-kem1024-gilbert-prr0p50-L2-rep13-seed200013-v2/cooja.log,1c9159bd56c496d64cd46bf3dc21dfa429b0254e5f7371bb58b4ae899a6fc165,12099,120,success,0,FAILED_PROTOCOL
A-kem1024-gilbert-prr0p50-L2-rep14-seed200014-v1,A-kem1024-gilbert-prr0p50-L2-rep14-seed200014,A_B1_VS_B2,COOJA_SIMULATION,1024,1,gilbert,0.5,2.0,none,200014,valid,none,,,runs/A-kem1024-gilbert-prr0p50-L2-rep14-seed200014-v1/cooja.log,ff3df395ba941148511df5652b646c39ccf3b7d9f77005e0690cb7cda14258a9,9951,97,success,0,FAILED_PROTOCOL
A-kem1024-gilbert-prr0p50-L2-rep14-seed200014-v2,A-kem1024-gilbert-prr0p50-L2-rep14-seed200014,A_B1_VS_B2,COOJA_SIMULATION,1024,2,gilbert,0.5,2.0,none,200014,valid,none,,,runs/A-kem1024-gilbert-prr0p50-L2-rep14-seed200014-v2/cooja.log,d3438a4a467b5b9e9ba4b1e3cadd71fbf829d0846bf02371e5fc2a2fa68184c1,10185,99,success,0,FAILED_PROTOCOL
A-kem1024-gilbert-prr0p50-L2-rep15-seed200015-v1,A-kem1024-gilbert-prr0p50-L2-rep15-seed200015,A_B1_VS_B2,COOJA_SIMULATION,1024,1,gilbert,0.5,2.0,none,200015,valid,none,,,runs/A-kem1024-gilbert-prr0p50-L2-rep15-seed200015-v1/cooja.log,a1f93655d32b6d7edf658c3cd382ef1633f736c0e93bf38e9560fc8585453c13,11202,111,success,0,FAILED_PROTOCOL
A-kem1024-gilbert-prr0p50-L2-rep15-seed200015-v2,A-kem1024-gilbert-prr0p50-L2-rep15-seed200015,A_B1_VS_B2,COOJA_SIMULATION,1024,2,gilbert,0.5,2.0,none,200015,valid,none,,,runs/A-kem1024-gilbert-prr0p50-L2-rep15-seed200015-v2/cooja.log,59434d7406dd34f97ccdb8de7775e85b03ad57a19330b407c0c030122b846c8f,11436,113,success,0,FAILED_PROTOCOL
A-kem1024-gilbert-prr0p50-L2-rep16-seed200016-v1,A-kem1024-gilbert-prr0p50-L2-rep16-seed200016,A_B1_VS_B2,COOJA_SIMULATION,1024,1,gilbert,0.5,2.0,none,200016,valid,none,,,runs/A-kem1024-gilbert-prr0p50-L2-rep16-seed200016-v1/cooja.log,b1f1ebc9a155c93149f4189e4a0135c5f3e2fb0c76bfd4156f7beca7fa4c55da,11702,117,success,0,FAILED_PROTOCOL
A-kem1024-gilbert-prr0p50-L2-rep16-seed200016-v2,A-kem1024-gilbert-prr0p50-L2-rep16-seed200016,A_B1_VS_B2,COOJA_SIMULATION,1024,2,gilbert,0.5,2.0,none,200016,valid,none,,,runs/A-kem1024-gilbert-prr0p50-L2-rep16-seed200016-v2/cooja.log,eb1fe6861e77adbc2a03676662ddd882bfbe94edfbb71cb16143a3ac232f9eb9,11936,119,success,0,FAILED_PROTOCOL
A-kem1024-gilbert-prr0p50-L2-rep17-seed200017-v1,A-kem1024-gilbert-prr0p50-L2-rep17-seed200017,A_B1_VS_B2,COOJA_SIMULATION,1024,1,gilbert,0.5,2.0,none,200017,valid,none,,,runs/A-kem1024-gilbert-prr0p50-L2-rep17-seed200017-v1/cooja.log,d4237ebc6e0dc0f5af7dd96cfea8b7cf0458f1b6c3c117d3de8f7561d9b7cc74,10102,99,success,0,FAILED_PROTOCOL
A-kem1024-gilbert-prr0p50-L2-rep17-seed200017-v2,A-kem1024-gilbert-prr0p50-L2-rep17-seed200017,A_B1_VS_B2,COOJA_SIMULATION,1024,2,gilbert,0.5,2.0,none,200017,valid,none,,,runs/A-kem1024-gilbert-prr0p50-L2-rep17-seed200017-v2/cooja.log,4f71591da3de88dedca8a75b7f0f56911dcd0cf7f797b1849d1b349db58ca0a1,10336,101,success,0,FAILED_PROTOCOL
A-kem1024-gilbert-prr0p50-L2-rep18-seed200018-v1,A-kem1024-gilbert-prr0p50-L2-rep18-seed200018,A_B1_VS_B2,COOJA_SIMULATION,1024,1,gilbert,0.5,2.0,none,200018,valid,none,,,runs/A-kem1024-gilbert-prr0p50-L2-rep18-seed200018-v1/cooja.log,199353eee1edfd142fd2b0b561eb05b0dafff4ee19aa3b32433384f090a0b8c6,12353,124,success,0,FAILED_PROTOCOL
A-kem1024-gilbert-prr0p50-L2-rep18-seed200018-v2,A-kem1024-gilbert-prr0p50-L2-rep18-seed200018,A_B1_VS_B2,COOJA_SIMULATION,1024,2,gilbert,0.5,2.0,none,200018,valid,none,,,runs/A-kem1024-gilbert-prr0p50-L2-rep18-seed200018-v2/cooja.log,f61f06f7c9f14553a2f4495a28d5ebc8ebd069e388f9e9d6222613898d9c4008,12587,126,success,0,FAILED_PROTOCOL
A-kem1024-gilbert-prr0p50-L2-rep19-seed200019-v1,A-kem1024-gilbert-prr0p50-L2-rep19-seed200019,A_B1_VS_B2,COOJA_SIMULATION,1024,1,gilbert,0.5,2.0,none,200019,valid,none,,,runs/A-kem1024-gilbert-prr0p50-L2-rep19-seed200019-v1/cooja.log,552acfedd4d98bc7c56a88c4e265f0adaa2b5983e4d42bd2cdfd3fce9b095e65,11172,111,success,0,FAILED_PROTOCOL
A-kem1024-gilbert-prr0p50-L2-rep19-seed200019-v2,A-kem1024-gilbert-prr0p50-L2-rep19-seed200019,A_B1_VS_B2,COOJA_SIMULATION,1024,2,gilbert,0.5,2.0,none,200019,valid,none,,,runs/A-kem1024-gilbert-prr0p50-L2-rep19-seed200019-v2/cooja.log,c3765144dd9f88da6163369959a4228532e7791667686aa0dffd6e0bdf1b98a2,11406,113,success,0,FAILED_PROTOCOL
A-kem1024-gilbert-prr0p50-L2-rep20-seed200020-v1,A-kem1024-gilbert-prr0p50-L2-rep20-seed200020,A_B1_VS_B2,COOJA_SIMULATION,1024,1,gilbert,0.5,2.0,none,200020,valid,none,,,runs/A-kem1024-gilbert-prr0p50-L2-rep20-seed200020-v1/cooja.log,aa19654dfd8fc4ac29631fb6c53010bc218cc03952f3f7eda25059cc2dc825ad,12007,120,success,0,FAILED_PROTOCOL
A-kem1024-gilbert-prr0p50-L2-rep20-seed200020-v2,A-kem1024-gilbert-prr0p50-L2-rep20-seed200020,A_B1_VS_B2,COOJA_SIMULATION,1024,2,gilbert,0.5,2.0,none,200020,valid,none,,,runs/A-kem1024-gilbert-prr0p50-L2-rep20-seed200020-v2/cooja.log,4e647ced49036c7d15e968b5ebf9b3238c50e0963114ca8e4f58cb90e3f39bf7,12241,122,success,0,FAILED_PROTOCOL
A-kem1024-gilbert-prr0p50-L2-rep21-seed200021-v1,A-kem1024-gilbert-prr0p50-L2-rep21-seed200021,A_B1_VS_B2,COOJA_SIMULATION,1024,1,gilbert,0.5,2.0,none,200021,valid,none,,,runs/A-kem1024-gilbert-prr0p50-L2-rep21-seed200021-v1/cooja.log,049af426fe77bb353e71b353d9968edccba699e4e03a549b0f8ff5d8171edb14,12426,125,success,0,FAILED_PROTOCOL
A-kem1024-gilbert-prr0p50-L2-rep21-seed200021-v2,A-kem1024-gilbert-prr0p50-L2-rep21-seed200021,A_B1_VS_B2,COOJA_SIMULATION,1024,2,gilbert,0.5,2.0,none,200021,valid,none,,,runs/A-kem1024-gilbert-prr0p50-L2-rep21-seed200021-v2/cooja.log,c53920e21667d0fbb4c67570e90c5bfead86a562f8a5c55c4e150a54ad2c74a3,12660,127,success,0,FAILED_PROTOCOL
A-kem1024-gilbert-prr0p50-L2-rep22-seed200022-v1,A-kem1024-gilbert-prr0p50-L2-rep22-seed200022,A_B1_VS_B2,COOJA_SIMULATION,1024,1,gilbert,0.5,2.0,none,200022,valid,none,,,runs/A-kem1024-gilbert-prr0p50-L2-rep22-seed200022-v1/cooja.log,3d691adee0eac673307e3293fbbd152b4d041ed7c2344e6ec5a67823ffb05c4e,11151,111,success,0,FAILED_PROTOCOL
A-kem1024-gilbert-prr0p50-L2-rep22-seed200022-v2,A-kem1024-gilbert-prr0p50-L2-rep22-seed200022,A_B1_VS_B2,COOJA_SIMULATION,1024,2,gilbert,0.5,2.0,none,200022,valid,none,,,runs/A-kem1024-gilbert-prr0p50-L2-rep22-seed200022-v2/cooja.log,c8cc9b7628e7a7a9ffd08aee90e975f5b4b2f63a577e1de3010dacb2cf3afb98,11385,113,success,0,FAILED_PROTOCOL
A-kem1024-gilbert-prr0p50-L2-rep23-seed200023-v1,A-kem1024-gilbert-prr0p50-L2-rep23-seed200023,A_B1_VS_B2,COOJA_SIMULATION,1024,1,gilbert,0.5,2.0,none,200023,valid,none,,,runs/A-kem1024-gilbert-prr0p50-L2-rep23-seed200023-v1/cooja.log,81e6951b5bc9be50bf1b4911305a0c348b42a038abcfe07a77d2e37a70ce0dd1,10558,104,success,0,FAILED_PROTOCOL
A-kem1024-gilbert-prr0p50-L2-rep23-seed200023-v2,A-kem1024-gilbert-prr0p50-L2-rep23-seed200023,A_B1_VS_B2,COOJA_SIMULATION,1024,2,gilbert,0.5,2.0,none,200023,valid,none,,,runs/A-kem1024-gilbert-prr0p50-L2-rep23-seed200023-v2/cooja.log,b4097eebc4869f119d72a38f39f6fcca814dfa1ad9c3203a4049b95436974ced,10792,106,success,0,FAILED_PROTOCOL
A-kem1024-gilbert-prr0p50-L2-rep24-seed200024-v1,A-kem1024-gilbert-prr0p50-L2-rep24-seed200024,A_B1_VS_B2,COOJA_SIMULATION,1024,1,gilbert,0.5,2.0,none,200024,valid,none,,,runs/A-kem1024-gilbert-prr0p50-L2-rep24-seed200024-v1/cooja.log,8722582172c0f496e1854323c372a281c2cc1c46931bd0f7a1f52fc593f0f999,10561,104,success,0,FAILED_PROTOCOL
A-kem1024-gilbert-prr0p50-L2-rep24-seed200024-v2,A-kem1024-gilbert-prr0p50-L2-rep24-seed200024,A_B1_VS_B2,COOJA_SIMULATION,1024,2,gilbert,0.5,2.0,none,200024,valid,none,,,runs/A-kem1024-gilbert-prr0p50-L2-rep24-seed200024-v2/cooja.log,5164a788ef46352fe6e6d39b77107a0d5e7c6909eb41da47b65700462a3f6e54,10795,106,success,0,FAILED_PROTOCOL
A-kem1024-gilbert-prr0p50-L2-rep25-seed200025-v1,A-kem1024-gilbert-prr0p50-L2-rep25-seed200025,A_B1_VS_B2,COOJA_SIMULATION,1024,1,gilbert,0.5,2.0,none,200025,valid,none,,,runs/A-kem1024-gilbert-prr0p50-L2-rep25-seed200025-v1/cooja.log,001242de23bb7e29ef692035894414ee43324af8653f54713dcf7288f3d18b50,10900,108,success,0,FAILED_PROTOCOL
A-kem1024-gilbert-prr0p50-L2-rep25-seed200025-v2,A-kem1024-gilbert-prr0p50-L2-rep25-seed200025,A_B1_VS_B2,COOJA_SIMULATION,1024,2,gilbert,0.5,2.0,none,200025,valid,none,,,runs/A-kem1024-gilbert-prr0p50-L2-rep25-seed200025-v2/cooja.log,76f938daabbbb1a65ee387eaf32fca63684359b6374f32d760bccc01c3046a83,11134,110,success,0,FAILED_PROTOCOL
A-kem1024-gilbert-prr0p50-L2-rep26-seed200026-v1,A-kem1024-gilbert-prr0p50-L2-rep26-seed200026,A_B1_VS_B2,COOJA_SIMULATION,1024,1,gilbert,0.5,2.0,none,200026,valid,none,,,runs/A-kem1024-gilbert-prr0p50-L2-rep26-seed200026-v1/cooja.log,4bb38eecb3deaca31d20d13a89e54bd09d06b7aa6224415534f8fc7bc44d79bd,12455,125,success,0,FAILED_PROTOCOL
A-kem1024-gilbert-prr0p50-L2-rep26-seed200026-v2,A-kem1024-gilbert-prr0p50-L2-rep26-seed200026,A_B1_VS_B2,COOJA_SIMULATION,1024,2,gilbert,0.5,2.0,none,200026,valid,none,,,runs/A-kem1024-gilbert-prr0p50-L2-rep26-seed200026-v2/cooja.log,028222fbf40d5ebfc3f16578d165785aeabbcf44a9098c8886ceb4a7fee953ed,12689,127,success,0,FAILED_PROTOCOL
A-kem1024-gilbert-prr0p50-L2-rep27-seed200027-v1,A-kem1024-gilbert-prr0p50-L2-rep27-seed200027,A_B1_VS_B2,COOJA_SIMULATION,1024,1,gilbert,0.5,2.0,none,200027,valid,none,,,runs/A-kem1024-gilbert-prr0p50-L2-rep27-seed200027-v1/cooja.log,be604c188bc57a819e454baadd5455393581baedd69dfcda92d8dfcbbb5e4009,9455,92,success,0,FAILED_PROTOCOL
A-kem1024-gilbert-prr0p50-L2-rep27-seed200027-v2,A-kem1024-gilbert-prr0p50-L2-rep27-seed200027,A_B1_VS_B2,COOJA_SIMULATION,1024,2,gilbert,0.5,2.0,none,200027,valid,none,,,runs/A-kem1024-gilbert-prr0p50-L2-rep27-seed200027-v2/cooja.log,379e523c4fb4cd15cdd9cf7855373d5a286ae34d4a0a7ca9c208d81922e580d8,9689,94,success,0,FAILED_PROTOCOL
A-kem1024-gilbert-prr0p50-L2-rep28-seed200028-v1,A-kem1024-gilbert-prr0p50-L2-rep28-seed200028,A_B1_VS_B2,COOJA_SIMULATION,1024,1,gilbert,0.5,2.0,none,200028,valid,none,,,runs/A-kem1024-gilbert-prr0p50-L2-rep28-seed200028-v1/cooja.log,cc6ec42a7612e1cdcdcacb20d4ac542096cd2108e1c1cbb1411c7304916c2945,11091,110,success,0,FAILED_PROTOCOL
A-kem1024-gilbert-prr0p50-L2-rep28-seed200028-v2,A-kem1024-gilbert-prr0p50-L2-rep28-seed200028,A_B1_VS_B2,COOJA_SIMULATION,1024,2,gilbert,0.5,2.0,none,200028,valid,none,,,runs/A-kem1024-gilbert-prr0p50-L2-rep28-seed200028-v2/cooja.log,3b0d8a76794c516a9c6f10a1377ec5d33908b68d81a1c04d4b61f034b193839f,11325,112,success,0,FAILED_PROTOCOL
A-kem1024-gilbert-prr0p50-L2-rep29-seed200029-v1,A-kem1024-gilbert-prr0p50-L2-rep29-seed200029,A_B1_VS_B2,COOJA_SIMULATION,1024,1,gilbert,0.5,2.0,none,200029,valid,none,,,runs/A-kem1024-gilbert-prr0p50-L2-rep29-seed200029-v1/cooja.log,e80b649e8cfe53969553527d63eec877f897f2882ecb0816cb4317d7e65946ca,10019,98,success,0,FAILED_PROTOCOL
A-kem1024-gilbert-prr0p50-L2-rep29-seed200029-v2,A-kem1024-gilbert-prr0p50-L2-rep29-seed200029,A_B1_VS_B2,COOJA_SIMULATION,1024,2,gilbert,0.5,2.0,none,200029,valid,none,,,runs/A-kem1024-gilbert-prr0p50-L2-rep29-seed200029-v2/cooja.log,8663e39e842fc6ef650a1b74905a7429e9142614e7ca1244123bc2c63e833997,10253,100,success,0,FAILED_PROTOCOL
A-kem1024-gilbert-prr0p50-L2-rep30-seed200030-v1,A-kem1024-gilbert-prr0p50-L2-rep30-seed200030,A_B1_VS_B2,COOJA_SIMULATION,1024,1,gilbert,0.5,2.0,none,200030,valid,none,,,runs/A-kem1024-gilbert-prr0p50-L2-rep30-seed200030-v1/cooja.log,a6eeee24d210d081922c25efcee59422a8b65a462485dccff26f8b0c148cd0a9,11669,116,success,0,FAILED_PROTOCOL
A-kem1024-gilbert-prr0p50-L2-rep30-seed200030-v2,A-kem1024-gilbert-prr0p50-L2-rep30-seed200030,A_B1_VS_B2,COOJA_SIMULATION,1024,2,gilbert,0.5,2.0,none,200030,valid,none,,,runs/A-kem1024-gilbert-prr0p50-L2-rep30-seed200030-v2/cooja.log,28a26c7276a88b83d356f7ec472b77fe0a21c08133994fe7b40e1ed25cbf1bb0,11903,118,success,0,FAILED_PROTOCOL
A-kem1024-gilbert-prr0p50-L5-rep01-seed200001-v1,A-kem1024-gilbert-prr0p50-L5-rep01-seed200001,A_B1_VS_B2,COOJA_SIMULATION,1024,1,gilbert,0.5,5.0,none,200001,valid,none,,,runs/A-kem1024-gilbert-prr0p50-L5-rep01-seed200001-v1/cooja.log,0c98b9f3032ab1c113db0729b882bd5062a6cb9f39c75159b72399954c63a044,10063,99,success,0,FAILED_PROTOCOL
A-kem1024-gilbert-prr0p50-L5-rep01-seed200001-v2,A-kem1024-gilbert-prr0p50-L5-rep01-seed200001,A_B1_VS_B2,COOJA_SIMULATION,1024,2,gilbert,0.5,5.0,none,200001,valid,none,,,runs/A-kem1024-gilbert-prr0p50-L5-rep01-seed200001-v2/cooja.log,2c2776d9b70c02b8bc8ba3b84a0a0c14f0b818c4a5731eb7405003553163302f,10297,101,success,0,FAILED_PROTOCOL
A-kem1024-gilbert-prr0p50-L5-rep02-seed200002-v1,A-kem1024-gilbert-prr0p50-L5-rep02-seed200002,A_B1_VS_B2,COOJA_SIMULATION,1024,1,gilbert,0.5,5.0,none,200002,valid,none,,,runs/A-kem1024-gilbert-prr0p50-L5-rep02-seed200002-v1/cooja.log,fdf65841e8c2f149e21c3eb850ddb7ae25bb86292eb81fc95a0b5425b71320c6,8770,84,success,0,FAILED_PROTOCOL
A-kem1024-gilbert-prr0p50-L5-rep02-seed200002-v2,A-kem1024-gilbert-prr0p50-L5-rep02-seed200002,A_B1_VS_B2,COOJA_SIMULATION,1024,2,gilbert,0.5,5.0,none,200002,valid,none,,,runs/A-kem1024-gilbert-prr0p50-L5-rep02-seed200002-v2/cooja.log,9d4d466b8a5e4dcc29b382d42f242d401ef5b41ca9478dd399fd35cd8aab61a2,9004,86,success,0,FAILED_PROTOCOL
A-kem1024-gilbert-prr0p50-L5-rep03-seed200003-v1,A-kem1024-gilbert-prr0p50-L5-rep03-seed200003,A_B1_VS_B2,COOJA_SIMULATION,1024,1,gilbert,0.5,5.0,none,200003,valid,none,,,runs/A-kem1024-gilbert-prr0p50-L5-rep03-seed200003-v1/cooja.log,db9164e033b2b398c16e7ca7719240799e0ed50a31094ecd3c7cb4a1052bfcff,10562,104,success,0,FAILED_PROTOCOL
A-kem1024-gilbert-prr0p50-L5-rep03-seed200003-v2,A-kem1024-gilbert-prr0p50-L5-rep03-seed200003,A_B1_VS_B2,COOJA_SIMULATION,1024,2,gilbert,0.5,5.0,none,200003,valid,none,,,runs/A-kem1024-gilbert-prr0p50-L5-rep03-seed200003-v2/cooja.log,3624b35ddccfd141d85af45829e08ed751b1c583174f1316a0230bd808519bf8,10796,106,success,0,FAILED_PROTOCOL
A-kem1024-gilbert-prr0p50-L5-rep04-seed200004-v1,A-kem1024-gilbert-prr0p50-L5-rep04-seed200004,A_B1_VS_B2,COOJA_SIMULATION,1024,1,gilbert,0.5,5.0,none,200004,valid,none,,,runs/A-kem1024-gilbert-prr0p50-L5-rep04-seed200004-v1/cooja.log,5efe9df188b93267fcfd5704d5a2ce97bde4385b37c86934692fc4a819a17429,11729,117,success,0,FAILED_PROTOCOL
A-kem1024-gilbert-prr0p50-L5-rep04-seed200004-v2,A-kem1024-gilbert-prr0p50-L5-rep04-seed200004,A_B1_VS_B2,COOJA_SIMULATION,1024,2,gilbert,0.5,5.0,none,200004,valid,none,,,runs/A-kem1024-gilbert-prr0p50-L5-rep04-seed200004-v2/cooja.log,4a1ac14414c4526822bbfc68d7a555032aa468e91358dcc221d088e04e26e74d,11963,119,success,0,FAILED_PROTOCOL
A-kem1024-gilbert-prr0p50-L5-rep05-seed200005-v1,A-kem1024-gilbert-prr0p50-L5-rep05-seed200005,A_B1_VS_B2,COOJA_SIMULATION,1024,1,gilbert,0.5,5.0,none,200005,valid,none,,,runs/A-kem1024-gilbert-prr0p50-L5-rep05-seed200005-v1/cooja.log,b37d73a4f8c3f953b1cd56ba73b9b5591e916d56a68d3afc3a925e06d3ea5530,12890,130,success,0,FAILED_PROTOCOL
A-kem1024-gilbert-prr0p50-L5-rep05-seed200005-v2,A-kem1024-gilbert-prr0p50-L5-rep05-seed200005,A_B1_VS_B2,COOJA_SIMULATION,1024,2,gilbert,0.5,5.0,none,200005,valid,none,,,runs/A-kem1024-gilbert-prr0p50-L5-rep05-seed200005-v2/cooja.log,5cb232dec19165c37694ee14ae60fbd732f8f55cb9cc00dae1b2d6dbd38eed05,13124,132,success,0,FAILED_PROTOCOL
A-kem1024-gilbert-prr0p50-L5-rep06-seed200006-v1,A-kem1024-gilbert-prr0p50-L5-rep06-seed200006,A_B1_VS_B2,COOJA_SIMULATION,1024,1,gilbert,0.5,5.0,none,200006,valid,none,,,runs/A-kem1024-gilbert-prr0p50-L5-rep06-seed200006-v1/cooja.log,65dbe6db0ef701b8f2c0abe9c99d6ec40180e0d235c40def4c6ca1d447cbf043,13170,133,success,0,FAILED_PROTOCOL
A-kem1024-gilbert-prr0p50-L5-rep06-seed200006-v2,A-kem1024-gilbert-prr0p50-L5-rep06-seed200006,A_B1_VS_B2,COOJA_SIMULATION,1024,2,gilbert,0.5,5.0,none,200006,valid,none,,,runs/A-kem1024-gilbert-prr0p50-L5-rep06-seed200006-v2/cooja.log,61d8d8672dae28b4d7dea479b573c61109799c82a9819fe09a7020fb759c2224,13404,135,success,0,FAILED_PROTOCOL
A-kem1024-gilbert-prr0p50-L5-rep07-seed200007-v1,A-kem1024-gilbert-prr0p50-L5-rep07-seed200007,A_B1_VS_B2,COOJA_SIMULATION,1024,1,gilbert,0.5,5.0,none,200007,valid,none,,,runs/A-kem1024-gilbert-prr0p50-L5-rep07-seed200007-v1/cooja.log,f15b73a86a0b1c29ac9208b69654b0a8c8d0f4f4c6f87a2c5dbe4edcf538e249,12507,125,success,0,FAILED_PROTOCOL
A-kem1024-gilbert-prr0p50-L5-rep07-seed200007-v2,A-kem1024-gilbert-prr0p50-L5-rep07-seed200007,A_B1_VS_B2,COOJA_SIMULATION,1024,2,gilbert,0.5,5.0,none,200007,valid,none,,,runs/A-kem1024-gilbert-prr0p50-L5-rep07-seed200007-v2/cooja.log,455d31e246b5195a54fc9d196a016471cf7f1a827ec4a40e8888f58c9f7f431c,12741,127,success,0,FAILED_PROTOCOL
A-kem1024-gilbert-prr0p50-L5-rep08-seed200008-v1,A-kem1024-gilbert-prr0p50-L5-rep08-seed200008,A_B1_VS_B2,COOJA_SIMULATION,1024,1,gilbert,0.5,5.0,none,200008,valid,none,,,runs/A-kem1024-gilbert-prr0p50-L5-rep08-seed200008-v1/cooja.log,adca8e2ac271e40551f2849013f1e301c7af706b789ca82eea007532bd1cb771,12602,128,success,0,FAILED_PROTOCOL
A-kem1024-gilbert-prr0p50-L5-rep08-seed200008-v2,A-kem1024-gilbert-prr0p50-L5-rep08-seed200008,A_B1_VS_B2,COOJA_SIMULATION,1024,2,gilbert,0.5,5.0,none,200008,valid,none,,,runs/A-kem1024-gilbert-prr0p50-L5-rep08-seed200008-v2/cooja.log,d03780b940e977d96bd60e51b68ad658772dce0eb475db71bb137a617e47a131,12836,130,success,0,FAILED_PROTOCOL
A-kem1024-gilbert-prr0p50-L5-rep09-seed200009-v1,A-kem1024-gilbert-prr0p50-L5-rep09-seed200009,A_B1_VS_B2,COOJA_SIMULATION,1024,1,gilbert,0.5,5.0,none,200009,valid,none,,,runs/A-kem1024-gilbert-prr0p50-L5-rep09-seed200009-v1/cooja.log,6f1e2e17a2965dc06b2e676a82618203a3ceaecde00009fa19843b9ff345a776,13542,138,success,0,FAILED_PROTOCOL
A-kem1024-gilbert-prr0p50-L5-rep09-seed200009-v2,A-kem1024-gilbert-prr0p50-L5-rep09-seed200009,A_B1_VS_B2,COOJA_SIMULATION,1024,2,gilbert,0.5,5.0,none,200009,valid,none,,,runs/A-kem1024-gilbert-prr0p50-L5-rep09-seed200009-v2/cooja.log,2f1635704a1d46acbc946416a7c7c4fb60e4657e455e43d8b1f30f95a97c2dd2,13776,140,success,0,FAILED_PROTOCOL
A-kem1024-gilbert-prr0p50-L5-rep10-seed200010-v1,A-kem1024-gilbert-prr0p50-L5-rep10-seed200010,A_B1_VS_B2,COOJA_SIMULATION,1024,1,gilbert,0.5,5.0,none,200010,valid,none,,,runs/A-kem1024-gilbert-prr0p50-L5-rep10-seed200010-v1/cooja.log,da57b2c1cc754acedf0aa78b31aa73ac8db2270a26615b48ead4be6badb05c20,10105,99,success,0,FAILED_PROTOCOL
A-kem1024-gilbert-prr0p50-L5-rep10-seed200010-v2,A-kem1024-gilbert-prr0p50-L5-rep10-seed200010,A_B1_VS_B2,COOJA_SIMULATION,1024,2,gilbert,0.5,5.0,none,200010,valid,none,,,runs/A-kem1024-gilbert-prr0p50-L5-rep10-seed200010-v2/cooja.log,008cd691c549dbdc3d153e6cc4ecac687dfbac68ff050306f009cd9283c7b947,10339,101,success,0,FAILED_PROTOCOL
A-kem1024-gilbert-prr0p50-L5-rep11-seed200011-v1,A-kem1024-gilbert-prr0p50-L5-rep11-seed200011,A_B1_VS_B2,COOJA_SIMULATION,1024,1,gilbert,0.5,5.0,none,200011,valid,none,,,runs/A-kem1024-gilbert-prr0p50-L5-rep11-seed200011-v1/cooja.log,a62b2c659b476fbf5db9cedc16337e240a3a3fe80ad036ae5d5cdd671141e22f,9443,92,success,0,FAILED_PROTOCOL
A-kem1024-gilbert-prr0p50-L5-rep11-seed200011-v2,A-kem1024-gilbert-prr0p50-L5-rep11-seed200011,A_B1_VS_B2,COOJA_SIMULATION,1024,2,gilbert,0.5,5.0,none,200011,valid,none,,,runs/A-kem1024-gilbert-prr0p50-L5-rep11-seed200011-v2/cooja.log,832672b90c52fca18629527e1424cdc027edafe75281eff5b35e8321b4b1e2b1,9677,94,success,0,FAILED_PROTOCOL
A-kem1024-gilbert-prr0p50-L5-rep12-seed200012-v1,A-kem1024-gilbert-prr0p50-L5-rep12-seed200012,A_B1_VS_B2,COOJA_SIMULATION,1024,1,gilbert,0.5,5.0,none,200012,valid,none,,,runs/A-kem1024-gilbert-prr0p50-L5-rep12-seed200012-v1/cooja.log,8466dcd0835a27decdec2bd58f0d5128495b9e53aa4cc7f70c22ba0b7dbfa008,13151,132,success,0,FAILED_PROTOCOL
A-kem1024-gilbert-prr0p50-L5-rep12-seed200012-v2,A-kem1024-gilbert-prr0p50-L5-rep12-seed200012,A_B1_VS_B2,COOJA_SIMULATION,1024,2,gilbert,0.5,5.0,none,200012,valid,none,,,runs/A-kem1024-gilbert-prr0p50-L5-rep12-seed200012-v2/cooja.log,6dfadd7717b86bb3ec2f65315d6ef660d653b5c8ea66518cf29cdb38dcc39418,13385,134,success,0,FAILED_PROTOCOL
A-kem1024-gilbert-prr0p50-L5-rep13-seed200013-v1,A-kem1024-gilbert-prr0p50-L5-rep13-seed200013,A_B1_VS_B2,COOJA_SIMULATION,1024,1,gilbert,0.5,5.0,none,200013,valid,none,,,runs/A-kem1024-gilbert-prr0p50-L5-rep13-seed200013-v1/cooja.log,67b3dc3c4ba22706be1df612de9f7b2ff8866da2b0bb00f80404e02f8b4eca04,10871,107,success,0,FAILED_PROTOCOL
A-kem1024-gilbert-prr0p50-L5-rep13-seed200013-v2,A-kem1024-gilbert-prr0p50-L5-rep13-seed200013,A_B1_VS_B2,COOJA_SIMULATION,1024,2,gilbert,0.5,5.0,none,200013,valid,none,,,runs/A-kem1024-gilbert-prr0p50-L5-rep13-seed200013-v2/cooja.log,20d1b98eca82e0fbc1ef5ecb9d8aacdd876380bc6ddf9b2e6393ea6ab8543ee8,11105,109,success,0,FAILED_PROTOCOL
A-kem1024-gilbert-prr0p50-L5-rep14-seed200014-v1,A-kem1024-gilbert-prr0p50-L5-rep14-seed200014,A_B1_VS_B2,COOJA_SIMULATION,1024,1,gilbert,0.5,5.0,none,200014,valid,none,,,runs/A-kem1024-gilbert-prr0p50-L5-rep14-seed200014-v1/cooja.log,b311f6ce8626a80ffd06ec33b427e83a860d2e1cb438e748316687e0227b2698,9834,96,success,0,FAILED_PROTOCOL
A-kem1024-gilbert-prr0p50-L5-rep14-seed200014-v2,A-kem1024-gilbert-prr0p50-L5-rep14-seed200014,A_B1_VS_B2,COOJA_SIMULATION,1024,2,gilbert,0.5,5.0,none,200014,valid,none,,,runs/A-kem1024-gilbert-prr0p50-L5-rep14-seed200014-v2/cooja.log,82cadcad63dc462d9fcf0da09df8063519874ca1c3140fe22609bbbbe369e422,10068,98,success,0,FAILED_PROTOCOL
A-kem1024-gilbert-prr0p50-L5-rep15-seed200015-v1,A-kem1024-gilbert-prr0p50-L5-rep15-seed200015,A_B1_VS_B2,COOJA_SIMULATION,1024,1,gilbert,0.5,5.0,none,200015,valid,none,,,runs/A-kem1024-gilbert-prr0p50-L5-rep15-seed200015-v1/cooja.log,9d0d845b430398156e407d37fded60ca21285309d17b51d6f7057cb59101e2cd,13391,137,success,0,FAILED_PROTOCOL
A-kem1024-gilbert-prr0p50-L5-rep15-seed200015-v2,A-kem1024-gilbert-prr0p50-L5-rep15-seed200015,A_B1_VS_B2,COOJA_SIMULATION,1024,2,gilbert,0.5,5.0,none,200015,valid,none,,,runs/A-kem1024-gilbert-prr0p50-L5-rep15-seed200015-v2/cooja.log,b3a23314857eed7f53d915d480858ed5f3793f0d06e78117fd8a3f5488c35b0e,13625,139,success,0,FAILED_PROTOCOL
A-kem1024-gilbert-prr0p50-L5-rep16-seed200016-v1,A-kem1024-gilbert-prr0p50-L5-rep16-seed200016,A_B1_VS_B2,COOJA_SIMULATION,1024,1,gilbert,0.5,5.0,none,200016,valid,none,,,runs/A-kem1024-gilbert-prr0p50-L5-rep16-seed200016-v1/cooja.log,37205df52100e2680470b9e133bedc03aef921c498c5635c3d5e75a8574aae6a,11029,109,success,0,FAILED_PROTOCOL
A-kem1024-gilbert-prr0p50-L5-rep16-seed200016-v2,A-kem1024-gilbert-prr0p50-L5-rep16-seed200016,A_B1_VS_B2,COOJA_SIMULATION,1024,2,gilbert,0.5,5.0,none,200016,valid,none,,,runs/A-kem1024-gilbert-prr0p50-L5-rep16-seed200016-v2/cooja.log,7716cae19c5a40779e3c15d44e0abb1c2b4ecab267079b0f2fd4e0bfa50467d3,11263,111,success,0,FAILED_PROTOCOL
A-kem1024-gilbert-prr0p50-L5-rep17-seed200017-v1,A-kem1024-gilbert-prr0p50-L5-rep17-seed200017,A_B1_VS_B2,COOJA_SIMULATION,1024,1,gilbert,0.5,5.0,none,200017,valid,none,,,runs/A-kem1024-gilbert-prr0p50-L5-rep17-seed200017-v1/cooja.log,33713c8f99d00dd79122d47ba9676e23a70de0c275065d8d9a69bb53d5703311,10024,98,success,0,FAILED_PROTOCOL
A-kem1024-gilbert-prr0p50-L5-rep17-seed200017-v2,A-kem1024-gilbert-prr0p50-L5-rep17-seed200017,A_B1_VS_B2,COOJA_SIMULATION,1024,2,gilbert,0.5,5.0,none,200017,valid,none,,,runs/A-kem1024-gilbert-prr0p50-L5-rep17-seed200017-v2/cooja.log,76f6283978fd9a4b572b5ba2b29776977b8596990bc21d29218046efbe017a86,10258,100,success,0,FAILED_PROTOCOL
A-kem1024-gilbert-prr0p50-L5-rep18-seed200018-v1,A-kem1024-gilbert-prr0p50-L5-rep18-seed200018,A_B1_VS_B2,COOJA_SIMULATION,1024,1,gilbert,0.5,5.0,none,200018,valid,none,,,runs/A-kem1024-gilbert-prr0p50-L5-rep18-seed200018-v1/cooja.log,ffd2e71d774cf079ca7a2ea05c0544a394949b74d70a7262c78c11ac8f80cc06,11623,116,success,0,FAILED_PROTOCOL
A-kem1024-gilbert-prr0p50-L5-rep18-seed200018-v2,A-kem1024-gilbert-prr0p50-L5-rep18-seed200018,A_B1_VS_B2,COOJA_SIMULATION,1024,2,gilbert,0.5,5.0,none,200018,valid,none,,,runs/A-kem1024-gilbert-prr0p50-L5-rep18-seed200018-v2/cooja.log,af3f1e7a2c4986af5c8dfb978348079cfd985801ba121a3194c89346c362a311,11857,118,success,0,FAILED_PROTOCOL
A-kem1024-gilbert-prr0p50-L5-rep19-seed200019-v1,A-kem1024-gilbert-prr0p50-L5-rep19-seed200019,A_B1_VS_B2,COOJA_SIMULATION,1024,1,gilbert,0.5,5.0,none,200019,valid,none,,,runs/A-kem1024-gilbert-prr0p50-L5-rep19-seed200019-v1/cooja.log,675eeb987b824fc5883e05db16698dfccda37b9324e4f9c00945409417e80e73,12348,124,success,0,FAILED_PROTOCOL
A-kem1024-gilbert-prr0p50-L5-rep19-seed200019-v2,A-kem1024-gilbert-prr0p50-L5-rep19-seed200019,A_B1_VS_B2,COOJA_SIMULATION,1024,2,gilbert,0.5,5.0,none,200019,valid,none,,,runs/A-kem1024-gilbert-prr0p50-L5-rep19-seed200019-v2/cooja.log,ca10b5aeb52a9508fd9eb4995ef0291254b6be981eb845324bb3c7bd4c08f434,12582,126,success,0,FAILED_PROTOCOL
A-kem1024-gilbert-prr0p50-L5-rep20-seed200020-v1,A-kem1024-gilbert-prr0p50-L5-rep20-seed200020,A_B1_VS_B2,COOJA_SIMULATION,1024,1,gilbert,0.5,5.0,none,200020,valid,none,,,runs/A-kem1024-gilbert-prr0p50-L5-rep20-seed200020-v1/cooja.log,bf8a160a955dc0306b40dd66fd683f06f0130341dddf9fd7af59f6a7f61fc185,11530,115,success,0,FAILED_PROTOCOL
A-kem1024-gilbert-prr0p50-L5-rep20-seed200020-v2,A-kem1024-gilbert-prr0p50-L5-rep20-seed200020,A_B1_VS_B2,COOJA_SIMULATION,1024,2,gilbert,0.5,5.0,none,200020,valid,none,,,runs/A-kem1024-gilbert-prr0p50-L5-rep20-seed200020-v2/cooja.log,ee175060e4cb98730786f972b891ee9614ba73e5ade8f23950ea41dc770e1876,11764,117,success,0,FAILED_PROTOCOL
A-kem1024-gilbert-prr0p50-L5-rep21-seed200021-v1,A-kem1024-gilbert-prr0p50-L5-rep21-seed200021,A_B1_VS_B2,COOJA_SIMULATION,1024,1,gilbert,0.5,5.0,none,200021,valid,none,,,runs/A-kem1024-gilbert-prr0p50-L5-rep21-seed200021-v1/cooja.log,8638a2a589e93f4d7d7f395916ad73bb45ad59a330540deb65b78ef9a8a1d748,13544,139,success,0,FAILED_PROTOCOL
A-kem1024-gilbert-prr0p50-L5-rep21-seed200021-v2,A-kem1024-gilbert-prr0p50-L5-rep21-seed200021,A_B1_VS_B2,COOJA_SIMULATION,1024,2,gilbert,0.5,5.0,none,200021,valid,none,,,runs/A-kem1024-gilbert-prr0p50-L5-rep21-seed200021-v2/cooja.log,c6220e05d63e044eebfdd31f5f4883fab46ce2e40ee60a9bcb5bbb72d7d01dbf,13778,141,success,0,FAILED_PROTOCOL
A-kem1024-gilbert-prr0p50-L5-rep22-seed200022-v1,A-kem1024-gilbert-prr0p50-L5-rep22-seed200022,A_B1_VS_B2,COOJA_SIMULATION,1024,1,gilbert,0.5,5.0,none,200022,valid,none,,,runs/A-kem1024-gilbert-prr0p50-L5-rep22-seed200022-v1/cooja.log,cdf169b9855d3fbac9c5159a56ef21a2409ed9111fa89a7d5d22e8ee2d6d6c49,12332,124,success,0,FAILED_PROTOCOL
A-kem1024-gilbert-prr0p50-L5-rep22-seed200022-v2,A-kem1024-gilbert-prr0p50-L5-rep22-seed200022,A_B1_VS_B2,COOJA_SIMULATION,1024,2,gilbert,0.5,5.0,none,200022,valid,none,,,runs/A-kem1024-gilbert-prr0p50-L5-rep22-seed200022-v2/cooja.log,aaddcd97a951b26827c01c1dabd86fe830e21000985fc33b9b6d4d68101e25b6,12566,126,success,0,FAILED_PROTOCOL
A-kem1024-gilbert-prr0p50-L5-rep23-seed200023-v1,A-kem1024-gilbert-prr0p50-L5-rep23-seed200023,A_B1_VS_B2,COOJA_SIMULATION,1024,1,gilbert,0.5,5.0,none,200023,valid,none,,,runs/A-kem1024-gilbert-prr0p50-L5-rep23-seed200023-v1/cooja.log,f541b8fa053f112cf31f6fddfec043a7772115d3aa94a08e8ad4a3e2399edb77,10560,104,success,0,FAILED_PROTOCOL
A-kem1024-gilbert-prr0p50-L5-rep23-seed200023-v2,A-kem1024-gilbert-prr0p50-L5-rep23-seed200023,A_B1_VS_B2,COOJA_SIMULATION,1024,2,gilbert,0.5,5.0,none,200023,valid,none,,,runs/A-kem1024-gilbert-prr0p50-L5-rep23-seed200023-v2/cooja.log,20bac097de2e4da000dc240c44072dc7d22de454e703f743f771767216c43b69,10794,106,success,0,FAILED_PROTOCOL
A-kem1024-gilbert-prr0p50-L5-rep24-seed200024-v1,A-kem1024-gilbert-prr0p50-L5-rep24-seed200024,A_B1_VS_B2,COOJA_SIMULATION,1024,1,gilbert,0.5,5.0,none,200024,valid,none,,,runs/A-kem1024-gilbert-prr0p50-L5-rep24-seed200024-v1/cooja.log,7d532cf2197521882d180922230510605665f0fe2f0ef138ad940088bb4e415e,8698,83,success,0,FAILED_PROTOCOL
A-kem1024-gilbert-prr0p50-L5-rep24-seed200024-v2,A-kem1024-gilbert-prr0p50-L5-rep24-seed200024,A_B1_VS_B2,COOJA_SIMULATION,1024,2,gilbert,0.5,5.0,none,200024,valid,none,,,runs/A-kem1024-gilbert-prr0p50-L5-rep24-seed200024-v2/cooja.log,a95bca8507c0405d5fec2d21f5337e174af3f7e7eea60dd4570c461d9f5542f9,8932,85,success,0,FAILED_PROTOCOL
A-kem1024-gilbert-prr0p50-L5-rep25-seed200025-v1,A-kem1024-gilbert-prr0p50-L5-rep25-seed200025,A_B1_VS_B2,COOJA_SIMULATION,1024,1,gilbert,0.5,5.0,none,200025,valid,none,,,runs/A-kem1024-gilbert-prr0p50-L5-rep25-seed200025-v1/cooja.log,fe37f4d3b9b8998d6cf2c50c7a98d30ba378cf6b9b8aeaf9b50133cbc73c3667,10089,99,success,0,FAILED_PROTOCOL
A-kem1024-gilbert-prr0p50-L5-rep25-seed200025-v2,A-kem1024-gilbert-prr0p50-L5-rep25-seed200025,A_B1_VS_B2,COOJA_SIMULATION,1024,2,gilbert,0.5,5.0,none,200025,valid,none,,,runs/A-kem1024-gilbert-prr0p50-L5-rep25-seed200025-v2/cooja.log,113e0edae6eb8c37a76b71cdc5d09f10859e94d4dc8d8acd7d8c4f4f49f842a4,10323,101,success,0,FAILED_PROTOCOL
A-kem1024-gilbert-prr0p50-L5-rep26-seed200026-v1,A-kem1024-gilbert-prr0p50-L5-rep26-seed200026,A_B1_VS_B2,COOJA_SIMULATION,1024,1,gilbert,0.5,5.0,none,200026,valid,none,,,runs/A-kem1024-gilbert-prr0p50-L5-rep26-seed200026-v1/cooja.log,f77ae799a5f1cf1ea9b19034e07101d53ff9db4fa0e5adb54e2319644e414fbf,9784,96,success,0,FAILED_PROTOCOL
A-kem1024-gilbert-prr0p50-L5-rep26-seed200026-v2,A-kem1024-gilbert-prr0p50-L5-rep26-seed200026,A_B1_VS_B2,COOJA_SIMULATION,1024,2,gilbert,0.5,5.0,none,200026,valid,none,,,runs/A-kem1024-gilbert-prr0p50-L5-rep26-seed200026-v2/cooja.log,9a10354e7cae6654a977abde66b099c7ce751ede5aa133bf73a119a12a975704,10018,98,success,0,FAILED_PROTOCOL
A-kem1024-gilbert-prr0p50-L5-rep27-seed200027-v1,A-kem1024-gilbert-prr0p50-L5-rep27-seed200027,A_B1_VS_B2,COOJA_SIMULATION,1024,1,gilbert,0.5,5.0,none,200027,valid,none,,,runs/A-kem1024-gilbert-prr0p50-L5-rep27-seed200027-v1/cooja.log,753f814de81f9691aebbfc57589fa3a42d6c6788277314ed169b996eff0b3076,10644,105,success,0,FAILED_PROTOCOL
A-kem1024-gilbert-prr0p50-L5-rep27-seed200027-v2,A-kem1024-gilbert-prr0p50-L5-rep27-seed200027,A_B1_VS_B2,COOJA_SIMULATION,1024,2,gilbert,0.5,5.0,none,200027,valid,none,,,runs/A-kem1024-gilbert-prr0p50-L5-rep27-seed200027-v2/cooja.log,74c501c08ce923360e127f2f4170d890b12bf3d79294d2065d6b5fe70fd95452,10878,107,success,0,FAILED_PROTOCOL
A-kem1024-gilbert-prr0p50-L5-rep28-seed200028-v1,A-kem1024-gilbert-prr0p50-L5-rep28-seed200028,A_B1_VS_B2,COOJA_SIMULATION,1024,1,gilbert,0.5,5.0,none,200028,valid,none,,,runs/A-kem1024-gilbert-prr0p50-L5-rep28-seed200028-v1/cooja.log,b92c26a418d6593ce97861ac465786f66574a051b0e603b5de6528bf500193c4,12159,122,success,0,FAILED_PROTOCOL
A-kem1024-gilbert-prr0p50-L5-rep28-seed200028-v2,A-kem1024-gilbert-prr0p50-L5-rep28-seed200028,A_B1_VS_B2,COOJA_SIMULATION,1024,2,gilbert,0.5,5.0,none,200028,valid,none,,,runs/A-kem1024-gilbert-prr0p50-L5-rep28-seed200028-v2/cooja.log,6bf2dfc4964ffd757e846302ff3f07cc9509522920f96da96dbc71074c1deb73,12393,124,success,0,FAILED_PROTOCOL
A-kem1024-gilbert-prr0p50-L5-rep29-seed200029-v1,A-kem1024-gilbert-prr0p50-L5-rep29-seed200029,A_B1_VS_B2,COOJA_SIMULATION,1024,1,gilbert,0.5,5.0,none,200029,valid,none,,,runs/A-kem1024-gilbert-prr0p50-L5-rep29-seed200029-v1/cooja.log,03709e1af534f45d15e2a85dc72979d2fe08ca5d658bb17faff95ea0dfc34c68,12731,126,success,0,FAILED_PROTOCOL
A-kem1024-gilbert-prr0p50-L5-rep29-seed200029-v2,A-kem1024-gilbert-prr0p50-L5-rep29-seed200029,A_B1_VS_B2,COOJA_SIMULATION,1024,2,gilbert,0.5,5.0,none,200029,valid,none,,,runs/A-kem1024-gilbert-prr0p50-L5-rep29-seed200029-v2/cooja.log,5cd9822f446df103aee67f822baf118d55c6286e3eb25f0122979c9649758817,15040,152,success,0,FAILED_PROTOCOL
A-kem1024-gilbert-prr0p50-L5-rep30-seed200030-v1,A-kem1024-gilbert-prr0p50-L5-rep30-seed200030,A_B1_VS_B2,COOJA_SIMULATION,1024,1,gilbert,0.5,5.0,none,200030,valid,none,,,runs/A-kem1024-gilbert-prr0p50-L5-rep30-seed200030-v1/cooja.log,3ebea9a09672f4200cd4226a0ffed7e0c10f5dfce6595f894fe195beaacac68d,11237,112,success,0,FAILED_PROTOCOL
A-kem1024-gilbert-prr0p50-L5-rep30-seed200030-v2,A-kem1024-gilbert-prr0p50-L5-rep30-seed200030,A_B1_VS_B2,COOJA_SIMULATION,1024,2,gilbert,0.5,5.0,none,200030,valid,none,,,runs/A-kem1024-gilbert-prr0p50-L5-rep30-seed200030-v2/cooja.log,0b4893e7903970acd415f1286b89ed651f79d7929b65fe9fca9ac5fb928197b6,11471,114,success,0,FAILED_PROTOCOL
A-kem1024-gilbert-prr0p50-L10-rep01-seed200001-v1,A-kem1024-gilbert-prr0p50-L10-rep01-seed200001,A_B1_VS_B2,COOJA_SIMULATION,1024,1,gilbert,0.5,10.0,none,200001,valid,none,,,runs/A-kem1024-gilbert-prr0p50-L10-rep01-seed200001-v1/cooja.log,0c98b9f3032ab1c113db0729b882bd5062a6cb9f39c75159b72399954c63a044,10063,99,success,0,FAILED_PROTOCOL
A-kem1024-gilbert-prr0p50-L10-rep01-seed200001-v2,A-kem1024-gilbert-prr0p50-L10-rep01-seed200001,A_B1_VS_B2,COOJA_SIMULATION,1024,2,gilbert,0.5,10.0,none,200001,valid,none,,,runs/A-kem1024-gilbert-prr0p50-L10-rep01-seed200001-v2/cooja.log,2c2776d9b70c02b8bc8ba3b84a0a0c14f0b818c4a5731eb7405003553163302f,10297,101,success,0,FAILED_PROTOCOL
A-kem1024-gilbert-prr0p50-L10-rep02-seed200002-v1,A-kem1024-gilbert-prr0p50-L10-rep02-seed200002,A_B1_VS_B2,COOJA_SIMULATION,1024,1,gilbert,0.5,10.0,none,200002,valid,none,,,runs/A-kem1024-gilbert-prr0p50-L10-rep02-seed200002-v1/cooja.log,fdf65841e8c2f149e21c3eb850ddb7ae25bb86292eb81fc95a0b5425b71320c6,8770,84,success,0,FAILED_PROTOCOL
A-kem1024-gilbert-prr0p50-L10-rep02-seed200002-v2,A-kem1024-gilbert-prr0p50-L10-rep02-seed200002,A_B1_VS_B2,COOJA_SIMULATION,1024,2,gilbert,0.5,10.0,none,200002,valid,none,,,runs/A-kem1024-gilbert-prr0p50-L10-rep02-seed200002-v2/cooja.log,9d4d466b8a5e4dcc29b382d42f242d401ef5b41ca9478dd399fd35cd8aab61a2,9004,86,success,0,FAILED_PROTOCOL
A-kem1024-gilbert-prr0p50-L10-rep03-seed200003-v1,A-kem1024-gilbert-prr0p50-L10-rep03-seed200003,A_B1_VS_B2,COOJA_SIMULATION,1024,1,gilbert,0.5,10.0,none,200003,valid,none,,,runs/A-kem1024-gilbert-prr0p50-L10-rep03-seed200003-v1/cooja.log,455ab0a13a78b0703d19710f308ffdd1261f24c66727459c7845bf96f29fdb24,12686,128,success,0,FAILED_PROTOCOL
A-kem1024-gilbert-prr0p50-L10-rep03-seed200003-v2,A-kem1024-gilbert-prr0p50-L10-rep03-seed200003,A_B1_VS_B2,COOJA_SIMULATION,1024,2,gilbert,0.5,10.0,none,200003,valid,none,,,runs/A-kem1024-gilbert-prr0p50-L10-rep03-seed200003-v2/cooja.log,30224714320290d91e4d66550ba08251e03739dd684592487616fcf293d72ba6,12920,130,success,0,FAILED_PROTOCOL
A-kem1024-gilbert-prr0p50-L10-rep04-seed200004-v1,A-kem1024-gilbert-prr0p50-L10-rep04-seed200004,A_B1_VS_B2,COOJA_SIMULATION,1024,1,gilbert,0.5,10.0,none,200004,valid,none,,,runs/A-kem1024-gilbert-prr0p50-L10-rep04-seed200004-v1/cooja.log,e4cb48862bb03afe0fb321cfca76bcff98c9bce12257e1ba7c178aa050e7cd2c,14385,145,success,0,FAILED_PROTOCOL
A-kem1024-gilbert-prr0p50-L10-rep04-seed200004-v2,A-kem1024-gilbert-prr0p50-L10-rep04-seed200004,A_B1_VS_B2,COOJA_SIMULATION,1024,2,gilbert,0.5,10.0,none,200004,valid,none,,,runs/A-kem1024-gilbert-prr0p50-L10-rep04-seed200004-v2/cooja.log,fa02ed8a19dd359d4fa71c31323395360405f805755a5b8753ddc87891de7e22,21637,225,success,0,FAILED_PROTOCOL
A-kem1024-gilbert-prr0p50-L10-rep05-seed200005-v1,A-kem1024-gilbert-prr0p50-L10-rep05-seed200005,A_B1_VS_B2,COOJA_SIMULATION,1024,1,gilbert,0.5,10.0,none,200005,valid,none,,,runs/A-kem1024-gilbert-prr0p50-L10-rep05-seed200005-v1/cooja.log,590029447efa57289fbc3be01b42ecbcee2de80d342c12c5f18dae502724f076,11691,117,success,0,FAILED_PROTOCOL
A-kem1024-gilbert-prr0p50-L10-rep05-seed200005-v2,A-kem1024-gilbert-prr0p50-L10-rep05-seed200005,A_B1_VS_B2,COOJA_SIMULATION,1024,2,gilbert,0.5,10.0,none,200005,valid,none,,,runs/A-kem1024-gilbert-prr0p50-L10-rep05-seed200005-v2/cooja.log,6372f072e8e8de0be50b7a966d90a83cfbe4bb461866c796694d463c382c2ef1,11925,119,success,0,FAILED_PROTOCOL
A-kem1024-gilbert-prr0p50-L10-rep06-seed200006-v1,A-kem1024-gilbert-prr0p50-L10-rep06-seed200006,A_B1_VS_B2,COOJA_SIMULATION,1024,1,gilbert,0.5,10.0,none,200006,valid,none,,,runs/A-kem1024-gilbert-prr0p50-L10-rep06-seed200006-v1/cooja.log,1e585eab2da47377561f809bac26a1eb696b3e4c0c49da1db0053d4c881c00fb,12632,125,success,0,FAILED_PROTOCOL
A-kem1024-gilbert-prr0p50-L10-rep06-seed200006-v2,A-kem1024-gilbert-prr0p50-L10-rep06-seed200006,A_B1_VS_B2,COOJA_SIMULATION,1024,2,gilbert,0.5,10.0,none,200006,valid,none,,,runs/A-kem1024-gilbert-prr0p50-L10-rep06-seed200006-v2/cooja.log,64405862bc0f4bade295ee547d1fe0a6b25a144d9fc9b24d2eec32e44ccdf5eb,31017,333,success,0,FAILED_PROTOCOL
A-kem1024-gilbert-prr0p50-L10-rep07-seed200007-v1,A-kem1024-gilbert-prr0p50-L10-rep07-seed200007,A_B1_VS_B2,COOJA_SIMULATION,1024,1,gilbert,0.5,10.0,none,200007,valid,none,,,runs/A-kem1024-gilbert-prr0p50-L10-rep07-seed200007-v1/cooja.log,557d76eca336d2b8feb7c8b7ddc8f9492814e4bca6f33ce9eb2d0b205ef33226,8765,84,success,0,FAILED_PROTOCOL
A-kem1024-gilbert-prr0p50-L10-rep07-seed200007-v2,A-kem1024-gilbert-prr0p50-L10-rep07-seed200007,A_B1_VS_B2,COOJA_SIMULATION,1024,2,gilbert,0.5,10.0,none,200007,valid,none,,,runs/A-kem1024-gilbert-prr0p50-L10-rep07-seed200007-v2/cooja.log,e1d0de9d706d2f3588f614bf30b048d0c5f1b98712c43ce3618126350fa15faa,8999,86,success,0,FAILED_PROTOCOL
A-kem1024-gilbert-prr0p50-L10-rep08-seed200008-v1,A-kem1024-gilbert-prr0p50-L10-rep08-seed200008,A_B1_VS_B2,COOJA_SIMULATION,1024,1,gilbert,0.5,10.0,none,200008,valid,none,,,runs/A-kem1024-gilbert-prr0p50-L10-rep08-seed200008-v1/cooja.log,4fca5735982fa9d615ad9e1caaa0e644c43837c46988772778e38dfec290b9f2,12616,127,success,0,FAILED_PROTOCOL
A-kem1024-gilbert-prr0p50-L10-rep08-seed200008-v2,A-kem1024-gilbert-prr0p50-L10-rep08-seed200008,A_B1_VS_B2,COOJA_SIMULATION,1024,2,gilbert,0.5,10.0,none,200008,valid,none,,,runs/A-kem1024-gilbert-prr0p50-L10-rep08-seed200008-v2/cooja.log,c81ea5cc7c4b4d995453b6bc0aeec2a55cbc81f88d66df6cea02c91edcc8900e,12850,129,success,0,FAILED_PROTOCOL
A-kem1024-gilbert-prr0p50-L10-rep09-seed200009-v1,A-kem1024-gilbert-prr0p50-L10-rep09-seed200009,A_B1_VS_B2,COOJA_SIMULATION,1024,1,gilbert,0.5,10.0,none,200009,valid,none,,,runs/A-kem1024-gilbert-prr0p50-L10-rep09-seed200009-v1/cooja.log,3216064a10d70f653d72f9bbc68fe4993b5a48ef0ff505c11f262d0a4155316c,13019,131,success,0,FAILED_PROTOCOL
A-kem1024-gilbert-prr0p50-L10-rep09-seed200009-v2,A-kem1024-gilbert-prr0p50-L10-rep09-seed200009,A_B1_VS_B2,COOJA_SIMULATION,1024,2,gilbert,0.5,10.0,none,200009,valid,none,,,runs/A-kem1024-gilbert-prr0p50-L10-rep09-seed200009-v2/cooja.log,22b1276f7f34e921345fbab3fe215e2d1726a7b4bd4d19f05ab1db114427af37,13253,133,success,0,FAILED_PROTOCOL
A-kem1024-gilbert-prr0p50-L10-rep10-seed200010-v1,A-kem1024-gilbert-prr0p50-L10-rep10-seed200010,A_B1_VS_B2,COOJA_SIMULATION,1024,1,gilbert,0.5,10.0,none,200010,valid,none,,,runs/A-kem1024-gilbert-prr0p50-L10-rep10-seed200010-v1/cooja.log,55782bcb5a2a2daa5feee78b2f0d6675d02cd03c1306ff5900861152e7838a71,8618,82,success,0,FAILED_PROTOCOL
A-kem1024-gilbert-prr0p50-L10-rep10-seed200010-v2,A-kem1024-gilbert-prr0p50-L10-rep10-seed200010,A_B1_VS_B2,COOJA_SIMULATION,1024,2,gilbert,0.5,10.0,none,200010,valid,none,,,runs/A-kem1024-gilbert-prr0p50-L10-rep10-seed200010-v2/cooja.log,15b33d986286e330144641e38aefebaa30d6609af7daab4c7ed2b35b85747595,8852,84,success,0,FAILED_PROTOCOL
A-kem1024-gilbert-prr0p50-L10-rep11-seed200011-v1,A-kem1024-gilbert-prr0p50-L10-rep11-seed200011,A_B1_VS_B2,COOJA_SIMULATION,1024,1,gilbert,0.5,10.0,none,200011,valid,none,,,runs/A-kem1024-gilbert-prr0p50-L10-rep11-seed200011-v1/cooja.log,e650e63df92f9e7b2d34fde920ae2e84b636d46ac55b3e036bbd347ec652d0af,11766,118,success,0,FAILED_PROTOCOL
A-kem1024-gilbert-prr0p50-L10-rep11-seed200011-v2,A-kem1024-gilbert-prr0p50-L10-rep11-seed200011,A_B1_VS_B2,COOJA_SIMULATION,1024,2,gilbert,0.5,10.0,none,200011,valid,none,,,runs/A-kem1024-gilbert-prr0p50-L10-rep11-seed200011-v2/cooja.log,7041662388c2bc44c80a0e67e24a054745cf3076f53a85075b9d2ee440304fd7,12000,120,success,0,FAILED_PROTOCOL
A-kem1024-gilbert-prr0p50-L10-rep12-seed200012-v1,A-kem1024-gilbert-prr0p50-L10-rep12-seed200012,A_B1_VS_B2,COOJA_SIMULATION,1024,1,gilbert,0.5,10.0,none,200012,valid,none,,,runs/A-kem1024-gilbert-prr0p50-L10-rep12-seed200012-v1/cooja.log,d2bbf37a23d4cec3684bab896ca47ae62444cc8bcfc9ae5f80b602bc96f92eaa,8731,83,success,0,FAILED_PROTOCOL
A-kem1024-gilbert-prr0p50-L10-rep12-seed200012-v2,A-kem1024-gilbert-prr0p50-L10-rep12-seed200012,A_B1_VS_B2,COOJA_SIMULATION,1024,2,gilbert,0.5,10.0,none,200012,valid,none,,,runs/A-kem1024-gilbert-prr0p50-L10-rep12-seed200012-v2/cooja.log,9c99e6951376289cda7b832d03f9789c64092b41a98db8c20ef29e87a3b5ee10,8965,85,success,0,FAILED_PROTOCOL
A-kem1024-gilbert-prr0p50-L10-rep13-seed200013-v1,A-kem1024-gilbert-prr0p50-L10-rep13-seed200013,A_B1_VS_B2,COOJA_SIMULATION,1024,1,gilbert,0.5,10.0,none,200013,valid,none,,,runs/A-kem1024-gilbert-prr0p50-L10-rep13-seed200013-v1/cooja.log,1aaaf275c9dd5242c5d12b7e3feb0807ce979cecf811e82f25efce29494fce62,8495,81,success,0,FAILED_PROTOCOL
A-kem1024-gilbert-prr0p50-L10-rep13-seed200013-v2,A-kem1024-gilbert-prr0p50-L10-rep13-seed200013,A_B1_VS_B2,COOJA_SIMULATION,1024,2,gilbert,0.5,10.0,none,200013,valid,none,,,runs/A-kem1024-gilbert-prr0p50-L10-rep13-seed200013-v2/cooja.log,17d0e877da4146c544378ed70b7ab8b3ecb0f9ff2a27d8f7440c4e2a6810eb6d,8729,83,success,0,FAILED_PROTOCOL
A-kem1024-gilbert-prr0p50-L10-rep14-seed200014-v1,A-kem1024-gilbert-prr0p50-L10-rep14-seed200014,A_B1_VS_B2,COOJA_SIMULATION,1024,1,gilbert,0.5,10.0,none,200014,valid,none,,,runs/A-kem1024-gilbert-prr0p50-L10-rep14-seed200014-v1/cooja.log,664236a5f772df93e48b22d95ea9e037da1a49f5eb335bd953e761eee8ad0bb8,8421,80,success,0,FAILED_PROTOCOL
A-kem1024-gilbert-prr0p50-L10-rep14-seed200014-v2,A-kem1024-gilbert-prr0p50-L10-rep14-seed200014,A_B1_VS_B2,COOJA_SIMULATION,1024,2,gilbert,0.5,10.0,none,200014,valid,none,,,runs/A-kem1024-gilbert-prr0p50-L10-rep14-seed200014-v2/cooja.log,97e2efca18a6de9a2b3f4ec21b19ba01f2031d4e8684c2afeb15e59a109b5824,8655,82,success,0,FAILED_PROTOCOL
A-kem1024-gilbert-prr0p50-L10-rep15-seed200015-v1,A-kem1024-gilbert-prr0p50-L10-rep15-seed200015,A_B1_VS_B2,COOJA_SIMULATION,1024,1,gilbert,0.5,10.0,none,200015,valid,none,,,runs/A-kem1024-gilbert-prr0p50-L10-rep15-seed200015-v1/cooja.log,ca415bb6dcfc4861bcc0cdfe2eb45d498eacac7f47dfc3ffd771671e86aa9232,13683,140,success,0,FAILED_PROTOCOL
A-kem1024-gilbert-prr0p50-L10-rep15-seed200015-v2,A-kem1024-gilbert-prr0p50-L10-rep15-seed200015,A_B1_VS_B2,COOJA_SIMULATION,1024,2,gilbert,0.5,10.0,none,200015,valid,none,,,runs/A-kem1024-gilbert-prr0p50-L10-rep15-seed200015-v2/cooja.log,889318f884a8db9e668c9325ab2bf690b254dff954fd2aab138d4ed315f8872c,13917,142,success,0,FAILED_PROTOCOL
A-kem1024-gilbert-prr0p50-L10-rep16-seed200016-v1,A-kem1024-gilbert-prr0p50-L10-rep16-seed200016,A_B1_VS_B2,COOJA_SIMULATION,1024,1,gilbert,0.5,10.0,none,200016,valid,none,,,runs/A-kem1024-gilbert-prr0p50-L10-rep16-seed200016-v1/cooja.log,639fde2b4591d1b97e42fb7f1b6d1a372366cf79591b794f662cdaa0454e0a45,8428,80,success,0,FAILED_PROTOCOL
A-kem1024-gilbert-prr0p50-L10-rep16-seed200016-v2,A-kem1024-gilbert-prr0p50-L10-rep16-seed200016,A_B1_VS_B2,COOJA_SIMULATION,1024,2,gilbert,0.5,10.0,none,200016,valid,none,,,runs/A-kem1024-gilbert-prr0p50-L10-rep16-seed200016-v2/cooja.log,48c4611891a69ff51d03d7d9f16371220d95e09b3ff1c0a60346da5e7e284072,8662,82,success,0,FAILED_PROTOCOL
A-kem1024-gilbert-prr0p50-L10-rep17-seed200017-v1,A-kem1024-gilbert-prr0p50-L10-rep17-seed200017,A_B1_VS_B2,COOJA_SIMULATION,1024,1,gilbert,0.5,10.0,none,200017,valid,none,,,runs/A-kem1024-gilbert-prr0p50-L10-rep17-seed200017-v1/cooja.log,762c7f5dfeaa4afe71da5f32924983c32be2232d79fcf4e28a4dec8cb04be837,11619,117,success,0,FAILED_PROTOCOL
A-kem1024-gilbert-prr0p50-L10-rep17-seed200017-v2,A-kem1024-gilbert-prr0p50-L10-rep17-seed200017,A_B1_VS_B2,COOJA_SIMULATION,1024,2,gilbert,0.5,10.0,none,200017,valid,none,,,runs/A-kem1024-gilbert-prr0p50-L10-rep17-seed200017-v2/cooja.log,c52ae4037a43a75049b136d824fd541b17296983f8ec3297c816cd2fa69d302d,11853,119,success,0,FAILED_PROTOCOL
A-kem1024-gilbert-prr0p50-L10-rep18-seed200018-v1,A-kem1024-gilbert-prr0p50-L10-rep18-seed200018,A_B1_VS_B2,COOJA_SIMULATION,1024,1,gilbert,0.5,10.0,none,200018,valid,none,,,runs/A-kem1024-gilbert-prr0p50-L10-rep18-seed200018-v1/cooja.log,14c26d141d77ddac6e6c719a71bfa96ac91b6e3c3a6516e93314f1e987d272e8,9028,87,success,0,FAILED_PROTOCOL
A-kem1024-gilbert-prr0p50-L10-rep18-seed200018-v2,A-kem1024-gilbert-prr0p50-L10-rep18-seed200018,A_B1_VS_B2,COOJA_SIMULATION,1024,2,gilbert,0.5,10.0,none,200018,valid,none,,,runs/A-kem1024-gilbert-prr0p50-L10-rep18-seed200018-v2/cooja.log,5a333250ee860f303c21db0f19361056f14208007eaf0d41df1b60200e01d9dc,9262,89,success,0,FAILED_PROTOCOL
A-kem1024-gilbert-prr0p50-L10-rep19-seed200019-v1,A-kem1024-gilbert-prr0p50-L10-rep19-seed200019,A_B1_VS_B2,COOJA_SIMULATION,1024,1,gilbert,0.5,10.0,none,200019,valid,none,,,runs/A-kem1024-gilbert-prr0p50-L10-rep19-seed200019-v1/cooja.log,90433548c81527157a8d1aeac5f5ae899cfbcb05519ba396ba84e7b882be80d8,15010,151,success,0,FAILED_PROTOCOL
A-kem1024-gilbert-prr0p50-L10-rep19-seed200019-v2,A-kem1024-gilbert-prr0p50-L10-rep19-seed200019,A_B1_VS_B2,COOJA_SIMULATION,1024,2,gilbert,0.5,10.0,none,200019,valid,none,,,runs/A-kem1024-gilbert-prr0p50-L10-rep19-seed200019-v2/cooja.log,037d31931b5b619567d04a701e18d4f709e4d22788eb47e6f6c7ec75bfb9f7ec,15499,162,success,0,FAILED_PROTOCOL
A-kem1024-gilbert-prr0p50-L10-rep20-seed200020-v1,A-kem1024-gilbert-prr0p50-L10-rep20-seed200020,A_B1_VS_B2,COOJA_SIMULATION,1024,1,gilbert,0.5,10.0,none,200020,valid,none,,,runs/A-kem1024-gilbert-prr0p50-L10-rep20-seed200020-v1/cooja.log,bcf22bd415f249d8f6aaf6c8db4c1f980c00b9f6c79bddc768be00281891a117,13233,135,success,0,FAILED_PROTOCOL
A-kem1024-gilbert-prr0p50-L10-rep20-seed200020-v2,A-kem1024-gilbert-prr0p50-L10-rep20-seed200020,A_B1_VS_B2,COOJA_SIMULATION,1024,2,gilbert,0.5,10.0,none,200020,valid,none,,,runs/A-kem1024-gilbert-prr0p50-L10-rep20-seed200020-v2/cooja.log,d7c708cce9ba39562d25388b0d638f9ee34dbff6340a22bacf51a8c46479821b,13467,137,success,0,FAILED_PROTOCOL
A-kem1024-gilbert-prr0p50-L10-rep21-seed200021-v1,A-kem1024-gilbert-prr0p50-L10-rep21-seed200021,A_B1_VS_B2,COOJA_SIMULATION,1024,1,gilbert,0.5,10.0,none,200021,valid,none,,,runs/A-kem1024-gilbert-prr0p50-L10-rep21-seed200021-v1/cooja.log,f6f873d12dcf711b69634a81c85e735388daf57148997960513b55161429abb3,8765,84,success,0,FAILED_PROTOCOL
A-kem1024-gilbert-prr0p50-L10-rep21-seed200021-v2,A-kem1024-gilbert-prr0p50-L10-rep21-seed200021,A_B1_VS_B2,COOJA_SIMULATION,1024,2,gilbert,0.5,10.0,none,200021,valid,none,,,runs/A-kem1024-gilbert-prr0p50-L10-rep21-seed200021-v2/cooja.log,1fd2be8a969ce850492795b27494e9d8443918c44f57ffd0f1b97db971a1dbcd,8999,86,success,0,FAILED_PROTOCOL
A-kem1024-gilbert-prr0p50-L10-rep22-seed200022-v1,A-kem1024-gilbert-prr0p50-L10-rep22-seed200022,A_B1_VS_B2,COOJA_SIMULATION,1024,1,gilbert,0.5,10.0,none,200022,valid,none,,,runs/A-kem1024-gilbert-prr0p50-L10-rep22-seed200022-v1/cooja.log,a448ebc17e5b63e0ccc973e2a2d5c157ecd62bfdb612fe571b3fffcd81c5e714,12450,125,success,0,FAILED_PROTOCOL
A-kem1024-gilbert-prr0p50-L10-rep22-seed200022-v2,A-kem1024-gilbert-prr0p50-L10-rep22-seed200022,A_B1_VS_B2,COOJA_SIMULATION,1024,2,gilbert,0.5,10.0,none,200022,valid,none,,,runs/A-kem1024-gilbert-prr0p50-L10-rep22-seed200022-v2/cooja.log,d65ded5cac8725da5990908493f6f5ccd9a0133a3ada4827c87add3b58576a76,12684,127,success,0,FAILED_PROTOCOL
A-kem1024-gilbert-prr0p50-L10-rep23-seed200023-v1,A-kem1024-gilbert-prr0p50-L10-rep23-seed200023,A_B1_VS_B2,COOJA_SIMULATION,1024,1,gilbert,0.5,10.0,none,200023,valid,none,,,runs/A-kem1024-gilbert-prr0p50-L10-rep23-seed200023-v1/cooja.log,283c9d12129bcd85d2c2784dfbf98eb782b92486825dba49f457042ca5fa65d5,12241,123,success,0,FAILED_PROTOCOL
A-kem1024-gilbert-prr0p50-L10-rep23-seed200023-v2,A-kem1024-gilbert-prr0p50-L10-rep23-seed200023,A_B1_VS_B2,COOJA_SIMULATION,1024,2,gilbert,0.5,10.0,none,200023,valid,none,,,runs/A-kem1024-gilbert-prr0p50-L10-rep23-seed200023-v2/cooja.log,73e32c8b85139275c65939a49be1d3f79f1aff2174cdbef5527d2f5eb4b7888d,12475,125,success,0,FAILED_PROTOCOL
A-kem1024-gilbert-prr0p50-L10-rep24-seed200024-v1,A-kem1024-gilbert-prr0p50-L10-rep24-seed200024,A_B1_VS_B2,COOJA_SIMULATION,1024,1,gilbert,0.5,10.0,none,200024,valid,none,,,runs/A-kem1024-gilbert-prr0p50-L10-rep24-seed200024-v1/cooja.log,3aaf1af67ba405901e2711425d8ef1e14decb99f13e38f0f583e951723c1924e,8088,76,success,0,FAILED_PROTOCOL
A-kem1024-gilbert-prr0p50-L10-rep24-seed200024-v2,A-kem1024-gilbert-prr0p50-L10-rep24-seed200024,A_B1_VS_B2,COOJA_SIMULATION,1024,2,gilbert,0.5,10.0,none,200024,valid,none,,,runs/A-kem1024-gilbert-prr0p50-L10-rep24-seed200024-v2/cooja.log,8b681e931fa3564fef23f1285483c032213e4c17c8b96dff85fd1341516eab9d,8322,78,success,0,FAILED_PROTOCOL
A-kem1024-gilbert-prr0p50-L10-rep25-seed200025-v1,A-kem1024-gilbert-prr0p50-L10-rep25-seed200025,A_B1_VS_B2,COOJA_SIMULATION,1024,1,gilbert,0.5,10.0,none,200025,valid,none,,,runs/A-kem1024-gilbert-prr0p50-L10-rep25-seed200025-v1/cooja.log,2d7fe78354a4bf6264860b096aad48fc231f812a69fc1ac5bf8bb86e07c041c1,10785,107,success,0,FAILED_PROTOCOL
A-kem1024-gilbert-prr0p50-L10-rep25-seed200025-v2,A-kem1024-gilbert-prr0p50-L10-rep25-seed200025,A_B1_VS_B2,COOJA_SIMULATION,1024,2,gilbert,0.5,10.0,none,200025,valid,none,,,runs/A-kem1024-gilbert-prr0p50-L10-rep25-seed200025-v2/cooja.log,e0b3d30b07887a0546f771ec78475f11d498e0e4596077932c069447e8628749,11019,109,success,0,FAILED_PROTOCOL
A-kem1024-gilbert-prr0p50-L10-rep26-seed200026-v1,A-kem1024-gilbert-prr0p50-L10-rep26-seed200026,A_B1_VS_B2,COOJA_SIMULATION,1024,1,gilbert,0.5,10.0,none,200026,valid,none,,,runs/A-kem1024-gilbert-prr0p50-L10-rep26-seed200026-v1/cooja.log,f77ae799a5f1cf1ea9b19034e07101d53ff9db4fa0e5adb54e2319644e414fbf,9784,96,success,0,FAILED_PROTOCOL
A-kem1024-gilbert-prr0p50-L10-rep26-seed200026-v2,A-kem1024-gilbert-prr0p50-L10-rep26-seed200026,A_B1_VS_B2,COOJA_SIMULATION,1024,2,gilbert,0.5,10.0,none,200026,valid,none,,,runs/A-kem1024-gilbert-prr0p50-L10-rep26-seed200026-v2/cooja.log,9a10354e7cae6654a977abde66b099c7ce751ede5aa133bf73a119a12a975704,10018,98,success,0,FAILED_PROTOCOL
A-kem1024-gilbert-prr0p50-L10-rep27-seed200027-v1,A-kem1024-gilbert-prr0p50-L10-rep27-seed200027,A_B1_VS_B2,COOJA_SIMULATION,1024,1,gilbert,0.5,10.0,none,200027,valid,none,,,runs/A-kem1024-gilbert-prr0p50-L10-rep27-seed200027-v1/cooja.log,882c8ff82882f8400fc0f649ce9283d6e7fb095c5bdf733a73226eeb381f0405,11019,110,success,0,FAILED_PROTOCOL
A-kem1024-gilbert-prr0p50-L10-rep27-seed200027-v2,A-kem1024-gilbert-prr0p50-L10-rep27-seed200027,A_B1_VS_B2,COOJA_SIMULATION,1024,2,gilbert,0.5,10.0,none,200027,valid,none,,,runs/A-kem1024-gilbert-prr0p50-L10-rep27-seed200027-v2/cooja.log,fe760a692bd5ab7576c55916c6df105caa4c6a79323cb49f1070d0b834d90ae8,11253,112,success,0,FAILED_PROTOCOL
A-kem1024-gilbert-prr0p50-L10-rep28-seed200028-v1,A-kem1024-gilbert-prr0p50-L10-rep28-seed200028,A_B1_VS_B2,COOJA_SIMULATION,1024,1,gilbert,0.5,10.0,none,200028,valid,none,,,runs/A-kem1024-gilbert-prr0p50-L10-rep28-seed200028-v1/cooja.log,29bf47111b1501dbcedac78eb88680222807746603fb2c03a0c73c916a31284b,8915,86,success,0,FAILED_PROTOCOL
A-kem1024-gilbert-prr0p50-L10-rep28-seed200028-v2,A-kem1024-gilbert-prr0p50-L10-rep28-seed200028,A_B1_VS_B2,COOJA_SIMULATION,1024,2,gilbert,0.5,10.0,none,200028,valid,none,,,runs/A-kem1024-gilbert-prr0p50-L10-rep28-seed200028-v2/cooja.log,add175942f04691b226ba084d1baae04127eb1d23fab4e31ce17282cbfb53bcf,9149,88,success,0,FAILED_PROTOCOL
A-kem1024-gilbert-prr0p50-L10-rep29-seed200029-v1,A-kem1024-gilbert-prr0p50-L10-rep29-seed200029,A_B1_VS_B2,COOJA_SIMULATION,1024,1,gilbert,0.5,10.0,none,200029,valid,none,,,runs/A-kem1024-gilbert-prr0p50-L10-rep29-seed200029-v1/cooja.log,8519563ba92e657b28d2c857980cf8967367fda6a5fc6224b15c8c2c7927b775,12219,120,success,0,FAILED_PROTOCOL
A-kem1024-gilbert-prr0p50-L10-rep29-seed200029-v2,A-kem1024-gilbert-prr0p50-L10-rep29-seed200029,A_B1_VS_B2,COOJA_SIMULATION,1024,2,gilbert,0.5,10.0,none,200029,valid,none,,,runs/A-kem1024-gilbert-prr0p50-L10-rep29-seed200029-v2/cooja.log,94a391bcf5f038df44a9ec81230703b8c70bf716e6fe135941b6bbadc8994486,14550,146,success,0,FAILED_PROTOCOL
A-kem1024-gilbert-prr0p50-L10-rep30-seed200030-v1,A-kem1024-gilbert-prr0p50-L10-rep30-seed200030,A_B1_VS_B2,COOJA_SIMULATION,1024,1,gilbert,0.5,10.0,none,200030,valid,none,,,runs/A-kem1024-gilbert-prr0p50-L10-rep30-seed200030-v1/cooja.log,de63cad5f16d956f0e61e320be35423fcba17ed985c94c52a9900e6625f27d87,12072,122,success,0,FAILED_PROTOCOL
A-kem1024-gilbert-prr0p50-L10-rep30-seed200030-v2,A-kem1024-gilbert-prr0p50-L10-rep30-seed200030,A_B1_VS_B2,COOJA_SIMULATION,1024,2,gilbert,0.5,10.0,none,200030,valid,none,,,runs/A-kem1024-gilbert-prr0p50-L10-rep30-seed200030-v2/cooja.log,b6b2dcb295342de999ebc421e096ee1c2ed45cc2ff0ad256cec40311ec22b61a,12306,124,success,0,FAILED_PROTOCOL
A-kem1024-gilbert-prr0p85-L2-rep01-seed200001-v1,A-kem1024-gilbert-prr0p85-L2-rep01-seed200001,A_B1_VS_B2,COOJA_SIMULATION,1024,1,gilbert,0.85,2.0,none,200001,valid,none,,,runs/A-kem1024-gilbert-prr0p85-L2-rep01-seed200001-v1/cooja.log,5ff7a37eb019fdaa1cbe6d52f177766d162c5f83384ca27ba8c2b70cbb458e62,14273,142,success,0,FAILED_PROTOCOL
A-kem1024-gilbert-prr0p85-L2-rep01-seed200001-v2,A-kem1024-gilbert-prr0p85-L2-rep01-seed200001,A_B1_VS_B2,COOJA_SIMULATION,1024,2,gilbert,0.85,2.0,none,200001,valid,none,,,runs/A-kem1024-gilbert-prr0p85-L2-rep01-seed200001-v2/cooja.log,8185be83cc05f03e38e3523539f52847c31aa897935bd05f4f726720497438ff,14397,150,success,0,FAILED_PROTOCOL
A-kem1024-gilbert-prr0p85-L2-rep02-seed200002-v1,A-kem1024-gilbert-prr0p85-L2-rep02-seed200002,A_B1_VS_B2,COOJA_SIMULATION,1024,1,gilbert,0.85,2.0,none,200002,valid,none,,,runs/A-kem1024-gilbert-prr0p85-L2-rep02-seed200002-v1/cooja.log,2e205ec434e2180481213a035b9bc84c65dafc76265310c4c262875fb6ae8cb5,10914,110,success,0,FAILED_PROTOCOL
A-kem1024-gilbert-prr0p85-L2-rep02-seed200002-v2,A-kem1024-gilbert-prr0p85-L2-rep02-seed200002,A_B1_VS_B2,COOJA_SIMULATION,1024,2,gilbert,0.85,2.0,none,200002,valid,none,,,runs/A-kem1024-gilbert-prr0p85-L2-rep02-seed200002-v2/cooja.log,f82c0c3708767d4be072ab0df2c963b3ab99d74c4d4c705236e2dac29aae3ecc,11148,112,success,0,FAILED_PROTOCOL
A-kem1024-gilbert-prr0p85-L2-rep03-seed200003-v1,A-kem1024-gilbert-prr0p85-L2-rep03-seed200003,A_B1_VS_B2,COOJA_SIMULATION,1024,1,gilbert,0.85,2.0,none,200003,valid,none,,,runs/A-kem1024-gilbert-prr0p85-L2-rep03-seed200003-v1/cooja.log,83ea001b0c8b846303b4d358dee5ad5244623d34b502e1d3ddce1fb435be5a12,13541,139,success,0,FAILED_PROTOCOL
A-kem1024-gilbert-prr0p85-L2-rep03-seed200003-v2,A-kem1024-gilbert-prr0p85-L2-rep03-seed200003,A_B1_VS_B2,COOJA_SIMULATION,1024,2,gilbert,0.85,2.0,none,200003,valid,none,,,runs/A-kem1024-gilbert-prr0p85-L2-rep03-seed200003-v2/cooja.log,2b966821ac65f0976e7a48fc92017f0cb5f9f22941beba020e51aaa71e18f838,13775,141,success,0,FAILED_PROTOCOL
A-kem1024-gilbert-prr0p85-L2-rep04-seed200004-v1,A-kem1024-gilbert-prr0p85-L2-rep04-seed200004,A_B1_VS_B2,COOJA_SIMULATION,1024,1,gilbert,0.85,2.0,none,200004,valid,none,,,runs/A-kem1024-gilbert-prr0p85-L2-rep04-seed200004-v1/cooja.log,c98c07a74a058dd428369d905091e9d7693fedae3baf824d78af186e9238f8a1,18112,188,success,0,FAILED_PROTOCOL
A-kem1024-gilbert-prr0p85-L2-rep04-seed200004-v2,A-kem1024-gilbert-prr0p85-L2-rep04-seed200004,A_B1_VS_B2,COOJA_SIMULATION,1024,2,gilbert,0.85,2.0,none,200004,valid,none,,,runs/A-kem1024-gilbert-prr0p85-L2-rep04-seed200004-v2/cooja.log,07acb0499089f1a8be1ef5a7bd6c846558eb42618184059490b33b3fd730ac0b,22142,226,success,1,SUCCESS
A-kem1024-gilbert-prr0p85-L2-rep05-seed200005-v1,A-kem1024-gilbert-prr0p85-L2-rep05-seed200005,A_B1_VS_B2,COOJA_SIMULATION,1024,1,gilbert,0.85,2.0,none,200005,valid,none,,,runs/A-kem1024-gilbert-prr0p85-L2-rep05-seed200005-v1/cooja.log,df7b5a272d14ec101d6e6d701000fa505748ad96156d7a595e77a69165c2e34d,13821,142,success,0,FAILED_PROTOCOL
A-kem1024-gilbert-prr0p85-L2-rep05-seed200005-v2,A-kem1024-gilbert-prr0p85-L2-rep05-seed200005,A_B1_VS_B2,COOJA_SIMULATION,1024,2,gilbert,0.85,2.0,none,200005,valid,none,,,runs/A-kem1024-gilbert-prr0p85-L2-rep05-seed200005-v2/cooja.log,e9113ead1704b7f403e5aa25f1e8bc7c2ef82c8d33a097e94b77b6d9fa8d4b8b,14055,144,success,0,FAILED_PROTOCOL
A-kem1024-gilbert-prr0p85-L2-rep06-seed200006-v1,A-kem1024-gilbert-prr0p85-L2-rep06-seed200006,A_B1_VS_B2,COOJA_SIMULATION,1024,1,gilbert,0.85,2.0,none,200006,valid,none,,,runs/A-kem1024-gilbert-prr0p85-L2-rep06-seed200006-v1/cooja.log,8298245bf69fa2fcf673775b42b2cf282dbe1cbf722ad91686bc1bc9ef502491,12710,127,success,0,FAILED_PROTOCOL
A-kem1024-gilbert-prr0p85-L2-rep06-seed200006-v2,A-kem1024-gilbert-prr0p85-L2-rep06-seed200006,A_B1_VS_B2,COOJA_SIMULATION,1024,2,gilbert,0.85,2.0,none,200006,valid,none,,,runs/A-kem1024-gilbert-prr0p85-L2-rep06-seed200006-v2/cooja.log,c4e6a40e8d1c6037ac3303f452fbc2333f3a24c2a1b7ad5e100d049067db19fd,20142,211,success,1,SUCCESS
A-kem1024-gilbert-prr0p85-L2-rep07-seed200007-v1,A-kem1024-gilbert-prr0p85-L2-rep07-seed200007,A_B1_VS_B2,COOJA_SIMULATION,1024,1,gilbert,0.85,2.0,none,200007,valid,none,,,runs/A-kem1024-gilbert-prr0p85-L2-rep07-seed200007-v1/cooja.log,8bc15d45eaece39e7cefbd850adc8d95e44043d135435befe9e6787e92743bc2,16424,167,success,0,FAILED_PROTOCOL
A-kem1024-gilbert-prr0p85-L2-rep07-seed200007-v2,A-kem1024-gilbert-prr0p85-L2-rep07-seed200007,A_B1_VS_B2,COOJA_SIMULATION,1024,2,gilbert,0.85,2.0,none,200007,valid,none,,,runs/A-kem1024-gilbert-prr0p85-L2-rep07-seed200007-v2/cooja.log,42219e78c29736e757092b8e85f5ff041ab33a45699f257a0e7d7fa3aa99e4f8,21436,218,success,0,FAILED_PROTOCOL
A-kem1024-gilbert-prr0p85-L2-rep08-seed200008-v1,A-kem1024-gilbert-prr0p85-L2-rep08-seed200008,A_B1_VS_B2,COOJA_SIMULATION,1024,1,gilbert,0.85,2.0,none,200008,valid,none,,,runs/A-kem1024-gilbert-prr0p85-L2-rep08-seed200008-v1/cooja.log,2c9bf3fff6cc13ed4dabc2d08582909eac8d58015712748a7bcef2a60736f3e3,13284,136,success,0,FAILED_PROTOCOL
A-kem1024-gilbert-prr0p85-L2-rep08-seed200008-v2,A-kem1024-gilbert-prr0p85-L2-rep08-seed200008,A_B1_VS_B2,COOJA_SIMULATION,1024,2,gilbert,0.85,2.0,none,200008,valid,none,,,runs/A-kem1024-gilbert-prr0p85-L2-rep08-seed200008-v2/cooja.log,719747f33176f47966b668b6727fe70146a02fcdb7289a129fb52e1076c3e3f0,13518,138,success,0,FAILED_PROTOCOL
A-kem1024-gilbert-prr0p85-L2-rep09-seed200009-v1,A-kem1024-gilbert-prr0p85-L2-rep09-seed200009,A_B1_VS_B2,COOJA_SIMULATION,1024,1,gilbert,0.85,2.0,none,200009,valid,none,,,runs/A-kem1024-gilbert-prr0p85-L2-rep09-seed200009-v1/cooja.log,b1869bc93de4d03cae419adbb0b80fc831e7f106b103def3fd053b96f077b1c2,18201,187,success,0,FAILED_PROTOCOL
A-kem1024-gilbert-prr0p85-L2-rep09-seed200009-v2,A-kem1024-gilbert-prr0p85-L2-rep09-seed200009,A_B1_VS_B2,COOJA_SIMULATION,1024,2,gilbert,0.85,2.0,none,200009,valid,none,,,runs/A-kem1024-gilbert-prr0p85-L2-rep09-seed200009-v2/cooja.log,17749c02f07f6cffefa96fcf3ab2624ce0146434b8c0b2f1f8d699f78297e022,16894,177,success,0,FAILED_PROTOCOL
A-kem1024-gilbert-prr0p85-L2-rep10-seed200010-v1,A-kem1024-gilbert-prr0p85-L2-rep10-seed200010,A_B1_VS_B2,COOJA_SIMULATION,1024,1,gilbert,0.85,2.0,none,200010,valid,none,,,runs/A-kem1024-gilbert-prr0p85-L2-rep10-seed200010-v1/cooja.log,49f6d7453c2823fad273936030e60e18f3fb0a02a9f870bf88603359d24f94b7,12666,126,success,0,FAILED_PROTOCOL
A-kem1024-gilbert-prr0p85-L2-rep10-seed200010-v2,A-kem1024-gilbert-prr0p85-L2-rep10-seed200010,A_B1_VS_B2,COOJA_SIMULATION,1024,2,gilbert,0.85,2.0,none,200010,valid,none,,,runs/A-kem1024-gilbert-prr0p85-L2-rep10-seed200010-v2/cooja.log,2455968e3f96683f14695aa9541604f9c22aaadc3a05e7bc65ae99e553e4397e,21975,226,success,0,FAILED_PROTOCOL
A-kem1024-gilbert-prr0p85-L2-rep11-seed200011-v1,A-kem1024-gilbert-prr0p85-L2-rep11-seed200011,A_B1_VS_B2,COOJA_SIMULATION,1024,1,gilbert,0.85,2.0,none,200011,valid,none,,,runs/A-kem1024-gilbert-prr0p85-L2-rep11-seed200011-v1/cooja.log,76649a089bb23b524520ae8d004458c4a4037f9d715ef4d905b1c249ce34ba52,12647,129,success,0,FAILED_PROTOCOL
A-kem1024-gilbert-prr0p85-L2-rep11-seed200011-v2,A-kem1024-gilbert-prr0p85-L2-rep11-seed200011,A_B1_VS_B2,COOJA_SIMULATION,1024,2,gilbert,0.85,2.0,none,200011,valid,none,,,runs/A-kem1024-gilbert-prr0p85-L2-rep11-seed200011-v2/cooja.log,75a692811f9c1b9a27ca6a96663ae5957ba8ba06cfbaf4e562886f86c9ca3ac3,12881,131,success,0,FAILED_PROTOCOL
A-kem1024-gilbert-prr0p85-L2-rep12-seed200012-v1,A-kem1024-gilbert-prr0p85-L2-rep12-seed200012,A_B1_VS_B2,COOJA_SIMULATION,1024,1,gilbert,0.85,2.0,none,200012,valid,none,,,runs/A-kem1024-gilbert-prr0p85-L2-rep12-seed200012-v1/cooja.log,7dd1ef65bef4850dc3fb6ec1d8183ef7a61081f1d16738a3f51cbbacf0c39d21,11552,117,success,0,FAILED_PROTOCOL
A-kem1024-gilbert-prr0p85-L2-rep12-seed200012-v2,A-kem1024-gilbert-prr0p85-L2-rep12-seed200012,A_B1_VS_B2,COOJA_SIMULATION,1024,2,gilbert,0.85,2.0,none,200012,valid,none,,,runs/A-kem1024-gilbert-prr0p85-L2-rep12-seed200012-v2/cooja.log,012b92861ac5f806920e7386bd72c4aa5c793988e96b2e1a69c3a821b6ceb545,11786,119,success,0,FAILED_PROTOCOL
A-kem1024-gilbert-prr0p85-L2-rep13-seed200013-v1,A-kem1024-gilbert-prr0p85-L2-rep13-seed200013,A_B1_VS_B2,COOJA_SIMULATION,1024,1,gilbert,0.85,2.0,none,200013,valid,none,,,runs/A-kem1024-gilbert-prr0p85-L2-rep13-seed200013-v1/cooja.log,606683764a946a21aebc27e20b6c6bd4d6777738324ab121ccaecedc03cb160f,16301,166,success,0,FAILED_PROTOCOL
A-kem1024-gilbert-prr0p85-L2-rep13-seed200013-v2,A-kem1024-gilbert-prr0p85-L2-rep13-seed200013,A_B1_VS_B2,COOJA_SIMULATION,1024,2,gilbert,0.85,2.0,none,200013,valid,none,,,runs/A-kem1024-gilbert-prr0p85-L2-rep13-seed200013-v2/cooja.log,b5ed25a0da346f8b6f7c746d4fb14636b4d96a147a40713dcf9b49d194faa076,20955,213,success,1,SUCCESS
A-kem1024-gilbert-prr0p85-L2-rep14-seed200014-v1,A-kem1024-gilbert-prr0p85-L2-rep14-seed200014,A_B1_VS_B2,COOJA_SIMULATION,1024,1,gilbert,0.85,2.0,none,200014,valid,none,,,runs/A-kem1024-gilbert-prr0p85-L2-rep14-seed200014-v1/cooja.log,c379a104f322eba438269e86f51f27737da82055eb561845443470ad733d71d4,13380,134,success,0,FAILED_PROTOCOL
A-kem1024-gilbert-prr0p85-L2-rep14-seed200014-v2,A-kem1024-gilbert-prr0p85-L2-rep14-seed200014,A_B1_VS_B2,COOJA_SIMULATION,1024,2,gilbert,0.85,2.0,none,200014,valid,none,,,runs/A-kem1024-gilbert-prr0p85-L2-rep14-seed200014-v2/cooja.log,a5297e893deacb57bf4e8c0bb5fec8540b90c7787623ea25ec7b435f392451f7,21749,221,success,1,SUCCESS
A-kem1024-gilbert-prr0p85-L2-rep15-seed200015-v1,A-kem1024-gilbert-prr0p85-L2-rep15-seed200015,A_B1_VS_B2,COOJA_SIMULATION,1024,1,gilbert,0.85,2.0,none,200015,valid,none,,,runs/A-kem1024-gilbert-prr0p85-L2-rep15-seed200015-v1/cooja.log,75606041b12b6f628b5ac77845486be053d37e3d24a8e00f8bf4b2006b32b117,18091,187,success,0,FAILED_PROTOCOL
A-kem1024-gilbert-prr0p85-L2-rep15-seed200015-v2,A-kem1024-gilbert-prr0p85-L2-rep15-seed200015,A_B1_VS_B2,COOJA_SIMULATION,1024,2,gilbert,0.85,2.0,none,200015,valid,none,,,runs/A-kem1024-gilbert-prr0p85-L2-rep15-seed200015-v2/cooja.log,f3cb230ce95affd3e3cf28b3ebdff5e16a05e6748a506c740fb7a6af13c4dbcc,20293,205,success,1,SUCCESS
A-kem1024-gilbert-prr0p85-L2-rep16-seed200016-v1,A-kem1024-gilbert-prr0p85-L2-rep16-seed200016,A_B1_VS_B2,COOJA_SIMULATION,1024,1,gilbert,0.85,2.0,none,200016,valid,none,,,runs/A-kem1024-gilbert-prr0p85-L2-rep16-seed200016-v1/cooja.log,d445f456e9e3446b17271efc1add212f5beef0de02450b302d41345805740f59,11492,116,success,0,FAILED_PROTOCOL
A-kem1024-gilbert-prr0p85-L2-rep16-seed200016-v2,A-kem1024-gilbert-prr0p85-L2-rep16-seed200016,A_B1_VS_B2,COOJA_SIMULATION,1024,2,gilbert,0.85,2.0,none,200016,valid,none,,,runs/A-kem1024-gilbert-prr0p85-L2-rep16-seed200016-v2/cooja.log,26836925f629187db862076d47fe4e05d602324ac141893863edae4855aef453,11726,118,success,0,FAILED_PROTOCOL
A-kem1024-gilbert-prr0p85-L2-rep17-seed200017-v1,A-kem1024-gilbert-prr0p85-L2-rep17-seed200017,A_B1_VS_B2,COOJA_SIMULATION,1024,1,gilbert,0.85,2.0,none,200017,valid,none,,,runs/A-kem1024-gilbert-prr0p85-L2-rep17-seed200017-v1/cooja.log,85df71e6e9590ddd5552b593a78f4b30980b883b47710e9fedf53873562cd44b,14146,146,success,0,FAILED_PROTOCOL
A-kem1024-gilbert-prr0p85-L2-rep17-seed200017-v2,A-kem1024-gilbert-prr0p85-L2-rep17-seed200017,A_B1_VS_B2,COOJA_SIMULATION,1024,2,gilbert,0.85,2.0,none,200017,valid,none,,,runs/A-kem1024-gilbert-prr0p85-L2-rep17-seed200017-v2/cooja.log,db298f4c25e78783aac6c09a4a5cc65a98e1fca43ea2d307c70c504a9c1c54eb,14380,148,success,0,FAILED_PROTOCOL
A-kem1024-gilbert-prr0p85-L2-rep18-seed200018-v1,A-kem1024-gilbert-prr0p85-L2-rep18-seed200018,A_B1_VS_B2,COOJA_SIMULATION,1024,1,gilbert,0.85,2.0,none,200018,valid,none,,,runs/A-kem1024-gilbert-prr0p85-L2-rep18-seed200018-v1/cooja.log,74ff8d035550b6fac28545c44901f3a11a96687a458cc8398075dc076f1853b7,11880,120,success,0,FAILED_PROTOCOL
A-kem1024-gilbert-prr0p85-L2-rep18-seed200018-v2,A-kem1024-gilbert-prr0p85-L2-rep18-seed200018,A_B1_VS_B2,COOJA_SIMULATION,1024,2,gilbert,0.85,2.0,none,200018,valid,none,,,runs/A-kem1024-gilbert-prr0p85-L2-rep18-seed200018-v2/cooja.log,3f7f663ea81439cd747283656703d8891bdd4c3a7c8aace5b4f2cc426953e849,12114,122,success,0,FAILED_PROTOCOL
A-kem1024-gilbert-prr0p85-L2-rep19-seed200019-v1,A-kem1024-gilbert-prr0p85-L2-rep19-seed200019,A_B1_VS_B2,COOJA_SIMULATION,1024,1,gilbert,0.85,2.0,none,200019,valid,none,,,runs/A-kem1024-gilbert-prr0p85-L2-rep19-seed200019-v1/cooja.log,1dd4318a1f033630f0dfc7ee3f17b74dc123530c2361ae7a2217128c1b082810,13426,135,success,0,FAILED_PROTOCOL
A-kem1024-gilbert-prr0p85-L2-rep19-seed200019-v2,A-kem1024-gilbert-prr0p85-L2-rep19-seed200019,A_B1_VS_B2,COOJA_SIMULATION,1024,2,gilbert,0.85,2.0,none,200019,valid,none,,,runs/A-kem1024-gilbert-prr0p85-L2-rep19-seed200019-v2/cooja.log,c261c87ef21f65796036ca74ce30ba423f634c751f7713c90b125cb83677a85f,21476,219,success,1,SUCCESS
A-kem1024-gilbert-prr0p85-L2-rep20-seed200020-v1,A-kem1024-gilbert-prr0p85-L2-rep20-seed200020,A_B1_VS_B2,COOJA_SIMULATION,1024,1,gilbert,0.85,2.0,none,200020,valid,none,,,runs/A-kem1024-gilbert-prr0p85-L2-rep20-seed200020-v1/cooja.log,d811f6893fe085f63f81aab1d687648bd453569438de346bd3b8e12b5e22e0f1,11653,118,success,0,FAILED_PROTOCOL
A-kem1024-gilbert-prr0p85-L2-rep20-seed200020-v2,A-kem1024-gilbert-prr0p85-L2-rep20-seed200020,A_B1_VS_B2,COOJA_SIMULATION,1024,2,gilbert,0.85,2.0,none,200020,valid,none,,,runs/A-kem1024-gilbert-prr0p85-L2-rep20-seed200020-v2/cooja.log,32420f0088c1d8e18d866c9b936cd5c77deb76d57953a7fa0018942bcf53194a,11887,120,success,0,FAILED_PROTOCOL
A-kem1024-gilbert-prr0p85-L2-rep21-seed200021-v1,A-kem1024-gilbert-prr0p85-L2-rep21-seed200021,A_B1_VS_B2,COOJA_SIMULATION,1024,1,gilbert,0.85,2.0,none,200021,valid,none,,,runs/A-kem1024-gilbert-prr0p85-L2-rep21-seed200021-v1/cooja.log,ba1a45e60bf322f02c5a94c8b1021dcfa243c25450c4f3aec56fff93cfde525d,15493,158,success,0,FAILED_PROTOCOL
A-kem1024-gilbert-prr0p85-L2-rep21-seed200021-v2,A-kem1024-gilbert-prr0p85-L2-rep21-seed200021,A_B1_VS_B2,COOJA_SIMULATION,1024,2,gilbert,0.85,2.0,none,200021,valid,none,,,runs/A-kem1024-gilbert-prr0p85-L2-rep21-seed200021-v2/cooja.log,4a8836a2fc3a409bd3db529141f2668e631ccced34ebdbd2e1a57972456f7f55,23020,242,success,0,FAILED_PROTOCOL
A-kem1024-gilbert-prr0p85-L2-rep22-seed200022-v1,A-kem1024-gilbert-prr0p85-L2-rep22-seed200022,A_B1_VS_B2,COOJA_SIMULATION,1024,1,gilbert,0.85,2.0,none,200022,valid,none,,,runs/A-kem1024-gilbert-prr0p85-L2-rep22-seed200022-v1/cooja.log,c1e8c72effb0ca1b7c3c59a3a52abc8545588f52ea9f4f8b2d0fe49de07aa6e0,13610,140,success,0,FAILED_PROTOCOL
A-kem1024-gilbert-prr0p85-L2-rep22-seed200022-v2,A-kem1024-gilbert-prr0p85-L2-rep22-seed200022,A_B1_VS_B2,COOJA_SIMULATION,1024,2,gilbert,0.85,2.0,none,200022,valid,none,,,runs/A-kem1024-gilbert-prr0p85-L2-rep22-seed200022-v2/cooja.log,907add423ac649504f8c02ca9f1698232ea58171698451260d536be1e8aa058d,13844,142,success,0,FAILED_PROTOCOL
A-kem1024-gilbert-prr0p85-L2-rep23-seed200023-v1,A-kem1024-gilbert-prr0p85-L2-rep23-seed200023,A_B1_VS_B2,COOJA_SIMULATION,1024,1,gilbert,0.85,2.0,none,200023,valid,none,,,runs/A-kem1024-gilbert-prr0p85-L2-rep23-seed200023-v1/cooja.log,7fc7d6ef6f0e27b486aea9b74eb2e2dcc986126ccf617254ad549b7ac5fd0be7,12755,130,success,0,FAILED_PROTOCOL
A-kem1024-gilbert-prr0p85-L2-rep23-seed200023-v2,A-kem1024-gilbert-prr0p85-L2-rep23-seed200023,A_B1_VS_B2,COOJA_SIMULATION,1024,2,gilbert,0.85,2.0,none,200023,valid,none,,,runs/A-kem1024-gilbert-prr0p85-L2-rep23-seed200023-v2/cooja.log,7b83048642e67b03d72ee7595c26dd96b0a9c4c9609e8b1d62edbb542f94ee80,12989,132,success,0,FAILED_PROTOCOL
A-kem1024-gilbert-prr0p85-L2-rep24-seed200024-v1,A-kem1024-gilbert-prr0p85-L2-rep24-seed200024,A_B1_VS_B2,COOJA_SIMULATION,1024,1,gilbert,0.85,2.0,none,200024,valid,none,,,runs/A-kem1024-gilbert-prr0p85-L2-rep24-seed200024-v1/cooja.log,06a08e1293638b23625a51ad651f2a1303dcfb9bdb76cbd7bc224098318ac1e6,18660,194,success,0,FAILED_PROTOCOL
A-kem1024-gilbert-prr0p85-L2-rep24-seed200024-v2,A-kem1024-gilbert-prr0p85-L2-rep24-seed200024,A_B1_VS_B2,COOJA_SIMULATION,1024,2,gilbert,0.85,2.0,none,200024,valid,none,,,runs/A-kem1024-gilbert-prr0p85-L2-rep24-seed200024-v2/cooja.log,2b1ea0b5d553a3579142870072a10a1ad20a3b8b00820ad57f55f214db5d9f51,21510,218,success,1,SUCCESS
A-kem1024-gilbert-prr0p85-L2-rep25-seed200025-v1,A-kem1024-gilbert-prr0p85-L2-rep25-seed200025,A_B1_VS_B2,COOJA_SIMULATION,1024,1,gilbert,0.85,2.0,none,200025,valid,none,,,runs/A-kem1024-gilbert-prr0p85-L2-rep25-seed200025-v1/cooja.log,873a7fcd0453aa9174aa0bfa88cdb33cd6e95c3cf45c7ca61a259b210fcdee34,12631,129,success,0,FAILED_PROTOCOL
A-kem1024-gilbert-prr0p85-L2-rep25-seed200025-v2,A-kem1024-gilbert-prr0p85-L2-rep25-seed200025,A_B1_VS_B2,COOJA_SIMULATION,1024,2,gilbert,0.85,2.0,none,200025,valid,none,,,runs/A-kem1024-gilbert-prr0p85-L2-rep25-seed200025-v2/cooja.log,8a4ed6c7bce7de1f794ebc93443c8558f16c4ae6a8c3ac3f49666934029a1901,12865,131,success,0,FAILED_PROTOCOL
A-kem1024-gilbert-prr0p85-L2-rep26-seed200026-v1,A-kem1024-gilbert-prr0p85-L2-rep26-seed200026,A_B1_VS_B2,COOJA_SIMULATION,1024,1,gilbert,0.85,2.0,none,200026,valid,none,,,runs/A-kem1024-gilbert-prr0p85-L2-rep26-seed200026-v1/cooja.log,c8632094d5799eae0fae81936981ab2caa00cf8964e5edc3aa43bbe48c694c88,12556,128,success,0,FAILED_PROTOCOL
A-kem1024-gilbert-prr0p85-L2-rep26-seed200026-v2,A-kem1024-gilbert-prr0p85-L2-rep26-seed200026,A_B1_VS_B2,COOJA_SIMULATION,1024,2,gilbert,0.85,2.0,none,200026,valid,none,,,runs/A-kem1024-gilbert-prr0p85-L2-rep26-seed200026-v2/cooja.log,11ec4b31a3b5a56b4603ec0d5cc83c7da6d1148f83cb7df0225ef7e6ee99c2fc,12790,130,success,0,FAILED_PROTOCOL
A-kem1024-gilbert-prr0p85-L2-rep27-seed200027-v1,A-kem1024-gilbert-prr0p85-L2-rep27-seed200027,A_B1_VS_B2,COOJA_SIMULATION,1024,1,gilbert,0.85,2.0,none,200027,valid,none,,,runs/A-kem1024-gilbert-prr0p85-L2-rep27-seed200027-v1/cooja.log,c3ba2fa9068197f879ef8cb20c4321097bfce8d9407800a04c767367a11e7192,9454,92,success,0,FAILED_PROTOCOL
A-kem1024-gilbert-prr0p85-L2-rep27-seed200027-v2,A-kem1024-gilbert-prr0p85-L2-rep27-seed200027,A_B1_VS_B2,COOJA_SIMULATION,1024,2,gilbert,0.85,2.0,none,200027,valid,none,,,runs/A-kem1024-gilbert-prr0p85-L2-rep27-seed200027-v2/cooja.log,cedf01c27f9448d2577ee76a3592f315a3c4ccebe99fa42a1ec5c5749d9fc641,9688,94,success,0,FAILED_PROTOCOL
A-kem1024-gilbert-prr0p85-L2-rep28-seed200028-v1,A-kem1024-gilbert-prr0p85-L2-rep28-seed200028,A_B1_VS_B2,COOJA_SIMULATION,1024,1,gilbert,0.85,2.0,none,200028,valid,none,,,runs/A-kem1024-gilbert-prr0p85-L2-rep28-seed200028-v1/cooja.log,f6c48103e94ed4cf5068cf358809112d61855f2be606f06dfd75de214789187b,13782,146,success,1,SUCCESS
A-kem1024-gilbert-prr0p85-L2-rep28-seed200028-v2,A-kem1024-gilbert-prr0p85-L2-rep28-seed200028,A_B1_VS_B2,COOJA_SIMULATION,1024,2,gilbert,0.85,2.0,none,200028,valid,none,,,runs/A-kem1024-gilbert-prr0p85-L2-rep28-seed200028-v2/cooja.log,7c6c87b3043e0a4ed1651ae3507128c1cc9991898a6ba4773061be99c363027b,19318,194,success,1,SUCCESS
A-kem1024-gilbert-prr0p85-L2-rep29-seed200029-v1,A-kem1024-gilbert-prr0p85-L2-rep29-seed200029,A_B1_VS_B2,COOJA_SIMULATION,1024,1,gilbert,0.85,2.0,none,200029,valid,none,,,runs/A-kem1024-gilbert-prr0p85-L2-rep29-seed200029-v1/cooja.log,600f0a8a8ad0e93a8de39e7dfc6818ce0629785bb8b247515e9a8cd60d9f9977,13606,137,success,0,FAILED_PROTOCOL
A-kem1024-gilbert-prr0p85-L2-rep29-seed200029-v2,A-kem1024-gilbert-prr0p85-L2-rep29-seed200029,A_B1_VS_B2,COOJA_SIMULATION,1024,2,gilbert,0.85,2.0,none,200029,valid,none,,,runs/A-kem1024-gilbert-prr0p85-L2-rep29-seed200029-v2/cooja.log,5f3f65c17f754f2fe0010a00b430ef7bbc3ecf464edc3bc77aafcd25bfb2700c,21624,220,success,1,SUCCESS
A-kem1024-gilbert-prr0p85-L2-rep30-seed200030-v1,A-kem1024-gilbert-prr0p85-L2-rep30-seed200030,A_B1_VS_B2,COOJA_SIMULATION,1024,1,gilbert,0.85,2.0,none,200030,valid,none,,,runs/A-kem1024-gilbert-prr0p85-L2-rep30-seed200030-v1/cooja.log,551830cacdc2dd755cf625c27ba2082bda0b56faac0c0b67566fc6b0be472d01,16936,174,success,0,FAILED_PROTOCOL
A-kem1024-gilbert-prr0p85-L2-rep30-seed200030-v2,A-kem1024-gilbert-prr0p85-L2-rep30-seed200030,A_B1_VS_B2,COOJA_SIMULATION,1024,2,gilbert,0.85,2.0,none,200030,valid,none,,,runs/A-kem1024-gilbert-prr0p85-L2-rep30-seed200030-v2/cooja.log,c659bd09000b4169719122398f0370396457db6d4cf49707efebea0f13f9b41d,23876,245,success,1,SUCCESS
A-kem1024-gilbert-prr0p85-L5-rep01-seed200001-v1,A-kem1024-gilbert-prr0p85-L5-rep01-seed200001,A_B1_VS_B2,COOJA_SIMULATION,1024,1,gilbert,0.85,5.0,none,200001,valid,none,,,runs/A-kem1024-gilbert-prr0p85-L5-rep01-seed200001-v1/cooja.log,0aee7af6c49a908ca19c98c9b5d37b2371ca8ae688e5e975406484ed315823cb,16635,169,success,0,FAILED_PROTOCOL
A-kem1024-gilbert-prr0p85-L5-rep01-seed200001-v2,A-kem1024-gilbert-prr0p85-L5-rep01-seed200001,A_B1_VS_B2,COOJA_SIMULATION,1024,2,gilbert,0.85,5.0,none,200001,valid,none,,,runs/A-kem1024-gilbert-prr0p85-L5-rep01-seed200001-v2/cooja.log,c9d04f75a5a565d53022a9c58b41a1391953d23a40a83527b2560cc0b647ddf8,21042,213,success,1,SUCCESS
A-kem1024-gilbert-prr0p85-L5-rep02-seed200002-v1,A-kem1024-gilbert-prr0p85-L5-rep02-seed200002,A_B1_VS_B2,COOJA_SIMULATION,1024,1,gilbert,0.85,5.0,none,200002,valid,none,,,runs/A-kem1024-gilbert-prr0p85-L5-rep02-seed200002-v1/cooja.log,fdf65841e8c2f149e21c3eb850ddb7ae25bb86292eb81fc95a0b5425b71320c6,8770,84,success,0,FAILED_PROTOCOL
A-kem1024-gilbert-prr0p85-L5-rep02-seed200002-v2,A-kem1024-gilbert-prr0p85-L5-rep02-seed200002,A_B1_VS_B2,COOJA_SIMULATION,1024,2,gilbert,0.85,5.0,none,200002,valid,none,,,runs/A-kem1024-gilbert-prr0p85-L5-rep02-seed200002-v2/cooja.log,9d4d466b8a5e4dcc29b382d42f242d401ef5b41ca9478dd399fd35cd8aab61a2,9004,86,success,0,FAILED_PROTOCOL
A-kem1024-gilbert-prr0p85-L5-rep03-seed200003-v1,A-kem1024-gilbert-prr0p85-L5-rep03-seed200003,A_B1_VS_B2,COOJA_SIMULATION,1024,1,gilbert,0.85,5.0,none,200003,valid,none,,,runs/A-kem1024-gilbert-prr0p85-L5-rep03-seed200003-v1/cooja.log,a9c8a343c92fbea8f4fcec1a3090920cef9f1bcb82da9d4a7f6c1f2694d55da0,13394,137,success,0,FAILED_PROTOCOL
A-kem1024-gilbert-prr0p85-L5-rep03-seed200003-v2,A-kem1024-gilbert-prr0p85-L5-rep03-seed200003,A_B1_VS_B2,COOJA_SIMULATION,1024,2,gilbert,0.85,5.0,none,200003,valid,none,,,runs/A-kem1024-gilbert-prr0p85-L5-rep03-seed200003-v2/cooja.log,a8e4e4aa723d601a7920e21946ed2ebcce03b9b536de6a81cd8d3785285459da,13628,139,success,0,FAILED_PROTOCOL
A-kem1024-gilbert-prr0p85-L5-rep04-seed200004-v1,A-kem1024-gilbert-prr0p85-L5-rep04-seed200004,A_B1_VS_B2,COOJA_SIMULATION,1024,1,gilbert,0.85,5.0,none,200004,valid,none,,,runs/A-kem1024-gilbert-prr0p85-L5-rep04-seed200004-v1/cooja.log,834cb8ca0e32b208e43652116c838babc7ac48008c7d46a26b93c90cafda4a43,17976,186,success,0,FAILED_PROTOCOL
A-kem1024-gilbert-prr0p85-L5-rep04-seed200004-v2,A-kem1024-gilbert-prr0p85-L5-rep04-seed200004,A_B1_VS_B2,COOJA_SIMULATION,1024,2,gilbert,0.85,5.0,none,200004,valid,none,,,runs/A-kem1024-gilbert-prr0p85-L5-rep04-seed200004-v2/cooja.log,76fd3e763c320d22c5513f8ec2c75da73d409e7c3b5ccfcb5a8e66210990532c,21753,228,success,0,FAILED_PROTOCOL
A-kem1024-gilbert-prr0p85-L5-rep05-seed200005-v1,A-kem1024-gilbert-prr0p85-L5-rep05-seed200005,A_B1_VS_B2,COOJA_SIMULATION,1024,1,gilbert,0.85,5.0,none,200005,valid,none,,,runs/A-kem1024-gilbert-prr0p85-L5-rep05-seed200005-v1/cooja.log,e78aa98bdfeffe8476ee3c116f6719de6ff0290eaa45a9a29fc8ee8d652cd975,13971,144,success,0,FAILED_PROTOCOL
A-kem1024-gilbert-prr0p85-L5-rep05-seed200005-v2,A-kem1024-gilbert-prr0p85-L5-rep05-seed200005,A_B1_VS_B2,COOJA_SIMULATION,1024,2,gilbert,0.85,5.0,none,200005,valid,none,,,runs/A-kem1024-gilbert-prr0p85-L5-rep05-seed200005-v2/cooja.log,95bc5e1c914b8080da0b7ae693143324f884ea94618ac514f3d14c1edf7a50c9,14205,146,success,0,FAILED_PROTOCOL
A-kem1024-gilbert-prr0p85-L5-rep06-seed200006-v1,A-kem1024-gilbert-prr0p85-L5-rep06-seed200006,A_B1_VS_B2,COOJA_SIMULATION,1024,1,gilbert,0.85,5.0,none,200006,valid,none,,,runs/A-kem1024-gilbert-prr0p85-L5-rep06-seed200006-v1/cooja.log,44760565073b39dea9a3a1f7663f4d24fc26856d477e506277042bb43ef4c209,12785,128,success,0,FAILED_PROTOCOL
A-kem1024-gilbert-prr0p85-L5-rep06-seed200006-v2,A-kem1024-gilbert-prr0p85-L5-rep06-seed200006,A_B1_VS_B2,COOJA_SIMULATION,1024,2,gilbert,0.85,5.0,none,200006,valid,none,,,runs/A-kem1024-gilbert-prr0p85-L5-rep06-seed200006-v2/cooja.log,8a7b5cd566f9f92394ade8a39bb549888850eb0ba0252c33de3165620507ccc4,21142,215,success,1,SUCCESS
A-kem1024-gilbert-prr0p85-L5-rep07-seed200007-v1,A-kem1024-gilbert-prr0p85-L5-rep07-seed200007,A_B1_VS_B2,COOJA_SIMULATION,1024,1,gilbert,0.85,5.0,none,200007,valid,none,,,runs/A-kem1024-gilbert-prr0p85-L5-rep07-seed200007-v1/cooja.log,c968337f40357a4b6173abef31eadddbbfa7df90a97ec2a7fb6ca83bc5a4a9c7,16199,165,success,0,FAILED_PROTOCOL
A-kem1024-gilbert-prr0p85-L5-rep07-seed200007-v2,A-kem1024-gilbert-prr0p85-L5-rep07-seed200007,A_B1_VS_B2,COOJA_SIMULATION,1024,2,gilbert,0.85,5.0,none,200007,valid,none,,,runs/A-kem1024-gilbert-prr0p85-L5-rep07-seed200007-v2/cooja.log,658fc867bb757e620f5fc2daa2a6dca614a82dab5d8be56cf0a99a84b97ed1b5,20757,211,success,1,SUCCESS
A-kem1024-gilbert-prr0p85-L5-rep08-seed200008-v1,A-kem1024-gilbert-prr0p85-L5-rep08-seed200008,A_B1_VS_B2,COOJA_SIMULATION,1024,1,gilbert,0.85,5.0,none,200008,valid,none,,,runs/A-kem1024-gilbert-prr0p85-L5-rep08-seed200008-v1/cooja.log,e69ac92aba749887fa4bcc8f720580bca7544498df8f4593070ca0c960490bac,13207,135,success,0,FAILED_PROTOCOL
A-kem1024-gilbert-prr0p85-L5-rep08-seed200008-v2,A-kem1024-gilbert-prr0p85-L5-rep08-seed200008,A_B1_VS_B2,COOJA_SIMULATION,1024,2,gilbert,0.85,5.0,none,200008,valid,none,,,runs/A-kem1024-gilbert-prr0p85-L5-rep08-seed200008-v2/cooja.log,c0e65662a26cb5c1ca5c5811fe51e3ba54293c14ffccbfcebc22e6bce0c66e4b,13441,137,success,0,FAILED_PROTOCOL
A-kem1024-gilbert-prr0p85-L5-rep09-seed200009-v1,A-kem1024-gilbert-prr0p85-L5-rep09-seed200009,A_B1_VS_B2,COOJA_SIMULATION,1024,1,gilbert,0.85,5.0,none,200009,valid,none,,,runs/A-kem1024-gilbert-prr0p85-L5-rep09-seed200009-v1/cooja.log,e17ce8b20b8cceb84edf64a6d8821e781eaf0cf7a34201873714faf3072fb0a3,14719,152,success,0,FAILED_PROTOCOL
A-kem1024-gilbert-prr0p85-L5-rep09-seed200009-v2,A-kem1024-gilbert-prr0p85-L5-rep09-seed200009,A_B1_VS_B2,COOJA_SIMULATION,1024,2,gilbert,0.85,5.0,none,200009,valid,none,,,runs/A-kem1024-gilbert-prr0p85-L5-rep09-seed200009-v2/cooja.log,b49f6ffb993f8053765b0f4e10c6b7cfeb2e2f8c887493c3663a26572f719625,14953,154,success,0,FAILED_PROTOCOL
A-kem1024-gilbert-prr0p85-L5-rep10-seed200010-v1,A-kem1024-gilbert-prr0p85-L5-rep10-seed200010,A_B1_VS_B2,COOJA_SIMULATION,1024,1,gilbert,0.85,5.0,none,200010,valid,none,,,runs/A-kem1024-gilbert-prr0p85-L5-rep10-seed200010-v1/cooja.log,77a9b047c5c57e0673d81bb32795a0c7c74eca28b49ad1f4ac0232a5c9b5ed6b,16662,170,success,0,FAILED_PROTOCOL
A-kem1024-gilbert-prr0p85-L5-rep10-seed200010-v2,A-kem1024-gilbert-prr0p85-L5-rep10-seed200010,A_B1_VS_B2,COOJA_SIMULATION,1024,2,gilbert,0.85,5.0,none,200010,valid,none,,,runs/A-kem1024-gilbert-prr0p85-L5-rep10-seed200010-v2/cooja.log,c6d6c6a191ad0c85c9e276844d7138264ccc4f55e5a1963694836716eed2b6d4,20704,210,success,1,SUCCESS
A-kem1024-gilbert-prr0p85-L5-rep11-seed200011-v1,A-kem1024-gilbert-prr0p85-L5-rep11-seed200011,A_B1_VS_B2,COOJA_SIMULATION,1024,1,gilbert,0.85,5.0,none,200011,valid,none,,,runs/A-kem1024-gilbert-prr0p85-L5-rep11-seed200011-v1/cooja.log,a94dea5d64a57937bf16915f8ac604df119504d21ad9c55b81b872a99c449543,9812,96,success,0,FAILED_PROTOCOL
A-kem1024-gilbert-prr0p85-L5-rep11-seed200011-v2,A-kem1024-gilbert-prr0p85-L5-rep11-seed200011,A_B1_VS_B2,COOJA_SIMULATION,1024,2,gilbert,0.85,5.0,none,200011,valid,none,,,runs/A-kem1024-gilbert-prr0p85-L5-rep11-seed200011-v2/cooja.log,7a0067347460cd27828e7f12f20236633bc3fcf175883d3c5d4cedcc63f81f04,10046,98,success,0,FAILED_PROTOCOL
A-kem1024-gilbert-prr0p85-L5-rep12-seed200012-v1,A-kem1024-gilbert-prr0p85-L5-rep12-seed200012,A_B1_VS_B2,COOJA_SIMULATION,1024,1,gilbert,0.85,5.0,none,200012,valid,none,,,runs/A-kem1024-gilbert-prr0p85-L5-rep12-seed200012-v1/cooja.log,f3d842ab430b3414ed2b38a578f7424b317ca229748af0a2399db4f161b99ca8,11700,119,success,0,FAILED_PROTOCOL
A-kem1024-gilbert-prr0p85-L5-rep12-seed200012-v2,A-kem1024-gilbert-prr0p85-L5-rep12-seed200012,A_B1_VS_B2,COOJA_SIMULATION,1024,2,gilbert,0.85,5.0,none,200012,valid,none,,,runs/A-kem1024-gilbert-prr0p85-L5-rep12-seed200012-v2/cooja.log,cd5b9e9df0322f4dd034a117595899d56587aaae79fa364301cc0a4f56e7014a,11934,121,success,0,FAILED_PROTOCOL
A-kem1024-gilbert-prr0p85-L5-rep13-seed200013-v1,A-kem1024-gilbert-prr0p85-L5-rep13-seed200013,A_B1_VS_B2,COOJA_SIMULATION,1024,1,gilbert,0.85,5.0,none,200013,valid,none,,,runs/A-kem1024-gilbert-prr0p85-L5-rep13-seed200013-v1/cooja.log,459e9729c0cc063faa857e1a8018ea49209c9bf00ea37284ffe44ce4dcfb45ee,13859,147,success,1,SUCCESS
A-kem1024-gilbert-prr0p85-L5-rep13-seed200013-v2,A-kem1024-gilbert-prr0p85-L5-rep13-seed200013,A_B1_VS_B2,COOJA_SIMULATION,1024,2,gilbert,0.85,5.0,none,200013,valid,none,,,runs/A-kem1024-gilbert-prr0p85-L5-rep13-seed200013-v2/cooja.log,d82fde9a6ee18d7daad0ef0d286e5f6062137386cef235d8808dde924c8f603e,19402,195,success,1,SUCCESS
A-kem1024-gilbert-prr0p85-L5-rep14-seed200014-v1,A-kem1024-gilbert-prr0p85-L5-rep14-seed200014,A_B1_VS_B2,COOJA_SIMULATION,1024,1,gilbert,0.85,5.0,none,200014,valid,none,,,runs/A-kem1024-gilbert-prr0p85-L5-rep14-seed200014-v1/cooja.log,5ad299cbe7d11c202042c1cc4cd02b3adee21ed5a20d68f897dc3e3e871cc285,12789,128,success,0,FAILED_PROTOCOL
A-kem1024-gilbert-prr0p85-L5-rep14-seed200014-v2,A-kem1024-gilbert-prr0p85-L5-rep14-seed200014,A_B1_VS_B2,COOJA_SIMULATION,1024,2,gilbert,0.85,5.0,none,200014,valid,none,,,runs/A-kem1024-gilbert-prr0p85-L5-rep14-seed200014-v2/cooja.log,2b86fa246557f30311ff52f3b87a1031363c0697e85a481a7ca9add259daf140,22714,230,success,1,SUCCESS
A-kem1024-gilbert-prr0p85-L5-rep15-seed200015-v1,A-kem1024-gilbert-prr0p85-L5-rep15-seed200015,A_B1_VS_B2,COOJA_SIMULATION,1024,1,gilbert,0.85,5.0,none,200015,valid,none,,,runs/A-kem1024-gilbert-prr0p85-L5-rep15-seed200015-v1/cooja.log,bc24dd52e45c8fbdd7aea9703c3e5f01776950986f87ec516c4b077a675f8eac,17402,180,success,0,FAILED_PROTOCOL
A-kem1024-gilbert-prr0p85-L5-rep15-seed200015-v2,A-kem1024-gilbert-prr0p85-L5-rep15-seed200015,A_B1_VS_B2,COOJA_SIMULATION,1024,2,gilbert,0.85,5.0,none,200015,valid,none,,,runs/A-kem1024-gilbert-prr0p85-L5-rep15-seed200015-v2/cooja.log,89f6db8cced5ba06a12ac86fcbea0da06e5a1cffa08c9292ed9754423324e87b,23242,246,success,0,FAILED_PROTOCOL
A-kem1024-gilbert-prr0p85-L5-rep16-seed200016-v1,A-kem1024-gilbert-prr0p85-L5-rep16-seed200016,A_B1_VS_B2,COOJA_SIMULATION,1024,1,gilbert,0.85,5.0,none,200016,valid,none,,,runs/A-kem1024-gilbert-prr0p85-L5-rep16-seed200016-v1/cooja.log,01aeab0e2226d1a57a4e42d6e9ca9a05d7968597bfe4ff44c62457f446111b98,11970,121,success,0,FAILED_PROTOCOL
A-kem1024-gilbert-prr0p85-L5-rep16-seed200016-v2,A-kem1024-gilbert-prr0p85-L5-rep16-seed200016,A_B1_VS_B2,COOJA_SIMULATION,1024,2,gilbert,0.85,5.0,none,200016,valid,none,,,runs/A-kem1024-gilbert-prr0p85-L5-rep16-seed200016-v2/cooja.log,f61d00aafbb577316545af9b7d5e5ee4ddb180f06d2e4617eb5793d56ddf0899,12204,123,success,0,FAILED_PROTOCOL
A-kem1024-gilbert-prr0p85-L5-rep17-seed200017-v1,A-kem1024-gilbert-prr0p85-L5-rep17-seed200017,A_B1_VS_B2,COOJA_SIMULATION,1024,1,gilbert,0.85,5.0,none,200017,valid,none,,,runs/A-kem1024-gilbert-prr0p85-L5-rep17-seed200017-v1/cooja.log,c4237dd5045ddb964b3cceaad86731222bed798562c854269431f8f2baf5f28b,13622,140,success,0,FAILED_PROTOCOL
A-kem1024-gilbert-prr0p85-L5-rep17-seed200017-v2,A-kem1024-gilbert-prr0p85-L5-rep17-seed200017,A_B1_VS_B2,COOJA_SIMULATION,1024,2,gilbert,0.85,5.0,none,200017,valid,none,,,runs/A-kem1024-gilbert-prr0p85-L5-rep17-seed200017-v2/cooja.log,d7a181d7c3dfb68a57fdd3dacfcdcf4518bd127a5edb967f761c1ca9168cbc09,13856,142,success,0,FAILED_PROTOCOL
A-kem1024-gilbert-prr0p85-L5-rep18-seed200018-v1,A-kem1024-gilbert-prr0p85-L5-rep18-seed200018,A_B1_VS_B2,COOJA_SIMULATION,1024,1,gilbert,0.85,5.0,none,200018,valid,none,,,runs/A-kem1024-gilbert-prr0p85-L5-rep18-seed200018-v1/cooja.log,af9c74f225c36790da1bb3f0d82a108d011f72a2c04a7bc0f39fdba9890b6c03,13827,141,success,0,FAILED_PROTOCOL
A-kem1024-gilbert-prr0p85-L5-rep18-seed200018-v2,A-kem1024-gilbert-prr0p85-L5-rep18-seed200018,A_B1_VS_B2,COOJA_SIMULATION,1024,2,gilbert,0.85,5.0,none,200018,valid,none,,,runs/A-kem1024-gilbert-prr0p85-L5-rep18-seed200018-v2/cooja.log,17b9543b252cf67af10e9aec29c7b0ba5628fe26cced42d903fb391a892bac94,14061,143,success,0,FAILED_PROTOCOL
A-kem1024-gilbert-prr0p85-L5-rep19-seed200019-v1,A-kem1024-gilbert-prr0p85-L5-rep19-seed200019,A_B1_VS_B2,COOJA_SIMULATION,1024,1,gilbert,0.85,5.0,none,200019,valid,none,,,runs/A-kem1024-gilbert-prr0p85-L5-rep19-seed200019-v1/cooja.log,ae308859192461998956706cf9beddaad51baaa6e1b943e46cbc16ea2acaed8b,15617,158,success,0,FAILED_PROTOCOL
A-kem1024-gilbert-prr0p85-L5-rep19-seed200019-v2,A-kem1024-gilbert-prr0p85-L5-rep19-seed200019,A_B1_VS_B2,COOJA_SIMULATION,1024,2,gilbert,0.85,5.0,none,200019,valid,none,,,runs/A-kem1024-gilbert-prr0p85-L5-rep19-seed200019-v2/cooja.log,2a352fd89f1b7d42ebea2300ed1cc182fb90a47bfbdc153db3ce0c9dd4ed06ff,20402,208,success,0,FAILED_PROTOCOL
A-kem1024-gilbert-prr0p85-L5-rep20-seed200020-v1,A-kem1024-gilbert-prr0p85-L5-rep20-seed200020,A_B1_VS_B2,COOJA_SIMULATION,1024,1,gilbert,0.85,5.0,none,200020,valid,none,,,runs/A-kem1024-gilbert-prr0p85-L5-rep20-seed200020-v1/cooja.log,8553c19d949817df51a7fc7cc04e3682759b4f2c57e38bb6e8a525646a483e0a,16695,172,success,0,FAILED_PROTOCOL
A-kem1024-gilbert-prr0p85-L5-rep20-seed200020-v2,A-kem1024-gilbert-prr0p85-L5-rep20-seed200020,A_B1_VS_B2,COOJA_SIMULATION,1024,2,gilbert,0.85,5.0,none,200020,valid,none,,,runs/A-kem1024-gilbert-prr0p85-L5-rep20-seed200020-v2/cooja.log,87e57db5aec84f39fffee343ce900c373af729a40a5d0873e6784be1d2954714,21657,220,success,1,SUCCESS
A-kem1024-gilbert-prr0p85-L5-rep21-seed200021-v1,A-kem1024-gilbert-prr0p85-L5-rep21-seed200021,A_B1_VS_B2,COOJA_SIMULATION,1024,1,gilbert,0.85,5.0,none,200021,valid,none,,,runs/A-kem1024-gilbert-prr0p85-L5-rep21-seed200021-v1/cooja.log,079bc37836d6560ac781ec14dee941d8a01e241f911df98a49de36b086f4d449,13850,147,success,1,SUCCESS
A-kem1024-gilbert-prr0p85-L5-rep21-seed200021-v2,A-kem1024-gilbert-prr0p85-L5-rep21-seed200021,A_B1_VS_B2,COOJA_SIMULATION,1024,2,gilbert,0.85,5.0,none,200021,valid,none,,,runs/A-kem1024-gilbert-prr0p85-L5-rep21-seed200021-v2/cooja.log,a7c876a7df823fad94970e98de920435729355978d17aa0c9b3fab885b7be54b,19386,195,success,1,SUCCESS
A-kem1024-gilbert-prr0p85-L5-rep22-seed200022-v1,A-kem1024-gilbert-prr0p85-L5-rep22-seed200022,A_B1_VS_B2,COOJA_SIMULATION,1024,1,gilbert,0.85,5.0,none,200022,valid,none,,,runs/A-kem1024-gilbert-prr0p85-L5-rep22-seed200022-v1/cooja.log,5598d68f457a36e928f94cb7645b47eabf0cfecf43368ca8f575fa4c6a0d72bb,13317,136,success,0,FAILED_PROTOCOL
A-kem1024-gilbert-prr0p85-L5-rep22-seed200022-v2,A-kem1024-gilbert-prr0p85-L5-rep22-seed200022,A_B1_VS_B2,COOJA_SIMULATION,1024,2,gilbert,0.85,5.0,none,200022,valid,none,,,runs/A-kem1024-gilbert-prr0p85-L5-rep22-seed200022-v2/cooja.log,844668064633a86d503432dbefc848a891fce64df0fcd89264e32abf0e24819d,13551,138,success,0,FAILED_PROTOCOL
A-kem1024-gilbert-prr0p85-L5-rep23-seed200023-v1,A-kem1024-gilbert-prr0p85-L5-rep23-seed200023,A_B1_VS_B2,COOJA_SIMULATION,1024,1,gilbert,0.85,5.0,none,200023,valid,none,,,runs/A-kem1024-gilbert-prr0p85-L5-rep23-seed200023-v1/cooja.log,2092615bd935f8c664b7eb648465b38d31be20b304d3ccbd907108ef98da1b89,13782,146,success,1,SUCCESS
A-kem1024-gilbert-prr0p85-L5-rep23-seed200023-v2,A-kem1024-gilbert-prr0p85-L5-rep23-seed200023,A_B1_VS_B2,COOJA_SIMULATION,1024,2,gilbert,0.85,5.0,none,200023,valid,none,,,runs/A-kem1024-gilbert-prr0p85-L5-rep23-seed200023-v2/cooja.log,b6e16c5ee845933f2f8438c29a0d045eaf290d59964a0585f28453b89aba948f,19318,194,success,1,SUCCESS
A-kem1024-gilbert-prr0p85-L5-rep24-seed200024-v1,A-kem1024-gilbert-prr0p85-L5-rep24-seed200024,A_B1_VS_B2,COOJA_SIMULATION,1024,1,gilbert,0.85,5.0,none,200024,valid,none,,,runs/A-kem1024-gilbert-prr0p85-L5-rep24-seed200024-v1/cooja.log,445077f8d19af20f36e664e75887df2297d060ead135b76c155e62c8be61c49e,17950,186,success,0,FAILED_PROTOCOL
A-kem1024-gilbert-prr0p85-L5-rep24-seed200024-v2,A-kem1024-gilbert-prr0p85-L5-rep24-seed200024,A_B1_VS_B2,COOJA_SIMULATION,1024,2,gilbert,0.85,5.0,none,200024,valid,none,,,runs/A-kem1024-gilbert-prr0p85-L5-rep24-seed200024-v2/cooja.log,14e94593ef1df05f10bbb5f3e3b8059316b425ac9836f5d1fe37b3fe7961d297,28513,297,success,0,FAILED_PROTOCOL
A-kem1024-gilbert-prr0p85-L5-rep25-seed200025-v1,A-kem1024-gilbert-prr0p85-L5-rep25-seed200025,A_B1_VS_B2,COOJA_SIMULATION,1024,1,gilbert,0.85,5.0,none,200025,valid,none,,,runs/A-kem1024-gilbert-prr0p85-L5-rep25-seed200025-v1/cooja.log,630e40a6abaa8cc17abe54db95aca643b1c745800a33402fb8b48297956e8c32,12412,123,success,0,FAILED_PROTOCOL
A-kem1024-gilbert-prr0p85-L5-rep25-seed200025-v2,A-kem1024-gilbert-prr0p85-L5-rep25-seed200025,A_B1_VS_B2,COOJA_SIMULATION,1024,2,gilbert,0.85,5.0,none,200025,valid,none,,,runs/A-kem1024-gilbert-prr0p85-L5-rep25-seed200025-v2/cooja.log,9c452f643cb68e8863c411cdf59ff1caa615c5f59ef58f333319244ccbf0ebfd,15152,153,success,0,FAILED_PROTOCOL
A-kem1024-gilbert-prr0p85-L5-rep26-seed200026-v1,A-kem1024-gilbert-prr0p85-L5-rep26-seed200026,A_B1_VS_B2,COOJA_SIMULATION,1024,1,gilbert,0.85,5.0,none,200026,valid,none,,,runs/A-kem1024-gilbert-prr0p85-L5-rep26-seed200026-v1/cooja.log,eddfaa8a5b3d7ce8b23f5b3b2a79327f63a8f96f7563df9e6e8799a936675ca7,13779,146,success,1,SUCCESS
A-kem1024-gilbert-prr0p85-L5-rep26-seed200026-v2,A-kem1024-gilbert-prr0p85-L5-rep26-seed200026,A_B1_VS_B2,COOJA_SIMULATION,1024,2,gilbert,0.85,5.0,none,200026,valid,none,,,runs/A-kem1024-gilbert-prr0p85-L5-rep26-seed200026-v2/cooja.log,0bff60dbd22bb4c2a57cf8d0787abc86e8149291473950d014ea688ce3d18c4d,19322,194,success,1,SUCCESS
A-kem1024-gilbert-prr0p85-L5-rep27-seed200027-v1,A-kem1024-gilbert-prr0p85-L5-rep27-seed200027,A_B1_VS_B2,COOJA_SIMULATION,1024,1,gilbert,0.85,5.0,none,200027,valid,none,,,runs/A-kem1024-gilbert-prr0p85-L5-rep27-seed200027-v1/cooja.log,882c8ff82882f8400fc0f649ce9283d6e7fb095c5bdf733a73226eeb381f0405,11019,110,success,0,FAILED_PROTOCOL
A-kem1024-gilbert-prr0p85-L5-rep27-seed200027-v2,A-kem1024-gilbert-prr0p85-L5-rep27-seed200027,A_B1_VS_B2,COOJA_SIMULATION,1024,2,gilbert,0.85,5.0,none,200027,valid,none,,,runs/A-kem1024-gilbert-prr0p85-L5-rep27-seed200027-v2/cooja.log,fe760a692bd5ab7576c55916c6df105caa4c6a79323cb49f1070d0b834d90ae8,11253,112,success,0,FAILED_PROTOCOL
A-kem1024-gilbert-prr0p85-L5-rep28-seed200028-v1,A-kem1024-gilbert-prr0p85-L5-rep28-seed200028,A_B1_VS_B2,COOJA_SIMULATION,1024,1,gilbert,0.85,5.0,none,200028,valid,none,,,runs/A-kem1024-gilbert-prr0p85-L5-rep28-seed200028-v1/cooja.log,5871b42a09f4b7ed325c7eff18c2520b1c7b6ac6b70e2d0cf2b4d626cca67062,14276,142,success,0,FAILED_PROTOCOL
A-kem1024-gilbert-prr0p85-L5-rep28-seed200028-v2,A-kem1024-gilbert-prr0p85-L5-rep28-seed200028,A_B1_VS_B2,COOJA_SIMULATION,1024,2,gilbert,0.85,5.0,none,200028,valid,none,,,runs/A-kem1024-gilbert-prr0p85-L5-rep28-seed200028-v2/cooja.log,f3db1494c2f87ab7eed12c92aa8d9aef9b9a31521b98863b56201395a38f2ff5,14280,149,success,0,FAILED_PROTOCOL
A-kem1024-gilbert-prr0p85-L5-rep29-seed200029-v1,A-kem1024-gilbert-prr0p85-L5-rep29-seed200029,A_B1_VS_B2,COOJA_SIMULATION,1024,1,gilbert,0.85,5.0,none,200029,valid,none,,,runs/A-kem1024-gilbert-prr0p85-L5-rep29-seed200029-v1/cooja.log,3d69204799d6ba0375651f1d9617fd7a0d7b298c7f0265a2aa6f2f89ae9aa0b6,12443,123,success,0,FAILED_PROTOCOL
A-kem1024-gilbert-prr0p85-L5-rep29-seed200029-v2,A-kem1024-gilbert-prr0p85-L5-rep29-seed200029,A_B1_VS_B2,COOJA_SIMULATION,1024,2,gilbert,0.85,5.0,none,200029,valid,none,,,runs/A-kem1024-gilbert-prr0p85-L5-rep29-seed200029-v2/cooja.log,13d8a653b7309877580f280dc8bf70b21b4a33efb013be5de38f388f748b5c78,14774,149,success,0,FAILED_PROTOCOL
A-kem1024-gilbert-prr0p85-L5-rep30-seed200030-v1,A-kem1024-gilbert-prr0p85-L5-rep30-seed200030,A_B1_VS_B2,COOJA_SIMULATION,1024,1,gilbert,0.85,5.0,none,200030,valid,none,,,runs/A-kem1024-gilbert-prr0p85-L5-rep30-seed200030-v1/cooja.log,12523f706bbba8a939ae1faae687ec23fedffe262d22b58aa3e336e8242ea271,17123,176,success,0,FAILED_PROTOCOL
A-kem1024-gilbert-prr0p85-L5-rep30-seed200030-v2,A-kem1024-gilbert-prr0p85-L5-rep30-seed200030,A_B1_VS_B2,COOJA_SIMULATION,1024,2,gilbert,0.85,5.0,none,200030,valid,none,,,runs/A-kem1024-gilbert-prr0p85-L5-rep30-seed200030-v2/cooja.log,4e3614dadac75d445348885c705d47ee6e9cd49964ff00468545950601d0a48f,21806,221,success,1,SUCCESS
A-kem1024-gilbert-prr0p85-L10-rep01-seed200001-v1,A-kem1024-gilbert-prr0p85-L10-rep01-seed200001,A_B1_VS_B2,COOJA_SIMULATION,1024,1,gilbert,0.85,10.0,none,200001,valid,none,,,runs/A-kem1024-gilbert-prr0p85-L10-rep01-seed200001-v1/cooja.log,0b6092cb7557ac71add4e6d85b38fd3bf8e0a600994e9584e89c197b66e41d96,13853,147,success,1,SUCCESS
A-kem1024-gilbert-prr0p85-L10-rep01-seed200001-v2,A-kem1024-gilbert-prr0p85-L10-rep01-seed200001,A_B1_VS_B2,COOJA_SIMULATION,1024,2,gilbert,0.85,10.0,none,200001,valid,none,,,runs/A-kem1024-gilbert-prr0p85-L10-rep01-seed200001-v2/cooja.log,a6bdefaf69c2fbc4ed84b3f5a8de19a1d659b8f082480f6e5f26801856941ffb,19389,195,success,1,SUCCESS
A-kem1024-gilbert-prr0p85-L10-rep02-seed200002-v1,A-kem1024-gilbert-prr0p85-L10-rep02-seed200002,A_B1_VS_B2,COOJA_SIMULATION,1024,1,gilbert,0.85,10.0,none,200002,valid,none,,,runs/A-kem1024-gilbert-prr0p85-L10-rep02-seed200002-v1/cooja.log,fdf65841e8c2f149e21c3eb850ddb7ae25bb86292eb81fc95a0b5425b71320c6,8770,84,success,0,FAILED_PROTOCOL
A-kem1024-gilbert-prr0p85-L10-rep02-seed200002-v2,A-kem1024-gilbert-prr0p85-L10-rep02-seed200002,A_B1_VS_B2,COOJA_SIMULATION,1024,2,gilbert,0.85,10.0,none,200002,valid,none,,,runs/A-kem1024-gilbert-prr0p85-L10-rep02-seed200002-v2/cooja.log,9d4d466b8a5e4dcc29b382d42f242d401ef5b41ca9478dd399fd35cd8aab61a2,9004,86,success,0,FAILED_PROTOCOL
A-kem1024-gilbert-prr0p85-L10-rep03-seed200003-v1,A-kem1024-gilbert-prr0p85-L10-rep03-seed200003,A_B1_VS_B2,COOJA_SIMULATION,1024,1,gilbert,0.85,10.0,none,200003,valid,none,,,runs/A-kem1024-gilbert-prr0p85-L10-rep03-seed200003-v1/cooja.log,0b57e0b72e78915afbda7629af8285c970109cdb167142432267d0902b587444,13089,134,success,0,FAILED_PROTOCOL
A-kem1024-gilbert-prr0p85-L10-rep03-seed200003-v2,A-kem1024-gilbert-prr0p85-L10-rep03-seed200003,A_B1_VS_B2,COOJA_SIMULATION,1024,2,gilbert,0.85,10.0,none,200003,valid,none,,,runs/A-kem1024-gilbert-prr0p85-L10-rep03-seed200003-v2/cooja.log,0bb3371ecfb684156e38f501ccca605e6e0b3a59924919393501a6e4acfc8ce4,13323,136,success,0,FAILED_PROTOCOL
A-kem1024-gilbert-prr0p85-L10-rep04-seed200004-v1,A-kem1024-gilbert-prr0p85-L10-rep04-seed200004,A_B1_VS_B2,COOJA_SIMULATION,1024,1,gilbert,0.85,10.0,none,200004,valid,none,,,runs/A-kem1024-gilbert-prr0p85-L10-rep04-seed200004-v1/cooja.log,a08ae530e54684bb3a467e374c2f4646485443cd43180e9d85a4399d5b8a0edd,13856,147,success,1,SUCCESS
A-kem1024-gilbert-prr0p85-L10-rep04-seed200004-v2,A-kem1024-gilbert-prr0p85-L10-rep04-seed200004,A_B1_VS_B2,COOJA_SIMULATION,1024,2,gilbert,0.85,10.0,none,200004,valid,none,,,runs/A-kem1024-gilbert-prr0p85-L10-rep04-seed200004-v2/cooja.log,e7cf644574ad933d1746d7a44cf2a8c127f3e296261d65ba2bf6f1c16ad6a696,19392,195,success,1,SUCCESS
A-kem1024-gilbert-prr0p85-L10-rep05-seed200005-v1,A-kem1024-gilbert-prr0p85-L10-rep05-seed200005,A_B1_VS_B2,COOJA_SIMULATION,1024,1,gilbert,0.85,10.0,none,200005,valid,none,,,runs/A-kem1024-gilbert-prr0p85-L10-rep05-seed200005-v1/cooja.log,42ac1a0dfed13f57688f712ff3daa3fccbe912702d1daf15609d735219d8c3b5,11380,115,success,0,FAILED_PROTOCOL
A-kem1024-gilbert-prr0p85-L10-rep05-seed200005-v2,A-kem1024-gilbert-prr0p85-L10-rep05-seed200005,A_B1_VS_B2,COOJA_SIMULATION,1024,2,gilbert,0.85,10.0,none,200005,valid,none,,,runs/A-kem1024-gilbert-prr0p85-L10-rep05-seed200005-v2/cooja.log,315f16bbf8a87a2f4967fca466024d8ed56c2c08f586dfa6d3ec7bcac2ae523d,11614,117,success,0,FAILED_PROTOCOL
A-kem1024-gilbert-prr0p85-L10-rep06-seed200006-v1,A-kem1024-gilbert-prr0p85-L10-rep06-seed200006,A_B1_VS_B2,COOJA_SIMULATION,1024,1,gilbert,0.85,10.0,none,200006,valid,none,,,runs/A-kem1024-gilbert-prr0p85-L10-rep06-seed200006-v1/cooja.log,acde1d1b1cbcebaeabfc16bbf812b19254074b7a3704229b8e8f80c89d765b89,13656,138,success,0,FAILED_PROTOCOL
A-kem1024-gilbert-prr0p85-L10-rep06-seed200006-v2,A-kem1024-gilbert-prr0p85-L10-rep06-seed200006,A_B1_VS_B2,COOJA_SIMULATION,1024,2,gilbert,0.85,10.0,none,200006,valid,none,,,runs/A-kem1024-gilbert-prr0p85-L10-rep06-seed200006-v2/cooja.log,7854114470fa9e16ba7fc106d5e3179a2e3730c68696b6225110a852ff3361e3,27005,284,success,0,FAILED_PROTOCOL
A-kem1024-gilbert-prr0p85-L10-rep07-seed200007-v1,A-kem1024-gilbert-prr0p85-L10-rep07-seed200007,A_B1_VS_B2,COOJA_SIMULATION,1024,1,gilbert,0.85,10.0,none,200007,valid,none,,,runs/A-kem1024-gilbert-prr0p85-L10-rep07-seed200007-v1/cooja.log,d122be037fcbecb23a071f20386201e27fdd28afd713b72dd1df09d4ad83f3df,15968,162,success,0,FAILED_PROTOCOL
A-kem1024-gilbert-prr0p85-L10-rep07-seed200007-v2,A-kem1024-gilbert-prr0p85-L10-rep07-seed200007,A_B1_VS_B2,COOJA_SIMULATION,1024,2,gilbert,0.85,10.0,none,200007,valid,none,,,runs/A-kem1024-gilbert-prr0p85-L10-rep07-seed200007-v2/cooja.log,1b523cba4d3f918a2db975442e9013c8ba90b7945399de3622a2c09d33911cd0,21749,222,success,1,SUCCESS
A-kem1024-gilbert-prr0p85-L10-rep08-seed200008-v1,A-kem1024-gilbert-prr0p85-L10-rep08-seed200008,A_B1_VS_B2,COOJA_SIMULATION,1024,1,gilbert,0.85,10.0,none,200008,valid,none,,,runs/A-kem1024-gilbert-prr0p85-L10-rep08-seed200008-v1/cooja.log,3d38bf3fed919be91c92de1b24bee25cd385bfad654408b8c6f260c24da5876d,12763,129,success,0,FAILED_PROTOCOL
A-kem1024-gilbert-prr0p85-L10-rep08-seed200008-v2,A-kem1024-gilbert-prr0p85-L10-rep08-seed200008,A_B1_VS_B2,COOJA_SIMULATION,1024,2,gilbert,0.85,10.0,none,200008,valid,none,,,runs/A-kem1024-gilbert-prr0p85-L10-rep08-seed200008-v2/cooja.log,695018691544c32ada1717174f0a0746240e7893dcc240161e2d28674ceecc87,12997,131,success,0,FAILED_PROTOCOL
A-kem1024-gilbert-prr0p85-L10-rep09-seed200009-v1,A-kem1024-gilbert-prr0p85-L10-rep09-seed200009,A_B1_VS_B2,COOJA_SIMULATION,1024,1,gilbert,0.85,10.0,none,200009,valid,none,,,runs/A-kem1024-gilbert-prr0p85-L10-rep09-seed200009-v1/cooja.log,b49067132808012d584c228758fd2e33f1df3d558f7e7d132c8e23edb86fb39c,15015,156,success,0,FAILED_PROTOCOL
A-kem1024-gilbert-prr0p85-L10-rep09-seed200009-v2,A-kem1024-gilbert-prr0p85-L10-rep09-seed200009,A_B1_VS_B2,COOJA_SIMULATION,1024,2,gilbert,0.85,10.0,none,200009,valid,none,,,runs/A-kem1024-gilbert-prr0p85-L10-rep09-seed200009-v2/cooja.log,ae564ce286513bc923211bb5c694bba0179d7a0337b0a6881b87c79184a62e0f,15249,158,success,0,FAILED_PROTOCOL
A-kem1024-gilbert-prr0p85-L10-rep10-seed200010-v1,A-kem1024-gilbert-prr0p85-L10-rep10-seed200010,A_B1_VS_B2,COOJA_SIMULATION,1024,1,gilbert,0.85,10.0,none,200010,valid,none,,,runs/A-kem1024-gilbert-prr0p85-L10-rep10-seed200010-v1/cooja.log,4c94453cac71d70349c2c2d1014ade80c14509b49f13667157dafb86f1909d35,22020,227,success,0,FAILED_PROTOCOL
A-kem1024-gilbert-prr0p85-L10-rep10-seed200010-v2,A-kem1024-gilbert-prr0p85-L10-rep10-seed200010,A_B1_VS_B2,COOJA_SIMULATION,1024,2,gilbert,0.85,10.0,none,200010,valid,none,,,runs/A-kem1024-gilbert-prr0p85-L10-rep10-seed200010-v2/cooja.log,9b16018426c05fb07a10c63ea85f55436edc48a1c186e7a76a2ced999d8bbd3e,24907,262,success,0,FAILED_PROTOCOL
A-kem1024-gilbert-prr0p85-L10-rep11-seed200011-v1,A-kem1024-gilbert-prr0p85-L10-rep11-seed200011,A_B1_VS_B2,COOJA_SIMULATION,1024,1,gilbert,0.85,10.0,none,200011,valid,none,,,runs/A-kem1024-gilbert-prr0p85-L10-rep11-seed200011-v1/cooja.log,311780ffad5b77a7fd21458288006d442acd5a509d764f19cfde4a2d328b81b0,14425,153,success,1,SUCCESS
A-kem1024-gilbert-prr0p85-L10-rep11-seed200011-v2,A-kem1024-gilbert-prr0p85-L10-rep11-seed200011,A_B1_VS_B2,COOJA_SIMULATION,1024,2,gilbert,0.85,10.0,none,200011,valid,none,,,runs/A-kem1024-gilbert-prr0p85-L10-rep11-seed200011-v2/cooja.log,3d7a8206b4070215dd4c4b937e8da740681c04de3173ba601215b28d862df4bf,19961,201,success,1,SUCCESS
A-kem1024-gilbert-prr0p85-L10-rep12-seed200012-v1,A-kem1024-gilbert-prr0p85-L10-rep12-seed200012,A_B1_VS_B2,COOJA_SIMULATION,1024,1,gilbert,0.85,10.0,none,200012,valid,none,,,runs/A-kem1024-gilbert-prr0p85-L10-rep12-seed200012-v1/cooja.log,55f4d5fe2c8fc9d8581f48f3399bece3f662abea33c3fcaa5ffcabdbce5d3f4d,8955,86,success,0,FAILED_PROTOCOL
A-kem1024-gilbert-prr0p85-L10-rep12-seed200012-v2,A-kem1024-gilbert-prr0p85-L10-rep12-seed200012,A_B1_VS_B2,COOJA_SIMULATION,1024,2,gilbert,0.85,10.0,none,200012,valid,none,,,runs/A-kem1024-gilbert-prr0p85-L10-rep12-seed200012-v2/cooja.log,0aaa08b260444c9339a7f8b184eadb211a0c14aa146a23182e57a14d2bf938af,9189,88,success,0,FAILED_PROTOCOL
A-kem1024-gilbert-prr0p85-L10-rep13-seed200013-v1,A-kem1024-gilbert-prr0p85-L10-rep13-seed200013,A_B1_VS_B2,COOJA_SIMULATION,1024,1,gilbert,0.85,10.0,none,200013,valid,none,,,runs/A-kem1024-gilbert-prr0p85-L10-rep13-seed200013-v1/cooja.log,459e9729c0cc063faa857e1a8018ea49209c9bf00ea37284ffe44ce4dcfb45ee,13859,147,success,1,SUCCESS
A-kem1024-gilbert-prr0p85-L10-rep13-seed200013-v2,A-kem1024-gilbert-prr0p85-L10-rep13-seed200013,A_B1_VS_B2,COOJA_SIMULATION,1024,2,gilbert,0.85,10.0,none,200013,valid,none,,,runs/A-kem1024-gilbert-prr0p85-L10-rep13-seed200013-v2/cooja.log,d82fde9a6ee18d7daad0ef0d286e5f6062137386cef235d8808dde924c8f603e,19402,195,success,1,SUCCESS
A-kem1024-gilbert-prr0p85-L10-rep14-seed200014-v1,A-kem1024-gilbert-prr0p85-L10-rep14-seed200014,A_B1_VS_B2,COOJA_SIMULATION,1024,1,gilbert,0.85,10.0,none,200014,valid,none,,,runs/A-kem1024-gilbert-prr0p85-L10-rep14-seed200014-v1/cooja.log,5ad299cbe7d11c202042c1cc4cd02b3adee21ed5a20d68f897dc3e3e871cc285,12789,128,success,0,FAILED_PROTOCOL
A-kem1024-gilbert-prr0p85-L10-rep14-seed200014-v2,A-kem1024-gilbert-prr0p85-L10-rep14-seed200014,A_B1_VS_B2,COOJA_SIMULATION,1024,2,gilbert,0.85,10.0,none,200014,valid,none,,,runs/A-kem1024-gilbert-prr0p85-L10-rep14-seed200014-v2/cooja.log,9013aef7a7eb3eca7603f195f5fd15f168a72a92e32fb002305ba2bd985ee2d9,20874,214,success,0,FAILED_PROTOCOL
A-kem1024-gilbert-prr0p85-L10-rep15-seed200015-v1,A-kem1024-gilbert-prr0p85-L10-rep15-seed200015,A_B1_VS_B2,COOJA_SIMULATION,1024,1,gilbert,0.85,10.0,none,200015,valid,none,,,runs/A-kem1024-gilbert-prr0p85-L10-rep15-seed200015-v1/cooja.log,027f59fa5d641d13f238b3c81fa77035a12f466533971302ed4fecc7bda44c20,13850,147,success,1,SUCCESS
A-kem1024-gilbert-prr0p85-L10-rep15-seed200015-v2,A-kem1024-gilbert-prr0p85-L10-rep15-seed200015,A_B1_VS_B2,COOJA_SIMULATION,1024,2,gilbert,0.85,10.0,none,200015,valid,none,,,runs/A-kem1024-gilbert-prr0p85-L10-rep15-seed200015-v2/cooja.log,19e336714aa5bce7a42ea4425fc8ee06d60dd122ce03af976030d1552f1507f5,19393,195,success,1,SUCCESS
A-kem1024-gilbert-prr0p85-L10-rep16-seed200016-v1,A-kem1024-gilbert-prr0p85-L10-rep16-seed200016,A_B1_VS_B2,COOJA_SIMULATION,1024,1,gilbert,0.85,10.0,none,200016,valid,none,,,runs/A-kem1024-gilbert-prr0p85-L10-rep16-seed200016-v1/cooja.log,37571abbc821fce3cc15b45c36efb5e931337399acad3830fb8720cb9a27a317,8502,81,success,0,FAILED_PROTOCOL
A-kem1024-gilbert-prr0p85-L10-rep16-seed200016-v2,A-kem1024-gilbert-prr0p85-L10-rep16-seed200016,A_B1_VS_B2,COOJA_SIMULATION,1024,2,gilbert,0.85,10.0,none,200016,valid,none,,,runs/A-kem1024-gilbert-prr0p85-L10-rep16-seed200016-v2/cooja.log,ca1939927048bd211674931fcb1be13094aa5715b683c07ca279f9bb10b0cebf,8736,83,success,0,FAILED_PROTOCOL
A-kem1024-gilbert-prr0p85-L10-rep17-seed200017-v1,A-kem1024-gilbert-prr0p85-L10-rep17-seed200017,A_B1_VS_B2,COOJA_SIMULATION,1024,1,gilbert,0.85,10.0,none,200017,valid,none,,,runs/A-kem1024-gilbert-prr0p85-L10-rep17-seed200017-v1/cooja.log,63d237e6046d7e75989ff64057ed1f583c8013a767fd3db58c457dabbf3c3eeb,13866,147,success,1,SUCCESS
A-kem1024-gilbert-prr0p85-L10-rep17-seed200017-v2,A-kem1024-gilbert-prr0p85-L10-rep17-seed200017,A_B1_VS_B2,COOJA_SIMULATION,1024,2,gilbert,0.85,10.0,none,200017,valid,none,,,runs/A-kem1024-gilbert-prr0p85-L10-rep17-seed200017-v2/cooja.log,e968f24234a588d503e02b4dccabfb7269f0e5bf00ec4752c5e230db229b20f6,19402,195,success,1,SUCCESS
A-kem1024-gilbert-prr0p85-L10-rep18-seed200018-v1,A-kem1024-gilbert-prr0p85-L10-rep18-seed200018,A_B1_VS_B2,COOJA_SIMULATION,1024,1,gilbert,0.85,10.0,none,200018,valid,none,,,runs/A-kem1024-gilbert-prr0p85-L10-rep18-seed200018-v1/cooja.log,14c26d141d77ddac6e6c719a71bfa96ac91b6e3c3a6516e93314f1e987d272e8,9028,87,success,0,FAILED_PROTOCOL
A-kem1024-gilbert-prr0p85-L10-rep18-seed200018-v2,A-kem1024-gilbert-prr0p85-L10-rep18-seed200018,A_B1_VS_B2,COOJA_SIMULATION,1024,2,gilbert,0.85,10.0,none,200018,valid,none,,,runs/A-kem1024-gilbert-prr0p85-L10-rep18-seed200018-v2/cooja.log,5a333250ee860f303c21db0f19361056f14208007eaf0d41df1b60200e01d9dc,9262,89,success,0,FAILED_PROTOCOL
A-kem1024-gilbert-prr0p85-L10-rep19-seed200019-v1,A-kem1024-gilbert-prr0p85-L10-rep19-seed200019,A_B1_VS_B2,COOJA_SIMULATION,1024,1,gilbert,0.85,10.0,none,200019,valid,none,,,runs/A-kem1024-gilbert-prr0p85-L10-rep19-seed200019-v1/cooja.log,36ac2763303967509437746adee373d8805415734dadeb3b264e3caad33bcbcf,13866,147,success,1,SUCCESS
A-kem1024-gilbert-prr0p85-L10-rep19-seed200019-v2,A-kem1024-gilbert-prr0p85-L10-rep19-seed200019,A_B1_VS_B2,COOJA_SIMULATION,1024,2,gilbert,0.85,10.0,none,200019,valid,none,,,runs/A-kem1024-gilbert-prr0p85-L10-rep19-seed200019-v2/cooja.log,38cf6b60c00721f5d514b5a5517512801a8deae58ea51fc5bd152febbbd0a835,19402,195,success,1,SUCCESS
A-kem1024-gilbert-prr0p85-L10-rep20-seed200020-v1,A-kem1024-gilbert-prr0p85-L10-rep20-seed200020,A_B1_VS_B2,COOJA_SIMULATION,1024,1,gilbert,0.85,10.0,none,200020,valid,none,,,runs/A-kem1024-gilbert-prr0p85-L10-rep20-seed200020-v1/cooja.log,8553c19d949817df51a7fc7cc04e3682759b4f2c57e38bb6e8a525646a483e0a,16695,172,success,0,FAILED_PROTOCOL
A-kem1024-gilbert-prr0p85-L10-rep20-seed200020-v2,A-kem1024-gilbert-prr0p85-L10-rep20-seed200020,A_B1_VS_B2,COOJA_SIMULATION,1024,2,gilbert,0.85,10.0,none,200020,valid,none,,,runs/A-kem1024-gilbert-prr0p85-L10-rep20-seed200020-v2/cooja.log,87e57db5aec84f39fffee343ce900c373af729a40a5d0873e6784be1d2954714,21657,220,success,1,SUCCESS
A-kem1024-gilbert-prr0p85-L10-rep21-seed200021-v1,A-kem1024-gilbert-prr0p85-L10-rep21-seed200021,A_B1_VS_B2,COOJA_SIMULATION,1024,1,gilbert,0.85,10.0,none,200021,valid,none,,,runs/A-kem1024-gilbert-prr0p85-L10-rep21-seed200021-v1/cooja.log,079bc37836d6560ac781ec14dee941d8a01e241f911df98a49de36b086f4d449,13850,147,success,1,SUCCESS
A-kem1024-gilbert-prr0p85-L10-rep21-seed200021-v2,A-kem1024-gilbert-prr0p85-L10-rep21-seed200021,A_B1_VS_B2,COOJA_SIMULATION,1024,2,gilbert,0.85,10.0,none,200021,valid,none,,,runs/A-kem1024-gilbert-prr0p85-L10-rep21-seed200021-v2/cooja.log,a7c876a7df823fad94970e98de920435729355978d17aa0c9b3fab885b7be54b,19386,195,success,1,SUCCESS
A-kem1024-gilbert-prr0p85-L10-rep22-seed200022-v1,A-kem1024-gilbert-prr0p85-L10-rep22-seed200022,A_B1_VS_B2,COOJA_SIMULATION,1024,1,gilbert,0.85,10.0,none,200022,valid,none,,,runs/A-kem1024-gilbert-prr0p85-L10-rep22-seed200022-v1/cooja.log,5598d68f457a36e928f94cb7645b47eabf0cfecf43368ca8f575fa4c6a0d72bb,13317,136,success,0,FAILED_PROTOCOL
A-kem1024-gilbert-prr0p85-L10-rep22-seed200022-v2,A-kem1024-gilbert-prr0p85-L10-rep22-seed200022,A_B1_VS_B2,COOJA_SIMULATION,1024,2,gilbert,0.85,10.0,none,200022,valid,none,,,runs/A-kem1024-gilbert-prr0p85-L10-rep22-seed200022-v2/cooja.log,844668064633a86d503432dbefc848a891fce64df0fcd89264e32abf0e24819d,13551,138,success,0,FAILED_PROTOCOL
A-kem1024-gilbert-prr0p85-L10-rep23-seed200023-v1,A-kem1024-gilbert-prr0p85-L10-rep23-seed200023,A_B1_VS_B2,COOJA_SIMULATION,1024,1,gilbert,0.85,10.0,none,200023,valid,none,,,runs/A-kem1024-gilbert-prr0p85-L10-rep23-seed200023-v1/cooja.log,2092615bd935f8c664b7eb648465b38d31be20b304d3ccbd907108ef98da1b89,13782,146,success,1,SUCCESS
A-kem1024-gilbert-prr0p85-L10-rep23-seed200023-v2,A-kem1024-gilbert-prr0p85-L10-rep23-seed200023,A_B1_VS_B2,COOJA_SIMULATION,1024,2,gilbert,0.85,10.0,none,200023,valid,none,,,runs/A-kem1024-gilbert-prr0p85-L10-rep23-seed200023-v2/cooja.log,b6e16c5ee845933f2f8438c29a0d045eaf290d59964a0585f28453b89aba948f,19318,194,success,1,SUCCESS
A-kem1024-gilbert-prr0p85-L10-rep24-seed200024-v1,A-kem1024-gilbert-prr0p85-L10-rep24-seed200024,A_B1_VS_B2,COOJA_SIMULATION,1024,1,gilbert,0.85,10.0,none,200024,valid,none,,,runs/A-kem1024-gilbert-prr0p85-L10-rep24-seed200024-v1/cooja.log,7f030cdd6c3382e0dde3c52663ed4b8b7906ea05b3f6ca8943f485f4f603e2b3,13856,147,success,1,SUCCESS
A-kem1024-gilbert-prr0p85-L10-rep24-seed200024-v2,A-kem1024-gilbert-prr0p85-L10-rep24-seed200024,A_B1_VS_B2,COOJA_SIMULATION,1024,2,gilbert,0.85,10.0,none,200024,valid,none,,,runs/A-kem1024-gilbert-prr0p85-L10-rep24-seed200024-v2/cooja.log,7eb66107e78b100475c3644b5d0dec052da74b4efd3fb208b192ae02c0828e07,19392,195,success,1,SUCCESS
A-kem1024-gilbert-prr0p85-L10-rep25-seed200025-v1,A-kem1024-gilbert-prr0p85-L10-rep25-seed200025,A_B1_VS_B2,COOJA_SIMULATION,1024,1,gilbert,0.85,10.0,none,200025,valid,none,,,runs/A-kem1024-gilbert-prr0p85-L10-rep25-seed200025-v1/cooja.log,1510e68853438aa59459e7b9462a083477aa897cc39a744f06fd84032df11188,19467,200,success,0,FAILED_PROTOCOL
A-kem1024-gilbert-prr0p85-L10-rep25-seed200025-v2,A-kem1024-gilbert-prr0p85-L10-rep25-seed200025,A_B1_VS_B2,COOJA_SIMULATION,1024,2,gilbert,0.85,10.0,none,200025,valid,none,,,runs/A-kem1024-gilbert-prr0p85-L10-rep25-seed200025-v2/cooja.log,fbd049077f65126f66e1163564705f3bb12e64e0107430ce3298f5f24eb1fee1,26022,274,success,0,FAILED_PROTOCOL
A-kem1024-gilbert-prr0p85-L10-rep26-seed200026-v1,A-kem1024-gilbert-prr0p85-L10-rep26-seed200026,A_B1_VS_B2,COOJA_SIMULATION,1024,1,gilbert,0.85,10.0,none,200026,valid,none,,,runs/A-kem1024-gilbert-prr0p85-L10-rep26-seed200026-v1/cooja.log,c4fc7f1ea473040b066f1069b62f5120bfd00f371fe0bf92343291af0742f662,13853,147,success,1,SUCCESS
A-kem1024-gilbert-prr0p85-L10-rep26-seed200026-v2,A-kem1024-gilbert-prr0p85-L10-rep26-seed200026,A_B1_VS_B2,COOJA_SIMULATION,1024,2,gilbert,0.85,10.0,none,200026,valid,none,,,runs/A-kem1024-gilbert-prr0p85-L10-rep26-seed200026-v2/cooja.log,5b9f35eb1a7687d6fff930ef28fd62f19de56f6df55f292ca5efbd9f6d2b3b28,19396,195,success,1,SUCCESS
A-kem1024-gilbert-prr0p85-L10-rep27-seed200027-v1,A-kem1024-gilbert-prr0p85-L10-rep27-seed200027,A_B1_VS_B2,COOJA_SIMULATION,1024,1,gilbert,0.85,10.0,none,200027,valid,none,,,runs/A-kem1024-gilbert-prr0p85-L10-rep27-seed200027-v1/cooja.log,882c8ff82882f8400fc0f649ce9283d6e7fb095c5bdf733a73226eeb381f0405,11019,110,success,0,FAILED_PROTOCOL
A-kem1024-gilbert-prr0p85-L10-rep27-seed200027-v2,A-kem1024-gilbert-prr0p85-L10-rep27-seed200027,A_B1_VS_B2,COOJA_SIMULATION,1024,2,gilbert,0.85,10.0,none,200027,valid,none,,,runs/A-kem1024-gilbert-prr0p85-L10-rep27-seed200027-v2/cooja.log,fe760a692bd5ab7576c55916c6df105caa4c6a79323cb49f1070d0b834d90ae8,11253,112,success,0,FAILED_PROTOCOL
A-kem1024-gilbert-prr0p85-L10-rep28-seed200028-v1,A-kem1024-gilbert-prr0p85-L10-rep28-seed200028,A_B1_VS_B2,COOJA_SIMULATION,1024,1,gilbert,0.85,10.0,none,200028,valid,none,,,runs/A-kem1024-gilbert-prr0p85-L10-rep28-seed200028-v1/cooja.log,e31b69def9d3ee09123a0f6e5ca16d1ff52e4a36e2dac98afab47ca85b730623,13856,147,success,1,SUCCESS
A-kem1024-gilbert-prr0p85-L10-rep28-seed200028-v2,A-kem1024-gilbert-prr0p85-L10-rep28-seed200028,A_B1_VS_B2,COOJA_SIMULATION,1024,2,gilbert,0.85,10.0,none,200028,valid,none,,,runs/A-kem1024-gilbert-prr0p85-L10-rep28-seed200028-v2/cooja.log,bffb847d7272d2a89a408d063cd5ad0e7d7f972c4dffb55a531591e09dd22dc1,19846,200,success,1,SUCCESS
A-kem1024-gilbert-prr0p85-L10-rep29-seed200029-v1,A-kem1024-gilbert-prr0p85-L10-rep29-seed200029,A_B1_VS_B2,COOJA_SIMULATION,1024,1,gilbert,0.85,10.0,none,200029,valid,none,,,runs/A-kem1024-gilbert-prr0p85-L10-rep29-seed200029-v1/cooja.log,61928a3d37c6bf42507053148db4d7068399454a5d7d4392aa758e7a33b9d451,12443,123,success,0,FAILED_PROTOCOL
A-kem1024-gilbert-prr0p85-L10-rep29-seed200029-v2,A-kem1024-gilbert-prr0p85-L10-rep29-seed200029,A_B1_VS_B2,COOJA_SIMULATION,1024,2,gilbert,0.85,10.0,none,200029,valid,none,,,runs/A-kem1024-gilbert-prr0p85-L10-rep29-seed200029-v2/cooja.log,dce34f149cbd54e4c8cb9e5a8f71826c87af81c03b9463693fd770dbb3ee535d,14774,149,success,0,FAILED_PROTOCOL
A-kem1024-gilbert-prr0p85-L10-rep30-seed200030-v1,A-kem1024-gilbert-prr0p85-L10-rep30-seed200030,A_B1_VS_B2,COOJA_SIMULATION,1024,1,gilbert,0.85,10.0,none,200030,valid,none,,,runs/A-kem1024-gilbert-prr0p85-L10-rep30-seed200030-v1/cooja.log,db58f993b48a35d9454ecdf67e605847dd8cc05cf38e970bd84699451f1c6de2,13859,147,success,1,SUCCESS
A-kem1024-gilbert-prr0p85-L10-rep30-seed200030-v2,A-kem1024-gilbert-prr0p85-L10-rep30-seed200030,A_B1_VS_B2,COOJA_SIMULATION,1024,2,gilbert,0.85,10.0,none,200030,valid,none,,,runs/A-kem1024-gilbert-prr0p85-L10-rep30-seed200030-v2/cooja.log,6be898ae5b30027c70106467677674ad23268ebefa053340f940e88a792fcbf4,19454,204,success,1,SUCCESS
A-kem1024-gilbert-prr0p90-L2-rep01-seed200001-v1,A-kem1024-gilbert-prr0p90-L2-rep01-seed200001,A_B1_VS_B2,COOJA_SIMULATION,1024,1,gilbert,0.9,2.0,none,200001,valid,none,,,runs/A-kem1024-gilbert-prr0p90-L2-rep01-seed200001-v1/cooja.log,2735aafdf9eed654fb271092db61c3df8ba973bd382306266581f93067130004,16859,172,success,0,FAILED_PROTOCOL
A-kem1024-gilbert-prr0p90-L2-rep01-seed200001-v2,A-kem1024-gilbert-prr0p90-L2-rep01-seed200001,A_B1_VS_B2,COOJA_SIMULATION,1024,2,gilbert,0.9,2.0,none,200001,valid,none,,,runs/A-kem1024-gilbert-prr0p90-L2-rep01-seed200001-v2/cooja.log,5b3fd443ca38c5e07d411d0282837275495eba12ec9a904dbd086668f45e62ec,20850,211,success,1,SUCCESS
A-kem1024-gilbert-prr0p90-L2-rep02-seed200002-v1,A-kem1024-gilbert-prr0p90-L2-rep02-seed200002,A_B1_VS_B2,COOJA_SIMULATION,1024,1,gilbert,0.9,2.0,none,200002,valid,none,,,runs/A-kem1024-gilbert-prr0p90-L2-rep02-seed200002-v1/cooja.log,2e205ec434e2180481213a035b9bc84c65dafc76265310c4c262875fb6ae8cb5,10914,110,success,0,FAILED_PROTOCOL
A-kem1024-gilbert-prr0p90-L2-rep02-seed200002-v2,A-kem1024-gilbert-prr0p90-L2-rep02-seed200002,A_B1_VS_B2,COOJA_SIMULATION,1024,2,gilbert,0.9,2.0,none,200002,valid,none,,,runs/A-kem1024-gilbert-prr0p90-L2-rep02-seed200002-v2/cooja.log,f82c0c3708767d4be072ab0df2c963b3ab99d74c4d4c705236e2dac29aae3ecc,11148,112,success,0,FAILED_PROTOCOL
A-kem1024-gilbert-prr0p90-L2-rep03-seed200003-v1,A-kem1024-gilbert-prr0p90-L2-rep03-seed200003,A_B1_VS_B2,COOJA_SIMULATION,1024,1,gilbert,0.9,2.0,none,200003,valid,none,,,runs/A-kem1024-gilbert-prr0p90-L2-rep03-seed200003-v1/cooja.log,00f6589b167c2ef22ec52193449cee2015444242dff0d89020a133917e521c00,13691,141,success,0,FAILED_PROTOCOL
A-kem1024-gilbert-prr0p90-L2-rep03-seed200003-v2,A-kem1024-gilbert-prr0p90-L2-rep03-seed200003,A_B1_VS_B2,COOJA_SIMULATION,1024,2,gilbert,0.9,2.0,none,200003,valid,none,,,runs/A-kem1024-gilbert-prr0p90-L2-rep03-seed200003-v2/cooja.log,f9801db5cfced7e3b851aa8db2cb13b9b1ff8c67e9af971d3f0a5fc27a53712d,13925,143,success,0,FAILED_PROTOCOL
A-kem1024-gilbert-prr0p90-L2-rep04-seed200004-v1,A-kem1024-gilbert-prr0p90-L2-rep04-seed200004,A_B1_VS_B2,COOJA_SIMULATION,1024,1,gilbert,0.9,2.0,none,200004,valid,none,,,runs/A-kem1024-gilbert-prr0p90-L2-rep04-seed200004-v1/cooja.log,b8b71955bbe66fd4eeebd7a1d9ee7e29869ece0cd76feb8678eae53b6b1b6902,18199,189,success,0,FAILED_PROTOCOL
A-kem1024-gilbert-prr0p90-L2-rep04-seed200004-v2,A-kem1024-gilbert-prr0p90-L2-rep04-seed200004,A_B1_VS_B2,COOJA_SIMULATION,1024,2,gilbert,0.9,2.0,none,200004,valid,none,,,runs/A-kem1024-gilbert-prr0p90-L2-rep04-seed200004-v2/cooja.log,3a5a4c97c8532e6bec053ed52b8b6fce183254a019ffd8475c650ece78f0862b,21977,231,success,0,FAILED_PROTOCOL
A-kem1024-gilbert-prr0p90-L2-rep05-seed200005-v1,A-kem1024-gilbert-prr0p90-L2-rep05-seed200005,A_B1_VS_B2,COOJA_SIMULATION,1024,1,gilbert,0.9,2.0,none,200005,valid,none,,,runs/A-kem1024-gilbert-prr0p90-L2-rep05-seed200005-v1/cooja.log,cb498163317538df0b4769e970e1f84924ee7de8535a385131068ce559a26769,13896,143,success,0,FAILED_PROTOCOL
A-kem1024-gilbert-prr0p90-L2-rep05-seed200005-v2,A-kem1024-gilbert-prr0p90-L2-rep05-seed200005,A_B1_VS_B2,COOJA_SIMULATION,1024,2,gilbert,0.9,2.0,none,200005,valid,none,,,runs/A-kem1024-gilbert-prr0p90-L2-rep05-seed200005-v2/cooja.log,2099fb41cb76ecf39ef7eba7446fa5980f8f07d8a7d074bec3d3964f29edbe55,14130,145,success,0,FAILED_PROTOCOL
A-kem1024-gilbert-prr0p90-L2-rep06-seed200006-v1,A-kem1024-gilbert-prr0p90-L2-rep06-seed200006,A_B1_VS_B2,COOJA_SIMULATION,1024,1,gilbert,0.9,2.0,none,200006,valid,none,,,runs/A-kem1024-gilbert-prr0p90-L2-rep06-seed200006-v1/cooja.log,5d6e93fff1fc6ea6efdc8e9afac9ee25effc651723e9a0dd3d562b37289f4936,12785,128,success,0,FAILED_PROTOCOL
A-kem1024-gilbert-prr0p90-L2-rep06-seed200006-v2,A-kem1024-gilbert-prr0p90-L2-rep06-seed200006,A_B1_VS_B2,COOJA_SIMULATION,1024,2,gilbert,0.9,2.0,none,200006,valid,none,,,runs/A-kem1024-gilbert-prr0p90-L2-rep06-seed200006-v2/cooja.log,2fed36244afc187025822e66be042af62de81c27b6a6b4f4f164f85b0d2d98aa,21870,221,success,1,SUCCESS
A-kem1024-gilbert-prr0p90-L2-rep07-seed200007-v1,A-kem1024-gilbert-prr0p90-L2-rep07-seed200007,A_B1_VS_B2,COOJA_SIMULATION,1024,1,gilbert,0.9,2.0,none,200007,valid,none,,,runs/A-kem1024-gilbert-prr0p90-L2-rep07-seed200007-v1/cooja.log,d74e9f0748ce0b36802cb0015f224a44d88dbb5b0304736880bf1fdff62fb1c9,16655,170,success,0,FAILED_PROTOCOL
A-kem1024-gilbert-prr0p90-L2-rep07-seed200007-v2,A-kem1024-gilbert-prr0p90-L2-rep07-seed200007,A_B1_VS_B2,COOJA_SIMULATION,1024,2,gilbert,0.9,2.0,none,200007,valid,none,,,runs/A-kem1024-gilbert-prr0p90-L2-rep07-seed200007-v2/cooja.log,21393c8cb1e05585bfaa422b12944c7980393fb51bbcb07fdb7bc8a334189034,19943,201,success,1,SUCCESS
A-kem1024-gilbert-prr0p90-L2-rep08-seed200008-v1,A-kem1024-gilbert-prr0p90-L2-rep08-seed200008,A_B1_VS_B2,COOJA_SIMULATION,1024,1,gilbert,0.9,2.0,none,200008,valid,none,,,runs/A-kem1024-gilbert-prr0p90-L2-rep08-seed200008-v1/cooja.log,622923e992a434c9a4f8b36859f90caa6b53c190f0dfdcd95560ca22c04efa10,13551,139,success,0,FAILED_PROTOCOL
A-kem1024-gilbert-prr0p90-L2-rep08-seed200008-v2,A-kem1024-gilbert-prr0p90-L2-rep08-seed200008,A_B1_VS_B2,COOJA_SIMULATION,1024,2,gilbert,0.9,2.0,none,200008,valid,none,,,runs/A-kem1024-gilbert-prr0p90-L2-rep08-seed200008-v2/cooja.log,7203f9b5d27c72d968c0c39f76df1bc0d5002aef2d0cf42ce8affc7628d3eae7,13785,141,success,0,FAILED_PROTOCOL
A-kem1024-gilbert-prr0p90-L2-rep09-seed200009-v1,A-kem1024-gilbert-prr0p90-L2-rep09-seed200009,A_B1_VS_B2,COOJA_SIMULATION,1024,1,gilbert,0.9,2.0,none,200009,valid,none,,,runs/A-kem1024-gilbert-prr0p90-L2-rep09-seed200009-v1/cooja.log,f92e812d61809fd3bd92e06d4ee592ae478c38ae5cdc4d17e7186ca3a3e3242f,18611,192,success,0,FAILED_PROTOCOL
A-kem1024-gilbert-prr0p90-L2-rep09-seed200009-v2,A-kem1024-gilbert-prr0p90-L2-rep09-seed200009,A_B1_VS_B2,COOJA_SIMULATION,1024,2,gilbert,0.9,2.0,none,200009,valid,none,,,runs/A-kem1024-gilbert-prr0p90-L2-rep09-seed200009-v2/cooja.log,9f4b0e606f22b67b85b925d971b5381b32f0d1ef8da4f4d99c68109a2a0ceb89,19880,211,success,0,FAILED_PROTOCOL
A-kem1024-gilbert-prr0p90-L2-rep10-seed200010-v1,A-kem1024-gilbert-prr0p90-L2-rep10-seed200010,A_B1_VS_B2,COOJA_SIMULATION,1024,1,gilbert,0.9,2.0,none,200010,valid,none,,,runs/A-kem1024-gilbert-prr0p90-L2-rep10-seed200010-v1/cooja.log,450d277ae8df95ce851ca554205c91d62a8c456932d4e2c5c87460f3fb3c107f,16842,172,success,0,FAILED_PROTOCOL
A-kem1024-gilbert-prr0p90-L2-rep10-seed200010-v2,A-kem1024-gilbert-prr0p90-L2-rep10-seed200010,A_B1_VS_B2,COOJA_SIMULATION,1024,2,gilbert,0.9,2.0,none,200010,valid,none,,,runs/A-kem1024-gilbert-prr0p90-L2-rep10-seed200010-v2/cooja.log,41b3658da59f59f00ba3e4eb91c7d025fdf0bd859873cdca0d7c14807a0afa65,20475,207,success,1,SUCCESS
A-kem1024-gilbert-prr0p90-L2-rep11-seed200011-v1,A-kem1024-gilbert-prr0p90-L2-rep11-seed200011,A_B1_VS_B2,COOJA_SIMULATION,1024,1,gilbert,0.9,2.0,none,200011,valid,none,,,runs/A-kem1024-gilbert-prr0p90-L2-rep11-seed200011-v1/cooja.log,76649a089bb23b524520ae8d004458c4a4037f9d715ef4d905b1c249ce34ba52,12647,129,success,0,FAILED_PROTOCOL
A-kem1024-gilbert-prr0p90-L2-rep11-seed200011-v2,A-kem1024-gilbert-prr0p90-L2-rep11-seed200011,A_B1_VS_B2,COOJA_SIMULATION,1024,2,gilbert,0.9,2.0,none,200011,valid,none,,,runs/A-kem1024-gilbert-prr0p90-L2-rep11-seed200011-v2/cooja.log,75a692811f9c1b9a27ca6a96663ae5957ba8ba06cfbaf4e562886f86c9ca3ac3,12881,131,success,0,FAILED_PROTOCOL
A-kem1024-gilbert-prr0p90-L2-rep12-seed200012-v1,A-kem1024-gilbert-prr0p90-L2-rep12-seed200012,A_B1_VS_B2,COOJA_SIMULATION,1024,1,gilbert,0.9,2.0,none,200012,valid,none,,,runs/A-kem1024-gilbert-prr0p90-L2-rep12-seed200012-v1/cooja.log,7dd1ef65bef4850dc3fb6ec1d8183ef7a61081f1d16738a3f51cbbacf0c39d21,11552,117,success,0,FAILED_PROTOCOL
A-kem1024-gilbert-prr0p90-L2-rep12-seed200012-v2,A-kem1024-gilbert-prr0p90-L2-rep12-seed200012,A_B1_VS_B2,COOJA_SIMULATION,1024,2,gilbert,0.9,2.0,none,200012,valid,none,,,runs/A-kem1024-gilbert-prr0p90-L2-rep12-seed200012-v2/cooja.log,012b92861ac5f806920e7386bd72c4aa5c793988e96b2e1a69c3a821b6ceb545,11786,119,success,0,FAILED_PROTOCOL
A-kem1024-gilbert-prr0p90-L2-rep13-seed200013-v1,A-kem1024-gilbert-prr0p90-L2-rep13-seed200013,A_B1_VS_B2,COOJA_SIMULATION,1024,1,gilbert,0.9,2.0,none,200013,valid,none,,,runs/A-kem1024-gilbert-prr0p90-L2-rep13-seed200013-v1/cooja.log,deacbe5faedaa2ec790a6526f11f1caea84b963249bcc48be5a43ec45b55ade0,13859,147,success,1,SUCCESS
A-kem1024-gilbert-prr0p90-L2-rep13-seed200013-v2,A-kem1024-gilbert-prr0p90-L2-rep13-seed200013,A_B1_VS_B2,COOJA_SIMULATION,1024,2,gilbert,0.9,2.0,none,200013,valid,none,,,runs/A-kem1024-gilbert-prr0p90-L2-rep13-seed200013-v2/cooja.log,53e39763d013e808f22fd03418b605d19decfbc67b14155c0d910b5cbd96b64b,19402,195,success,1,SUCCESS
A-kem1024-gilbert-prr0p90-L2-rep14-seed200014-v1,A-kem1024-gilbert-prr0p90-L2-rep14-seed200014,A_B1_VS_B2,COOJA_SIMULATION,1024,1,gilbert,0.9,2.0,none,200014,valid,none,,,runs/A-kem1024-gilbert-prr0p90-L2-rep14-seed200014-v1/cooja.log,a5fe88fe4889b2371c01856131a733cdd30c1f73b6853fc2312957f7e0c2ce5c,17163,177,success,0,FAILED_PROTOCOL
A-kem1024-gilbert-prr0p90-L2-rep14-seed200014-v2,A-kem1024-gilbert-prr0p90-L2-rep14-seed200014,A_B1_VS_B2,COOJA_SIMULATION,1024,2,gilbert,0.9,2.0,none,200014,valid,none,,,runs/A-kem1024-gilbert-prr0p90-L2-rep14-seed200014-v2/cooja.log,c3328a60a30e5cab58ca2874124217300fc79dccf2ef0c9d6f709bac16df721c,21493,218,success,1,SUCCESS
A-kem1024-gilbert-prr0p90-L2-rep15-seed200015-v1,A-kem1024-gilbert-prr0p90-L2-rep15-seed200015,A_B1_VS_B2,COOJA_SIMULATION,1024,1,gilbert,0.9,2.0,none,200015,valid,none,,,runs/A-kem1024-gilbert-prr0p90-L2-rep15-seed200015-v1/cooja.log,8756dbab455691b340df81587390aecdab01aeab01d0547b54b0a87e7e473a59,12540,125,success,0,FAILED_PROTOCOL
A-kem1024-gilbert-prr0p90-L2-rep15-seed200015-v2,A-kem1024-gilbert-prr0p90-L2-rep15-seed200015,A_B1_VS_B2,COOJA_SIMULATION,1024,2,gilbert,0.9,2.0,none,200015,valid,none,,,runs/A-kem1024-gilbert-prr0p90-L2-rep15-seed200015-v2/cooja.log,ba3ea25d8cfd8aeb81742e6a49c55cee638af555f27354a5593b6c32823668b1,20106,203,success,1,SUCCESS
A-kem1024-gilbert-prr0p90-L2-rep16-seed200016-v1,A-kem1024-gilbert-prr0p90-L2-rep16-seed200016,A_B1_VS_B2,COOJA_SIMULATION,1024,1,gilbert,0.9,2.0,none,200016,valid,none,,,runs/A-kem1024-gilbert-prr0p90-L2-rep16-seed200016-v1/cooja.log,e904ae7f5c82bf0c2942eca95eef42adf25ea875029e75c2ebb870ce402ce36d,11105,112,success,0,FAILED_PROTOCOL
A-kem1024-gilbert-prr0p90-L2-rep16-seed200016-v2,A-kem1024-gilbert-prr0p90-L2-rep16-seed200016,A_B1_VS_B2,COOJA_SIMULATION,1024,2,gilbert,0.9,2.0,none,200016,valid,none,,,runs/A-kem1024-gilbert-prr0p90-L2-rep16-seed200016-v2/cooja.log,5a8ec4bcda0f094b3cb8233e7b3064e98f7a39ac2a13c66ab4a05762779185a1,11339,114,success,0,FAILED_PROTOCOL
A-kem1024-gilbert-prr0p90-L2-rep17-seed200017-v1,A-kem1024-gilbert-prr0p90-L2-rep17-seed200017,A_B1_VS_B2,COOJA_SIMULATION,1024,1,gilbert,0.9,2.0,none,200017,valid,none,,,runs/A-kem1024-gilbert-prr0p90-L2-rep17-seed200017-v1/cooja.log,1809ec34889b7666642a47371e380bd5179cfe41d2ff241d5c38c149d1fa67f3,14221,147,success,0,FAILED_PROTOCOL
A-kem1024-gilbert-prr0p90-L2-rep17-seed200017-v2,A-kem1024-gilbert-prr0p90-L2-rep17-seed200017,A_B1_VS_B2,COOJA_SIMULATION,1024,2,gilbert,0.9,2.0,none,200017,valid,none,,,runs/A-kem1024-gilbert-prr0p90-L2-rep17-seed200017-v2/cooja.log,32fa8671c98d7d36525b76de4e97166bf200a322882fe2f7f1380554df58cf3e,14455,149,success,0,FAILED_PROTOCOL
A-kem1024-gilbert-prr0p90-L2-rep18-seed200018-v1,A-kem1024-gilbert-prr0p90-L2-rep18-seed200018,A_B1_VS_B2,COOJA_SIMULATION,1024,1,gilbert,0.9,2.0,none,200018,valid,none,,,runs/A-kem1024-gilbert-prr0p90-L2-rep18-seed200018-v1/cooja.log,2f7f75e83bc66529de87c71e8db39de776e69df5d3f419f5047ae0790770586a,17844,185,success,0,FAILED_PROTOCOL
A-kem1024-gilbert-prr0p90-L2-rep18-seed200018-v2,A-kem1024-gilbert-prr0p90-L2-rep18-seed200018,A_B1_VS_B2,COOJA_SIMULATION,1024,2,gilbert,0.9,2.0,none,200018,valid,none,,,runs/A-kem1024-gilbert-prr0p90-L2-rep18-seed200018-v2/cooja.log,b9bdb0498865634f645ab3e4ff2002a7b888051fa307a2de4e7e1c528417665a,20953,212,success,1,SUCCESS
A-kem1024-gilbert-prr0p90-L2-rep19-seed200019-v1,A-kem1024-gilbert-prr0p90-L2-rep19-seed200019,A_B1_VS_B2,COOJA_SIMULATION,1024,1,gilbert,0.9,2.0,none,200019,valid,none,,,runs/A-kem1024-gilbert-prr0p90-L2-rep19-seed200019-v1/cooja.log,05cdefa3c6bac57573436334943a02e0cb2ce598537f0754b3ba00b31fc9348c,13500,136,success,0,FAILED_PROTOCOL
A-kem1024-gilbert-prr0p90-L2-rep19-seed200019-v2,A-kem1024-gilbert-prr0p90-L2-rep19-seed200019,A_B1_VS_B2,COOJA_SIMULATION,1024,2,gilbert,0.9,2.0,none,200019,valid,none,,,runs/A-kem1024-gilbert-prr0p90-L2-rep19-seed200019-v2/cooja.log,27123f83519670a6706e73351c0d4fcb11a0f3a736622ce34547817e0dababd0,21550,220,success,1,SUCCESS
A-kem1024-gilbert-prr0p90-L2-rep20-seed200020-v1,A-kem1024-gilbert-prr0p90-L2-rep20-seed200020,A_B1_VS_B2,COOJA_SIMULATION,1024,1,gilbert,0.9,2.0,none,200020,valid,none,,,runs/A-kem1024-gilbert-prr0p90-L2-rep20-seed200020-v1/cooja.log,d811f6893fe085f63f81aab1d687648bd453569438de346bd3b8e12b5e22e0f1,11653,118,success,0,FAILED_PROTOCOL
A-kem1024-gilbert-prr0p90-L2-rep20-seed200020-v2,A-kem1024-gilbert-prr0p90-L2-rep20-seed200020,A_B1_VS_B2,COOJA_SIMULATION,1024,2,gilbert,0.9,2.0,none,200020,valid,none,,,runs/A-kem1024-gilbert-prr0p90-L2-rep20-seed200020-v2/cooja.log,32420f0088c1d8e18d866c9b936cd5c77deb76d57953a7fa0018942bcf53194a,11887,120,success,0,FAILED_PROTOCOL
A-kem1024-gilbert-prr0p90-L2-rep21-seed200021-v1,A-kem1024-gilbert-prr0p90-L2-rep21-seed200021,A_B1_VS_B2,COOJA_SIMULATION,1024,1,gilbert,0.9,2.0,none,200021,valid,none,,,runs/A-kem1024-gilbert-prr0p90-L2-rep21-seed200021-v1/cooja.log,e906a97f5337c50c1ed2c36d4dd96e321beb46cb83c043cf80b8a0c04480c501,17398,180,success,0,FAILED_PROTOCOL
A-kem1024-gilbert-prr0p90-L2-rep21-seed200021-v2,A-kem1024-gilbert-prr0p90-L2-rep21-seed200021,A_B1_VS_B2,COOJA_SIMULATION,1024,2,gilbert,0.9,2.0,none,200021,valid,none,,,runs/A-kem1024-gilbert-prr0p90-L2-rep21-seed200021-v2/cooja.log,6f9271b51e9a0a43d694d8b748a8809ec2345f2a3720b9d3d834addaa475d49c,20389,206,success,1,SUCCESS
A-kem1024-gilbert-prr0p90-L2-rep22-seed200022-v1,A-kem1024-gilbert-prr0p90-L2-rep22-seed200022,A_B1_VS_B2,COOJA_SIMULATION,1024,1,gilbert,0.9,2.0,none,200022,valid,none,,,runs/A-kem1024-gilbert-prr0p90-L2-rep22-seed200022-v1/cooja.log,02f124127309753336d15c92841e9fcc5cc55637632941a528c2d8197d0a9bc0,13835,143,success,0,FAILED_PROTOCOL
A-kem1024-gilbert-prr0p90-L2-rep22-seed200022-v2,A-kem1024-gilbert-prr0p90-L2-rep22-seed200022,A_B1_VS_B2,COOJA_SIMULATION,1024,2,gilbert,0.9,2.0,none,200022,valid,none,,,runs/A-kem1024-gilbert-prr0p90-L2-rep22-seed200022-v2/cooja.log,d1b44213ac25f1ee4966c9954b10c188d3446fe08bd1c1770b53edfa7acc8bd4,14069,145,success,0,FAILED_PROTOCOL
A-kem1024-gilbert-prr0p90-L2-rep23-seed200023-v1,A-kem1024-gilbert-prr0p90-L2-rep23-seed200023,A_B1_VS_B2,COOJA_SIMULATION,1024,1,gilbert,0.9,2.0,none,200023,valid,none,,,runs/A-kem1024-gilbert-prr0p90-L2-rep23-seed200023-v1/cooja.log,5893a331ce999c75fe47a2b8a35edbe0838ecaa6d43ba53d08056c4e0787beb7,13585,137,success,0,FAILED_PROTOCOL
A-kem1024-gilbert-prr0p90-L2-rep23-seed200023-v2,A-kem1024-gilbert-prr0p90-L2-rep23-seed200023,A_B1_VS_B2,COOJA_SIMULATION,1024,2,gilbert,0.9,2.0,none,200023,valid,none,,,runs/A-kem1024-gilbert-prr0p90-L2-rep23-seed200023-v2/cooja.log,b081177e4a45648f6afded5b58171df99f77a7849108af55fb5651ece62eb025,20748,210,success,1,SUCCESS
A-kem1024-gilbert-prr0p90-L2-rep24-seed200024-v1,A-kem1024-gilbert-prr0p90-L2-rep24-seed200024,A_B1_VS_B2,COOJA_SIMULATION,1024,1,gilbert,0.9,2.0,none,200024,valid,none,,,runs/A-kem1024-gilbert-prr0p90-L2-rep24-seed200024-v1/cooja.log,06a08e1293638b23625a51ad651f2a1303dcfb9bdb76cbd7bc224098318ac1e6,18660,194,success,0,FAILED_PROTOCOL
A-kem1024-gilbert-prr0p90-L2-rep24-seed200024-v2,A-kem1024-gilbert-prr0p90-L2-rep24-seed200024,A_B1_VS_B2,COOJA_SIMULATION,1024,2,gilbert,0.9,2.0,none,200024,valid,none,,,runs/A-kem1024-gilbert-prr0p90-L2-rep24-seed200024-v2/cooja.log,578f9fd27e2e8fd212bb00ea2610d768f41d903de2b6855807ba68a76d835742,21510,218,success,1,SUCCESS
A-kem1024-gilbert-prr0p90-L2-rep25-seed200025-v1,A-kem1024-gilbert-prr0p90-L2-rep25-seed200025,A_B1_VS_B2,COOJA_SIMULATION,1024,1,gilbert,0.9,2.0,none,200025,valid,none,,,runs/A-kem1024-gilbert-prr0p90-L2-rep25-seed200025-v1/cooja.log,972c31e02a78feeb3a7e9b5c627db1a7c619ddf853e4eccf910097c78bdb2d39,17475,181,success,0,FAILED_PROTOCOL
A-kem1024-gilbert-prr0p90-L2-rep25-seed200025-v2,A-kem1024-gilbert-prr0p90-L2-rep25-seed200025,A_B1_VS_B2,COOJA_SIMULATION,1024,2,gilbert,0.9,2.0,none,200025,valid,none,,,runs/A-kem1024-gilbert-prr0p90-L2-rep25-seed200025-v2/cooja.log,0aa60de81a5e01e2ddb505c66ad723fe90995c604a999e0dfa63cb83d2e4583f,22899,234,success,1,SUCCESS
A-kem1024-gilbert-prr0p90-L2-rep26-seed200026-v1,A-kem1024-gilbert-prr0p90-L2-rep26-seed200026,A_B1_VS_B2,COOJA_SIMULATION,1024,1,gilbert,0.9,2.0,none,200026,valid,none,,,runs/A-kem1024-gilbert-prr0p90-L2-rep26-seed200026-v1/cooja.log,ab92474315a74e1dc7a724bfa1c0a3e996ec59a63010fcfd7c22984aa58ca55d,13779,146,success,1,SUCCESS
A-kem1024-gilbert-prr0p90-L2-rep26-seed200026-v2,A-kem1024-gilbert-prr0p90-L2-rep26-seed200026,A_B1_VS_B2,COOJA_SIMULATION,1024,2,gilbert,0.9,2.0,none,200026,valid,none,,,runs/A-kem1024-gilbert-prr0p90-L2-rep26-seed200026-v2/cooja.log,ca737a8a2207d795a6ea80eb3ee4552df9ce936a263592cb07f41a63b859c4e0,19685,198,success,1,SUCCESS
A-kem1024-gilbert-prr0p90-L2-rep27-seed200027-v1,A-kem1024-gilbert-prr0p90-L2-rep27-seed200027,A_B1_VS_B2,COOJA_SIMULATION,1024,1,gilbert,0.9,2.0,none,200027,valid,none,,,runs/A-kem1024-gilbert-prr0p90-L2-rep27-seed200027-v1/cooja.log,c3ba2fa9068197f879ef8cb20c4321097bfce8d9407800a04c767367a11e7192,9454,92,success,0,FAILED_PROTOCOL
A-kem1024-gilbert-prr0p90-L2-rep27-seed200027-v2,A-kem1024-gilbert-prr0p90-L2-rep27-seed200027,A_B1_VS_B2,COOJA_SIMULATION,1024,2,gilbert,0.9,2.0,none,200027,valid,none,,,runs/A-kem1024-gilbert-prr0p90-L2-rep27-seed200027-v2/cooja.log,cedf01c27f9448d2577ee76a3592f315a3c4ccebe99fa42a1ec5c5749d9fc641,9688,94,success,0,FAILED_PROTOCOL
A-kem1024-gilbert-prr0p90-L2-rep28-seed200028-v1,A-kem1024-gilbert-prr0p90-L2-rep28-seed200028,A_B1_VS_B2,COOJA_SIMULATION,1024,1,gilbert,0.9,2.0,none,200028,valid,none,,,runs/A-kem1024-gilbert-prr0p90-L2-rep28-seed200028-v1/cooja.log,5b03cad23b2af57a340acd5da3ea3fddec3e1f900e4adcc9d6481879c37c0c67,13782,146,success,1,SUCCESS
A-kem1024-gilbert-prr0p90-L2-rep28-seed200028-v2,A-kem1024-gilbert-prr0p90-L2-rep28-seed200028,A_B1_VS_B2,COOJA_SIMULATION,1024,2,gilbert,0.9,2.0,none,200028,valid,none,,,runs/A-kem1024-gilbert-prr0p90-L2-rep28-seed200028-v2/cooja.log,1eefbb5fc2dbc810d62239d07685362d39563a5c5b46fbcadd7ac4c77805e35c,19318,194,success,1,SUCCESS
A-kem1024-gilbert-prr0p90-L2-rep29-seed200029-v1,A-kem1024-gilbert-prr0p90-L2-rep29-seed200029,A_B1_VS_B2,COOJA_SIMULATION,1024,1,gilbert,0.9,2.0,none,200029,valid,none,,,runs/A-kem1024-gilbert-prr0p90-L2-rep29-seed200029-v1/cooja.log,4ffb795ee9c26fd103ddc5dbc3d466b867abbb14727033020fae98e15b6be336,13681,138,success,0,FAILED_PROTOCOL
A-kem1024-gilbert-prr0p90-L2-rep29-seed200029-v2,A-kem1024-gilbert-prr0p90-L2-rep29-seed200029,A_B1_VS_B2,COOJA_SIMULATION,1024,2,gilbert,0.9,2.0,none,200029,valid,none,,,runs/A-kem1024-gilbert-prr0p90-L2-rep29-seed200029-v2/cooja.log,a369f1a60b969ceb1e1e9bf8917970b01de36f0d548c48a0255bd98c7e5901ba,20038,202,success,1,SUCCESS
A-kem1024-gilbert-prr0p90-L2-rep30-seed200030-v1,A-kem1024-gilbert-prr0p90-L2-rep30-seed200030,A_B1_VS_B2,COOJA_SIMULATION,1024,1,gilbert,0.9,2.0,none,200030,valid,none,,,runs/A-kem1024-gilbert-prr0p90-L2-rep30-seed200030-v1/cooja.log,e6b521a56c4adb5a77cd6cb18f7f378a9bdb5d7737e4e3683f10cb029df59de4,12892,129,success,0,FAILED_PROTOCOL
A-kem1024-gilbert-prr0p90-L2-rep30-seed200030-v2,A-kem1024-gilbert-prr0p90-L2-rep30-seed200030,A_B1_VS_B2,COOJA_SIMULATION,1024,2,gilbert,0.9,2.0,none,200030,valid,none,,,runs/A-kem1024-gilbert-prr0p90-L2-rep30-seed200030-v2/cooja.log,aec043342936039f2f714df1e3aba47b2efb4c2b93377a01378a374f19d1adb8,22808,233,success,1,SUCCESS
A-kem1024-gilbert-prr0p90-L5-rep01-seed200001-v1,A-kem1024-gilbert-prr0p90-L5-rep01-seed200001,A_B1_VS_B2,COOJA_SIMULATION,1024,1,gilbert,0.9,5.0,none,200001,valid,none,,,runs/A-kem1024-gilbert-prr0p90-L5-rep01-seed200001-v1/cooja.log,0b6092cb7557ac71add4e6d85b38fd3bf8e0a600994e9584e89c197b66e41d96,13853,147,success,1,SUCCESS
A-kem1024-gilbert-prr0p90-L5-rep01-seed200001-v2,A-kem1024-gilbert-prr0p90-L5-rep01-seed200001,A_B1_VS_B2,COOJA_SIMULATION,1024,2,gilbert,0.9,5.0,none,200001,valid,none,,,runs/A-kem1024-gilbert-prr0p90-L5-rep01-seed200001-v2/cooja.log,a6bdefaf69c2fbc4ed84b3f5a8de19a1d659b8f082480f6e5f26801856941ffb,19389,195,success,1,SUCCESS
A-kem1024-gilbert-prr0p90-L5-rep02-seed200002-v1,A-kem1024-gilbert-prr0p90-L5-rep02-seed200002,A_B1_VS_B2,COOJA_SIMULATION,1024,1,gilbert,0.9,5.0,none,200002,valid,none,,,runs/A-kem1024-gilbert-prr0p90-L5-rep02-seed200002-v1/cooja.log,fdf65841e8c2f149e21c3eb850ddb7ae25bb86292eb81fc95a0b5425b71320c6,8770,84,success,0,FAILED_PROTOCOL
A-kem1024-gilbert-prr0p90-L5-rep02-seed200002-v2,A-kem1024-gilbert-prr0p90-L5-rep02-seed200002,A_B1_VS_B2,COOJA_SIMULATION,1024,2,gilbert,0.9,5.0,none,200002,valid,none,,,runs/A-kem1024-gilbert-prr0p90-L5-rep02-seed200002-v2/cooja.log,9d4d466b8a5e4dcc29b382d42f242d401ef5b41ca9478dd399fd35cd8aab61a2,9004,86,success,0,FAILED_PROTOCOL
A-kem1024-gilbert-prr0p90-L5-rep03-seed200003-v1,A-kem1024-gilbert-prr0p90-L5-rep03-seed200003,A_B1_VS_B2,COOJA_SIMULATION,1024,1,gilbert,0.9,5.0,none,200003,valid,none,,,runs/A-kem1024-gilbert-prr0p90-L5-rep03-seed200003-v1/cooja.log,ed01cf816370f27037fc2285c2063233f7c47e1b32643e67739caa1bc35d57b4,10896,110,success,0,FAILED_PROTOCOL
A-kem1024-gilbert-prr0p90-L5-rep03-seed200003-v2,A-kem1024-gilbert-prr0p90-L5-rep03-seed200003,A_B1_VS_B2,COOJA_SIMULATION,1024,2,gilbert,0.9,5.0,none,200003,valid,none,,,runs/A-kem1024-gilbert-prr0p90-L5-rep03-seed200003-v2/cooja.log,34d70ee41a95aac8d5336aac4b1b07ea1702e52276482fa4af4a478594a66cda,11130,112,success,0,FAILED_PROTOCOL
A-kem1024-gilbert-prr0p90-L5-rep04-seed200004-v1,A-kem1024-gilbert-prr0p90-L5-rep04-seed200004,A_B1_VS_B2,COOJA_SIMULATION,1024,1,gilbert,0.9,5.0,none,200004,valid,none,,,runs/A-kem1024-gilbert-prr0p90-L5-rep04-seed200004-v1/cooja.log,c44c6f323f59abfb2b65dc874dd24581e6e6e40562e7d0ca5fe422b79794bccc,12425,124,success,0,FAILED_PROTOCOL
A-kem1024-gilbert-prr0p90-L5-rep04-seed200004-v2,A-kem1024-gilbert-prr0p90-L5-rep04-seed200004,A_B1_VS_B2,COOJA_SIMULATION,1024,2,gilbert,0.9,5.0,none,200004,valid,none,,,runs/A-kem1024-gilbert-prr0p90-L5-rep04-seed200004-v2/cooja.log,964912a44975e4411acd207faff0b3e232c9fded2e3c372cab9807ba70911612,21189,222,success,0,FAILED_PROTOCOL
A-kem1024-gilbert-prr0p90-L5-rep05-seed200005-v1,A-kem1024-gilbert-prr0p90-L5-rep05-seed200005,A_B1_VS_B2,COOJA_SIMULATION,1024,1,gilbert,0.9,5.0,none,200005,valid,none,,,runs/A-kem1024-gilbert-prr0p90-L5-rep05-seed200005-v1/cooja.log,42ac1a0dfed13f57688f712ff3daa3fccbe912702d1daf15609d735219d8c3b5,11380,115,success,0,FAILED_PROTOCOL
A-kem1024-gilbert-prr0p90-L5-rep05-seed200005-v2,A-kem1024-gilbert-prr0p90-L5-rep05-seed200005,A_B1_VS_B2,COOJA_SIMULATION,1024,2,gilbert,0.9,5.0,none,200005,valid,none,,,runs/A-kem1024-gilbert-prr0p90-L5-rep05-seed200005-v2/cooja.log,315f16bbf8a87a2f4967fca466024d8ed56c2c08f586dfa6d3ec7bcac2ae523d,11614,117,success,0,FAILED_PROTOCOL
A-kem1024-gilbert-prr0p90-L5-rep06-seed200006-v1,A-kem1024-gilbert-prr0p90-L5-rep06-seed200006,A_B1_VS_B2,COOJA_SIMULATION,1024,1,gilbert,0.9,5.0,none,200006,valid,none,,,runs/A-kem1024-gilbert-prr0p90-L5-rep06-seed200006-v1/cooja.log,44760565073b39dea9a3a1f7663f4d24fc26856d477e506277042bb43ef4c209,12785,128,success,0,FAILED_PROTOCOL
A-kem1024-gilbert-prr0p90-L5-rep06-seed200006-v2,A-kem1024-gilbert-prr0p90-L5-rep06-seed200006,A_B1_VS_B2,COOJA_SIMULATION,1024,2,gilbert,0.9,5.0,none,200006,valid,none,,,runs/A-kem1024-gilbert-prr0p90-L5-rep06-seed200006-v2/cooja.log,4eb4a2e00375816174ec6397b0aad2c19fa0ff8f07606b3ae5e33a93f9d618b7,21142,215,success,1,SUCCESS
A-kem1024-gilbert-prr0p90-L5-rep07-seed200007-v1,A-kem1024-gilbert-prr0p90-L5-rep07-seed200007,A_B1_VS_B2,COOJA_SIMULATION,1024,1,gilbert,0.9,5.0,none,200007,valid,none,,,runs/A-kem1024-gilbert-prr0p90-L5-rep07-seed200007-v1/cooja.log,c968337f40357a4b6173abef31eadddbbfa7df90a97ec2a7fb6ca83bc5a4a9c7,16199,165,success,0,FAILED_PROTOCOL
A-kem1024-gilbert-prr0p90-L5-rep07-seed200007-v2,A-kem1024-gilbert-prr0p90-L5-rep07-seed200007,A_B1_VS_B2,COOJA_SIMULATION,1024,2,gilbert,0.9,5.0,none,200007,valid,none,,,runs/A-kem1024-gilbert-prr0p90-L5-rep07-seed200007-v2/cooja.log,658fc867bb757e620f5fc2daa2a6dca614a82dab5d8be56cf0a99a84b97ed1b5,20757,211,success,1,SUCCESS
A-kem1024-gilbert-prr0p90-L5-rep08-seed200008-v1,A-kem1024-gilbert-prr0p90-L5-rep08-seed200008,A_B1_VS_B2,COOJA_SIMULATION,1024,1,gilbert,0.9,5.0,none,200008,valid,none,,,runs/A-kem1024-gilbert-prr0p90-L5-rep08-seed200008-v1/cooja.log,e69ac92aba749887fa4bcc8f720580bca7544498df8f4593070ca0c960490bac,13207,135,success,0,FAILED_PROTOCOL
A-kem1024-gilbert-prr0p90-L5-rep08-seed200008-v2,A-kem1024-gilbert-prr0p90-L5-rep08-seed200008,A_B1_VS_B2,COOJA_SIMULATION,1024,2,gilbert,0.9,5.0,none,200008,valid,none,,,runs/A-kem1024-gilbert-prr0p90-L5-rep08-seed200008-v2/cooja.log,c0e65662a26cb5c1ca5c5811fe51e3ba54293c14ffccbfcebc22e6bce0c66e4b,13441,137,success,0,FAILED_PROTOCOL
A-kem1024-gilbert-prr0p90-L5-rep09-seed200009-v1,A-kem1024-gilbert-prr0p90-L5-rep09-seed200009,A_B1_VS_B2,COOJA_SIMULATION,1024,1,gilbert,0.9,5.0,none,200009,valid,none,,,runs/A-kem1024-gilbert-prr0p90-L5-rep09-seed200009-v1/cooja.log,b49067132808012d584c228758fd2e33f1df3d558f7e7d132c8e23edb86fb39c,15015,156,success,0,FAILED_PROTOCOL
A-kem1024-gilbert-prr0p90-L5-rep09-seed200009-v2,A-kem1024-gilbert-prr0p90-L5-rep09-seed200009,A_B1_VS_B2,COOJA_SIMULATION,1024,2,gilbert,0.9,5.0,none,200009,valid,none,,,runs/A-kem1024-gilbert-prr0p90-L5-rep09-seed200009-v2/cooja.log,ae564ce286513bc923211bb5c694bba0179d7a0337b0a6881b87c79184a62e0f,15249,158,success,0,FAILED_PROTOCOL
A-kem1024-gilbert-prr0p90-L5-rep10-seed200010-v1,A-kem1024-gilbert-prr0p90-L5-rep10-seed200010,A_B1_VS_B2,COOJA_SIMULATION,1024,1,gilbert,0.9,5.0,none,200010,valid,none,,,runs/A-kem1024-gilbert-prr0p90-L5-rep10-seed200010-v1/cooja.log,c872b71169f53439094eacec5dcf99029791b548198a56a43ca9d501fb9bd49a,16662,170,success,0,FAILED_PROTOCOL
A-kem1024-gilbert-prr0p90-L5-rep10-seed200010-v2,A-kem1024-gilbert-prr0p90-L5-rep10-seed200010,A_B1_VS_B2,COOJA_SIMULATION,1024,2,gilbert,0.9,5.0,none,200010,valid,none,,,runs/A-kem1024-gilbert-prr0p90-L5-rep10-seed200010-v2/cooja.log,0f2c1ad7ab8eb66596dd55184426b1a06f09ed49505447f2d43831380cf78772,20704,210,success,1,SUCCESS
A-kem1024-gilbert-prr0p90-L5-rep11-seed200011-v1,A-kem1024-gilbert-prr0p90-L5-rep11-seed200011,A_B1_VS_B2,COOJA_SIMULATION,1024,1,gilbert,0.9,5.0,none,200011,valid,none,,,runs/A-kem1024-gilbert-prr0p90-L5-rep11-seed200011-v1/cooja.log,55147396c57878bdbb353300a344f26ff37ce6c53e29985e582daa17c28d864f,17199,176,success,0,FAILED_PROTOCOL
A-kem1024-gilbert-prr0p90-L5-rep11-seed200011-v2,A-kem1024-gilbert-prr0p90-L5-rep11-seed200011,A_B1_VS_B2,COOJA_SIMULATION,1024,2,gilbert,0.9,5.0,none,200011,valid,none,,,runs/A-kem1024-gilbert-prr0p90-L5-rep11-seed200011-v2/cooja.log,2307005d33a9201fe03268b4779bfd484e3cd662a65182a703ef91f94b422ca0,24159,249,success,0,FAILED_PROTOCOL
A-kem1024-gilbert-prr0p90-L5-rep12-seed200012-v1,A-kem1024-gilbert-prr0p90-L5-rep12-seed200012,A_B1_VS_B2,COOJA_SIMULATION,1024,1,gilbert,0.9,5.0,none,200012,valid,none,,,runs/A-kem1024-gilbert-prr0p90-L5-rep12-seed200012-v1/cooja.log,f3d842ab430b3414ed2b38a578f7424b317ca229748af0a2399db4f161b99ca8,11700,119,success,0,FAILED_PROTOCOL
A-kem1024-gilbert-prr0p90-L5-rep12-seed200012-v2,A-kem1024-gilbert-prr0p90-L5-rep12-seed200012,A_B1_VS_B2,COOJA_SIMULATION,1024,2,gilbert,0.9,5.0,none,200012,valid,none,,,runs/A-kem1024-gilbert-prr0p90-L5-rep12-seed200012-v2/cooja.log,cd5b9e9df0322f4dd034a117595899d56587aaae79fa364301cc0a4f56e7014a,11934,121,success,0,FAILED_PROTOCOL
A-kem1024-gilbert-prr0p90-L5-rep13-seed200013-v1,A-kem1024-gilbert-prr0p90-L5-rep13-seed200013,A_B1_VS_B2,COOJA_SIMULATION,1024,1,gilbert,0.9,5.0,none,200013,valid,none,,,runs/A-kem1024-gilbert-prr0p90-L5-rep13-seed200013-v1/cooja.log,459e9729c0cc063faa857e1a8018ea49209c9bf00ea37284ffe44ce4dcfb45ee,13859,147,success,1,SUCCESS
A-kem1024-gilbert-prr0p90-L5-rep13-seed200013-v2,A-kem1024-gilbert-prr0p90-L5-rep13-seed200013,A_B1_VS_B2,COOJA_SIMULATION,1024,2,gilbert,0.9,5.0,none,200013,valid,none,,,runs/A-kem1024-gilbert-prr0p90-L5-rep13-seed200013-v2/cooja.log,d82fde9a6ee18d7daad0ef0d286e5f6062137386cef235d8808dde924c8f603e,19402,195,success,1,SUCCESS
A-kem1024-gilbert-prr0p90-L5-rep14-seed200014-v1,A-kem1024-gilbert-prr0p90-L5-rep14-seed200014,A_B1_VS_B2,COOJA_SIMULATION,1024,1,gilbert,0.9,5.0,none,200014,valid,none,,,runs/A-kem1024-gilbert-prr0p90-L5-rep14-seed200014-v1/cooja.log,5ad299cbe7d11c202042c1cc4cd02b3adee21ed5a20d68f897dc3e3e871cc285,12789,128,success,0,FAILED_PROTOCOL
A-kem1024-gilbert-prr0p90-L5-rep14-seed200014-v2,A-kem1024-gilbert-prr0p90-L5-rep14-seed200014,A_B1_VS_B2,COOJA_SIMULATION,1024,2,gilbert,0.9,5.0,none,200014,valid,none,,,runs/A-kem1024-gilbert-prr0p90-L5-rep14-seed200014-v2/cooja.log,2b86fa246557f30311ff52f3b87a1031363c0697e85a481a7ca9add259daf140,22714,230,success,1,SUCCESS
A-kem1024-gilbert-prr0p90-L5-rep15-seed200015-v1,A-kem1024-gilbert-prr0p90-L5-rep15-seed200015,A_B1_VS_B2,COOJA_SIMULATION,1024,1,gilbert,0.9,5.0,none,200015,valid,none,,,runs/A-kem1024-gilbert-prr0p90-L5-rep15-seed200015-v1/cooja.log,50f41d38188d5f062aca5b00e999941b116667e34823dc119ec75497bf3d9157,13850,147,success,1,SUCCESS
A-kem1024-gilbert-prr0p90-L5-rep15-seed200015-v2,A-kem1024-gilbert-prr0p90-L5-rep15-seed200015,A_B1_VS_B2,COOJA_SIMULATION,1024,2,gilbert,0.9,5.0,none,200015,valid,none,,,runs/A-kem1024-gilbert-prr0p90-L5-rep15-seed200015-v2/cooja.log,b342bc6349f2982f69fa91d978c9a0db323c5269ffa49e3df56ebafb72944af1,19393,195,success,1,SUCCESS
A-kem1024-gilbert-prr0p90-L5-rep16-seed200016-v1,A-kem1024-gilbert-prr0p90-L5-rep16-seed200016,A_B1_VS_B2,COOJA_SIMULATION,1024,1,gilbert,0.9,5.0,none,200016,valid,none,,,runs/A-kem1024-gilbert-prr0p90-L5-rep16-seed200016-v1/cooja.log,01aeab0e2226d1a57a4e42d6e9ca9a05d7968597bfe4ff44c62457f446111b98,11970,121,success,0,FAILED_PROTOCOL
A-kem1024-gilbert-prr0p90-L5-rep16-seed200016-v2,A-kem1024-gilbert-prr0p90-L5-rep16-seed200016,A_B1_VS_B2,COOJA_SIMULATION,1024,2,gilbert,0.9,5.0,none,200016,valid,none,,,runs/A-kem1024-gilbert-prr0p90-L5-rep16-seed200016-v2/cooja.log,f61d00aafbb577316545af9b7d5e5ee4ddb180f06d2e4617eb5793d56ddf0899,12204,123,success,0,FAILED_PROTOCOL
A-kem1024-gilbert-prr0p90-L5-rep17-seed200017-v1,A-kem1024-gilbert-prr0p90-L5-rep17-seed200017,A_B1_VS_B2,COOJA_SIMULATION,1024,1,gilbert,0.9,5.0,none,200017,valid,none,,,runs/A-kem1024-gilbert-prr0p90-L5-rep17-seed200017-v1/cooja.log,c4237dd5045ddb964b3cceaad86731222bed798562c854269431f8f2baf5f28b,13622,140,success,0,FAILED_PROTOCOL
A-kem1024-gilbert-prr0p90-L5-rep17-seed200017-v2,A-kem1024-gilbert-prr0p90-L5-rep17-seed200017,A_B1_VS_B2,COOJA_SIMULATION,1024,2,gilbert,0.9,5.0,none,200017,valid,none,,,runs/A-kem1024-gilbert-prr0p90-L5-rep17-seed200017-v2/cooja.log,d7a181d7c3dfb68a57fdd3dacfcdcf4518bd127a5edb967f761c1ca9168cbc09,13856,142,success,0,FAILED_PROTOCOL
A-kem1024-gilbert-prr0p90-L5-rep18-seed200018-v1,A-kem1024-gilbert-prr0p90-L5-rep18-seed200018,A_B1_VS_B2,COOJA_SIMULATION,1024,1,gilbert,0.9,5.0,none,200018,valid,none,,,runs/A-kem1024-gilbert-prr0p90-L5-rep18-seed200018-v1/cooja.log,28b510b9834badae37c20271fe55043bf6973b0b45d666580741e845949a4bc2,12690,127,success,0,FAILED_PROTOCOL
A-kem1024-gilbert-prr0p90-L5-rep18-seed200018-v2,A-kem1024-gilbert-prr0p90-L5-rep18-seed200018,A_B1_VS_B2,COOJA_SIMULATION,1024,2,gilbert,0.9,5.0,none,200018,valid,none,,,runs/A-kem1024-gilbert-prr0p90-L5-rep18-seed200018-v2/cooja.log,a06ed222c9d399c9828ce969cb6ed79b630cc6112986d00e39af14e9e2b2c78d,20099,203,success,1,SUCCESS
A-kem1024-gilbert-prr0p90-L5-rep19-seed200019-v1,A-kem1024-gilbert-prr0p90-L5-rep19-seed200019,A_B1_VS_B2,COOJA_SIMULATION,1024,1,gilbert,0.9,5.0,none,200019,valid,none,,,runs/A-kem1024-gilbert-prr0p90-L5-rep19-seed200019-v1/cooja.log,36ac2763303967509437746adee373d8805415734dadeb3b264e3caad33bcbcf,13866,147,success,1,SUCCESS
A-kem1024-gilbert-prr0p90-L5-rep19-seed200019-v2,A-kem1024-gilbert-prr0p90-L5-rep19-seed200019,A_B1_VS_B2,COOJA_SIMULATION,1024,2,gilbert,0.9,5.0,none,200019,valid,none,,,runs/A-kem1024-gilbert-prr0p90-L5-rep19-seed200019-v2/cooja.log,38cf6b60c00721f5d514b5a5517512801a8deae58ea51fc5bd152febbbd0a835,19402,195,success,1,SUCCESS
A-kem1024-gilbert-prr0p90-L5-rep20-seed200020-v1,A-kem1024-gilbert-prr0p90-L5-rep20-seed200020,A_B1_VS_B2,COOJA_SIMULATION,1024,1,gilbert,0.9,5.0,none,200020,valid,none,,,runs/A-kem1024-gilbert-prr0p90-L5-rep20-seed200020-v1/cooja.log,8553c19d949817df51a7fc7cc04e3682759b4f2c57e38bb6e8a525646a483e0a,16695,172,success,0,FAILED_PROTOCOL
A-kem1024-gilbert-prr0p90-L5-rep20-seed200020-v2,A-kem1024-gilbert-prr0p90-L5-rep20-seed200020,A_B1_VS_B2,COOJA_SIMULATION,1024,2,gilbert,0.9,5.0,none,200020,valid,none,,,runs/A-kem1024-gilbert-prr0p90-L5-rep20-seed200020-v2/cooja.log,87e57db5aec84f39fffee343ce900c373af729a40a5d0873e6784be1d2954714,21657,220,success,1,SUCCESS
A-kem1024-gilbert-prr0p90-L5-rep21-seed200021-v1,A-kem1024-gilbert-prr0p90-L5-rep21-seed200021,A_B1_VS_B2,COOJA_SIMULATION,1024,1,gilbert,0.9,5.0,none,200021,valid,none,,,runs/A-kem1024-gilbert-prr0p90-L5-rep21-seed200021-v1/cooja.log,079bc37836d6560ac781ec14dee941d8a01e241f911df98a49de36b086f4d449,13850,147,success,1,SUCCESS
A-kem1024-gilbert-prr0p90-L5-rep21-seed200021-v2,A-kem1024-gilbert-prr0p90-L5-rep21-seed200021,A_B1_VS_B2,COOJA_SIMULATION,1024,2,gilbert,0.9,5.0,none,200021,valid,none,,,runs/A-kem1024-gilbert-prr0p90-L5-rep21-seed200021-v2/cooja.log,a7c876a7df823fad94970e98de920435729355978d17aa0c9b3fab885b7be54b,19386,195,success,1,SUCCESS
A-kem1024-gilbert-prr0p90-L5-rep22-seed200022-v1,A-kem1024-gilbert-prr0p90-L5-rep22-seed200022,A_B1_VS_B2,COOJA_SIMULATION,1024,1,gilbert,0.9,5.0,none,200022,valid,none,,,runs/A-kem1024-gilbert-prr0p90-L5-rep22-seed200022-v1/cooja.log,5598d68f457a36e928f94cb7645b47eabf0cfecf43368ca8f575fa4c6a0d72bb,13317,136,success,0,FAILED_PROTOCOL
A-kem1024-gilbert-prr0p90-L5-rep22-seed200022-v2,A-kem1024-gilbert-prr0p90-L5-rep22-seed200022,A_B1_VS_B2,COOJA_SIMULATION,1024,2,gilbert,0.9,5.0,none,200022,valid,none,,,runs/A-kem1024-gilbert-prr0p90-L5-rep22-seed200022-v2/cooja.log,844668064633a86d503432dbefc848a891fce64df0fcd89264e32abf0e24819d,13551,138,success,0,FAILED_PROTOCOL
A-kem1024-gilbert-prr0p90-L5-rep23-seed200023-v1,A-kem1024-gilbert-prr0p90-L5-rep23-seed200023,A_B1_VS_B2,COOJA_SIMULATION,1024,1,gilbert,0.9,5.0,none,200023,valid,none,,,runs/A-kem1024-gilbert-prr0p90-L5-rep23-seed200023-v1/cooja.log,2092615bd935f8c664b7eb648465b38d31be20b304d3ccbd907108ef98da1b89,13782,146,success,1,SUCCESS
A-kem1024-gilbert-prr0p90-L5-rep23-seed200023-v2,A-kem1024-gilbert-prr0p90-L5-rep23-seed200023,A_B1_VS_B2,COOJA_SIMULATION,1024,2,gilbert,0.9,5.0,none,200023,valid,none,,,runs/A-kem1024-gilbert-prr0p90-L5-rep23-seed200023-v2/cooja.log,b6e16c5ee845933f2f8438c29a0d045eaf290d59964a0585f28453b89aba948f,19318,194,success,1,SUCCESS
A-kem1024-gilbert-prr0p90-L5-rep24-seed200024-v1,A-kem1024-gilbert-prr0p90-L5-rep24-seed200024,A_B1_VS_B2,COOJA_SIMULATION,1024,1,gilbert,0.9,5.0,none,200024,valid,none,,,runs/A-kem1024-gilbert-prr0p90-L5-rep24-seed200024-v1/cooja.log,ac3d9df65b9f5a817f97c98bcb24a2b68e5640aa9f5ef2e9cee1b6fabcd18a1b,13856,147,success,1,SUCCESS
A-kem1024-gilbert-prr0p90-L5-rep24-seed200024-v2,A-kem1024-gilbert-prr0p90-L5-rep24-seed200024,A_B1_VS_B2,COOJA_SIMULATION,1024,2,gilbert,0.9,5.0,none,200024,valid,none,,,runs/A-kem1024-gilbert-prr0p90-L5-rep24-seed200024-v2/cooja.log,f0fd5b1993e437a1cdc2c696a6cb1949ea74b2c9757e8047d8684f26fe0d3b75,19490,196,success,1,SUCCESS
A-kem1024-gilbert-prr0p90-L5-rep25-seed200025-v1,A-kem1024-gilbert-prr0p90-L5-rep25-seed200025,A_B1_VS_B2,COOJA_SIMULATION,1024,1,gilbert,0.9,5.0,none,200025,valid,none,,,runs/A-kem1024-gilbert-prr0p90-L5-rep25-seed200025-v1/cooja.log,630e40a6abaa8cc17abe54db95aca643b1c745800a33402fb8b48297956e8c32,12412,123,success,0,FAILED_PROTOCOL
A-kem1024-gilbert-prr0p90-L5-rep25-seed200025-v2,A-kem1024-gilbert-prr0p90-L5-rep25-seed200025,A_B1_VS_B2,COOJA_SIMULATION,1024,2,gilbert,0.9,5.0,none,200025,valid,none,,,runs/A-kem1024-gilbert-prr0p90-L5-rep25-seed200025-v2/cooja.log,9c452f643cb68e8863c411cdf59ff1caa615c5f59ef58f333319244ccbf0ebfd,15152,153,success,0,FAILED_PROTOCOL
A-kem1024-gilbert-prr0p90-L5-rep26-seed200026-v1,A-kem1024-gilbert-prr0p90-L5-rep26-seed200026,A_B1_VS_B2,COOJA_SIMULATION,1024,1,gilbert,0.9,5.0,none,200026,valid,none,,,runs/A-kem1024-gilbert-prr0p90-L5-rep26-seed200026-v1/cooja.log,c4fc7f1ea473040b066f1069b62f5120bfd00f371fe0bf92343291af0742f662,13853,147,success,1,SUCCESS
A-kem1024-gilbert-prr0p90-L5-rep26-seed200026-v2,A-kem1024-gilbert-prr0p90-L5-rep26-seed200026,A_B1_VS_B2,COOJA_SIMULATION,1024,2,gilbert,0.9,5.0,none,200026,valid,none,,,runs/A-kem1024-gilbert-prr0p90-L5-rep26-seed200026-v2/cooja.log,5b9f35eb1a7687d6fff930ef28fd62f19de56f6df55f292ca5efbd9f6d2b3b28,19396,195,success,1,SUCCESS
A-kem1024-gilbert-prr0p90-L5-rep27-seed200027-v1,A-kem1024-gilbert-prr0p90-L5-rep27-seed200027,A_B1_VS_B2,COOJA_SIMULATION,1024,1,gilbert,0.9,5.0,none,200027,valid,none,,,runs/A-kem1024-gilbert-prr0p90-L5-rep27-seed200027-v1/cooja.log,882c8ff82882f8400fc0f649ce9283d6e7fb095c5bdf733a73226eeb381f0405,11019,110,success,0,FAILED_PROTOCOL
A-kem1024-gilbert-prr0p90-L5-rep27-seed200027-v2,A-kem1024-gilbert-prr0p90-L5-rep27-seed200027,A_B1_VS_B2,COOJA_SIMULATION,1024,2,gilbert,0.9,5.0,none,200027,valid,none,,,runs/A-kem1024-gilbert-prr0p90-L5-rep27-seed200027-v2/cooja.log,fe760a692bd5ab7576c55916c6df105caa4c6a79323cb49f1070d0b834d90ae8,11253,112,success,0,FAILED_PROTOCOL
A-kem1024-gilbert-prr0p90-L5-rep28-seed200028-v1,A-kem1024-gilbert-prr0p90-L5-rep28-seed200028,A_B1_VS_B2,COOJA_SIMULATION,1024,1,gilbert,0.9,5.0,none,200028,valid,none,,,runs/A-kem1024-gilbert-prr0p90-L5-rep28-seed200028-v1/cooja.log,e31b69def9d3ee09123a0f6e5ca16d1ff52e4a36e2dac98afab47ca85b730623,13856,147,success,1,SUCCESS
A-kem1024-gilbert-prr0p90-L5-rep28-seed200028-v2,A-kem1024-gilbert-prr0p90-L5-rep28-seed200028,A_B1_VS_B2,COOJA_SIMULATION,1024,2,gilbert,0.9,5.0,none,200028,valid,none,,,runs/A-kem1024-gilbert-prr0p90-L5-rep28-seed200028-v2/cooja.log,bffb847d7272d2a89a408d063cd5ad0e7d7f972c4dffb55a531591e09dd22dc1,19846,200,success,1,SUCCESS
A-kem1024-gilbert-prr0p90-L5-rep29-seed200029-v1,A-kem1024-gilbert-prr0p90-L5-rep29-seed200029,A_B1_VS_B2,COOJA_SIMULATION,1024,1,gilbert,0.9,5.0,none,200029,valid,none,,,runs/A-kem1024-gilbert-prr0p90-L5-rep29-seed200029-v1/cooja.log,61928a3d37c6bf42507053148db4d7068399454a5d7d4392aa758e7a33b9d451,12443,123,success,0,FAILED_PROTOCOL
A-kem1024-gilbert-prr0p90-L5-rep29-seed200029-v2,A-kem1024-gilbert-prr0p90-L5-rep29-seed200029,A_B1_VS_B2,COOJA_SIMULATION,1024,2,gilbert,0.9,5.0,none,200029,valid,none,,,runs/A-kem1024-gilbert-prr0p90-L5-rep29-seed200029-v2/cooja.log,dce34f149cbd54e4c8cb9e5a8f71826c87af81c03b9463693fd770dbb3ee535d,14774,149,success,0,FAILED_PROTOCOL
A-kem1024-gilbert-prr0p90-L5-rep30-seed200030-v1,A-kem1024-gilbert-prr0p90-L5-rep30-seed200030,A_B1_VS_B2,COOJA_SIMULATION,1024,1,gilbert,0.9,5.0,none,200030,valid,none,,,runs/A-kem1024-gilbert-prr0p90-L5-rep30-seed200030-v1/cooja.log,db58f993b48a35d9454ecdf67e605847dd8cc05cf38e970bd84699451f1c6de2,13859,147,success,1,SUCCESS
A-kem1024-gilbert-prr0p90-L5-rep30-seed200030-v2,A-kem1024-gilbert-prr0p90-L5-rep30-seed200030,A_B1_VS_B2,COOJA_SIMULATION,1024,2,gilbert,0.9,5.0,none,200030,valid,none,,,runs/A-kem1024-gilbert-prr0p90-L5-rep30-seed200030-v2/cooja.log,519cb2135387b56a9d40bbd9d26f27e02dda5e4071d4fad25508e932bb61ae54,19402,195,success,1,SUCCESS
A-kem1024-gilbert-prr0p90-L10-rep01-seed200001-v1,A-kem1024-gilbert-prr0p90-L10-rep01-seed200001,A_B1_VS_B2,COOJA_SIMULATION,1024,1,gilbert,0.9,10.0,none,200001,valid,none,,,runs/A-kem1024-gilbert-prr0p90-L10-rep01-seed200001-v1/cooja.log,0b6092cb7557ac71add4e6d85b38fd3bf8e0a600994e9584e89c197b66e41d96,13853,147,success,1,SUCCESS
A-kem1024-gilbert-prr0p90-L10-rep01-seed200001-v2,A-kem1024-gilbert-prr0p90-L10-rep01-seed200001,A_B1_VS_B2,COOJA_SIMULATION,1024,2,gilbert,0.9,10.0,none,200001,valid,none,,,runs/A-kem1024-gilbert-prr0p90-L10-rep01-seed200001-v2/cooja.log,a6bdefaf69c2fbc4ed84b3f5a8de19a1d659b8f082480f6e5f26801856941ffb,19389,195,success,1,SUCCESS
A-kem1024-gilbert-prr0p90-L10-rep02-seed200002-v1,A-kem1024-gilbert-prr0p90-L10-rep02-seed200002,A_B1_VS_B2,COOJA_SIMULATION,1024,1,gilbert,0.9,10.0,none,200002,valid,none,,,runs/A-kem1024-gilbert-prr0p90-L10-rep02-seed200002-v1/cooja.log,fdf65841e8c2f149e21c3eb850ddb7ae25bb86292eb81fc95a0b5425b71320c6,8770,84,success,0,FAILED_PROTOCOL
A-kem1024-gilbert-prr0p90-L10-rep02-seed200002-v2,A-kem1024-gilbert-prr0p90-L10-rep02-seed200002,A_B1_VS_B2,COOJA_SIMULATION,1024,2,gilbert,0.9,10.0,none,200002,valid,none,,,runs/A-kem1024-gilbert-prr0p90-L10-rep02-seed200002-v2/cooja.log,9d4d466b8a5e4dcc29b382d42f242d401ef5b41ca9478dd399fd35cd8aab61a2,9004,86,success,0,FAILED_PROTOCOL
A-kem1024-gilbert-prr0p90-L10-rep03-seed200003-v1,A-kem1024-gilbert-prr0p90-L10-rep03-seed200003,A_B1_VS_B2,COOJA_SIMULATION,1024,1,gilbert,0.9,10.0,none,200003,valid,none,,,runs/A-kem1024-gilbert-prr0p90-L10-rep03-seed200003-v1/cooja.log,0b57e0b72e78915afbda7629af8285c970109cdb167142432267d0902b587444,13089,134,success,0,FAILED_PROTOCOL
A-kem1024-gilbert-prr0p90-L10-rep03-seed200003-v2,A-kem1024-gilbert-prr0p90-L10-rep03-seed200003,A_B1_VS_B2,COOJA_SIMULATION,1024,2,gilbert,0.9,10.0,none,200003,valid,none,,,runs/A-kem1024-gilbert-prr0p90-L10-rep03-seed200003-v2/cooja.log,0bb3371ecfb684156e38f501ccca605e6e0b3a59924919393501a6e4acfc8ce4,13323,136,success,0,FAILED_PROTOCOL
A-kem1024-gilbert-prr0p90-L10-rep04-seed200004-v1,A-kem1024-gilbert-prr0p90-L10-rep04-seed200004,A_B1_VS_B2,COOJA_SIMULATION,1024,1,gilbert,0.9,10.0,none,200004,valid,none,,,runs/A-kem1024-gilbert-prr0p90-L10-rep04-seed200004-v1/cooja.log,a08ae530e54684bb3a467e374c2f4646485443cd43180e9d85a4399d5b8a0edd,13856,147,success,1,SUCCESS
A-kem1024-gilbert-prr0p90-L10-rep04-seed200004-v2,A-kem1024-gilbert-prr0p90-L10-rep04-seed200004,A_B1_VS_B2,COOJA_SIMULATION,1024,2,gilbert,0.9,10.0,none,200004,valid,none,,,runs/A-kem1024-gilbert-prr0p90-L10-rep04-seed200004-v2/cooja.log,e7cf644574ad933d1746d7a44cf2a8c127f3e296261d65ba2bf6f1c16ad6a696,19392,195,success,1,SUCCESS
A-kem1024-gilbert-prr0p90-L10-rep05-seed200005-v1,A-kem1024-gilbert-prr0p90-L10-rep05-seed200005,A_B1_VS_B2,COOJA_SIMULATION,1024,1,gilbert,0.9,10.0,none,200005,valid,none,,,runs/A-kem1024-gilbert-prr0p90-L10-rep05-seed200005-v1/cooja.log,42ac1a0dfed13f57688f712ff3daa3fccbe912702d1daf15609d735219d8c3b5,11380,115,success,0,FAILED_PROTOCOL
A-kem1024-gilbert-prr0p90-L10-rep05-seed200005-v2,A-kem1024-gilbert-prr0p90-L10-rep05-seed200005,A_B1_VS_B2,COOJA_SIMULATION,1024,2,gilbert,0.9,10.0,none,200005,valid,none,,,runs/A-kem1024-gilbert-prr0p90-L10-rep05-seed200005-v2/cooja.log,315f16bbf8a87a2f4967fca466024d8ed56c2c08f586dfa6d3ec7bcac2ae523d,11614,117,success,0,FAILED_PROTOCOL
A-kem1024-gilbert-prr0p90-L10-rep06-seed200006-v1,A-kem1024-gilbert-prr0p90-L10-rep06-seed200006,A_B1_VS_B2,COOJA_SIMULATION,1024,1,gilbert,0.9,10.0,none,200006,valid,none,,,runs/A-kem1024-gilbert-prr0p90-L10-rep06-seed200006-v1/cooja.log,acde1d1b1cbcebaeabfc16bbf812b19254074b7a3704229b8e8f80c89d765b89,13656,138,success,0,FAILED_PROTOCOL
A-kem1024-gilbert-prr0p90-L10-rep06-seed200006-v2,A-kem1024-gilbert-prr0p90-L10-rep06-seed200006,A_B1_VS_B2,COOJA_SIMULATION,1024,2,gilbert,0.9,10.0,none,200006,valid,none,,,runs/A-kem1024-gilbert-prr0p90-L10-rep06-seed200006-v2/cooja.log,7854114470fa9e16ba7fc106d5e3179a2e3730c68696b6225110a852ff3361e3,27005,284,success,0,FAILED_PROTOCOL
A-kem1024-gilbert-prr0p90-L10-rep07-seed200007-v1,A-kem1024-gilbert-prr0p90-L10-rep07-seed200007,A_B1_VS_B2,COOJA_SIMULATION,1024,1,gilbert,0.9,10.0,none,200007,valid,none,,,runs/A-kem1024-gilbert-prr0p90-L10-rep07-seed200007-v1/cooja.log,391adb424ba2f531fc6a64fdfda04df581b484c42e157c3c9fa6d83838cac660,13850,147,success,1,SUCCESS
A-kem1024-gilbert-prr0p90-L10-rep07-seed200007-v2,A-kem1024-gilbert-prr0p90-L10-rep07-seed200007,A_B1_VS_B2,COOJA_SIMULATION,1024,2,gilbert,0.9,10.0,none,200007,valid,none,,,runs/A-kem1024-gilbert-prr0p90-L10-rep07-seed200007-v2/cooja.log,402e14ee9f3620888a89642f1481008699759debe134855d806b4608f2060a47,19393,195,success,1,SUCCESS
A-kem1024-gilbert-prr0p90-L10-rep08-seed200008-v1,A-kem1024-gilbert-prr0p90-L10-rep08-seed200008,A_B1_VS_B2,COOJA_SIMULATION,1024,1,gilbert,0.9,10.0,none,200008,valid,none,,,runs/A-kem1024-gilbert-prr0p90-L10-rep08-seed200008-v1/cooja.log,a83f24b16508d3fa65e12bf182d9dca6c492455c632d5eaa389baf6707105e8e,13251,133,success,0,FAILED_PROTOCOL
A-kem1024-gilbert-prr0p90-L10-rep08-seed200008-v2,A-kem1024-gilbert-prr0p90-L10-rep08-seed200008,A_B1_VS_B2,COOJA_SIMULATION,1024,2,gilbert,0.9,10.0,none,200008,valid,none,,,runs/A-kem1024-gilbert-prr0p90-L10-rep08-seed200008-v2/cooja.log,d040e58212f7e6ee58c2c324c35f005323c05246a2fe6eed0ce5e7498ec55964,26338,281,success,0,FAILED_PROTOCOL
A-kem1024-gilbert-prr0p90-L10-rep09-seed200009-v1,A-kem1024-gilbert-prr0p90-L10-rep09-seed200009,A_B1_VS_B2,COOJA_SIMULATION,1024,1,gilbert,0.9,10.0,none,200009,valid,none,,,runs/A-kem1024-gilbert-prr0p90-L10-rep09-seed200009-v1/cooja.log,b49067132808012d584c228758fd2e33f1df3d558f7e7d132c8e23edb86fb39c,15015,156,success,0,FAILED_PROTOCOL
A-kem1024-gilbert-prr0p90-L10-rep09-seed200009-v2,A-kem1024-gilbert-prr0p90-L10-rep09-seed200009,A_B1_VS_B2,COOJA_SIMULATION,1024,2,gilbert,0.9,10.0,none,200009,valid,none,,,runs/A-kem1024-gilbert-prr0p90-L10-rep09-seed200009-v2/cooja.log,ae564ce286513bc923211bb5c694bba0179d7a0337b0a6881b87c79184a62e0f,15249,158,success,0,FAILED_PROTOCOL
A-kem1024-gilbert-prr0p90-L10-rep10-seed200010-v1,A-kem1024-gilbert-prr0p90-L10-rep10-seed200010,A_B1_VS_B2,COOJA_SIMULATION,1024,1,gilbert,0.9,10.0,none,200010,valid,none,,,runs/A-kem1024-gilbert-prr0p90-L10-rep10-seed200010-v1/cooja.log,ccdb23d624fbfd8c9f5c9b86cfc8f4e9b6f9516485417a38fff70a299fa679f2,15628,158,success,0,FAILED_PROTOCOL
A-kem1024-gilbert-prr0p90-L10-rep10-seed200010-v2,A-kem1024-gilbert-prr0p90-L10-rep10-seed200010,A_B1_VS_B2,COOJA_SIMULATION,1024,2,gilbert,0.9,10.0,none,200010,valid,none,,,runs/A-kem1024-gilbert-prr0p90-L10-rep10-seed200010-v2/cooja.log,b9390f82fe5953e3848b272879842ef1e44ad866d666087f3d7a6ae0c9a3decc,20098,206,success,0,FAILED_PROTOCOL
A-kem1024-gilbert-prr0p90-L10-rep11-seed200011-v1,A-kem1024-gilbert-prr0p90-L10-rep11-seed200011,A_B1_VS_B2,COOJA_SIMULATION,1024,1,gilbert,0.9,10.0,none,200011,valid,none,,,runs/A-kem1024-gilbert-prr0p90-L10-rep11-seed200011-v1/cooja.log,311780ffad5b77a7fd21458288006d442acd5a509d764f19cfde4a2d328b81b0,14425,153,success,1,SUCCESS
A-kem1024-gilbert-prr0p90-L10-rep11-seed200011-v2,A-kem1024-gilbert-prr0p90-L10-rep11-seed200011,A_B1_VS_B2,COOJA_SIMULATION,1024,2,gilbert,0.9,10.0,none,200011,valid,none,,,runs/A-kem1024-gilbert-prr0p90-L10-rep11-seed200011-v2/cooja.log,3d7a8206b4070215dd4c4b937e8da740681c04de3173ba601215b28d862df4bf,19961,201,success,1,SUCCESS
A-kem1024-gilbert-prr0p90-L10-rep12-seed200012-v1,A-kem1024-gilbert-prr0p90-L10-rep12-seed200012,A_B1_VS_B2,COOJA_SIMULATION,1024,1,gilbert,0.9,10.0,none,200012,valid,none,,,runs/A-kem1024-gilbert-prr0p90-L10-rep12-seed200012-v1/cooja.log,55f4d5fe2c8fc9d8581f48f3399bece3f662abea33c3fcaa5ffcabdbce5d3f4d,8955,86,success,0,FAILED_PROTOCOL
A-kem1024-gilbert-prr0p90-L10-rep12-seed200012-v2,A-kem1024-gilbert-prr0p90-L10-rep12-seed200012,A_B1_VS_B2,COOJA_SIMULATION,1024,2,gilbert,0.9,10.0,none,200012,valid,none,,,runs/A-kem1024-gilbert-prr0p90-L10-rep12-seed200012-v2/cooja.log,0aaa08b260444c9339a7f8b184eadb211a0c14aa146a23182e57a14d2bf938af,9189,88,success,0,FAILED_PROTOCOL
A-kem1024-gilbert-prr0p90-L10-rep13-seed200013-v1,A-kem1024-gilbert-prr0p90-L10-rep13-seed200013,A_B1_VS_B2,COOJA_SIMULATION,1024,1,gilbert,0.9,10.0,none,200013,valid,none,,,runs/A-kem1024-gilbert-prr0p90-L10-rep13-seed200013-v1/cooja.log,459e9729c0cc063faa857e1a8018ea49209c9bf00ea37284ffe44ce4dcfb45ee,13859,147,success,1,SUCCESS
A-kem1024-gilbert-prr0p90-L10-rep13-seed200013-v2,A-kem1024-gilbert-prr0p90-L10-rep13-seed200013,A_B1_VS_B2,COOJA_SIMULATION,1024,2,gilbert,0.9,10.0,none,200013,valid,none,,,runs/A-kem1024-gilbert-prr0p90-L10-rep13-seed200013-v2/cooja.log,d82fde9a6ee18d7daad0ef0d286e5f6062137386cef235d8808dde924c8f603e,19402,195,success,1,SUCCESS
A-kem1024-gilbert-prr0p90-L10-rep14-seed200014-v1,A-kem1024-gilbert-prr0p90-L10-rep14-seed200014,A_B1_VS_B2,COOJA_SIMULATION,1024,1,gilbert,0.9,10.0,none,200014,valid,none,,,runs/A-kem1024-gilbert-prr0p90-L10-rep14-seed200014-v1/cooja.log,5b2324590c6974bd4d3415aca91bf3f02da8396a6f5896eb18faf8490f02a9e5,13866,147,success,1,SUCCESS
A-kem1024-gilbert-prr0p90-L10-rep14-seed200014-v2,A-kem1024-gilbert-prr0p90-L10-rep14-seed200014,A_B1_VS_B2,COOJA_SIMULATION,1024,2,gilbert,0.9,10.0,none,200014,valid,none,,,runs/A-kem1024-gilbert-prr0p90-L10-rep14-seed200014-v2/cooja.log,98f88cd4b4b4685759806766a348c45e444a161b6ef6512ebc05e49d2e2d544c,21111,213,success,0,FAILED_PROTOCOL
A-kem1024-gilbert-prr0p90-L10-rep15-seed200015-v1,A-kem1024-gilbert-prr0p90-L10-rep15-seed200015,A_B1_VS_B2,COOJA_SIMULATION,1024,1,gilbert,0.9,10.0,none,200015,valid,none,,,runs/A-kem1024-gilbert-prr0p90-L10-rep15-seed200015-v1/cooja.log,027f59fa5d641d13f238b3c81fa77035a12f466533971302ed4fecc7bda44c20,13850,147,success,1,SUCCESS
A-kem1024-gilbert-prr0p90-L10-rep15-seed200015-v2,A-kem1024-gilbert-prr0p90-L10-rep15-seed200015,A_B1_VS_B2,COOJA_SIMULATION,1024,2,gilbert,0.9,10.0,none,200015,valid,none,,,runs/A-kem1024-gilbert-prr0p90-L10-rep15-seed200015-v2/cooja.log,19e336714aa5bce7a42ea4425fc8ee06d60dd122ce03af976030d1552f1507f5,19393,195,success,1,SUCCESS
A-kem1024-gilbert-prr0p90-L10-rep16-seed200016-v1,A-kem1024-gilbert-prr0p90-L10-rep16-seed200016,A_B1_VS_B2,COOJA_SIMULATION,1024,1,gilbert,0.9,10.0,none,200016,valid,none,,,runs/A-kem1024-gilbert-prr0p90-L10-rep16-seed200016-v1/cooja.log,37571abbc821fce3cc15b45c36efb5e931337399acad3830fb8720cb9a27a317,8502,81,success,0,FAILED_PROTOCOL
A-kem1024-gilbert-prr0p90-L10-rep16-seed200016-v2,A-kem1024-gilbert-prr0p90-L10-rep16-seed200016,A_B1_VS_B2,COOJA_SIMULATION,1024,2,gilbert,0.9,10.0,none,200016,valid,none,,,runs/A-kem1024-gilbert-prr0p90-L10-rep16-seed200016-v2/cooja.log,ca1939927048bd211674931fcb1be13094aa5715b683c07ca279f9bb10b0cebf,8736,83,success,0,FAILED_PROTOCOL
A-kem1024-gilbert-prr0p90-L10-rep17-seed200017-v1,A-kem1024-gilbert-prr0p90-L10-rep17-seed200017,A_B1_VS_B2,COOJA_SIMULATION,1024,1,gilbert,0.9,10.0,none,200017,valid,none,,,runs/A-kem1024-gilbert-prr0p90-L10-rep17-seed200017-v1/cooja.log,63d237e6046d7e75989ff64057ed1f583c8013a767fd3db58c457dabbf3c3eeb,13866,147,success,1,SUCCESS
A-kem1024-gilbert-prr0p90-L10-rep17-seed200017-v2,A-kem1024-gilbert-prr0p90-L10-rep17-seed200017,A_B1_VS_B2,COOJA_SIMULATION,1024,2,gilbert,0.9,10.0,none,200017,valid,none,,,runs/A-kem1024-gilbert-prr0p90-L10-rep17-seed200017-v2/cooja.log,e968f24234a588d503e02b4dccabfb7269f0e5bf00ec4752c5e230db229b20f6,19402,195,success,1,SUCCESS
A-kem1024-gilbert-prr0p90-L10-rep18-seed200018-v1,A-kem1024-gilbert-prr0p90-L10-rep18-seed200018,A_B1_VS_B2,COOJA_SIMULATION,1024,1,gilbert,0.9,10.0,none,200018,valid,none,,,runs/A-kem1024-gilbert-prr0p90-L10-rep18-seed200018-v1/cooja.log,850d183c7ed16a3750dbe0b2a3fa88858dc2f8c9ab48c81a58c58ecdb4d59391,13853,147,success,1,SUCCESS
A-kem1024-gilbert-prr0p90-L10-rep18-seed200018-v2,A-kem1024-gilbert-prr0p90-L10-rep18-seed200018,A_B1_VS_B2,COOJA_SIMULATION,1024,2,gilbert,0.9,10.0,none,200018,valid,none,,,runs/A-kem1024-gilbert-prr0p90-L10-rep18-seed200018-v2/cooja.log,96e60d3b0201cdde0f7d89f5241ecff6c2ac8dfc6ff01ef70e29a22da2748f83,19389,195,success,1,SUCCESS
A-kem1024-gilbert-prr0p90-L10-rep19-seed200019-v1,A-kem1024-gilbert-prr0p90-L10-rep19-seed200019,A_B1_VS_B2,COOJA_SIMULATION,1024,1,gilbert,0.9,10.0,none,200019,valid,none,,,runs/A-kem1024-gilbert-prr0p90-L10-rep19-seed200019-v1/cooja.log,36ac2763303967509437746adee373d8805415734dadeb3b264e3caad33bcbcf,13866,147,success,1,SUCCESS
A-kem1024-gilbert-prr0p90-L10-rep19-seed200019-v2,A-kem1024-gilbert-prr0p90-L10-rep19-seed200019,A_B1_VS_B2,COOJA_SIMULATION,1024,2,gilbert,0.9,10.0,none,200019,valid,none,,,runs/A-kem1024-gilbert-prr0p90-L10-rep19-seed200019-v2/cooja.log,38cf6b60c00721f5d514b5a5517512801a8deae58ea51fc5bd152febbbd0a835,19402,195,success,1,SUCCESS
A-kem1024-gilbert-prr0p90-L10-rep20-seed200020-v1,A-kem1024-gilbert-prr0p90-L10-rep20-seed200020,A_B1_VS_B2,COOJA_SIMULATION,1024,1,gilbert,0.9,10.0,none,200020,valid,none,,,runs/A-kem1024-gilbert-prr0p90-L10-rep20-seed200020-v1/cooja.log,8553c19d949817df51a7fc7cc04e3682759b4f2c57e38bb6e8a525646a483e0a,16695,172,success,0,FAILED_PROTOCOL
A-kem1024-gilbert-prr0p90-L10-rep20-seed200020-v2,A-kem1024-gilbert-prr0p90-L10-rep20-seed200020,A_B1_VS_B2,COOJA_SIMULATION,1024,2,gilbert,0.9,10.0,none,200020,valid,none,,,runs/A-kem1024-gilbert-prr0p90-L10-rep20-seed200020-v2/cooja.log,87e57db5aec84f39fffee343ce900c373af729a40a5d0873e6784be1d2954714,21657,220,success,1,SUCCESS
A-kem1024-gilbert-prr0p90-L10-rep21-seed200021-v1,A-kem1024-gilbert-prr0p90-L10-rep21-seed200021,A_B1_VS_B2,COOJA_SIMULATION,1024,1,gilbert,0.9,10.0,none,200021,valid,none,,,runs/A-kem1024-gilbert-prr0p90-L10-rep21-seed200021-v1/cooja.log,079bc37836d6560ac781ec14dee941d8a01e241f911df98a49de36b086f4d449,13850,147,success,1,SUCCESS
A-kem1024-gilbert-prr0p90-L10-rep21-seed200021-v2,A-kem1024-gilbert-prr0p90-L10-rep21-seed200021,A_B1_VS_B2,COOJA_SIMULATION,1024,2,gilbert,0.9,10.0,none,200021,valid,none,,,runs/A-kem1024-gilbert-prr0p90-L10-rep21-seed200021-v2/cooja.log,a7c876a7df823fad94970e98de920435729355978d17aa0c9b3fab885b7be54b,19386,195,success,1,SUCCESS
A-kem1024-gilbert-prr0p90-L10-rep22-seed200022-v1,A-kem1024-gilbert-prr0p90-L10-rep22-seed200022,A_B1_VS_B2,COOJA_SIMULATION,1024,1,gilbert,0.9,10.0,none,200022,valid,none,,,runs/A-kem1024-gilbert-prr0p90-L10-rep22-seed200022-v1/cooja.log,5598d68f457a36e928f94cb7645b47eabf0cfecf43368ca8f575fa4c6a0d72bb,13317,136,success,0,FAILED_PROTOCOL
A-kem1024-gilbert-prr0p90-L10-rep22-seed200022-v2,A-kem1024-gilbert-prr0p90-L10-rep22-seed200022,A_B1_VS_B2,COOJA_SIMULATION,1024,2,gilbert,0.9,10.0,none,200022,valid,none,,,runs/A-kem1024-gilbert-prr0p90-L10-rep22-seed200022-v2/cooja.log,844668064633a86d503432dbefc848a891fce64df0fcd89264e32abf0e24819d,13551,138,success,0,FAILED_PROTOCOL
A-kem1024-gilbert-prr0p90-L10-rep23-seed200023-v1,A-kem1024-gilbert-prr0p90-L10-rep23-seed200023,A_B1_VS_B2,COOJA_SIMULATION,1024,1,gilbert,0.9,10.0,none,200023,valid,none,,,runs/A-kem1024-gilbert-prr0p90-L10-rep23-seed200023-v1/cooja.log,0a28700786cf5c67685f656582730e82ea4b27f5e5a2f79e85ce611a46b724fe,13856,147,success,1,SUCCESS
A-kem1024-gilbert-prr0p90-L10-rep23-seed200023-v2,A-kem1024-gilbert-prr0p90-L10-rep23-seed200023,A_B1_VS_B2,COOJA_SIMULATION,1024,2,gilbert,0.9,10.0,none,200023,valid,none,,,runs/A-kem1024-gilbert-prr0p90-L10-rep23-seed200023-v2/cooja.log,30ffacd401ee44a070b476a65ceecbe3e85baef9ef3b465c3aae073320807261,19392,195,success,1,SUCCESS
A-kem1024-gilbert-prr0p90-L10-rep24-seed200024-v1,A-kem1024-gilbert-prr0p90-L10-rep24-seed200024,A_B1_VS_B2,COOJA_SIMULATION,1024,1,gilbert,0.9,10.0,none,200024,valid,none,,,runs/A-kem1024-gilbert-prr0p90-L10-rep24-seed200024-v1/cooja.log,330bbec8dfac670379d1e2d500a4f8a59068b3e48e21de5a374e983607b4e777,13856,147,success,1,SUCCESS
A-kem1024-gilbert-prr0p90-L10-rep24-seed200024-v2,A-kem1024-gilbert-prr0p90-L10-rep24-seed200024,A_B1_VS_B2,COOJA_SIMULATION,1024,2,gilbert,0.9,10.0,none,200024,valid,none,,,runs/A-kem1024-gilbert-prr0p90-L10-rep24-seed200024-v2/cooja.log,2a8599a5667e57bac18032d6ac2d05e63d9f755f4678a983578d0c57960db10b,19392,195,success,1,SUCCESS
A-kem1024-gilbert-prr0p90-L10-rep25-seed200025-v1,A-kem1024-gilbert-prr0p90-L10-rep25-seed200025,A_B1_VS_B2,COOJA_SIMULATION,1024,1,gilbert,0.9,10.0,none,200025,valid,none,,,runs/A-kem1024-gilbert-prr0p90-L10-rep25-seed200025-v1/cooja.log,820dfb76215b34c1c2d7fbf2be4e785a60be29023b927dc7ce2a8c2438735217,13850,147,success,1,SUCCESS
A-kem1024-gilbert-prr0p90-L10-rep25-seed200025-v2,A-kem1024-gilbert-prr0p90-L10-rep25-seed200025,A_B1_VS_B2,COOJA_SIMULATION,1024,2,gilbert,0.9,10.0,none,200025,valid,none,,,runs/A-kem1024-gilbert-prr0p90-L10-rep25-seed200025-v2/cooja.log,1420f24499079023c639e546f73434d0d46a9380820022fddd742c8f55fbe520,19749,199,success,1,SUCCESS
A-kem1024-gilbert-prr0p90-L10-rep26-seed200026-v1,A-kem1024-gilbert-prr0p90-L10-rep26-seed200026,A_B1_VS_B2,COOJA_SIMULATION,1024,1,gilbert,0.9,10.0,none,200026,valid,none,,,runs/A-kem1024-gilbert-prr0p90-L10-rep26-seed200026-v1/cooja.log,c4fc7f1ea473040b066f1069b62f5120bfd00f371fe0bf92343291af0742f662,13853,147,success,1,SUCCESS
A-kem1024-gilbert-prr0p90-L10-rep26-seed200026-v2,A-kem1024-gilbert-prr0p90-L10-rep26-seed200026,A_B1_VS_B2,COOJA_SIMULATION,1024,2,gilbert,0.9,10.0,none,200026,valid,none,,,runs/A-kem1024-gilbert-prr0p90-L10-rep26-seed200026-v2/cooja.log,5b9f35eb1a7687d6fff930ef28fd62f19de56f6df55f292ca5efbd9f6d2b3b28,19396,195,success,1,SUCCESS
A-kem1024-gilbert-prr0p90-L10-rep27-seed200027-v1,A-kem1024-gilbert-prr0p90-L10-rep27-seed200027,A_B1_VS_B2,COOJA_SIMULATION,1024,1,gilbert,0.9,10.0,none,200027,valid,none,,,runs/A-kem1024-gilbert-prr0p90-L10-rep27-seed200027-v1/cooja.log,882c8ff82882f8400fc0f649ce9283d6e7fb095c5bdf733a73226eeb381f0405,11019,110,success,0,FAILED_PROTOCOL
A-kem1024-gilbert-prr0p90-L10-rep27-seed200027-v2,A-kem1024-gilbert-prr0p90-L10-rep27-seed200027,A_B1_VS_B2,COOJA_SIMULATION,1024,2,gilbert,0.9,10.0,none,200027,valid,none,,,runs/A-kem1024-gilbert-prr0p90-L10-rep27-seed200027-v2/cooja.log,fe760a692bd5ab7576c55916c6df105caa4c6a79323cb49f1070d0b834d90ae8,11253,112,success,0,FAILED_PROTOCOL
A-kem1024-gilbert-prr0p90-L10-rep28-seed200028-v1,A-kem1024-gilbert-prr0p90-L10-rep28-seed200028,A_B1_VS_B2,COOJA_SIMULATION,1024,1,gilbert,0.9,10.0,none,200028,valid,none,,,runs/A-kem1024-gilbert-prr0p90-L10-rep28-seed200028-v1/cooja.log,e31b69def9d3ee09123a0f6e5ca16d1ff52e4a36e2dac98afab47ca85b730623,13856,147,success,1,SUCCESS
A-kem1024-gilbert-prr0p90-L10-rep28-seed200028-v2,A-kem1024-gilbert-prr0p90-L10-rep28-seed200028,A_B1_VS_B2,COOJA_SIMULATION,1024,2,gilbert,0.9,10.0,none,200028,valid,none,,,runs/A-kem1024-gilbert-prr0p90-L10-rep28-seed200028-v2/cooja.log,bffb847d7272d2a89a408d063cd5ad0e7d7f972c4dffb55a531591e09dd22dc1,19846,200,success,1,SUCCESS
A-kem1024-gilbert-prr0p90-L10-rep29-seed200029-v1,A-kem1024-gilbert-prr0p90-L10-rep29-seed200029,A_B1_VS_B2,COOJA_SIMULATION,1024,1,gilbert,0.9,10.0,none,200029,valid,none,,,runs/A-kem1024-gilbert-prr0p90-L10-rep29-seed200029-v1/cooja.log,ea0cb8b3e0efc5c6f6efb8cacbaa1d942b1974873f33a3769de9ae0303062fda,12252,121,success,0,FAILED_PROTOCOL
A-kem1024-gilbert-prr0p90-L10-rep29-seed200029-v2,A-kem1024-gilbert-prr0p90-L10-rep29-seed200029,A_B1_VS_B2,COOJA_SIMULATION,1024,2,gilbert,0.9,10.0,none,200029,valid,none,,,runs/A-kem1024-gilbert-prr0p90-L10-rep29-seed200029-v2/cooja.log,e766d99103bbd5c993e9688d33d1f8f61b807b388dd447ebcd91c1b644d8d113,14965,151,success,0,FAILED_PROTOCOL
A-kem1024-gilbert-prr0p90-L10-rep30-seed200030-v1,A-kem1024-gilbert-prr0p90-L10-rep30-seed200030,A_B1_VS_B2,COOJA_SIMULATION,1024,1,gilbert,0.9,10.0,none,200030,valid,none,,,runs/A-kem1024-gilbert-prr0p90-L10-rep30-seed200030-v1/cooja.log,db58f993b48a35d9454ecdf67e605847dd8cc05cf38e970bd84699451f1c6de2,13859,147,success,1,SUCCESS
A-kem1024-gilbert-prr0p90-L10-rep30-seed200030-v2,A-kem1024-gilbert-prr0p90-L10-rep30-seed200030,A_B1_VS_B2,COOJA_SIMULATION,1024,2,gilbert,0.9,10.0,none,200030,valid,none,,,runs/A-kem1024-gilbert-prr0p90-L10-rep30-seed200030-v2/cooja.log,6be898ae5b30027c70106467677674ad23268ebefa053340f940e88a792fcbf4,19454,204,success,1,SUCCESS
A-kem1024-gilbert-prr0p95-L2-rep01-seed200001-v1,A-kem1024-gilbert-prr0p95-L2-rep01-seed200001,A_B1_VS_B2,COOJA_SIMULATION,1024,1,gilbert,0.95,2.0,none,200001,valid,none,,,runs/A-kem1024-gilbert-prr0p95-L2-rep01-seed200001-v1/cooja.log,0b6092cb7557ac71add4e6d85b38fd3bf8e0a600994e9584e89c197b66e41d96,13853,147,success,1,SUCCESS
A-kem1024-gilbert-prr0p95-L2-rep01-seed200001-v2,A-kem1024-gilbert-prr0p95-L2-rep01-seed200001,A_B1_VS_B2,COOJA_SIMULATION,1024,2,gilbert,0.95,2.0,none,200001,valid,none,,,runs/A-kem1024-gilbert-prr0p95-L2-rep01-seed200001-v2/cooja.log,a6bdefaf69c2fbc4ed84b3f5a8de19a1d659b8f082480f6e5f26801856941ffb,19389,195,success,1,SUCCESS
A-kem1024-gilbert-prr0p95-L2-rep02-seed200002-v1,A-kem1024-gilbert-prr0p95-L2-rep02-seed200002,A_B1_VS_B2,COOJA_SIMULATION,1024,1,gilbert,0.95,2.0,none,200002,valid,none,,,runs/A-kem1024-gilbert-prr0p95-L2-rep02-seed200002-v1/cooja.log,2e205ec434e2180481213a035b9bc84c65dafc76265310c4c262875fb6ae8cb5,10914,110,success,0,FAILED_PROTOCOL
A-kem1024-gilbert-prr0p95-L2-rep02-seed200002-v2,A-kem1024-gilbert-prr0p95-L2-rep02-seed200002,A_B1_VS_B2,COOJA_SIMULATION,1024,2,gilbert,0.95,2.0,none,200002,valid,none,,,runs/A-kem1024-gilbert-prr0p95-L2-rep02-seed200002-v2/cooja.log,f82c0c3708767d4be072ab0df2c963b3ab99d74c4d4c705236e2dac29aae3ecc,11148,112,success,0,FAILED_PROTOCOL
A-kem1024-gilbert-prr0p95-L2-rep03-seed200003-v1,A-kem1024-gilbert-prr0p95-L2-rep03-seed200003,A_B1_VS_B2,COOJA_SIMULATION,1024,1,gilbert,0.95,2.0,none,200003,valid,none,,,runs/A-kem1024-gilbert-prr0p95-L2-rep03-seed200003-v1/cooja.log,ed01cf816370f27037fc2285c2063233f7c47e1b32643e67739caa1bc35d57b4,10896,110,success,0,FAILED_PROTOCOL
A-kem1024-gilbert-prr0p95-L2-rep03-seed200003-v2,A-kem1024-gilbert-prr0p95-L2-rep03-seed200003,A_B1_VS_B2,COOJA_SIMULATION,1024,2,gilbert,0.95,2.0,none,200003,valid,none,,,runs/A-kem1024-gilbert-prr0p95-L2-rep03-seed200003-v2/cooja.log,34d70ee41a95aac8d5336aac4b1b07ea1702e52276482fa4af4a478594a66cda,11130,112,success,0,FAILED_PROTOCOL
A-kem1024-gilbert-prr0p95-L2-rep04-seed200004-v1,A-kem1024-gilbert-prr0p95-L2-rep04-seed200004,A_B1_VS_B2,COOJA_SIMULATION,1024,1,gilbert,0.95,2.0,none,200004,valid,none,,,runs/A-kem1024-gilbert-prr0p95-L2-rep04-seed200004-v1/cooja.log,b8b71955bbe66fd4eeebd7a1d9ee7e29869ece0cd76feb8678eae53b6b1b6902,18199,189,success,0,FAILED_PROTOCOL
A-kem1024-gilbert-prr0p95-L2-rep04-seed200004-v2,A-kem1024-gilbert-prr0p95-L2-rep04-seed200004,A_B1_VS_B2,COOJA_SIMULATION,1024,2,gilbert,0.95,2.0,none,200004,valid,none,,,runs/A-kem1024-gilbert-prr0p95-L2-rep04-seed200004-v2/cooja.log,3a5a4c97c8532e6bec053ed52b8b6fce183254a019ffd8475c650ece78f0862b,21977,231,success,0,FAILED_PROTOCOL
A-kem1024-gilbert-prr0p95-L2-rep05-seed200005-v1,A-kem1024-gilbert-prr0p95-L2-rep05-seed200005,A_B1_VS_B2,COOJA_SIMULATION,1024,1,gilbert,0.95,2.0,none,200005,valid,none,,,runs/A-kem1024-gilbert-prr0p95-L2-rep05-seed200005-v1/cooja.log,42ac1a0dfed13f57688f712ff3daa3fccbe912702d1daf15609d735219d8c3b5,11380,115,success,0,FAILED_PROTOCOL
A-kem1024-gilbert-prr0p95-L2-rep05-seed200005-v2,A-kem1024-gilbert-prr0p95-L2-rep05-seed200005,A_B1_VS_B2,COOJA_SIMULATION,1024,2,gilbert,0.95,2.0,none,200005,valid,none,,,runs/A-kem1024-gilbert-prr0p95-L2-rep05-seed200005-v2/cooja.log,315f16bbf8a87a2f4967fca466024d8ed56c2c08f586dfa6d3ec7bcac2ae523d,11614,117,success,0,FAILED_PROTOCOL
A-kem1024-gilbert-prr0p95-L2-rep06-seed200006-v1,A-kem1024-gilbert-prr0p95-L2-rep06-seed200006,A_B1_VS_B2,COOJA_SIMULATION,1024,1,gilbert,0.95,2.0,none,200006,valid,none,,,runs/A-kem1024-gilbert-prr0p95-L2-rep06-seed200006-v1/cooja.log,44760565073b39dea9a3a1f7663f4d24fc26856d477e506277042bb43ef4c209,12785,128,success,0,FAILED_PROTOCOL
A-kem1024-gilbert-prr0p95-L2-rep06-seed200006-v2,A-kem1024-gilbert-prr0p95-L2-rep06-seed200006,A_B1_VS_B2,COOJA_SIMULATION,1024,2,gilbert,0.95,2.0,none,200006,valid,none,,,runs/A-kem1024-gilbert-prr0p95-L2-rep06-seed200006-v2/cooja.log,717816ee45a7f702a01989efac3c67ce438808dc8e6ed7313baf23e93f2f010b,20502,207,success,1,SUCCESS
A-kem1024-gilbert-prr0p95-L2-rep07-seed200007-v1,A-kem1024-gilbert-prr0p95-L2-rep07-seed200007,A_B1_VS_B2,COOJA_SIMULATION,1024,1,gilbert,0.95,2.0,none,200007,valid,none,,,runs/A-kem1024-gilbert-prr0p95-L2-rep07-seed200007-v1/cooja.log,f05be6819472d550ed8ec448a029fabbdb9bd3b61c324f419aa589679376f34b,16563,169,success,0,FAILED_PROTOCOL
A-kem1024-gilbert-prr0p95-L2-rep07-seed200007-v2,A-kem1024-gilbert-prr0p95-L2-rep07-seed200007,A_B1_VS_B2,COOJA_SIMULATION,1024,2,gilbert,0.95,2.0,none,200007,valid,none,,,runs/A-kem1024-gilbert-prr0p95-L2-rep07-seed200007-v2/cooja.log,5cec2d9d75d9d2eadc6bc8f901030085df29391e28d88d5210e06e7056279872,20105,203,success,1,SUCCESS
A-kem1024-gilbert-prr0p95-L2-rep08-seed200008-v1,A-kem1024-gilbert-prr0p95-L2-rep08-seed200008,A_B1_VS_B2,COOJA_SIMULATION,1024,1,gilbert,0.95,2.0,none,200008,valid,none,,,runs/A-kem1024-gilbert-prr0p95-L2-rep08-seed200008-v1/cooja.log,5bb86b861f97cf7b45df27f529b44720fa59a62c439670ed51e26779644e079b,13432,138,success,0,FAILED_PROTOCOL
A-kem1024-gilbert-prr0p95-L2-rep08-seed200008-v2,A-kem1024-gilbert-prr0p95-L2-rep08-seed200008,A_B1_VS_B2,COOJA_SIMULATION,1024,2,gilbert,0.95,2.0,none,200008,valid,none,,,runs/A-kem1024-gilbert-prr0p95-L2-rep08-seed200008-v2/cooja.log,276d1c78d6a7cda4858cbcc58fa505a1c6105e38f7a234977a28c9d6d0d465cb,13666,140,success,0,FAILED_PROTOCOL
A-kem1024-gilbert-prr0p95-L2-rep09-seed200009-v1,A-kem1024-gilbert-prr0p95-L2-rep09-seed200009,A_B1_VS_B2,COOJA_SIMULATION,1024,1,gilbert,0.95,2.0,none,200009,valid,none,,,runs/A-kem1024-gilbert-prr0p95-L2-rep09-seed200009-v1/cooja.log,5231daf8fe401fbebd5ed565893da9c8493c1a0bdaa453e8bc9ce1cde975eb03,14750,148,success,0,FAILED_PROTOCOL
A-kem1024-gilbert-prr0p95-L2-rep09-seed200009-v2,A-kem1024-gilbert-prr0p95-L2-rep09-seed200009,A_B1_VS_B2,COOJA_SIMULATION,1024,2,gilbert,0.95,2.0,none,200009,valid,none,,,runs/A-kem1024-gilbert-prr0p95-L2-rep09-seed200009-v2/cooja.log,515ae43799f1951a44027f65169276096ac466336675337b2446b548b385b749,15265,160,success,0,FAILED_PROTOCOL
A-kem1024-gilbert-prr0p95-L2-rep10-seed200010-v1,A-kem1024-gilbert-prr0p95-L2-rep10-seed200010,A_B1_VS_B2,COOJA_SIMULATION,1024,1,gilbert,0.95,2.0,none,200010,valid,none,,,runs/A-kem1024-gilbert-prr0p95-L2-rep10-seed200010-v1/cooja.log,969bc3eba27b94bd1709c778c6c25a29d165b8017f8813428f9722abf9faff4a,16842,172,success,0,FAILED_PROTOCOL
A-kem1024-gilbert-prr0p95-L2-rep10-seed200010-v2,A-kem1024-gilbert-prr0p95-L2-rep10-seed200010,A_B1_VS_B2,COOJA_SIMULATION,1024,2,gilbert,0.95,2.0,none,200010,valid,none,,,runs/A-kem1024-gilbert-prr0p95-L2-rep10-seed200010-v2/cooja.log,1010b3a4a388c63381bdf695277286b8628c8622f4bf0186c4c02a7698e8fdc4,20475,207,success,1,SUCCESS
A-kem1024-gilbert-prr0p95-L2-rep11-seed200011-v1,A-kem1024-gilbert-prr0p95-L2-rep11-seed200011,A_B1_VS_B2,COOJA_SIMULATION,1024,1,gilbert,0.95,2.0,none,200011,valid,none,,,runs/A-kem1024-gilbert-prr0p95-L2-rep11-seed200011-v1/cooja.log,092031deacdf6776579b448d8b517cb912a2757e7f45cbd390a6c253de58a399,14536,145,success,0,FAILED_PROTOCOL
A-kem1024-gilbert-prr0p95-L2-rep11-seed200011-v2,A-kem1024-gilbert-prr0p95-L2-rep11-seed200011,A_B1_VS_B2,COOJA_SIMULATION,1024,2,gilbert,0.95,2.0,none,200011,valid,none,,,runs/A-kem1024-gilbert-prr0p95-L2-rep11-seed200011-v2/cooja.log,1be19d98bd6ca7e02b62c382ccae67af5f31295a72c85c9aee51f383e3c6b5a5,14543,152,success,0,FAILED_PROTOCOL
A-kem1024-gilbert-prr0p95-L2-rep12-seed200012-v1,A-kem1024-gilbert-prr0p95-L2-rep12-seed200012,A_B1_VS_B2,COOJA_SIMULATION,1024,1,gilbert,0.95,2.0,none,200012,valid,none,,,runs/A-kem1024-gilbert-prr0p95-L2-rep12-seed200012-v1/cooja.log,f3d842ab430b3414ed2b38a578f7424b317ca229748af0a2399db4f161b99ca8,11700,119,success,0,FAILED_PROTOCOL
A-kem1024-gilbert-prr0p95-L2-rep12-seed200012-v2,A-kem1024-gilbert-prr0p95-L2-rep12-seed200012,A_B1_VS_B2,COOJA_SIMULATION,1024,2,gilbert,0.95,2.0,none,200012,valid,none,,,runs/A-kem1024-gilbert-prr0p95-L2-rep12-seed200012-v2/cooja.log,cd5b9e9df0322f4dd034a117595899d56587aaae79fa364301cc0a4f56e7014a,11934,121,success,0,FAILED_PROTOCOL
A-kem1024-gilbert-prr0p95-L2-rep13-seed200013-v1,A-kem1024-gilbert-prr0p95-L2-rep13-seed200013,A_B1_VS_B2,COOJA_SIMULATION,1024,1,gilbert,0.95,2.0,none,200013,valid,none,,,runs/A-kem1024-gilbert-prr0p95-L2-rep13-seed200013-v1/cooja.log,459e9729c0cc063faa857e1a8018ea49209c9bf00ea37284ffe44ce4dcfb45ee,13859,147,success,1,SUCCESS
A-kem1024-gilbert-prr0p95-L2-rep13-seed200013-v2,A-kem1024-gilbert-prr0p95-L2-rep13-seed200013,A_B1_VS_B2,COOJA_SIMULATION,1024,2,gilbert,0.95,2.0,none,200013,valid,none,,,runs/A-kem1024-gilbert-prr0p95-L2-rep13-seed200013-v2/cooja.log,d82fde9a6ee18d7daad0ef0d286e5f6062137386cef235d8808dde924c8f603e,19402,195,success,1,SUCCESS
A-kem1024-gilbert-prr0p95-L2-rep14-seed200014-v1,A-kem1024-gilbert-prr0p95-L2-rep14-seed200014,A_B1_VS_B2,COOJA_SIMULATION,1024,1,gilbert,0.95,2.0,none,200014,valid,none,,,runs/A-kem1024-gilbert-prr0p95-L2-rep14-seed200014-v1/cooja.log,5ad299cbe7d11c202042c1cc4cd02b3adee21ed5a20d68f897dc3e3e871cc285,12789,128,success,0,FAILED_PROTOCOL
A-kem1024-gilbert-prr0p95-L2-rep14-seed200014-v2,A-kem1024-gilbert-prr0p95-L2-rep14-seed200014,A_B1_VS_B2,COOJA_SIMULATION,1024,2,gilbert,0.95,2.0,none,200014,valid,none,,,runs/A-kem1024-gilbert-prr0p95-L2-rep14-seed200014-v2/cooja.log,aec3cbabdf26f8d8bac7a0afd8d949a5c3bd16ff166b4cdcd19e7388ecbf037d,21493,218,success,1,SUCCESS
A-kem1024-gilbert-prr0p95-L2-rep15-seed200015-v1,A-kem1024-gilbert-prr0p95-L2-rep15-seed200015,A_B1_VS_B2,COOJA_SIMULATION,1024,1,gilbert,0.95,2.0,none,200015,valid,none,,,runs/A-kem1024-gilbert-prr0p95-L2-rep15-seed200015-v1/cooja.log,16647eb5be59f368d97069132cf6c6dae151d6e170e4bbc61602ded2cecf868d,13850,147,success,1,SUCCESS
A-kem1024-gilbert-prr0p95-L2-rep15-seed200015-v2,A-kem1024-gilbert-prr0p95-L2-rep15-seed200015,A_B1_VS_B2,COOJA_SIMULATION,1024,2,gilbert,0.95,2.0,none,200015,valid,none,,,runs/A-kem1024-gilbert-prr0p95-L2-rep15-seed200015-v2/cooja.log,e8fe022f8eb8df2941004b76c2e9e5f2d4010152d36ebdfa3ad919b3b22c9881,19386,195,success,1,SUCCESS
A-kem1024-gilbert-prr0p95-L2-rep16-seed200016-v1,A-kem1024-gilbert-prr0p95-L2-rep16-seed200016,A_B1_VS_B2,COOJA_SIMULATION,1024,1,gilbert,0.95,2.0,none,200016,valid,none,,,runs/A-kem1024-gilbert-prr0p95-L2-rep16-seed200016-v1/cooja.log,c4c4ada6e3f7eae5c5706dc7d97ffa208874817e1c4d086eef0668f886682dd1,11179,113,success,0,FAILED_PROTOCOL
A-kem1024-gilbert-prr0p95-L2-rep16-seed200016-v2,A-kem1024-gilbert-prr0p95-L2-rep16-seed200016,A_B1_VS_B2,COOJA_SIMULATION,1024,2,gilbert,0.95,2.0,none,200016,valid,none,,,runs/A-kem1024-gilbert-prr0p95-L2-rep16-seed200016-v2/cooja.log,09106364318111e953657b3efea9654075d549ce3ff659cd3f0ab4e5bf0b8bfd,11413,115,success,0,FAILED_PROTOCOL
A-kem1024-gilbert-prr0p95-L2-rep17-seed200017-v1,A-kem1024-gilbert-prr0p95-L2-rep17-seed200017,A_B1_VS_B2,COOJA_SIMULATION,1024,1,gilbert,0.95,2.0,none,200017,valid,none,,,runs/A-kem1024-gilbert-prr0p95-L2-rep17-seed200017-v1/cooja.log,9d0d209ba43e5fd57b26fe91ea6bce94b8e12e8893c70ebc39781199b2ccc419,13918,144,success,0,FAILED_PROTOCOL
A-kem1024-gilbert-prr0p95-L2-rep17-seed200017-v2,A-kem1024-gilbert-prr0p95-L2-rep17-seed200017,A_B1_VS_B2,COOJA_SIMULATION,1024,2,gilbert,0.95,2.0,none,200017,valid,none,,,runs/A-kem1024-gilbert-prr0p95-L2-rep17-seed200017-v2/cooja.log,be6be6232e311abea59fb4a296d5b867841ef75e481e5f16a5bd71a751dd2bea,14152,146,success,0,FAILED_PROTOCOL
A-kem1024-gilbert-prr0p95-L2-rep18-seed200018-v1,A-kem1024-gilbert-prr0p95-L2-rep18-seed200018,A_B1_VS_B2,COOJA_SIMULATION,1024,1,gilbert,0.95,2.0,none,200018,valid,none,,,runs/A-kem1024-gilbert-prr0p95-L2-rep18-seed200018-v1/cooja.log,247c8e86489bce5ae346b3af015802ff1eb4f97ea64e4c23310e6ba5a3746845,12600,126,success,0,FAILED_PROTOCOL
A-kem1024-gilbert-prr0p95-L2-rep18-seed200018-v2,A-kem1024-gilbert-prr0p95-L2-rep18-seed200018,A_B1_VS_B2,COOJA_SIMULATION,1024,2,gilbert,0.95,2.0,none,200018,valid,none,,,runs/A-kem1024-gilbert-prr0p95-L2-rep18-seed200018-v2/cooja.log,23a4c8da09510c7d2347c102c9dce9f9485c1bf1671729406d6f5ce5e85eb2ba,20265,205,success,1,SUCCESS
A-kem1024-gilbert-prr0p95-L2-rep19-seed200019-v1,A-kem1024-gilbert-prr0p95-L2-rep19-seed200019,A_B1_VS_B2,COOJA_SIMULATION,1024,1,gilbert,0.95,2.0,none,200019,valid,none,,,runs/A-kem1024-gilbert-prr0p95-L2-rep19-seed200019-v1/cooja.log,36ac2763303967509437746adee373d8805415734dadeb3b264e3caad33bcbcf,13866,147,success,1,SUCCESS
A-kem1024-gilbert-prr0p95-L2-rep19-seed200019-v2,A-kem1024-gilbert-prr0p95-L2-rep19-seed200019,A_B1_VS_B2,COOJA_SIMULATION,1024,2,gilbert,0.95,2.0,none,200019,valid,none,,,runs/A-kem1024-gilbert-prr0p95-L2-rep19-seed200019-v2/cooja.log,38cf6b60c00721f5d514b5a5517512801a8deae58ea51fc5bd152febbbd0a835,19402,195,success,1,SUCCESS
A-kem1024-gilbert-prr0p95-L2-rep20-seed200020-v1,A-kem1024-gilbert-prr0p95-L2-rep20-seed200020,A_B1_VS_B2,COOJA_SIMULATION,1024,1,gilbert,0.95,2.0,none,200020,valid,none,,,runs/A-kem1024-gilbert-prr0p95-L2-rep20-seed200020-v1/cooja.log,dfb911b85f00102710eafc61fd7e6c37331696828eca57d23d0df4678eb738fb,12556,125,success,0,FAILED_PROTOCOL
A-kem1024-gilbert-prr0p95-L2-rep20-seed200020-v2,A-kem1024-gilbert-prr0p95-L2-rep20-seed200020,A_B1_VS_B2,COOJA_SIMULATION,1024,2,gilbert,0.95,2.0,none,200020,valid,none,,,runs/A-kem1024-gilbert-prr0p95-L2-rep20-seed200020-v2/cooja.log,65a90c544b7654f4d5053fd95726d3cfb4a667d36fe6b6b3eaa240036651e87b,19946,201,success,1,SUCCESS
A-kem1024-gilbert-prr0p95-L2-rep21-seed200021-v1,A-kem1024-gilbert-prr0p95-L2-rep21-seed200021,A_B1_VS_B2,COOJA_SIMULATION,1024,1,gilbert,0.95,2.0,none,200021,valid,none,,,runs/A-kem1024-gilbert-prr0p95-L2-rep21-seed200021-v1/cooja.log,079bc37836d6560ac781ec14dee941d8a01e241f911df98a49de36b086f4d449,13850,147,success,1,SUCCESS
A-kem1024-gilbert-prr0p95-L2-rep21-seed200021-v2,A-kem1024-gilbert-prr0p95-L2-rep21-seed200021,A_B1_VS_B2,COOJA_SIMULATION,1024,2,gilbert,0.95,2.0,none,200021,valid,none,,,runs/A-kem1024-gilbert-prr0p95-L2-rep21-seed200021-v2/cooja.log,a7c876a7df823fad94970e98de920435729355978d17aa0c9b3fab885b7be54b,19386,195,success,1,SUCCESS
A-kem1024-gilbert-prr0p95-L2-rep22-seed200022-v1,A-kem1024-gilbert-prr0p95-L2-rep22-seed200022,A_B1_VS_B2,COOJA_SIMULATION,1024,1,gilbert,0.95,2.0,none,200022,valid,none,,,runs/A-kem1024-gilbert-prr0p95-L2-rep22-seed200022-v1/cooja.log,02f124127309753336d15c92841e9fcc5cc55637632941a528c2d8197d0a9bc0,13835,143,success,0,FAILED_PROTOCOL
A-kem1024-gilbert-prr0p95-L2-rep22-seed200022-v2,A-kem1024-gilbert-prr0p95-L2-rep22-seed200022,A_B1_VS_B2,COOJA_SIMULATION,1024,2,gilbert,0.95,2.0,none,200022,valid,none,,,runs/A-kem1024-gilbert-prr0p95-L2-rep22-seed200022-v2/cooja.log,d1b44213ac25f1ee4966c9954b10c188d3446fe08bd1c1770b53edfa7acc8bd4,14069,145,success,0,FAILED_PROTOCOL
A-kem1024-gilbert-prr0p95-L2-rep23-seed200023-v1,A-kem1024-gilbert-prr0p95-L2-rep23-seed200023,A_B1_VS_B2,COOJA_SIMULATION,1024,1,gilbert,0.95,2.0,none,200023,valid,none,,,runs/A-kem1024-gilbert-prr0p95-L2-rep23-seed200023-v1/cooja.log,2092615bd935f8c664b7eb648465b38d31be20b304d3ccbd907108ef98da1b89,13782,146,success,1,SUCCESS
A-kem1024-gilbert-prr0p95-L2-rep23-seed200023-v2,A-kem1024-gilbert-prr0p95-L2-rep23-seed200023,A_B1_VS_B2,COOJA_SIMULATION,1024,2,gilbert,0.95,2.0,none,200023,valid,none,,,runs/A-kem1024-gilbert-prr0p95-L2-rep23-seed200023-v2/cooja.log,b6e16c5ee845933f2f8438c29a0d045eaf290d59964a0585f28453b89aba948f,19318,194,success,1,SUCCESS
A-kem1024-gilbert-prr0p95-L2-rep24-seed200024-v1,A-kem1024-gilbert-prr0p95-L2-rep24-seed200024,A_B1_VS_B2,COOJA_SIMULATION,1024,1,gilbert,0.95,2.0,none,200024,valid,none,,,runs/A-kem1024-gilbert-prr0p95-L2-rep24-seed200024-v1/cooja.log,a4d6eaa064f3275dda64e476a94aeed444273cef13823c8d274959ccccd4c86f,12964,130,success,0,FAILED_PROTOCOL
A-kem1024-gilbert-prr0p95-L2-rep24-seed200024-v2,A-kem1024-gilbert-prr0p95-L2-rep24-seed200024,A_B1_VS_B2,COOJA_SIMULATION,1024,2,gilbert,0.95,2.0,none,200024,valid,none,,,runs/A-kem1024-gilbert-prr0p95-L2-rep24-seed200024-v2/cooja.log,efe4543479714255885f43596680f970d3b4f38e4312945067f1b864a0b2f7b0,20753,210,success,1,SUCCESS
A-kem1024-gilbert-prr0p95-L2-rep25-seed200025-v1,A-kem1024-gilbert-prr0p95-L2-rep25-seed200025,A_B1_VS_B2,COOJA_SIMULATION,1024,1,gilbert,0.95,2.0,none,200025,valid,none,,,runs/A-kem1024-gilbert-prr0p95-L2-rep25-seed200025-v1/cooja.log,972c31e02a78feeb3a7e9b5c627db1a7c619ddf853e4eccf910097c78bdb2d39,17475,181,success,0,FAILED_PROTOCOL
A-kem1024-gilbert-prr0p95-L2-rep25-seed200025-v2,A-kem1024-gilbert-prr0p95-L2-rep25-seed200025,A_B1_VS_B2,COOJA_SIMULATION,1024,2,gilbert,0.95,2.0,none,200025,valid,none,,,runs/A-kem1024-gilbert-prr0p95-L2-rep25-seed200025-v2/cooja.log,3793cbda6d4a26ffa49f2e5addebf90fd569baba7fa3725c4230b4244ceefeaf,20594,209,success,1,SUCCESS
A-kem1024-gilbert-prr0p95-L2-rep26-seed200026-v1,A-kem1024-gilbert-prr0p95-L2-rep26-seed200026,A_B1_VS_B2,COOJA_SIMULATION,1024,1,gilbert,0.95,2.0,none,200026,valid,none,,,runs/A-kem1024-gilbert-prr0p95-L2-rep26-seed200026-v1/cooja.log,eac3a8e062ddac801ebf6b99574c70af389736d7d494b59eb6205872a91a6ce9,13779,146,success,1,SUCCESS
A-kem1024-gilbert-prr0p95-L2-rep26-seed200026-v2,A-kem1024-gilbert-prr0p95-L2-rep26-seed200026,A_B1_VS_B2,COOJA_SIMULATION,1024,2,gilbert,0.95,2.0,none,200026,valid,none,,,runs/A-kem1024-gilbert-prr0p95-L2-rep26-seed200026-v2/cooja.log,968d460eca78002c44b519e99413096c1f987b8bb3a5ba4cee57812bf0538eb5,19322,194,success,1,SUCCESS
A-kem1024-gilbert-prr0p95-L2-rep27-seed200027-v1,A-kem1024-gilbert-prr0p95-L2-rep27-seed200027,A_B1_VS_B2,COOJA_SIMULATION,1024,1,gilbert,0.95,2.0,none,200027,valid,none,,,runs/A-kem1024-gilbert-prr0p95-L2-rep27-seed200027-v1/cooja.log,a2b5a0d6aec7c8a770e5014e33b981c872a1253eafd16962d4eb5f00120339f8,9569,94,success,0,FAILED_PROTOCOL
A-kem1024-gilbert-prr0p95-L2-rep27-seed200027-v2,A-kem1024-gilbert-prr0p95-L2-rep27-seed200027,A_B1_VS_B2,COOJA_SIMULATION,1024,2,gilbert,0.95,2.0,none,200027,valid,none,,,runs/A-kem1024-gilbert-prr0p95-L2-rep27-seed200027-v2/cooja.log,baaeedc83f06ff4edb649d6f34a65145f9cfe29ddac320211f35bb801617351e,9803,96,success,0,FAILED_PROTOCOL
A-kem1024-gilbert-prr0p95-L2-rep28-seed200028-v1,A-kem1024-gilbert-prr0p95-L2-rep28-seed200028,A_B1_VS_B2,COOJA_SIMULATION,1024,1,gilbert,0.95,2.0,none,200028,valid,none,,,runs/A-kem1024-gilbert-prr0p95-L2-rep28-seed200028-v1/cooja.log,d92c9838aac8371d9f24dce076fc547311901c8954c0f3cdaa22798c8e6d5c67,13856,147,success,1,SUCCESS
A-kem1024-gilbert-prr0p95-L2-rep28-seed200028-v2,A-kem1024-gilbert-prr0p95-L2-rep28-seed200028,A_B1_VS_B2,COOJA_SIMULATION,1024,2,gilbert,0.95,2.0,none,200028,valid,none,,,runs/A-kem1024-gilbert-prr0p95-L2-rep28-seed200028-v2/cooja.log,6b00c1573b180bd8526711f2e3f3ed4d46a5f5b7dc59eac2ab042f6aed7a23cd,19392,195,success,1,SUCCESS
A-kem1024-gilbert-prr0p95-L2-rep29-seed200029-v1,A-kem1024-gilbert-prr0p95-L2-rep29-seed200029,A_B1_VS_B2,COOJA_SIMULATION,1024,1,gilbert,0.95,2.0,none,200029,valid,none,,,runs/A-kem1024-gilbert-prr0p95-L2-rep29-seed200029-v1/cooja.log,a4756ee42097c5e639a72787295400f20b059f1a4be27515f8b3f3c354991143,13681,138,success,0,FAILED_PROTOCOL
A-kem1024-gilbert-prr0p95-L2-rep29-seed200029-v2,A-kem1024-gilbert-prr0p95-L2-rep29-seed200029,A_B1_VS_B2,COOJA_SIMULATION,1024,2,gilbert,0.95,2.0,none,200029,valid,none,,,runs/A-kem1024-gilbert-prr0p95-L2-rep29-seed200029-v2/cooja.log,35a92d80d239bbdc515a7c4eccbce6978380e8e935443028592253228b02228c,20038,202,success,1,SUCCESS
A-kem1024-gilbert-prr0p95-L2-rep30-seed200030-v1,A-kem1024-gilbert-prr0p95-L2-rep30-seed200030,A_B1_VS_B2,COOJA_SIMULATION,1024,1,gilbert,0.95,2.0,none,200030,valid,none,,,runs/A-kem1024-gilbert-prr0p95-L2-rep30-seed200030-v1/cooja.log,7ee02752275fb32a4054458c92f6c2703d1cc9e3c0ef0bb9cdb7d5bed2eea520,12966,130,success,0,FAILED_PROTOCOL
A-kem1024-gilbert-prr0p95-L2-rep30-seed200030-v2,A-kem1024-gilbert-prr0p95-L2-rep30-seed200030,A_B1_VS_B2,COOJA_SIMULATION,1024,2,gilbert,0.95,2.0,none,200030,valid,none,,,runs/A-kem1024-gilbert-prr0p95-L2-rep30-seed200030-v2/cooja.log,692a0158a17f9bc47d6ecc71e801dcb4ddaa4672cffd58ef9e4590b0289d0eb2,20114,203,success,1,SUCCESS
A-kem1024-gilbert-prr0p95-L5-rep01-seed200001-v1,A-kem1024-gilbert-prr0p95-L5-rep01-seed200001,A_B1_VS_B2,COOJA_SIMULATION,1024,1,gilbert,0.95,5.0,none,200001,valid,none,,,runs/A-kem1024-gilbert-prr0p95-L5-rep01-seed200001-v1/cooja.log,0b6092cb7557ac71add4e6d85b38fd3bf8e0a600994e9584e89c197b66e41d96,13853,147,success,1,SUCCESS
A-kem1024-gilbert-prr0p95-L5-rep01-seed200001-v2,A-kem1024-gilbert-prr0p95-L5-rep01-seed200001,A_B1_VS_B2,COOJA_SIMULATION,1024,2,gilbert,0.95,5.0,none,200001,valid,none,,,runs/A-kem1024-gilbert-prr0p95-L5-rep01-seed200001-v2/cooja.log,a6bdefaf69c2fbc4ed84b3f5a8de19a1d659b8f082480f6e5f26801856941ffb,19389,195,success,1,SUCCESS
A-kem1024-gilbert-prr0p95-L5-rep02-seed200002-v1,A-kem1024-gilbert-prr0p95-L5-rep02-seed200002,A_B1_VS_B2,COOJA_SIMULATION,1024,1,gilbert,0.95,5.0,none,200002,valid,none,,,runs/A-kem1024-gilbert-prr0p95-L5-rep02-seed200002-v1/cooja.log,fdf65841e8c2f149e21c3eb850ddb7ae25bb86292eb81fc95a0b5425b71320c6,8770,84,success,0,FAILED_PROTOCOL
A-kem1024-gilbert-prr0p95-L5-rep02-seed200002-v2,A-kem1024-gilbert-prr0p95-L5-rep02-seed200002,A_B1_VS_B2,COOJA_SIMULATION,1024,2,gilbert,0.95,5.0,none,200002,valid,none,,,runs/A-kem1024-gilbert-prr0p95-L5-rep02-seed200002-v2/cooja.log,9d4d466b8a5e4dcc29b382d42f242d401ef5b41ca9478dd399fd35cd8aab61a2,9004,86,success,0,FAILED_PROTOCOL
A-kem1024-gilbert-prr0p95-L5-rep03-seed200003-v1,A-kem1024-gilbert-prr0p95-L5-rep03-seed200003,A_B1_VS_B2,COOJA_SIMULATION,1024,1,gilbert,0.95,5.0,none,200003,valid,none,,,runs/A-kem1024-gilbert-prr0p95-L5-rep03-seed200003-v1/cooja.log,ed01cf816370f27037fc2285c2063233f7c47e1b32643e67739caa1bc35d57b4,10896,110,success,0,FAILED_PROTOCOL
A-kem1024-gilbert-prr0p95-L5-rep03-seed200003-v2,A-kem1024-gilbert-prr0p95-L5-rep03-seed200003,A_B1_VS_B2,COOJA_SIMULATION,1024,2,gilbert,0.95,5.0,none,200003,valid,none,,,runs/A-kem1024-gilbert-prr0p95-L5-rep03-seed200003-v2/cooja.log,34d70ee41a95aac8d5336aac4b1b07ea1702e52276482fa4af4a478594a66cda,11130,112,success,0,FAILED_PROTOCOL
A-kem1024-gilbert-prr0p95-L5-rep04-seed200004-v1,A-kem1024-gilbert-prr0p95-L5-rep04-seed200004,A_B1_VS_B2,COOJA_SIMULATION,1024,1,gilbert,0.95,5.0,none,200004,valid,none,,,runs/A-kem1024-gilbert-prr0p95-L5-rep04-seed200004-v1/cooja.log,12293b164b0e43d2181d10071367c9871142e65b978621ec2b6d42e3d6857384,13856,147,success,1,SUCCESS
A-kem1024-gilbert-prr0p95-L5-rep04-seed200004-v2,A-kem1024-gilbert-prr0p95-L5-rep04-seed200004,A_B1_VS_B2,COOJA_SIMULATION,1024,2,gilbert,0.95,5.0,none,200004,valid,none,,,runs/A-kem1024-gilbert-prr0p95-L5-rep04-seed200004-v2/cooja.log,288ca91bc935707dfcce7cc742c4522e7a1afd61bd25879c58e20cc191a911da,19392,195,success,1,SUCCESS
A-kem1024-gilbert-prr0p95-L5-rep05-seed200005-v1,A-kem1024-gilbert-prr0p95-L5-rep05-seed200005,A_B1_VS_B2,COOJA_SIMULATION,1024,1,gilbert,0.95,5.0,none,200005,valid,none,,,runs/A-kem1024-gilbert-prr0p95-L5-rep05-seed200005-v1/cooja.log,42ac1a0dfed13f57688f712ff3daa3fccbe912702d1daf15609d735219d8c3b5,11380,115,success,0,FAILED_PROTOCOL
A-kem1024-gilbert-prr0p95-L5-rep05-seed200005-v2,A-kem1024-gilbert-prr0p95-L5-rep05-seed200005,A_B1_VS_B2,COOJA_SIMULATION,1024,2,gilbert,0.95,5.0,none,200005,valid,none,,,runs/A-kem1024-gilbert-prr0p95-L5-rep05-seed200005-v2/cooja.log,315f16bbf8a87a2f4967fca466024d8ed56c2c08f586dfa6d3ec7bcac2ae523d,11614,117,success,0,FAILED_PROTOCOL
A-kem1024-gilbert-prr0p95-L5-rep06-seed200006-v1,A-kem1024-gilbert-prr0p95-L5-rep06-seed200006,A_B1_VS_B2,COOJA_SIMULATION,1024,1,gilbert,0.95,5.0,none,200006,valid,none,,,runs/A-kem1024-gilbert-prr0p95-L5-rep06-seed200006-v1/cooja.log,44760565073b39dea9a3a1f7663f4d24fc26856d477e506277042bb43ef4c209,12785,128,success,0,FAILED_PROTOCOL
A-kem1024-gilbert-prr0p95-L5-rep06-seed200006-v2,A-kem1024-gilbert-prr0p95-L5-rep06-seed200006,A_B1_VS_B2,COOJA_SIMULATION,1024,2,gilbert,0.95,5.0,none,200006,valid,none,,,runs/A-kem1024-gilbert-prr0p95-L5-rep06-seed200006-v2/cooja.log,4eb4a2e00375816174ec6397b0aad2c19fa0ff8f07606b3ae5e33a93f9d618b7,21142,215,success,1,SUCCESS
A-kem1024-gilbert-prr0p95-L5-rep07-seed200007-v1,A-kem1024-gilbert-prr0p95-L5-rep07-seed200007,A_B1_VS_B2,COOJA_SIMULATION,1024,1,gilbert,0.95,5.0,none,200007,valid,none,,,runs/A-kem1024-gilbert-prr0p95-L5-rep07-seed200007-v1/cooja.log,391adb424ba2f531fc6a64fdfda04df581b484c42e157c3c9fa6d83838cac660,13850,147,success,1,SUCCESS
A-kem1024-gilbert-prr0p95-L5-rep07-seed200007-v2,A-kem1024-gilbert-prr0p95-L5-rep07-seed200007,A_B1_VS_B2,COOJA_SIMULATION,1024,2,gilbert,0.95,5.0,none,200007,valid,none,,,runs/A-kem1024-gilbert-prr0p95-L5-rep07-seed200007-v2/cooja.log,402e14ee9f3620888a89642f1481008699759debe134855d806b4608f2060a47,19393,195,success,1,SUCCESS
A-kem1024-gilbert-prr0p95-L5-rep08-seed200008-v1,A-kem1024-gilbert-prr0p95-L5-rep08-seed200008,A_B1_VS_B2,COOJA_SIMULATION,1024,1,gilbert,0.95,5.0,none,200008,valid,none,,,runs/A-kem1024-gilbert-prr0p95-L5-rep08-seed200008-v1/cooja.log,a83f24b16508d3fa65e12bf182d9dca6c492455c632d5eaa389baf6707105e8e,13251,133,success,0,FAILED_PROTOCOL
A-kem1024-gilbert-prr0p95-L5-rep08-seed200008-v2,A-kem1024-gilbert-prr0p95-L5-rep08-seed200008,A_B1_VS_B2,COOJA_SIMULATION,1024,2,gilbert,0.95,5.0,none,200008,valid,none,,,runs/A-kem1024-gilbert-prr0p95-L5-rep08-seed200008-v2/cooja.log,2e163813a1eed3213b303a1cc309b607da7cccb409b542b136c5f7239220921d,26486,283,success,0,FAILED_PROTOCOL
A-kem1024-gilbert-prr0p95-L5-rep09-seed200009-v1,A-kem1024-gilbert-prr0p95-L5-rep09-seed200009,A_B1_VS_B2,COOJA_SIMULATION,1024,1,gilbert,0.95,5.0,none,200009,valid,none,,,runs/A-kem1024-gilbert-prr0p95-L5-rep09-seed200009-v1/cooja.log,b49067132808012d584c228758fd2e33f1df3d558f7e7d132c8e23edb86fb39c,15015,156,success,0,FAILED_PROTOCOL
A-kem1024-gilbert-prr0p95-L5-rep09-seed200009-v2,A-kem1024-gilbert-prr0p95-L5-rep09-seed200009,A_B1_VS_B2,COOJA_SIMULATION,1024,2,gilbert,0.95,5.0,none,200009,valid,none,,,runs/A-kem1024-gilbert-prr0p95-L5-rep09-seed200009-v2/cooja.log,ae564ce286513bc923211bb5c694bba0179d7a0337b0a6881b87c79184a62e0f,15249,158,success,0,FAILED_PROTOCOL
A-kem1024-gilbert-prr0p95-L5-rep10-seed200010-v1,A-kem1024-gilbert-prr0p95-L5-rep10-seed200010,A_B1_VS_B2,COOJA_SIMULATION,1024,1,gilbert,0.95,5.0,none,200010,valid,none,,,runs/A-kem1024-gilbert-prr0p95-L5-rep10-seed200010-v1/cooja.log,5500af10656aa644ab6fa5754967220f30638e0745326e6e5cde531139fb88ff,16662,170,success,0,FAILED_PROTOCOL
A-kem1024-gilbert-prr0p95-L5-rep10-seed200010-v2,A-kem1024-gilbert-prr0p95-L5-rep10-seed200010,A_B1_VS_B2,COOJA_SIMULATION,1024,2,gilbert,0.95,5.0,none,200010,valid,none,,,runs/A-kem1024-gilbert-prr0p95-L5-rep10-seed200010-v2/cooja.log,6354a02243c19b4ec849c658257a34c9e58d23536a3b1296c503b52018de8380,20432,207,success,1,SUCCESS
A-kem1024-gilbert-prr0p95-L5-rep11-seed200011-v1,A-kem1024-gilbert-prr0p95-L5-rep11-seed200011,A_B1_VS_B2,COOJA_SIMULATION,1024,1,gilbert,0.95,5.0,none,200011,valid,none,,,runs/A-kem1024-gilbert-prr0p95-L5-rep11-seed200011-v1/cooja.log,79e0470516abf42f39b27932213d4a18adc0c479be1f5e6ac75c95d52b4a77a7,14163,150,success,1,SUCCESS
A-kem1024-gilbert-prr0p95-L5-rep11-seed200011-v2,A-kem1024-gilbert-prr0p95-L5-rep11-seed200011,A_B1_VS_B2,COOJA_SIMULATION,1024,2,gilbert,0.95,5.0,none,200011,valid,none,,,runs/A-kem1024-gilbert-prr0p95-L5-rep11-seed200011-v2/cooja.log,1fa0a9a309d91f0aa6aa8653f54474c513f0a14e2ff018deffc86745f3245cac,19699,198,success,1,SUCCESS
A-kem1024-gilbert-prr0p95-L5-rep12-seed200012-v1,A-kem1024-gilbert-prr0p95-L5-rep12-seed200012,A_B1_VS_B2,COOJA_SIMULATION,1024,1,gilbert,0.95,5.0,none,200012,valid,none,,,runs/A-kem1024-gilbert-prr0p95-L5-rep12-seed200012-v1/cooja.log,f3d842ab430b3414ed2b38a578f7424b317ca229748af0a2399db4f161b99ca8,11700,119,success,0,FAILED_PROTOCOL
A-kem1024-gilbert-prr0p95-L5-rep12-seed200012-v2,A-kem1024-gilbert-prr0p95-L5-rep12-seed200012,A_B1_VS_B2,COOJA_SIMULATION,1024,2,gilbert,0.95,5.0,none,200012,valid,none,,,runs/A-kem1024-gilbert-prr0p95-L5-rep12-seed200012-v2/cooja.log,cd5b9e9df0322f4dd034a117595899d56587aaae79fa364301cc0a4f56e7014a,11934,121,success,0,FAILED_PROTOCOL
A-kem1024-gilbert-prr0p95-L5-rep13-seed200013-v1,A-kem1024-gilbert-prr0p95-L5-rep13-seed200013,A_B1_VS_B2,COOJA_SIMULATION,1024,1,gilbert,0.95,5.0,none,200013,valid,none,,,runs/A-kem1024-gilbert-prr0p95-L5-rep13-seed200013-v1/cooja.log,459e9729c0cc063faa857e1a8018ea49209c9bf00ea37284ffe44ce4dcfb45ee,13859,147,success,1,SUCCESS
A-kem1024-gilbert-prr0p95-L5-rep13-seed200013-v2,A-kem1024-gilbert-prr0p95-L5-rep13-seed200013,A_B1_VS_B2,COOJA_SIMULATION,1024,2,gilbert,0.95,5.0,none,200013,valid,none,,,runs/A-kem1024-gilbert-prr0p95-L5-rep13-seed200013-v2/cooja.log,d82fde9a6ee18d7daad0ef0d286e5f6062137386cef235d8808dde924c8f603e,19402,195,success,1,SUCCESS
A-kem1024-gilbert-prr0p95-L5-rep14-seed200014-v1,A-kem1024-gilbert-prr0p95-L5-rep14-seed200014,A_B1_VS_B2,COOJA_SIMULATION,1024,1,gilbert,0.95,5.0,none,200014,valid,none,,,runs/A-kem1024-gilbert-prr0p95-L5-rep14-seed200014-v1/cooja.log,b6f1acec1b2d1a2193416faa67f76be792b9c5399e99fe34ed405575a6db241e,13866,147,success,1,SUCCESS
A-kem1024-gilbert-prr0p95-L5-rep14-seed200014-v2,A-kem1024-gilbert-prr0p95-L5-rep14-seed200014,A_B1_VS_B2,COOJA_SIMULATION,1024,2,gilbert,0.95,5.0,none,200014,valid,none,,,runs/A-kem1024-gilbert-prr0p95-L5-rep14-seed200014-v2/cooja.log,c5567de5028515541a3eed004780c14321993d08a921aaa426cf9d648ab451fb,21409,217,success,0,FAILED_PROTOCOL
A-kem1024-gilbert-prr0p95-L5-rep15-seed200015-v1,A-kem1024-gilbert-prr0p95-L5-rep15-seed200015,A_B1_VS_B2,COOJA_SIMULATION,1024,1,gilbert,0.95,5.0,none,200015,valid,none,,,runs/A-kem1024-gilbert-prr0p95-L5-rep15-seed200015-v1/cooja.log,027f59fa5d641d13f238b3c81fa77035a12f466533971302ed4fecc7bda44c20,13850,147,success,1,SUCCESS
A-kem1024-gilbert-prr0p95-L5-rep15-seed200015-v2,A-kem1024-gilbert-prr0p95-L5-rep15-seed200015,A_B1_VS_B2,COOJA_SIMULATION,1024,2,gilbert,0.95,5.0,none,200015,valid,none,,,runs/A-kem1024-gilbert-prr0p95-L5-rep15-seed200015-v2/cooja.log,19e336714aa5bce7a42ea4425fc8ee06d60dd122ce03af976030d1552f1507f5,19393,195,success,1,SUCCESS
A-kem1024-gilbert-prr0p95-L5-rep16-seed200016-v1,A-kem1024-gilbert-prr0p95-L5-rep16-seed200016,A_B1_VS_B2,COOJA_SIMULATION,1024,1,gilbert,0.95,5.0,none,200016,valid,none,,,runs/A-kem1024-gilbert-prr0p95-L5-rep16-seed200016-v1/cooja.log,01aeab0e2226d1a57a4e42d6e9ca9a05d7968597bfe4ff44c62457f446111b98,11970,121,success,0,FAILED_PROTOCOL
A-kem1024-gilbert-prr0p95-L5-rep16-seed200016-v2,A-kem1024-gilbert-prr0p95-L5-rep16-seed200016,A_B1_VS_B2,COOJA_SIMULATION,1024,2,gilbert,0.95,5.0,none,200016,valid,none,,,runs/A-kem1024-gilbert-prr0p95-L5-rep16-seed200016-v2/cooja.log,f61d00aafbb577316545af9b7d5e5ee4ddb180f06d2e4617eb5793d56ddf0899,12204,123,success,0,FAILED_PROTOCOL
A-kem1024-gilbert-prr0p95-L5-rep17-seed200017-v1,A-kem1024-gilbert-prr0p95-L5-rep17-seed200017,A_B1_VS_B2,COOJA_SIMULATION,1024,1,gilbert,0.95,5.0,none,200017,valid,none,,,runs/A-kem1024-gilbert-prr0p95-L5-rep17-seed200017-v1/cooja.log,63d237e6046d7e75989ff64057ed1f583c8013a767fd3db58c457dabbf3c3eeb,13866,147,success,1,SUCCESS
A-kem1024-gilbert-prr0p95-L5-rep17-seed200017-v2,A-kem1024-gilbert-prr0p95-L5-rep17-seed200017,A_B1_VS_B2,COOJA_SIMULATION,1024,2,gilbert,0.95,5.0,none,200017,valid,none,,,runs/A-kem1024-gilbert-prr0p95-L5-rep17-seed200017-v2/cooja.log,e968f24234a588d503e02b4dccabfb7269f0e5bf00ec4752c5e230db229b20f6,19402,195,success,1,SUCCESS
A-kem1024-gilbert-prr0p95-L5-rep18-seed200018-v1,A-kem1024-gilbert-prr0p95-L5-rep18-seed200018,A_B1_VS_B2,COOJA_SIMULATION,1024,1,gilbert,0.95,5.0,none,200018,valid,none,,,runs/A-kem1024-gilbert-prr0p95-L5-rep18-seed200018-v1/cooja.log,850d183c7ed16a3750dbe0b2a3fa88858dc2f8c9ab48c81a58c58ecdb4d59391,13853,147,success,1,SUCCESS
A-kem1024-gilbert-prr0p95-L5-rep18-seed200018-v2,A-kem1024-gilbert-prr0p95-L5-rep18-seed200018,A_B1_VS_B2,COOJA_SIMULATION,1024,2,gilbert,0.95,5.0,none,200018,valid,none,,,runs/A-kem1024-gilbert-prr0p95-L5-rep18-seed200018-v2/cooja.log,96e60d3b0201cdde0f7d89f5241ecff6c2ac8dfc6ff01ef70e29a22da2748f83,19389,195,success,1,SUCCESS
A-kem1024-gilbert-prr0p95-L5-rep19-seed200019-v1,A-kem1024-gilbert-prr0p95-L5-rep19-seed200019,A_B1_VS_B2,COOJA_SIMULATION,1024,1,gilbert,0.95,5.0,none,200019,valid,none,,,runs/A-kem1024-gilbert-prr0p95-L5-rep19-seed200019-v1/cooja.log,36ac2763303967509437746adee373d8805415734dadeb3b264e3caad33bcbcf,13866,147,success,1,SUCCESS
A-kem1024-gilbert-prr0p95-L5-rep19-seed200019-v2,A-kem1024-gilbert-prr0p95-L5-rep19-seed200019,A_B1_VS_B2,COOJA_SIMULATION,1024,2,gilbert,0.95,5.0,none,200019,valid,none,,,runs/A-kem1024-gilbert-prr0p95-L5-rep19-seed200019-v2/cooja.log,38cf6b60c00721f5d514b5a5517512801a8deae58ea51fc5bd152febbbd0a835,19402,195,success,1,SUCCESS
A-kem1024-gilbert-prr0p95-L5-rep20-seed200020-v1,A-kem1024-gilbert-prr0p95-L5-rep20-seed200020,A_B1_VS_B2,COOJA_SIMULATION,1024,1,gilbert,0.95,5.0,none,200020,valid,none,,,runs/A-kem1024-gilbert-prr0p95-L5-rep20-seed200020-v1/cooja.log,8553c19d949817df51a7fc7cc04e3682759b4f2c57e38bb6e8a525646a483e0a,16695,172,success,0,FAILED_PROTOCOL
A-kem1024-gilbert-prr0p95-L5-rep20-seed200020-v2,A-kem1024-gilbert-prr0p95-L5-rep20-seed200020,A_B1_VS_B2,COOJA_SIMULATION,1024,2,gilbert,0.95,5.0,none,200020,valid,none,,,runs/A-kem1024-gilbert-prr0p95-L5-rep20-seed200020-v2/cooja.log,87e57db5aec84f39fffee343ce900c373af729a40a5d0873e6784be1d2954714,21657,220,success,1,SUCCESS
A-kem1024-gilbert-prr0p95-L5-rep21-seed200021-v1,A-kem1024-gilbert-prr0p95-L5-rep21-seed200021,A_B1_VS_B2,COOJA_SIMULATION,1024,1,gilbert,0.95,5.0,none,200021,valid,none,,,runs/A-kem1024-gilbert-prr0p95-L5-rep21-seed200021-v1/cooja.log,079bc37836d6560ac781ec14dee941d8a01e241f911df98a49de36b086f4d449,13850,147,success,1,SUCCESS
A-kem1024-gilbert-prr0p95-L5-rep21-seed200021-v2,A-kem1024-gilbert-prr0p95-L5-rep21-seed200021,A_B1_VS_B2,COOJA_SIMULATION,1024,2,gilbert,0.95,5.0,none,200021,valid,none,,,runs/A-kem1024-gilbert-prr0p95-L5-rep21-seed200021-v2/cooja.log,a7c876a7df823fad94970e98de920435729355978d17aa0c9b3fab885b7be54b,19386,195,success,1,SUCCESS
A-kem1024-gilbert-prr0p95-L5-rep22-seed200022-v1,A-kem1024-gilbert-prr0p95-L5-rep22-seed200022,A_B1_VS_B2,COOJA_SIMULATION,1024,1,gilbert,0.95,5.0,none,200022,valid,none,,,runs/A-kem1024-gilbert-prr0p95-L5-rep22-seed200022-v1/cooja.log,addbd54041bc2e2f3613f4f900548da72f511419f471cd0b9756cf52f332845b,12818,128,success,0,FAILED_PROTOCOL
A-kem1024-gilbert-prr0p95-L5-rep22-seed200022-v2,A-kem1024-gilbert-prr0p95-L5-rep22-seed200022,A_B1_VS_B2,COOJA_SIMULATION,1024,2,gilbert,0.95,5.0,none,200022,valid,none,,,runs/A-kem1024-gilbert-prr0p95-L5-rep22-seed200022-v2/cooja.log,fcaccfdefe4ff64480b39c49d861d4e47725193730971f20b409d6a7bead8809,21240,223,success,0,FAILED_PROTOCOL
A-kem1024-gilbert-prr0p95-L5-rep23-seed200023-v1,A-kem1024-gilbert-prr0p95-L5-rep23-seed200023,A_B1_VS_B2,COOJA_SIMULATION,1024,1,gilbert,0.95,5.0,none,200023,valid,none,,,runs/A-kem1024-gilbert-prr0p95-L5-rep23-seed200023-v1/cooja.log,0a28700786cf5c67685f656582730e82ea4b27f5e5a2f79e85ce611a46b724fe,13856,147,success,1,SUCCESS
A-kem1024-gilbert-prr0p95-L5-rep23-seed200023-v2,A-kem1024-gilbert-prr0p95-L5-rep23-seed200023,A_B1_VS_B2,COOJA_SIMULATION,1024,2,gilbert,0.95,5.0,none,200023,valid,none,,,runs/A-kem1024-gilbert-prr0p95-L5-rep23-seed200023-v2/cooja.log,30ffacd401ee44a070b476a65ceecbe3e85baef9ef3b465c3aae073320807261,19392,195,success,1,SUCCESS
A-kem1024-gilbert-prr0p95-L5-rep24-seed200024-v1,A-kem1024-gilbert-prr0p95-L5-rep24-seed200024,A_B1_VS_B2,COOJA_SIMULATION,1024,1,gilbert,0.95,5.0,none,200024,valid,none,,,runs/A-kem1024-gilbert-prr0p95-L5-rep24-seed200024-v1/cooja.log,330bbec8dfac670379d1e2d500a4f8a59068b3e48e21de5a374e983607b4e777,13856,147,success,1,SUCCESS
A-kem1024-gilbert-prr0p95-L5-rep24-seed200024-v2,A-kem1024-gilbert-prr0p95-L5-rep24-seed200024,A_B1_VS_B2,COOJA_SIMULATION,1024,2,gilbert,0.95,5.0,none,200024,valid,none,,,runs/A-kem1024-gilbert-prr0p95-L5-rep24-seed200024-v2/cooja.log,2a8599a5667e57bac18032d6ac2d05e63d9f755f4678a983578d0c57960db10b,19392,195,success,1,SUCCESS
A-kem1024-gilbert-prr0p95-L5-rep25-seed200025-v1,A-kem1024-gilbert-prr0p95-L5-rep25-seed200025,A_B1_VS_B2,COOJA_SIMULATION,1024,1,gilbert,0.95,5.0,none,200025,valid,none,,,runs/A-kem1024-gilbert-prr0p95-L5-rep25-seed200025-v1/cooja.log,820dfb76215b34c1c2d7fbf2be4e785a60be29023b927dc7ce2a8c2438735217,13850,147,success,1,SUCCESS
A-kem1024-gilbert-prr0p95-L5-rep25-seed200025-v2,A-kem1024-gilbert-prr0p95-L5-rep25-seed200025,A_B1_VS_B2,COOJA_SIMULATION,1024,2,gilbert,0.95,5.0,none,200025,valid,none,,,runs/A-kem1024-gilbert-prr0p95-L5-rep25-seed200025-v2/cooja.log,1420f24499079023c639e546f73434d0d46a9380820022fddd742c8f55fbe520,19749,199,success,1,SUCCESS
A-kem1024-gilbert-prr0p95-L5-rep26-seed200026-v1,A-kem1024-gilbert-prr0p95-L5-rep26-seed200026,A_B1_VS_B2,COOJA_SIMULATION,1024,1,gilbert,0.95,5.0,none,200026,valid,none,,,runs/A-kem1024-gilbert-prr0p95-L5-rep26-seed200026-v1/cooja.log,c4fc7f1ea473040b066f1069b62f5120bfd00f371fe0bf92343291af0742f662,13853,147,success,1,SUCCESS
A-kem1024-gilbert-prr0p95-L5-rep26-seed200026-v2,A-kem1024-gilbert-prr0p95-L5-rep26-seed200026,A_B1_VS_B2,COOJA_SIMULATION,1024,2,gilbert,0.95,5.0,none,200026,valid,none,,,runs/A-kem1024-gilbert-prr0p95-L5-rep26-seed200026-v2/cooja.log,5b9f35eb1a7687d6fff930ef28fd62f19de56f6df55f292ca5efbd9f6d2b3b28,19396,195,success,1,SUCCESS
A-kem1024-gilbert-prr0p95-L5-rep27-seed200027-v1,A-kem1024-gilbert-prr0p95-L5-rep27-seed200027,A_B1_VS_B2,COOJA_SIMULATION,1024,1,gilbert,0.95,5.0,none,200027,valid,none,,,runs/A-kem1024-gilbert-prr0p95-L5-rep27-seed200027-v1/cooja.log,882c8ff82882f8400fc0f649ce9283d6e7fb095c5bdf733a73226eeb381f0405,11019,110,success,0,FAILED_PROTOCOL
A-kem1024-gilbert-prr0p95-L5-rep27-seed200027-v2,A-kem1024-gilbert-prr0p95-L5-rep27-seed200027,A_B1_VS_B2,COOJA_SIMULATION,1024,2,gilbert,0.95,5.0,none,200027,valid,none,,,runs/A-kem1024-gilbert-prr0p95-L5-rep27-seed200027-v2/cooja.log,fe760a692bd5ab7576c55916c6df105caa4c6a79323cb49f1070d0b834d90ae8,11253,112,success,0,FAILED_PROTOCOL
A-kem1024-gilbert-prr0p95-L5-rep28-seed200028-v1,A-kem1024-gilbert-prr0p95-L5-rep28-seed200028,A_B1_VS_B2,COOJA_SIMULATION,1024,1,gilbert,0.95,5.0,none,200028,valid,none,,,runs/A-kem1024-gilbert-prr0p95-L5-rep28-seed200028-v1/cooja.log,e31b69def9d3ee09123a0f6e5ca16d1ff52e4a36e2dac98afab47ca85b730623,13856,147,success,1,SUCCESS
A-kem1024-gilbert-prr0p95-L5-rep28-seed200028-v2,A-kem1024-gilbert-prr0p95-L5-rep28-seed200028,A_B1_VS_B2,COOJA_SIMULATION,1024,2,gilbert,0.95,5.0,none,200028,valid,none,,,runs/A-kem1024-gilbert-prr0p95-L5-rep28-seed200028-v2/cooja.log,bffb847d7272d2a89a408d063cd5ad0e7d7f972c4dffb55a531591e09dd22dc1,19846,200,success,1,SUCCESS
A-kem1024-gilbert-prr0p95-L5-rep29-seed200029-v1,A-kem1024-gilbert-prr0p95-L5-rep29-seed200029,A_B1_VS_B2,COOJA_SIMULATION,1024,1,gilbert,0.95,5.0,none,200029,valid,none,,,runs/A-kem1024-gilbert-prr0p95-L5-rep29-seed200029-v1/cooja.log,e848ed1fd955bfbd04c70116e84da14bfa82eebe891978ce32aea97b80295798,12517,124,success,0,FAILED_PROTOCOL
A-kem1024-gilbert-prr0p95-L5-rep29-seed200029-v2,A-kem1024-gilbert-prr0p95-L5-rep29-seed200029,A_B1_VS_B2,COOJA_SIMULATION,1024,2,gilbert,0.95,5.0,none,200029,valid,none,,,runs/A-kem1024-gilbert-prr0p95-L5-rep29-seed200029-v2/cooja.log,e2001290c1bb5d94314ad72d8e406217f872a41732130098c833533587a8801e,14848,150,success,0,FAILED_PROTOCOL
A-kem1024-gilbert-prr0p95-L5-rep30-seed200030-v1,A-kem1024-gilbert-prr0p95-L5-rep30-seed200030,A_B1_VS_B2,COOJA_SIMULATION,1024,1,gilbert,0.95,5.0,none,200030,valid,none,,,runs/A-kem1024-gilbert-prr0p95-L5-rep30-seed200030-v1/cooja.log,db58f993b48a35d9454ecdf67e605847dd8cc05cf38e970bd84699451f1c6de2,13859,147,success,1,SUCCESS
A-kem1024-gilbert-prr0p95-L5-rep30-seed200030-v2,A-kem1024-gilbert-prr0p95-L5-rep30-seed200030,A_B1_VS_B2,COOJA_SIMULATION,1024,2,gilbert,0.95,5.0,none,200030,valid,none,,,runs/A-kem1024-gilbert-prr0p95-L5-rep30-seed200030-v2/cooja.log,519cb2135387b56a9d40bbd9d26f27e02dda5e4071d4fad25508e932bb61ae54,19402,195,success,1,SUCCESS
A-kem1024-gilbert-prr0p95-L10-rep01-seed200001-v1,A-kem1024-gilbert-prr0p95-L10-rep01-seed200001,A_B1_VS_B2,COOJA_SIMULATION,1024,1,gilbert,0.95,10.0,none,200001,valid,none,,,runs/A-kem1024-gilbert-prr0p95-L10-rep01-seed200001-v1/cooja.log,0b6092cb7557ac71add4e6d85b38fd3bf8e0a600994e9584e89c197b66e41d96,13853,147,success,1,SUCCESS
A-kem1024-gilbert-prr0p95-L10-rep01-seed200001-v2,A-kem1024-gilbert-prr0p95-L10-rep01-seed200001,A_B1_VS_B2,COOJA_SIMULATION,1024,2,gilbert,0.95,10.0,none,200001,valid,none,,,runs/A-kem1024-gilbert-prr0p95-L10-rep01-seed200001-v2/cooja.log,a6bdefaf69c2fbc4ed84b3f5a8de19a1d659b8f082480f6e5f26801856941ffb,19389,195,success,1,SUCCESS
A-kem1024-gilbert-prr0p95-L10-rep02-seed200002-v1,A-kem1024-gilbert-prr0p95-L10-rep02-seed200002,A_B1_VS_B2,COOJA_SIMULATION,1024,1,gilbert,0.95,10.0,none,200002,valid,none,,,runs/A-kem1024-gilbert-prr0p95-L10-rep02-seed200002-v1/cooja.log,fdf65841e8c2f149e21c3eb850ddb7ae25bb86292eb81fc95a0b5425b71320c6,8770,84,success,0,FAILED_PROTOCOL
A-kem1024-gilbert-prr0p95-L10-rep02-seed200002-v2,A-kem1024-gilbert-prr0p95-L10-rep02-seed200002,A_B1_VS_B2,COOJA_SIMULATION,1024,2,gilbert,0.95,10.0,none,200002,valid,none,,,runs/A-kem1024-gilbert-prr0p95-L10-rep02-seed200002-v2/cooja.log,9d4d466b8a5e4dcc29b382d42f242d401ef5b41ca9478dd399fd35cd8aab61a2,9004,86,success,0,FAILED_PROTOCOL
A-kem1024-gilbert-prr0p95-L10-rep03-seed200003-v1,A-kem1024-gilbert-prr0p95-L10-rep03-seed200003,A_B1_VS_B2,COOJA_SIMULATION,1024,1,gilbert,0.95,10.0,none,200003,valid,none,,,runs/A-kem1024-gilbert-prr0p95-L10-rep03-seed200003-v1/cooja.log,0b57e0b72e78915afbda7629af8285c970109cdb167142432267d0902b587444,13089,134,success,0,FAILED_PROTOCOL
A-kem1024-gilbert-prr0p95-L10-rep03-seed200003-v2,A-kem1024-gilbert-prr0p95-L10-rep03-seed200003,A_B1_VS_B2,COOJA_SIMULATION,1024,2,gilbert,0.95,10.0,none,200003,valid,none,,,runs/A-kem1024-gilbert-prr0p95-L10-rep03-seed200003-v2/cooja.log,0bb3371ecfb684156e38f501ccca605e6e0b3a59924919393501a6e4acfc8ce4,13323,136,success,0,FAILED_PROTOCOL
A-kem1024-gilbert-prr0p95-L10-rep04-seed200004-v1,A-kem1024-gilbert-prr0p95-L10-rep04-seed200004,A_B1_VS_B2,COOJA_SIMULATION,1024,1,gilbert,0.95,10.0,none,200004,valid,none,,,runs/A-kem1024-gilbert-prr0p95-L10-rep04-seed200004-v1/cooja.log,12293b164b0e43d2181d10071367c9871142e65b978621ec2b6d42e3d6857384,13856,147,success,1,SUCCESS
A-kem1024-gilbert-prr0p95-L10-rep04-seed200004-v2,A-kem1024-gilbert-prr0p95-L10-rep04-seed200004,A_B1_VS_B2,COOJA_SIMULATION,1024,2,gilbert,0.95,10.0,none,200004,valid,none,,,runs/A-kem1024-gilbert-prr0p95-L10-rep04-seed200004-v2/cooja.log,288ca91bc935707dfcce7cc742c4522e7a1afd61bd25879c58e20cc191a911da,19392,195,success,1,SUCCESS
A-kem1024-gilbert-prr0p95-L10-rep05-seed200005-v1,A-kem1024-gilbert-prr0p95-L10-rep05-seed200005,A_B1_VS_B2,COOJA_SIMULATION,1024,1,gilbert,0.95,10.0,none,200005,valid,none,,,runs/A-kem1024-gilbert-prr0p95-L10-rep05-seed200005-v1/cooja.log,42ac1a0dfed13f57688f712ff3daa3fccbe912702d1daf15609d735219d8c3b5,11380,115,success,0,FAILED_PROTOCOL
A-kem1024-gilbert-prr0p95-L10-rep05-seed200005-v2,A-kem1024-gilbert-prr0p95-L10-rep05-seed200005,A_B1_VS_B2,COOJA_SIMULATION,1024,2,gilbert,0.95,10.0,none,200005,valid,none,,,runs/A-kem1024-gilbert-prr0p95-L10-rep05-seed200005-v2/cooja.log,315f16bbf8a87a2f4967fca466024d8ed56c2c08f586dfa6d3ec7bcac2ae523d,11614,117,success,0,FAILED_PROTOCOL
A-kem1024-gilbert-prr0p95-L10-rep06-seed200006-v1,A-kem1024-gilbert-prr0p95-L10-rep06-seed200006,A_B1_VS_B2,COOJA_SIMULATION,1024,1,gilbert,0.95,10.0,none,200006,valid,none,,,runs/A-kem1024-gilbert-prr0p95-L10-rep06-seed200006-v1/cooja.log,acde1d1b1cbcebaeabfc16bbf812b19254074b7a3704229b8e8f80c89d765b89,13656,138,success,0,FAILED_PROTOCOL
A-kem1024-gilbert-prr0p95-L10-rep06-seed200006-v2,A-kem1024-gilbert-prr0p95-L10-rep06-seed200006,A_B1_VS_B2,COOJA_SIMULATION,1024,2,gilbert,0.95,10.0,none,200006,valid,none,,,runs/A-kem1024-gilbert-prr0p95-L10-rep06-seed200006-v2/cooja.log,7854114470fa9e16ba7fc106d5e3179a2e3730c68696b6225110a852ff3361e3,27005,284,success,0,FAILED_PROTOCOL
A-kem1024-gilbert-prr0p95-L10-rep07-seed200007-v1,A-kem1024-gilbert-prr0p95-L10-rep07-seed200007,A_B1_VS_B2,COOJA_SIMULATION,1024,1,gilbert,0.95,10.0,none,200007,valid,none,,,runs/A-kem1024-gilbert-prr0p95-L10-rep07-seed200007-v1/cooja.log,391adb424ba2f531fc6a64fdfda04df581b484c42e157c3c9fa6d83838cac660,13850,147,success,1,SUCCESS
A-kem1024-gilbert-prr0p95-L10-rep07-seed200007-v2,A-kem1024-gilbert-prr0p95-L10-rep07-seed200007,A_B1_VS_B2,COOJA_SIMULATION,1024,2,gilbert,0.95,10.0,none,200007,valid,none,,,runs/A-kem1024-gilbert-prr0p95-L10-rep07-seed200007-v2/cooja.log,402e14ee9f3620888a89642f1481008699759debe134855d806b4608f2060a47,19393,195,success,1,SUCCESS
A-kem1024-gilbert-prr0p95-L10-rep08-seed200008-v1,A-kem1024-gilbert-prr0p95-L10-rep08-seed200008,A_B1_VS_B2,COOJA_SIMULATION,1024,1,gilbert,0.95,10.0,none,200008,valid,none,,,runs/A-kem1024-gilbert-prr0p95-L10-rep08-seed200008-v1/cooja.log,8075c1e459e88a37356a36a4f02162b060548f6cc44233b36ea75d0786fc53f5,13473,136,success,0,FAILED_PROTOCOL
A-kem1024-gilbert-prr0p95-L10-rep08-seed200008-v2,A-kem1024-gilbert-prr0p95-L10-rep08-seed200008,A_B1_VS_B2,COOJA_SIMULATION,1024,2,gilbert,0.95,10.0,none,200008,valid,none,,,runs/A-kem1024-gilbert-prr0p95-L10-rep08-seed200008-v2/cooja.log,d335096baa52c105789bf35288f56ce9fd71389c86bf2df1a7184e65da7a5fd8,20583,209,success,1,SUCCESS
A-kem1024-gilbert-prr0p95-L10-rep09-seed200009-v1,A-kem1024-gilbert-prr0p95-L10-rep09-seed200009,A_B1_VS_B2,COOJA_SIMULATION,1024,1,gilbert,0.95,10.0,none,200009,valid,none,,,runs/A-kem1024-gilbert-prr0p95-L10-rep09-seed200009-v1/cooja.log,dd5f954f5be4ea261f49a60e122db356fcfb62c00b7f049f055fd855ef70ba81,13856,147,success,1,SUCCESS
A-kem1024-gilbert-prr0p95-L10-rep09-seed200009-v2,A-kem1024-gilbert-prr0p95-L10-rep09-seed200009,A_B1_VS_B2,COOJA_SIMULATION,1024,2,gilbert,0.95,10.0,none,200009,valid,none,,,runs/A-kem1024-gilbert-prr0p95-L10-rep09-seed200009-v2/cooja.log,6aff4c0839b45a0fbfbbf256fddc4c22ca030ffc7fcaa7fc9f2c022e4976160c,19392,195,success,1,SUCCESS
A-kem1024-gilbert-prr0p95-L10-rep10-seed200010-v1,A-kem1024-gilbert-prr0p95-L10-rep10-seed200010,A_B1_VS_B2,COOJA_SIMULATION,1024,1,gilbert,0.95,10.0,none,200010,valid,none,,,runs/A-kem1024-gilbert-prr0p95-L10-rep10-seed200010-v1/cooja.log,ccdb23d624fbfd8c9f5c9b86cfc8f4e9b6f9516485417a38fff70a299fa679f2,15628,158,success,0,FAILED_PROTOCOL
A-kem1024-gilbert-prr0p95-L10-rep10-seed200010-v2,A-kem1024-gilbert-prr0p95-L10-rep10-seed200010,A_B1_VS_B2,COOJA_SIMULATION,1024,2,gilbert,0.95,10.0,none,200010,valid,none,,,runs/A-kem1024-gilbert-prr0p95-L10-rep10-seed200010-v2/cooja.log,b9390f82fe5953e3848b272879842ef1e44ad866d666087f3d7a6ae0c9a3decc,20098,206,success,0,FAILED_PROTOCOL
A-kem1024-gilbert-prr0p95-L10-rep11-seed200011-v1,A-kem1024-gilbert-prr0p95-L10-rep11-seed200011,A_B1_VS_B2,COOJA_SIMULATION,1024,1,gilbert,0.95,10.0,none,200011,valid,none,,,runs/A-kem1024-gilbert-prr0p95-L10-rep11-seed200011-v1/cooja.log,a7dea1feb00044e5074a5cc4205090eb391d236f755471010d2a66c5edc67196,13857,147,success,1,SUCCESS
A-kem1024-gilbert-prr0p95-L10-rep11-seed200011-v2,A-kem1024-gilbert-prr0p95-L10-rep11-seed200011,A_B1_VS_B2,COOJA_SIMULATION,1024,2,gilbert,0.95,10.0,none,200011,valid,none,,,runs/A-kem1024-gilbert-prr0p95-L10-rep11-seed200011-v2/cooja.log,110cefcd502d83e58969e0af07323b63bfecb5d232b52bd7b5618a5a2589325c,19393,195,success,1,SUCCESS
A-kem1024-gilbert-prr0p95-L10-rep12-seed200012-v1,A-kem1024-gilbert-prr0p95-L10-rep12-seed200012,A_B1_VS_B2,COOJA_SIMULATION,1024,1,gilbert,0.95,10.0,none,200012,valid,none,,,runs/A-kem1024-gilbert-prr0p95-L10-rep12-seed200012-v1/cooja.log,55f4d5fe2c8fc9d8581f48f3399bece3f662abea33c3fcaa5ffcabdbce5d3f4d,8955,86,success,0,FAILED_PROTOCOL
A-kem1024-gilbert-prr0p95-L10-rep12-seed200012-v2,A-kem1024-gilbert-prr0p95-L10-rep12-seed200012,A_B1_VS_B2,COOJA_SIMULATION,1024,2,gilbert,0.95,10.0,none,200012,valid,none,,,runs/A-kem1024-gilbert-prr0p95-L10-rep12-seed200012-v2/cooja.log,0aaa08b260444c9339a7f8b184eadb211a0c14aa146a23182e57a14d2bf938af,9189,88,success,0,FAILED_PROTOCOL
A-kem1024-gilbert-prr0p95-L10-rep13-seed200013-v1,A-kem1024-gilbert-prr0p95-L10-rep13-seed200013,A_B1_VS_B2,COOJA_SIMULATION,1024,1,gilbert,0.95,10.0,none,200013,valid,none,,,runs/A-kem1024-gilbert-prr0p95-L10-rep13-seed200013-v1/cooja.log,459e9729c0cc063faa857e1a8018ea49209c9bf00ea37284ffe44ce4dcfb45ee,13859,147,success,1,SUCCESS
A-kem1024-gilbert-prr0p95-L10-rep13-seed200013-v2,A-kem1024-gilbert-prr0p95-L10-rep13-seed200013,A_B1_VS_B2,COOJA_SIMULATION,1024,2,gilbert,0.95,10.0,none,200013,valid,none,,,runs/A-kem1024-gilbert-prr0p95-L10-rep13-seed200013-v2/cooja.log,d82fde9a6ee18d7daad0ef0d286e5f6062137386cef235d8808dde924c8f603e,19402,195,success,1,SUCCESS
A-kem1024-gilbert-prr0p95-L10-rep14-seed200014-v1,A-kem1024-gilbert-prr0p95-L10-rep14-seed200014,A_B1_VS_B2,COOJA_SIMULATION,1024,1,gilbert,0.95,10.0,none,200014,valid,none,,,runs/A-kem1024-gilbert-prr0p95-L10-rep14-seed200014-v1/cooja.log,5b2324590c6974bd4d3415aca91bf3f02da8396a6f5896eb18faf8490f02a9e5,13866,147,success,1,SUCCESS
A-kem1024-gilbert-prr0p95-L10-rep14-seed200014-v2,A-kem1024-gilbert-prr0p95-L10-rep14-seed200014,A_B1_VS_B2,COOJA_SIMULATION,1024,2,gilbert,0.95,10.0,none,200014,valid,none,,,runs/A-kem1024-gilbert-prr0p95-L10-rep14-seed200014-v2/cooja.log,36ccb23b389b5622d788246c7d7cbfa1bd518b7b050ab30ea41643515b60639d,19454,204,success,1,SUCCESS
A-kem1024-gilbert-prr0p95-L10-rep15-seed200015-v1,A-kem1024-gilbert-prr0p95-L10-rep15-seed200015,A_B1_VS_B2,COOJA_SIMULATION,1024,1,gilbert,0.95,10.0,none,200015,valid,none,,,runs/A-kem1024-gilbert-prr0p95-L10-rep15-seed200015-v1/cooja.log,fae008d092716d6e6f00100776a1f69590e23dfc9dd1b64da04cd687b45a7ee2,13850,147,success,1,SUCCESS
A-kem1024-gilbert-prr0p95-L10-rep15-seed200015-v2,A-kem1024-gilbert-prr0p95-L10-rep15-seed200015,A_B1_VS_B2,COOJA_SIMULATION,1024,2,gilbert,0.95,10.0,none,200015,valid,none,,,runs/A-kem1024-gilbert-prr0p95-L10-rep15-seed200015-v2/cooja.log,bb1dec1df84ff12902ba0fd9ac9b1173c52dafae5985805f66237ce21780ac43,19393,195,success,1,SUCCESS
A-kem1024-gilbert-prr0p95-L10-rep16-seed200016-v1,A-kem1024-gilbert-prr0p95-L10-rep16-seed200016,A_B1_VS_B2,COOJA_SIMULATION,1024,1,gilbert,0.95,10.0,none,200016,valid,none,,,runs/A-kem1024-gilbert-prr0p95-L10-rep16-seed200016-v1/cooja.log,37571abbc821fce3cc15b45c36efb5e931337399acad3830fb8720cb9a27a317,8502,81,success,0,FAILED_PROTOCOL
A-kem1024-gilbert-prr0p95-L10-rep16-seed200016-v2,A-kem1024-gilbert-prr0p95-L10-rep16-seed200016,A_B1_VS_B2,COOJA_SIMULATION,1024,2,gilbert,0.95,10.0,none,200016,valid,none,,,runs/A-kem1024-gilbert-prr0p95-L10-rep16-seed200016-v2/cooja.log,ca1939927048bd211674931fcb1be13094aa5715b683c07ca279f9bb10b0cebf,8736,83,success,0,FAILED_PROTOCOL
A-kem1024-gilbert-prr0p95-L10-rep17-seed200017-v1,A-kem1024-gilbert-prr0p95-L10-rep17-seed200017,A_B1_VS_B2,COOJA_SIMULATION,1024,1,gilbert,0.95,10.0,none,200017,valid,none,,,runs/A-kem1024-gilbert-prr0p95-L10-rep17-seed200017-v1/cooja.log,63d237e6046d7e75989ff64057ed1f583c8013a767fd3db58c457dabbf3c3eeb,13866,147,success,1,SUCCESS
A-kem1024-gilbert-prr0p95-L10-rep17-seed200017-v2,A-kem1024-gilbert-prr0p95-L10-rep17-seed200017,A_B1_VS_B2,COOJA_SIMULATION,1024,2,gilbert,0.95,10.0,none,200017,valid,none,,,runs/A-kem1024-gilbert-prr0p95-L10-rep17-seed200017-v2/cooja.log,e968f24234a588d503e02b4dccabfb7269f0e5bf00ec4752c5e230db229b20f6,19402,195,success,1,SUCCESS
A-kem1024-gilbert-prr0p95-L10-rep18-seed200018-v1,A-kem1024-gilbert-prr0p95-L10-rep18-seed200018,A_B1_VS_B2,COOJA_SIMULATION,1024,1,gilbert,0.95,10.0,none,200018,valid,none,,,runs/A-kem1024-gilbert-prr0p95-L10-rep18-seed200018-v1/cooja.log,850d183c7ed16a3750dbe0b2a3fa88858dc2f8c9ab48c81a58c58ecdb4d59391,13853,147,success,1,SUCCESS
A-kem1024-gilbert-prr0p95-L10-rep18-seed200018-v2,A-kem1024-gilbert-prr0p95-L10-rep18-seed200018,A_B1_VS_B2,COOJA_SIMULATION,1024,2,gilbert,0.95,10.0,none,200018,valid,none,,,runs/A-kem1024-gilbert-prr0p95-L10-rep18-seed200018-v2/cooja.log,96e60d3b0201cdde0f7d89f5241ecff6c2ac8dfc6ff01ef70e29a22da2748f83,19389,195,success,1,SUCCESS
A-kem1024-gilbert-prr0p95-L10-rep19-seed200019-v1,A-kem1024-gilbert-prr0p95-L10-rep19-seed200019,A_B1_VS_B2,COOJA_SIMULATION,1024,1,gilbert,0.95,10.0,none,200019,valid,none,,,runs/A-kem1024-gilbert-prr0p95-L10-rep19-seed200019-v1/cooja.log,36ac2763303967509437746adee373d8805415734dadeb3b264e3caad33bcbcf,13866,147,success,1,SUCCESS
A-kem1024-gilbert-prr0p95-L10-rep19-seed200019-v2,A-kem1024-gilbert-prr0p95-L10-rep19-seed200019,A_B1_VS_B2,COOJA_SIMULATION,1024,2,gilbert,0.95,10.0,none,200019,valid,none,,,runs/A-kem1024-gilbert-prr0p95-L10-rep19-seed200019-v2/cooja.log,38cf6b60c00721f5d514b5a5517512801a8deae58ea51fc5bd152febbbd0a835,19402,195,success,1,SUCCESS
A-kem1024-gilbert-prr0p95-L10-rep20-seed200020-v1,A-kem1024-gilbert-prr0p95-L10-rep20-seed200020,A_B1_VS_B2,COOJA_SIMULATION,1024,1,gilbert,0.95,10.0,none,200020,valid,none,,,runs/A-kem1024-gilbert-prr0p95-L10-rep20-seed200020-v1/cooja.log,927906dfe9b753a65b73a5b27de2b3bd440fb241653022fbb4c9b265be6d2bad,13850,147,success,1,SUCCESS
A-kem1024-gilbert-prr0p95-L10-rep20-seed200020-v2,A-kem1024-gilbert-prr0p95-L10-rep20-seed200020,A_B1_VS_B2,COOJA_SIMULATION,1024,2,gilbert,0.95,10.0,none,200020,valid,none,,,runs/A-kem1024-gilbert-prr0p95-L10-rep20-seed200020-v2/cooja.log,37f2907c5929cdf1f710ded9e1b609d14b15bff50fb585973ba94814c727ed7e,19669,198,success,1,SUCCESS
A-kem1024-gilbert-prr0p95-L10-rep21-seed200021-v1,A-kem1024-gilbert-prr0p95-L10-rep21-seed200021,A_B1_VS_B2,COOJA_SIMULATION,1024,1,gilbert,0.95,10.0,none,200021,valid,none,,,runs/A-kem1024-gilbert-prr0p95-L10-rep21-seed200021-v1/cooja.log,079bc37836d6560ac781ec14dee941d8a01e241f911df98a49de36b086f4d449,13850,147,success,1,SUCCESS
A-kem1024-gilbert-prr0p95-L10-rep21-seed200021-v2,A-kem1024-gilbert-prr0p95-L10-rep21-seed200021,A_B1_VS_B2,COOJA_SIMULATION,1024,2,gilbert,0.95,10.0,none,200021,valid,none,,,runs/A-kem1024-gilbert-prr0p95-L10-rep21-seed200021-v2/cooja.log,a7c876a7df823fad94970e98de920435729355978d17aa0c9b3fab885b7be54b,19386,195,success,1,SUCCESS
A-kem1024-gilbert-prr0p95-L10-rep22-seed200022-v1,A-kem1024-gilbert-prr0p95-L10-rep22-seed200022,A_B1_VS_B2,COOJA_SIMULATION,1024,1,gilbert,0.95,10.0,none,200022,valid,none,,,runs/A-kem1024-gilbert-prr0p95-L10-rep22-seed200022-v1/cooja.log,e71d29967fb43ad07cd6e7781fa8f4f69d70af65e1cb7a903998e542cba156ee,17514,178,success,0,FAILED_PROTOCOL
A-kem1024-gilbert-prr0p95-L10-rep22-seed200022-v2,A-kem1024-gilbert-prr0p95-L10-rep22-seed200022,A_B1_VS_B2,COOJA_SIMULATION,1024,2,gilbert,0.95,10.0,none,200022,valid,none,,,runs/A-kem1024-gilbert-prr0p95-L10-rep22-seed200022-v2/cooja.log,b2f22b39fdf28bf7a6c19a5b688bb73ebeb648e7f844973be86472a7b2d41fb6,20475,214,success,0,FAILED_PROTOCOL
A-kem1024-gilbert-prr0p95-L10-rep23-seed200023-v1,A-kem1024-gilbert-prr0p95-L10-rep23-seed200023,A_B1_VS_B2,COOJA_SIMULATION,1024,1,gilbert,0.95,10.0,none,200023,valid,none,,,runs/A-kem1024-gilbert-prr0p95-L10-rep23-seed200023-v1/cooja.log,0a28700786cf5c67685f656582730e82ea4b27f5e5a2f79e85ce611a46b724fe,13856,147,success,1,SUCCESS
A-kem1024-gilbert-prr0p95-L10-rep23-seed200023-v2,A-kem1024-gilbert-prr0p95-L10-rep23-seed200023,A_B1_VS_B2,COOJA_SIMULATION,1024,2,gilbert,0.95,10.0,none,200023,valid,none,,,runs/A-kem1024-gilbert-prr0p95-L10-rep23-seed200023-v2/cooja.log,30ffacd401ee44a070b476a65ceecbe3e85baef9ef3b465c3aae073320807261,19392,195,success,1,SUCCESS
A-kem1024-gilbert-prr0p95-L10-rep24-seed200024-v1,A-kem1024-gilbert-prr0p95-L10-rep24-seed200024,A_B1_VS_B2,COOJA_SIMULATION,1024,1,gilbert,0.95,10.0,none,200024,valid,none,,,runs/A-kem1024-gilbert-prr0p95-L10-rep24-seed200024-v1/cooja.log,330bbec8dfac670379d1e2d500a4f8a59068b3e48e21de5a374e983607b4e777,13856,147,success,1,SUCCESS
A-kem1024-gilbert-prr0p95-L10-rep24-seed200024-v2,A-kem1024-gilbert-prr0p95-L10-rep24-seed200024,A_B1_VS_B2,COOJA_SIMULATION,1024,2,gilbert,0.95,10.0,none,200024,valid,none,,,runs/A-kem1024-gilbert-prr0p95-L10-rep24-seed200024-v2/cooja.log,2a8599a5667e57bac18032d6ac2d05e63d9f755f4678a983578d0c57960db10b,19392,195,success,1,SUCCESS
A-kem1024-gilbert-prr0p95-L10-rep25-seed200025-v1,A-kem1024-gilbert-prr0p95-L10-rep25-seed200025,A_B1_VS_B2,COOJA_SIMULATION,1024,1,gilbert,0.95,10.0,none,200025,valid,none,,,runs/A-kem1024-gilbert-prr0p95-L10-rep25-seed200025-v1/cooja.log,820dfb76215b34c1c2d7fbf2be4e785a60be29023b927dc7ce2a8c2438735217,13850,147,success,1,SUCCESS
A-kem1024-gilbert-prr0p95-L10-rep25-seed200025-v2,A-kem1024-gilbert-prr0p95-L10-rep25-seed200025,A_B1_VS_B2,COOJA_SIMULATION,1024,2,gilbert,0.95,10.0,none,200025,valid,none,,,runs/A-kem1024-gilbert-prr0p95-L10-rep25-seed200025-v2/cooja.log,1420f24499079023c639e546f73434d0d46a9380820022fddd742c8f55fbe520,19749,199,success,1,SUCCESS
A-kem1024-gilbert-prr0p95-L10-rep26-seed200026-v1,A-kem1024-gilbert-prr0p95-L10-rep26-seed200026,A_B1_VS_B2,COOJA_SIMULATION,1024,1,gilbert,0.95,10.0,none,200026,valid,none,,,runs/A-kem1024-gilbert-prr0p95-L10-rep26-seed200026-v1/cooja.log,c4fc7f1ea473040b066f1069b62f5120bfd00f371fe0bf92343291af0742f662,13853,147,success,1,SUCCESS
A-kem1024-gilbert-prr0p95-L10-rep26-seed200026-v2,A-kem1024-gilbert-prr0p95-L10-rep26-seed200026,A_B1_VS_B2,COOJA_SIMULATION,1024,2,gilbert,0.95,10.0,none,200026,valid,none,,,runs/A-kem1024-gilbert-prr0p95-L10-rep26-seed200026-v2/cooja.log,5b9f35eb1a7687d6fff930ef28fd62f19de56f6df55f292ca5efbd9f6d2b3b28,19396,195,success,1,SUCCESS
A-kem1024-gilbert-prr0p95-L10-rep27-seed200027-v1,A-kem1024-gilbert-prr0p95-L10-rep27-seed200027,A_B1_VS_B2,COOJA_SIMULATION,1024,1,gilbert,0.95,10.0,none,200027,valid,none,,,runs/A-kem1024-gilbert-prr0p95-L10-rep27-seed200027-v1/cooja.log,82195501c9eee1beefead9beaf2e30a975d34e4de624452a0a270143e3c7332a,11169,112,success,0,FAILED_PROTOCOL
A-kem1024-gilbert-prr0p95-L10-rep27-seed200027-v2,A-kem1024-gilbert-prr0p95-L10-rep27-seed200027,A_B1_VS_B2,COOJA_SIMULATION,1024,2,gilbert,0.95,10.0,none,200027,valid,none,,,runs/A-kem1024-gilbert-prr0p95-L10-rep27-seed200027-v2/cooja.log,e149791ea3114d36dce030241861074e5a6e32202292f46a81c221daed143607,11403,114,success,0,FAILED_PROTOCOL
A-kem1024-gilbert-prr0p95-L10-rep28-seed200028-v1,A-kem1024-gilbert-prr0p95-L10-rep28-seed200028,A_B1_VS_B2,COOJA_SIMULATION,1024,1,gilbert,0.95,10.0,none,200028,valid,none,,,runs/A-kem1024-gilbert-prr0p95-L10-rep28-seed200028-v1/cooja.log,82371670f646cb6849b719f0d1bf1e06213339dd7bf12a54438c417e4a62185a,13856,147,success,1,SUCCESS
A-kem1024-gilbert-prr0p95-L10-rep28-seed200028-v2,A-kem1024-gilbert-prr0p95-L10-rep28-seed200028,A_B1_VS_B2,COOJA_SIMULATION,1024,2,gilbert,0.95,10.0,none,200028,valid,none,,,runs/A-kem1024-gilbert-prr0p95-L10-rep28-seed200028-v2/cooja.log,726c9803a33054cde7dc58ab38d61aff87f4c2092dce0cd1fcc44dca7c06988b,19392,195,success,1,SUCCESS
A-kem1024-gilbert-prr0p95-L10-rep29-seed200029-v1,A-kem1024-gilbert-prr0p95-L10-rep29-seed200029,A_B1_VS_B2,COOJA_SIMULATION,1024,1,gilbert,0.95,10.0,none,200029,valid,none,,,runs/A-kem1024-gilbert-prr0p95-L10-rep29-seed200029-v1/cooja.log,e848ed1fd955bfbd04c70116e84da14bfa82eebe891978ce32aea97b80295798,12517,124,success,0,FAILED_PROTOCOL
A-kem1024-gilbert-prr0p95-L10-rep29-seed200029-v2,A-kem1024-gilbert-prr0p95-L10-rep29-seed200029,A_B1_VS_B2,COOJA_SIMULATION,1024,2,gilbert,0.95,10.0,none,200029,valid,none,,,runs/A-kem1024-gilbert-prr0p95-L10-rep29-seed200029-v2/cooja.log,e2001290c1bb5d94314ad72d8e406217f872a41732130098c833533587a8801e,14848,150,success,0,FAILED_PROTOCOL
A-kem1024-gilbert-prr0p95-L10-rep30-seed200030-v1,A-kem1024-gilbert-prr0p95-L10-rep30-seed200030,A_B1_VS_B2,COOJA_SIMULATION,1024,1,gilbert,0.95,10.0,none,200030,valid,none,,,runs/A-kem1024-gilbert-prr0p95-L10-rep30-seed200030-v1/cooja.log,db58f993b48a35d9454ecdf67e605847dd8cc05cf38e970bd84699451f1c6de2,13859,147,success,1,SUCCESS
A-kem1024-gilbert-prr0p95-L10-rep30-seed200030-v2,A-kem1024-gilbert-prr0p95-L10-rep30-seed200030,A_B1_VS_B2,COOJA_SIMULATION,1024,2,gilbert,0.95,10.0,none,200030,valid,none,,,runs/A-kem1024-gilbert-prr0p95-L10-rep30-seed200030-v2/cooja.log,6be898ae5b30027c70106467677674ad23268ebefa053340f940e88a792fcbf4,19454,204,success,1,SUCCESS
