run_id,paired_group,pair_group_id,comparison_arm,campaign,date,data_origin,model,target_prr,mean_bad_burst,p_gb,p_bg,forced_loss,forced_loss_mode,forced_loss_layer,forced_loss_after_radio_channel,forced_loss_source_id,forced_loss_destination_id,forced_loss_target_tag,forced_loss_last_sequence,rfrag_fragment_size,variant,variant_name,kem_level,seed,repetition,timeout_s,mac_max_retries,max_application_retries,raw_log_path,raw_log_sha256,log_size_bytes,log_line_count,parsed_until_line,parser_stop_reason,parse_status,result_class,result_basis,parser_warnings,cooja_exit_code,cooja_timed_out,run_success,exchange_success,client_success,server_success,server_completion_observed,client_server_disagreement,latency_ms,application_retries,selective_fragment_retransmissions,selective_fragment_retransmissions_scope,rfrag_retransmissions,rfrag_rto_expired,rfrag_null_ack_rx,rfrag_partial_ack_rx,rfrag_ack_tx,client_data_frag_tx,server_data_frag_tx,total_fragments_tx,fragments_tx_scope,forced_loss_injection_count,forced_loss_armed_count,forced_loss_applied_count,forced_loss_application,forced_loss_validation,precondition_not_reached,targeted_test_reached,client_end_reason,client_pk_size,client_ct_size,client_pk_frags_expected,client_ct_frags_expected,client_app_attempts,client_app_retries,client_app_timeouts,client_rtt_valid,client_rtt_ticks,client_rtt_ms,client_elapsed_ticks,client_elapsed_ms,client_net_datagram_tx,client_net_datagram_rx_complete,client_net_data_frag_tx,client_net_data_frag_rx,client_net_data_bytes_tx,client_net_data_bytes_rx,client_net_rfrag_retx_tx,client_net_rfrag_ack_tx,client_net_rfrag_ack_rx,client_net_rto_expired,client_net_null_ack_rx,client_net_partial_ack_rx,client_net_full_ack_rx,server_end_reason,server_pk_valid_rx,server_pk_duplicate_rx,server_pk_invalid_rx,server_ct_tx,server_last_one_way_ms,server_net_datagram_tx,server_net_datagram_rx_complete,server_net_data_frag_tx,server_net_data_frag_rx,server_net_data_bytes_tx,server_net_data_bytes_rx,server_net_rfrag_retx_tx,server_net_rfrag_ack_tx,server_net_rfrag_ack_rx,server_net_rto_expired,client_application_retries,client_client_success,client_config_ack_first,client_config_app_retry,client_config_client_result_fallback_ticks,client_config_forced_loss,client_config_forced_loss_layer,client_config_idle_ack,client_config_kem,client_config_kem_name,client_config_max_app_retries,client_config_rfrag,client_config_role,client_config_route_acquisition_timeout_ticks,client_config_seed,client_config_variant,client_config_variant_name,client_done_success,client_forced_loss,client_forced_loss_layer,client_kem,client_kem_name,client_latency_ms,client_net_ctx_active_now,client_net_ctx_active_peak,client_net_ctx_alloc_fail,client_net_ctx_complete,client_net_ctx_create,client_net_ctx_ticks_closed,client_net_ctx_timeout_complete,client_net_ctx_timeout_incomplete,client_net_idle_ack_tx,client_net_kem,client_net_rfrag_ack_tx_ok,client_net_rfrag_full_ack_tx_done,client_net_rfrag_full_ack_tx_ok,client_net_role,client_net_seed,client_net_selective_fragment_retransmissions,client_net_variant,client_role,client_run_success,client_seed,client_seq,client_variant,client_variant_name,server_config_ack_first,server_config_app_retry,server_config_forced_loss,server_config_forced_loss_layer,server_config_idle_ack,server_config_kem,server_config_kem_name,server_config_rfrag,server_config_role,server_config_seed,server_config_variant,server_config_variant_name,server_forced_loss,server_forced_loss_layer,server_kem,server_kem_name,server_last_one_way_ticks,server_last_seq,server_net_ctx_active_now,server_net_ctx_active_peak,server_net_ctx_alloc_fail,server_net_ctx_complete,server_net_ctx_create,server_net_ctx_ticks_closed,server_net_ctx_timeout_complete,server_net_ctx_timeout_incomplete,server_net_idle_ack_tx,server_net_kem,server_net_null_ack_rx,server_net_partial_ack_rx,server_net_rfc4944_final_tx_done,server_net_rfc4944_final_tx_ok,server_net_rfrag_ack_tx_done,server_net_rfrag_ack_tx_ok,server_net_rfrag_full_ack_rx,server_net_rfrag_full_ack_tx_done,server_net_rfrag_full_ack_tx_ok,server_net_role,server_net_seed,server_net_selective_fragment_retransmissions,server_net_variant,server_role,server_seed,server_server_success,server_variant,server_variant_name
B-kem512-fixed-prr0p50-loss1-rep03-seed200003-v4,B-kem512-fixed-prr0p50-loss1-rep03-seed200003,B-kem512-fixed-prr0p50-loss1-rep03-seed200003,V2,B_V1_V2_FIRST_LOSS,2026-08-19T02:33:47+00:00,COOJA_SIMULATION,fixed,0.5,,,,first_fragment,1,receiver_after_channel,1,2,1,0,8,96,4,V2_RFRAG_FINAL_ACK_APP_RETRY,512,200003,3,360,0,1,runs/B-kem512-fixed-prr0p50-loss1-rep03-seed200003-v4/cooja.log,b13dc014f082a678aa0055c3d4b4e60c0048849b5818a13366d8960667b75487,22008,224,224,end_of_log,success,FAILED_PROTOCOL,client_reported_failure,,1,True,0,0,0,0,0,0,0,0,0,both_motes,0,0,1,0,1,9,0,9,both_motes,1,1,1,applied_after_channel,valid,0,1,route_acquisition_timeout,800,768,9,9,1,0,1,0,0,0,125000,125000,1,0,9,0,872,0,0,0,1,0,1,0,0,server_fallback_no_completion,0,0,0,0,0,0,0,0,7,0,668,0,1,0,0,0,0,0,1,310000,first_fragment,receiver_after_channel,0,512,MLKEM512,1,1,client,60000,200003,4,V2_RFRAG_FINAL_ACK_APP_RETRY,0,first_fragment,receiver_after_channel,512,MLKEM512,0,0,0,0,0,0,0,0,0,0,512,0,0,0,client,200003,0,4,client,0,200003,0,4,V2_RFRAG_FINAL_ACK_APP_RETRY,0,1,first_fragment,receiver_after_channel,0,512,MLKEM512,1,server,200003,4,V2_RFRAG_FINAL_ACK_APP_RETRY,first_fragment,receiver_after_channel,512,MLKEM512,0,0,0,0,0,0,0,0,0,0,0,512,0,0,0,0,1,1,0,0,0,server,200003,0,4,server,200003,0,4,V2_RFRAG_FINAL_ACK_APP_RETRY
B-kem512-fixed-prr0p50-loss1-rep08-seed200008-v4,B-kem512-fixed-prr0p50-loss1-rep08-seed200008,B-kem512-fixed-prr0p50-loss1-rep08-seed200008,V2,B_V1_V2_FIRST_LOSS,2026-08-19T02:33:47+00:00,COOJA_SIMULATION,fixed,0.5,,,,first_fragment,1,receiver_after_channel,1,2,1,0,8,96,4,V2_RFRAG_FINAL_ACK_APP_RETRY,512,200008,8,360,0,1,runs/B-kem512-fixed-prr0p50-loss1-rep08-seed200008-v4/cooja.log,981c44c871b48fe2f02f9f1a30648a24c650ba568e166729f3269b9f603ab4ca,21857,222,222,end_of_log,success,FAILED_PROTOCOL,client_reported_failure,,1,True,0,0,0,0,0,0,0,0,0,both_motes,0,0,1,0,1,9,0,9,both_motes,1,1,1,applied_after_channel,valid,0,1,route_acquisition_timeout,800,768,9,9,1,0,1,0,0,0,125000,125000,1,0,9,0,872,0,0,0,1,0,1,0,0,server_fallback_no_completion,0,0,0,0,0,0,0,0,6,0,566,0,1,0,0,0,0,0,1,310000,first_fragment,receiver_after_channel,0,512,MLKEM512,1,1,client,60000,200008,4,V2_RFRAG_FINAL_ACK_APP_RETRY,0,first_fragment,receiver_after_channel,512,MLKEM512,0,0,0,0,0,0,0,0,0,0,512,0,0,0,client,200008,0,4,client,0,200008,0,4,V2_RFRAG_FINAL_ACK_APP_RETRY,0,1,first_fragment,receiver_after_channel,0,512,MLKEM512,1,server,200008,4,V2_RFRAG_FINAL_ACK_APP_RETRY,first_fragment,receiver_after_channel,512,MLKEM512,0,0,0,0,0,0,0,0,0,0,0,512,0,0,0,0,1,1,0,0,0,server,200008,0,4,server,200008,0,4,V2_RFRAG_FINAL_ACK_APP_RETRY
B-kem512-fixed-prr0p50-loss1-rep17-seed200017-v4,B-kem512-fixed-prr0p50-loss1-rep17-seed200017,B-kem512-fixed-prr0p50-loss1-rep17-seed200017,V2,B_V1_V2_FIRST_LOSS,2026-08-19T02:33:47+00:00,COOJA_SIMULATION,fixed,0.5,,,,first_fragment,1,receiver_after_channel,1,2,1,0,8,96,4,V2_RFRAG_FINAL_ACK_APP_RETRY,512,200017,17,360,0,1,runs/B-kem512-fixed-prr0p50-loss1-rep17-seed200017-v4/cooja.log,902357b210cda669bddc3c4ed1d17f0cceaf7be4a0d781b0947f417acaa304bc,24988,257,257,end_of_log,success,FAILED_PROTOCOL,client_reported_failure,,1,True,0,0,0,0,0,0,0,0,0,both_motes,1,1,1,0,1,10,0,10,both_motes,1,1,1,applied_after_channel,valid,0,1,route_acquisition_timeout,800,768,9,9,1,0,1,0,0,0,125000,125000,1,0,10,0,928,0,1,0,1,1,1,0,0,server_fallback_no_completion,0,0,0,0,0,0,0,0,7,0,668,0,1,0,0,0,0,0,1,310000,first_fragment,receiver_after_channel,0,512,MLKEM512,1,1,client,60000,200017,4,V2_RFRAG_FINAL_ACK_APP_RETRY,0,first_fragment,receiver_after_channel,512,MLKEM512,0,0,0,0,0,0,0,0,0,0,512,0,0,0,client,200017,0,4,client,0,200017,0,4,V2_RFRAG_FINAL_ACK_APP_RETRY,0,1,first_fragment,receiver_after_channel,0,512,MLKEM512,1,server,200017,4,V2_RFRAG_FINAL_ACK_APP_RETRY,first_fragment,receiver_after_channel,512,MLKEM512,0,0,0,0,0,0,0,0,0,0,0,512,0,0,0,0,1,0,0,0,0,server,200017,0,4,server,200017,0,4,V2_RFRAG_FINAL_ACK_APP_RETRY
B-kem512-fixed-prr0p50-loss1-rep19-seed200019-v4,B-kem512-fixed-prr0p50-loss1-rep19-seed200019,B-kem512-fixed-prr0p50-loss1-rep19-seed200019,V2,B_V1_V2_FIRST_LOSS,2026-08-19T02:33:47+00:00,COOJA_SIMULATION,fixed,0.5,,,,first_fragment,1,receiver_after_channel,1,2,1,0,8,96,4,V2_RFRAG_FINAL_ACK_APP_RETRY,512,200019,19,360,0,1,runs/B-kem512-fixed-prr0p50-loss1-rep19-seed200019-v4/cooja.log,ffbf787186190e07242cc7f0d5ebbad068200905dca33a988dff90b10db655b3,22225,226,226,end_of_log,success,FAILED_PROTOCOL,client_reported_failure,,1,True,0,0,0,0,0,0,0,0,0,both_motes,1,1,1,0,2,10,0,10,both_motes,1,1,1,applied_after_channel,valid,0,1,route_acquisition_timeout,800,768,9,9,1,0,1,0,0,0,125000,125000,1,0,10,0,928,0,1,0,1,1,1,0,0,server_fallback_no_completion,0,0,0,0,0,0,0,0,8,0,724,0,2,0,0,0,0,0,1,310000,first_fragment,receiver_after_channel,0,512,MLKEM512,1,1,client,60000,200019,4,V2_RFRAG_FINAL_ACK_APP_RETRY,0,first_fragment,receiver_after_channel,512,MLKEM512,0,0,0,0,0,0,0,0,0,0,512,0,0,0,client,200019,0,4,client,0,200019,0,4,V2_RFRAG_FINAL_ACK_APP_RETRY,0,1,first_fragment,receiver_after_channel,0,512,MLKEM512,1,server,200019,4,V2_RFRAG_FINAL_ACK_APP_RETRY,first_fragment,receiver_after_channel,512,MLKEM512,0,0,0,0,0,0,0,0,0,0,0,512,0,0,0,0,2,1,0,0,0,server,200019,0,4,server,200019,0,4,V2_RFRAG_FINAL_ACK_APP_RETRY
B-kem512-fixed-prr0p50-loss1-rep30-seed200030-v4,B-kem512-fixed-prr0p50-loss1-rep30-seed200030,B-kem512-fixed-prr0p50-loss1-rep30-seed200030,V2,B_V1_V2_FIRST_LOSS,2026-08-19T02:33:47+00:00,COOJA_SIMULATION,fixed,0.5,,,,first_fragment,1,receiver_after_channel,1,2,1,0,8,96,4,V2_RFRAG_FINAL_ACK_APP_RETRY,512,200030,30,360,0,1,runs/B-kem512-fixed-prr0p50-loss1-rep30-seed200030-v4/cooja.log,aad813b65ce7261d20430bc9a41c5398d635db95cf312bdcbc9d47ef94321ad7,25666,262,262,end_of_log,success_with_warnings,FAILED_PROTOCOL,client_reported_failure,"perte ciblée armée, mais le canal/radio a perdu la trame avant le hook receiver",1,True,0,0,0,0,0,0,0,1,1,both_motes,3,2,2,1,5,20,10,30,both_motes,1,1,0,radio_preempted,valid,0,1,final_application_timeout,800,768,9,9,2,1,2,0,0,0,240000,240000,2,0,20,9,1902,762,2,2,3,1,1,1,1,server_fallback_no_completion,1,0,0,1,121316,1,1,10,17,864,1642,1,3,1,1,1,0,0,1,310000,first_fragment,receiver_after_channel,0,512,MLKEM512,1,1,client,60000,200030,4,V2_RFRAG_FINAL_ACK_APP_RETRY,0,first_fragment,receiver_after_channel,512,MLKEM512,0,0,0,0,0,0,0,0,0,0,512,1,0,0,client,200030,1,4,client,0,200030,0,4,V2_RFRAG_FINAL_ACK_APP_RETRY,0,1,first_fragment,receiver_after_channel,0,512,MLKEM512,1,server,200030,4,V2_RFRAG_FINAL_ACK_APP_RETRY,first_fragment,receiver_after_channel,512,MLKEM512,121316,0,0,1,0,1,1,11276,1,0,0,512,1,0,0,0,3,2,0,1,0,server,200030,0,4,server,200030,0,4,V2_RFRAG_FINAL_ACK_APP_RETRY
B-kem512-fixed-prr0p85-loss1-rep03-seed200003-v4,B-kem512-fixed-prr0p85-loss1-rep03-seed200003,B-kem512-fixed-prr0p85-loss1-rep03-seed200003,V2,B_V1_V2_FIRST_LOSS,2026-08-19T02:33:47+00:00,COOJA_SIMULATION,fixed,0.85,,,,first_fragment,1,receiver_after_channel,1,2,1,0,8,96,4,V2_RFRAG_FINAL_ACK_APP_RETRY,512,200003,3,360,0,1,runs/B-kem512-fixed-prr0p85-loss1-rep03-seed200003-v4/cooja.log,1ccb8d5bcd763b91ea63e899bb331d8d109b4dd113cd538b980a249c3ef912c6,21278,213,213,end_of_log,success,FAILED_PROTOCOL,client_reported_failure,,1,True,0,0,0,0,0,0,0,1,0,both_motes,1,1,2,0,3,18,10,28,both_motes,1,1,1,applied_after_channel,valid,0,1,final_application_timeout,800,768,9,9,2,1,2,0,0,0,240000,240000,2,0,18,8,1744,738,0,1,2,0,1,0,1,server_fallback_no_completion,1,0,0,1,120226,1,1,10,17,864,1642,1,2,1,1,1,0,0,1,310000,first_fragment,receiver_after_channel,0,512,MLKEM512,1,1,client,60000,200003,4,V2_RFRAG_FINAL_ACK_APP_RETRY,0,first_fragment,receiver_after_channel,512,MLKEM512,0,0,0,0,0,0,0,0,0,0,512,1,0,0,client,200003,0,4,client,0,200003,0,4,V2_RFRAG_FINAL_ACK_APP_RETRY,0,1,first_fragment,receiver_after_channel,0,512,MLKEM512,1,server,200003,4,V2_RFRAG_FINAL_ACK_APP_RETRY,first_fragment,receiver_after_channel,512,MLKEM512,120226,0,0,1,0,1,1,10196,1,0,0,512,1,0,0,0,2,2,0,1,1,server,200003,0,4,server,200003,0,4,V2_RFRAG_FINAL_ACK_APP_RETRY
B-kem512-fixed-prr0p85-loss1-rep30-seed200030-v4,B-kem512-fixed-prr0p85-loss1-rep30-seed200030,B-kem512-fixed-prr0p85-loss1-rep30-seed200030,V2,B_V1_V2_FIRST_LOSS,2026-08-19T02:33:47+00:00,COOJA_SIMULATION,fixed,0.85,,,,first_fragment,1,receiver_after_channel,1,2,1,0,8,96,4,V2_RFRAG_FINAL_ACK_APP_RETRY,512,200030,30,360,0,1,runs/B-kem512-fixed-prr0p85-loss1-rep30-seed200030-v4/cooja.log,d1b0ed9b6f7d486dc91801eb5aad0c19da58182189ff613fd4b7a333e984dc85,20863,208,208,end_of_log,success,FAILED_PROTOCOL,client_reported_failure,,1,True,0,0,0,0,0,0,0,1,0,both_motes,0,0,2,0,3,18,9,27,both_motes,1,1,1,applied_after_channel,valid,0,1,final_application_timeout,800,768,9,9,2,1,2,0,0,0,240000,240000,2,0,18,7,1744,636,0,1,2,0,1,0,1,server_fallback_no_completion,1,0,0,1,120254,1,1,9,17,840,1642,0,2,1,0,1,0,0,1,310000,first_fragment,receiver_after_channel,0,512,MLKEM512,1,1,client,60000,200030,4,V2_RFRAG_FINAL_ACK_APP_RETRY,0,first_fragment,receiver_after_channel,512,MLKEM512,0,0,0,0,0,0,0,0,0,0,512,1,0,0,client,200030,0,4,client,0,200030,0,4,V2_RFRAG_FINAL_ACK_APP_RETRY,0,1,first_fragment,receiver_after_channel,0,512,MLKEM512,1,server,200030,4,V2_RFRAG_FINAL_ACK_APP_RETRY,first_fragment,receiver_after_channel,512,MLKEM512,120254,0,0,1,0,1,1,10214,1,0,0,512,1,0,0,0,2,2,0,1,1,server,200030,0,4,server,200030,0,4,V2_RFRAG_FINAL_ACK_APP_RETRY
B-kem512-fixed-prr0p90-loss1-rep30-seed200030-v4,B-kem512-fixed-prr0p90-loss1-rep30-seed200030,B-kem512-fixed-prr0p90-loss1-rep30-seed200030,V2,B_V1_V2_FIRST_LOSS,2026-08-19T02:33:47+00:00,COOJA_SIMULATION,fixed,0.9,,,,first_fragment,1,receiver_after_channel,1,2,1,0,8,96,4,V2_RFRAG_FINAL_ACK_APP_RETRY,512,200030,30,360,0,1,runs/B-kem512-fixed-prr0p90-loss1-rep30-seed200030-v4/cooja.log,686ef613af1104831f2101bd3e02e254b2448bb19276e323647ce158da72c9d7,20938,209,209,end_of_log,success,FAILED_PROTOCOL,client_reported_failure,,1,True,0,0,0,0,0,0,0,1,0,both_motes,0,0,2,0,3,18,9,27,both_motes,1,1,1,applied_after_channel,valid,0,1,final_application_timeout,800,768,9,9,2,1,2,0,0,0,240000,240000,2,0,18,8,1744,738,0,1,2,0,1,0,1,server_fallback_no_completion,1,0,0,1,120253,1,1,9,17,840,1642,0,2,1,0,1,0,0,1,310000,first_fragment,receiver_after_channel,0,512,MLKEM512,1,1,client,60000,200030,4,V2_RFRAG_FINAL_ACK_APP_RETRY,0,first_fragment,receiver_after_channel,512,MLKEM512,0,0,0,0,0,0,0,0,0,0,512,1,0,0,client,200030,0,4,client,0,200030,0,4,V2_RFRAG_FINAL_ACK_APP_RETRY,0,1,first_fragment,receiver_after_channel,0,512,MLKEM512,1,server,200030,4,V2_RFRAG_FINAL_ACK_APP_RETRY,first_fragment,receiver_after_channel,512,MLKEM512,120253,0,0,1,0,1,1,10213,1,0,0,512,1,0,0,0,2,2,0,1,1,server,200030,0,4,server,200030,0,4,V2_RFRAG_FINAL_ACK_APP_RETRY
B-kem512-fixed-prr0p95-loss1-rep02-seed200002-v4,B-kem512-fixed-prr0p95-loss1-rep02-seed200002,B-kem512-fixed-prr0p95-loss1-rep02-seed200002,V2,B_V1_V2_FIRST_LOSS,2026-08-19T02:33:47+00:00,COOJA_SIMULATION,fixed,0.95,,,,first_fragment,1,receiver_after_channel,1,2,1,0,8,96,4,V2_RFRAG_FINAL_ACK_APP_RETRY,512,200002,2,360,0,1,runs/B-kem512-fixed-prr0p95-loss1-rep02-seed200002-v4/cooja.log,d1197382583eb5410a29b3153f10cfe072866dc8652992861a79291f13d59909,17172,170,170,end_of_log,success,FAILED_PROTOCOL,client_reported_failure,,1,True,0,0,0,0,0,0,0,1,0,both_motes,0,0,2,0,2,18,0,18,both_motes,1,1,1,applied_after_channel,valid,0,1,final_application_timeout,800,768,9,9,2,1,2,0,0,0,240000,240000,2,0,18,0,1744,0,0,0,2,0,2,0,0,server_fallback_no_completion,0,0,0,0,0,0,0,0,16,0,1540,0,2,0,0,1,0,0,1,310000,first_fragment,receiver_after_channel,0,512,MLKEM512,1,1,client,60000,200002,4,V2_RFRAG_FINAL_ACK_APP_RETRY,0,first_fragment,receiver_after_channel,512,MLKEM512,0,0,0,0,0,0,0,0,0,0,512,0,0,0,client,200002,0,4,client,0,200002,0,4,V2_RFRAG_FINAL_ACK_APP_RETRY,0,1,first_fragment,receiver_after_channel,0,512,MLKEM512,1,server,200002,4,V2_RFRAG_FINAL_ACK_APP_RETRY,first_fragment,receiver_after_channel,512,MLKEM512,0,0,0,0,0,0,0,0,0,0,0,512,0,0,0,0,2,2,0,0,0,server,200002,0,4,server,200002,0,4,V2_RFRAG_FINAL_ACK_APP_RETRY
B-kem512-fixed-prr0p95-loss1-rep30-seed200030-v4,B-kem512-fixed-prr0p95-loss1-rep30-seed200030,B-kem512-fixed-prr0p95-loss1-rep30-seed200030,V2,B_V1_V2_FIRST_LOSS,2026-08-19T02:33:47+00:00,COOJA_SIMULATION,fixed,0.95,,,,first_fragment,1,receiver_after_channel,1,2,1,0,8,96,4,V2_RFRAG_FINAL_ACK_APP_RETRY,512,200030,30,360,0,1,runs/B-kem512-fixed-prr0p95-loss1-rep30-seed200030-v4/cooja.log,686ef613af1104831f2101bd3e02e254b2448bb19276e323647ce158da72c9d7,20938,209,209,end_of_log,success,FAILED_PROTOCOL,client_reported_failure,,1,True,0,0,0,0,0,0,0,1,0,both_motes,0,0,2,0,3,18,9,27,both_motes,1,1,1,applied_after_channel,valid,0,1,final_application_timeout,800,768,9,9,2,1,2,0,0,0,240000,240000,2,0,18,8,1744,738,0,1,2,0,1,0,1,server_fallback_no_completion,1,0,0,1,120253,1,1,9,17,840,1642,0,2,1,0,1,0,0,1,310000,first_fragment,receiver_after_channel,0,512,MLKEM512,1,1,client,60000,200030,4,V2_RFRAG_FINAL_ACK_APP_RETRY,0,first_fragment,receiver_after_channel,512,MLKEM512,0,0,0,0,0,0,0,0,0,0,512,1,0,0,client,200030,0,4,client,0,200030,0,4,V2_RFRAG_FINAL_ACK_APP_RETRY,0,1,first_fragment,receiver_after_channel,0,512,MLKEM512,1,server,200030,4,V2_RFRAG_FINAL_ACK_APP_RETRY,first_fragment,receiver_after_channel,512,MLKEM512,120253,0,0,1,0,1,1,10213,1,0,0,512,1,0,0,0,2,2,0,1,1,server,200030,0,4,server,200030,0,4,V2_RFRAG_FINAL_ACK_APP_RETRY
B-kem512-gilbert-prr0p50-L5-loss1-rep29-seed200029-v3,B-kem512-gilbert-prr0p50-L5-loss1-rep29-seed200029,B-kem512-gilbert-prr0p50-L5-loss1-rep29-seed200029,V1,B_V1_V2_FIRST_LOSS,2026-08-19T02:33:48+00:00,COOJA_SIMULATION,gilbert,0.5,5.0,0.2,0.2,first_fragment,1,receiver_after_channel,1,2,1,0,8,96,3,V1_RFRAG_INITIAL_FINAL_ACK,512,200029,29,360,0,0,runs/B-kem512-gilbert-prr0p50-L5-loss1-rep29-seed200029-v3/cooja.log,b447a690dfffdd0f7455da0f28183efcb845ac7f3c418ebae3b2cdf78fa7e2aa,13500,124,124,end_of_log,success,FAILED_PROTOCOL,client_reported_failure,,1,True,0,0,0,0,0,0,0,0,0,both_motes,3,4,0,0,2,4,0,4,both_motes,1,1,1,applied_after_channel,valid,0,1,final_application_timeout,800,768,9,9,1,0,1,0,0,0,120000,120000,1,0,4,0,408,0,3,0,0,4,0,0,0,server_fallback_no_completion,0,0,0,0,0,0,0,0,2,0,204,0,2,0,0,0,0,1,0,190000,first_fragment,receiver_after_channel,0,512,MLKEM512,0,1,client,60000,200029,3,V1_RFRAG_FIRST_FINAL_ACK,0,first_fragment,receiver_after_channel,512,MLKEM512,0,0,0,0,0,0,0,0,0,0,512,0,0,0,client,200029,0,3,client,0,200029,0,3,V1_RFRAG_FIRST_FINAL_ACK,1,0,first_fragment,receiver_after_channel,0,512,MLKEM512,1,server,200029,3,V1_RFRAG_FIRST_FINAL_ACK,first_fragment,receiver_after_channel,512,MLKEM512,0,0,0,1,0,0,1,22034,0,1,0,512,0,0,0,0,2,0,0,0,0,server,200029,0,3,server,200029,0,3,V1_RFRAG_FIRST_FINAL_ACK
B-kem512-gilbert-prr0p50-L5-loss1-rep29-seed200029-v4,B-kem512-gilbert-prr0p50-L5-loss1-rep29-seed200029,B-kem512-gilbert-prr0p50-L5-loss1-rep29-seed200029,V2,B_V1_V2_FIRST_LOSS,2026-08-19T02:33:48+00:00,COOJA_SIMULATION,gilbert,0.5,5.0,0.2,0.2,first_fragment,1,receiver_after_channel,1,2,1,0,8,96,4,V2_RFRAG_FINAL_ACK_APP_RETRY,512,200029,29,360,0,1,runs/B-kem512-gilbert-prr0p50-L5-loss1-rep29-seed200029-v4/cooja.log,cd2e95aaced1a32be09f7ba7b8238d97514317cc74cb0065e8be2885d4514ed2,15154,145,145,end_of_log,success,FAILED_PROTOCOL,client_reported_failure,,1,True,0,0,0,0,0,0,0,0,0,both_motes,3,4,0,0,0,12,0,12,both_motes,1,1,1,applied_after_channel,valid,0,1,route_acquisition_timeout,800,768,9,9,1,0,1,0,0,0,125000,125000,1,0,12,0,1040,0,3,0,0,4,0,0,0,server_fallback_no_completion,0,0,0,0,0,0,0,0,3,0,306,0,0,0,0,0,0,0,1,310000,first_fragment,receiver_after_channel,0,512,MLKEM512,1,1,client,60000,200029,4,V2_RFRAG_FINAL_ACK_APP_RETRY,0,first_fragment,receiver_after_channel,512,MLKEM512,0,0,0,0,0,0,0,0,0,0,512,0,0,0,client,200029,0,4,client,0,200029,0,4,V2_RFRAG_FINAL_ACK_APP_RETRY,0,1,first_fragment,receiver_after_channel,0,512,MLKEM512,1,server,200029,4,V2_RFRAG_FINAL_ACK_APP_RETRY,first_fragment,receiver_after_channel,512,MLKEM512,0,0,0,0,0,0,0,0,0,0,0,512,0,0,0,0,0,0,0,0,0,server,200029,0,4,server,200029,0,4,V2_RFRAG_FINAL_ACK_APP_RETRY
B-kem512-gilbert-prr0p50-L10-loss1-rep04-seed200004-v3,B-kem512-gilbert-prr0p50-L10-loss1-rep04-seed200004,B-kem512-gilbert-prr0p50-L10-loss1-rep04-seed200004,V1,B_V1_V2_FIRST_LOSS,2026-08-19T02:33:48+00:00,COOJA_SIMULATION,gilbert,0.5,10.0,0.1,0.1,first_fragment,1,receiver_after_channel,1,2,1,0,8,96,3,V1_RFRAG_INITIAL_FINAL_ACK,512,200004,4,360,0,0,runs/B-kem512-gilbert-prr0p50-L10-loss1-rep04-seed200004-v3/cooja.log,b2ad3d374c13cf9106d420df266b7ee210d577ff8dbba280fb8ebe5408bb4de8,13226,122,122,end_of_log,success,FAILED_PROTOCOL,client_reported_failure,,1,True,0,0,0,0,0,0,0,0,0,both_motes,3,4,0,0,0,4,0,4,both_motes,1,1,1,applied_after_channel,valid,0,1,final_application_timeout,800,768,9,9,1,0,1,0,0,0,120000,120000,1,0,4,0,408,0,3,0,0,4,0,0,0,server_fallback_no_completion,0,0,0,0,0,0,0,0,0,0,0,0,0,0,0,0,0,1,0,190000,first_fragment,receiver_after_channel,0,512,MLKEM512,0,1,client,60000,200004,3,V1_RFRAG_FIRST_FINAL_ACK,0,first_fragment,receiver_after_channel,512,MLKEM512,0,0,0,0,0,0,0,0,0,0,512,0,0,0,client,200004,0,3,client,0,200004,0,3,V1_RFRAG_FIRST_FINAL_ACK,1,0,first_fragment,receiver_after_channel,0,512,MLKEM512,1,server,200004,3,V1_RFRAG_FIRST_FINAL_ACK,first_fragment,receiver_after_channel,512,MLKEM512,0,0,0,0,0,0,0,0,0,0,0,512,0,0,0,0,0,0,0,0,0,server,200004,0,3,server,200004,0,3,V1_RFRAG_FIRST_FINAL_ACK
B-kem512-gilbert-prr0p50-L10-loss1-rep04-seed200004-v4,B-kem512-gilbert-prr0p50-L10-loss1-rep04-seed200004,B-kem512-gilbert-prr0p50-L10-loss1-rep04-seed200004,V2,B_V1_V2_FIRST_LOSS,2026-08-19T02:33:48+00:00,COOJA_SIMULATION,gilbert,0.5,10.0,0.1,0.1,first_fragment,1,receiver_after_channel,1,2,1,0,8,96,4,V2_RFRAG_FINAL_ACK_APP_RETRY,512,200004,4,360,0,1,runs/B-kem512-gilbert-prr0p50-L10-loss1-rep04-seed200004-v4/cooja.log,61ab4c8c02ed22df769b71d3b1c008900667b15ec8b26d986de1ad321fb23b66,17523,171,171,end_of_log,success,FAILED_PROTOCOL,client_reported_failure,,1,True,0,0,0,0,0,0,0,0,0,both_motes,3,4,0,0,0,12,0,12,both_motes,1,1,1,applied_after_channel,valid,0,1,route_acquisition_timeout,800,768,9,9,1,0,1,0,0,0,125000,125000,1,0,12,0,1040,0,3,0,0,4,0,0,0,server_fallback_no_completion,0,0,0,0,0,0,0,0,0,0,0,0,0,0,0,0,0,0,1,310000,first_fragment,receiver_after_channel,0,512,MLKEM512,1,1,client,60000,200004,4,V2_RFRAG_FINAL_ACK_APP_RETRY,0,first_fragment,receiver_after_channel,512,MLKEM512,0,0,0,0,0,0,0,0,0,0,512,0,0,0,client,200004,0,4,client,0,200004,0,4,V2_RFRAG_FINAL_ACK_APP_RETRY,0,1,first_fragment,receiver_after_channel,0,512,MLKEM512,1,server,200004,4,V2_RFRAG_FINAL_ACK_APP_RETRY,first_fragment,receiver_after_channel,512,MLKEM512,0,0,0,0,0,0,0,0,0,0,0,512,0,0,0,0,0,0,0,0,0,server,200004,0,4,server,200004,0,4,V2_RFRAG_FINAL_ACK_APP_RETRY
B-kem512-gilbert-prr0p50-L10-loss1-rep06-seed200006-v3,B-kem512-gilbert-prr0p50-L10-loss1-rep06-seed200006,B-kem512-gilbert-prr0p50-L10-loss1-rep06-seed200006,V1,B_V1_V2_FIRST_LOSS,2026-08-19T02:33:48+00:00,COOJA_SIMULATION,gilbert,0.5,10.0,0.1,0.1,first_fragment,1,receiver_after_channel,1,2,1,0,8,96,3,V1_RFRAG_INITIAL_FINAL_ACK,512,200006,6,360,0,0,runs/B-kem512-gilbert-prr0p50-L10-loss1-rep06-seed200006-v3/cooja.log,fde8debcfa0c62a83d7d69b774ed2b1ea1b0a146fea78213c6bc85889e8eb2aa,18144,177,177,end_of_log,success,FAILED_PROTOCOL,client_reported_failure,,1,True,0,0,0,0,0,0,0,0,0,both_motes,4,5,0,1,1,13,0,13,both_motes,1,1,1,applied_after_channel,valid,0,1,final_application_timeout,800,768,9,9,1,0,1,0,0,0,120000,120000,1,0,13,0,1142,0,4,0,1,5,0,1,0,server_fallback_no_completion,0,0,0,0,0,0,0,0,1,0,102,0,1,0,0,0,0,1,0,190000,first_fragment,receiver_after_channel,0,512,MLKEM512,0,1,client,60000,200006,3,V1_RFRAG_FIRST_FINAL_ACK,0,first_fragment,receiver_after_channel,512,MLKEM512,0,0,0,0,0,0,0,0,0,0,512,0,0,0,client,200006,0,3,client,0,200006,0,3,V1_RFRAG_FIRST_FINAL_ACK,1,0,first_fragment,receiver_after_channel,0,512,MLKEM512,1,server,200006,3,V1_RFRAG_FIRST_FINAL_ACK,first_fragment,receiver_after_channel,512,MLKEM512,0,0,0,1,0,0,1,20000,0,1,0,512,0,0,0,0,1,0,0,0,0,server,200006,0,3,server,200006,0,3,V1_RFRAG_FIRST_FINAL_ACK
B-kem512-gilbert-prr0p50-L10-loss1-rep06-seed200006-v4,B-kem512-gilbert-prr0p50-L10-loss1-rep06-seed200006,B-kem512-gilbert-prr0p50-L10-loss1-rep06-seed200006,V2,B_V1_V2_FIRST_LOSS,2026-08-19T02:33:48+00:00,COOJA_SIMULATION,gilbert,0.5,10.0,0.1,0.1,first_fragment,1,receiver_after_channel,1,2,1,0,8,96,4,V2_RFRAG_FINAL_ACK_APP_RETRY,512,200006,6,360,0,1,runs/B-kem512-gilbert-prr0p50-L10-loss1-rep06-seed200006-v4/cooja.log,b18e54dd6d16f483d2194924f0fd563ccbe862395309f94e2666ca613885aa4a,17881,175,175,end_of_log,success,FAILED_PROTOCOL,client_reported_failure,,1,True,0,0,0,0,0,0,0,0,0,both_motes,3,4,0,0,0,12,0,12,both_motes,1,1,1,applied_after_channel,valid,0,1,route_acquisition_timeout,800,768,9,9,1,0,1,0,0,0,125000,125000,1,0,12,0,1040,0,3,0,0,4,0,0,0,server_fallback_no_completion,0,0,0,0,0,0,0,0,1,0,102,0,0,0,0,0,0,0,1,310000,first_fragment,receiver_after_channel,0,512,MLKEM512,1,1,client,60000,200006,4,V2_RFRAG_FINAL_ACK_APP_RETRY,0,first_fragment,receiver_after_channel,512,MLKEM512,0,0,0,0,0,0,0,0,0,0,512,0,0,0,client,200006,0,4,client,0,200006,0,4,V2_RFRAG_FINAL_ACK_APP_RETRY,0,1,first_fragment,receiver_after_channel,0,512,MLKEM512,1,server,200006,4,V2_RFRAG_FINAL_ACK_APP_RETRY,first_fragment,receiver_after_channel,512,MLKEM512,0,0,0,0,0,0,0,0,0,0,0,512,0,0,0,0,0,0,0,0,0,server,200006,0,4,server,200006,0,4,V2_RFRAG_FINAL_ACK_APP_RETRY
B-kem512-gilbert-prr0p50-L10-loss1-rep19-seed200019-v4,B-kem512-gilbert-prr0p50-L10-loss1-rep19-seed200019,B-kem512-gilbert-prr0p50-L10-loss1-rep19-seed200019,V2,B_V1_V2_FIRST_LOSS,2026-08-19T02:33:48+00:00,COOJA_SIMULATION,gilbert,0.5,10.0,0.1,0.1,first_fragment,1,receiver_after_channel,1,2,1,0,8,96,4,V2_RFRAG_FINAL_ACK_APP_RETRY,512,200019,19,360,0,1,runs/B-kem512-gilbert-prr0p50-L10-loss1-rep19-seed200019-v4/cooja.log,59a53d88aac7f72194e57fa2ec4dd88fbe7a2c508641754c67ab625edaaa4b30,21794,222,222,end_of_log,success_with_warnings,FAILED_PROTOCOL,client_reported_failure,"perte ciblée armée, mais le canal/radio a perdu la trame avant le hook receiver",1,True,0,0,0,0,0,0,0,0,0,both_motes,2,2,1,0,1,11,0,11,both_motes,1,1,0,radio_preempted,valid,0,1,route_acquisition_timeout,800,768,9,9,1,0,1,0,0,0,125000,125000,1,0,11,0,984,0,2,0,1,2,1,0,0,server_fallback_no_completion,0,0,0,0,0,0,0,0,6,0,566,0,1,0,0,0,0,0,1,310000,first_fragment,receiver_after_channel,0,512,MLKEM512,1,1,client,60000,200019,4,V2_RFRAG_FINAL_ACK_APP_RETRY,0,first_fragment,receiver_after_channel,512,MLKEM512,0,0,0,0,0,0,0,0,0,0,512,0,0,0,client,200019,0,4,client,0,200019,0,4,V2_RFRAG_FINAL_ACK_APP_RETRY,0,1,first_fragment,receiver_after_channel,0,512,MLKEM512,1,server,200019,4,V2_RFRAG_FINAL_ACK_APP_RETRY,first_fragment,receiver_after_channel,512,MLKEM512,0,0,0,0,0,0,0,0,0,0,0,512,0,0,0,0,1,1,0,0,0,server,200019,0,4,server,200019,0,4,V2_RFRAG_FINAL_ACK_APP_RETRY
B-kem512-gilbert-prr0p50-L10-loss1-rep29-seed200029-v3,B-kem512-gilbert-prr0p50-L10-loss1-rep29-seed200029,B-kem512-gilbert-prr0p50-L10-loss1-rep29-seed200029,V1,B_V1_V2_FIRST_LOSS,2026-08-19T02:33:48+00:00,COOJA_SIMULATION,gilbert,0.5,10.0,0.1,0.1,first_fragment,1,receiver_after_channel,1,2,1,0,8,96,3,V1_RFRAG_INITIAL_FINAL_ACK,512,200029,29,360,0,0,runs/B-kem512-gilbert-prr0p50-L10-loss1-rep29-seed200029-v3/cooja.log,5cfb59e630de8adfec1bfcc4f6bdebf2bd8d1f8766dc8f90d41822b0c81c52be,15871,151,151,end_of_log,success,FAILED_PROTOCOL,client_reported_failure,,1,True,0,0,0,0,0,0,0,0,0,both_motes,5,6,0,1,2,14,0,14,both_motes,1,1,1,applied_after_channel,valid,0,1,final_application_timeout,800,768,9,9,1,0,1,0,0,0,120000,120000,1,0,14,0,1244,0,5,0,1,6,0,1,0,server_fallback_no_completion,0,0,0,0,0,0,0,0,3,0,306,0,2,0,0,0,0,1,0,190000,first_fragment,receiver_after_channel,0,512,MLKEM512,0,1,client,60000,200029,3,V1_RFRAG_FIRST_FINAL_ACK,0,first_fragment,receiver_after_channel,512,MLKEM512,0,0,0,0,0,0,0,0,0,0,512,0,0,0,client,200029,0,3,client,0,200029,0,3,V1_RFRAG_FIRST_FINAL_ACK,1,0,first_fragment,receiver_after_channel,0,512,MLKEM512,1,server,200029,3,V1_RFRAG_FIRST_FINAL_ACK,first_fragment,receiver_after_channel,512,MLKEM512,0,0,0,1,0,0,1,22047,0,1,0,512,0,0,0,0,2,0,0,0,0,server,200029,0,3,server,200029,0,3,V1_RFRAG_FIRST_FINAL_ACK
B-kem512-gilbert-prr0p50-L10-loss1-rep29-seed200029-v4,B-kem512-gilbert-prr0p50-L10-loss1-rep29-seed200029,B-kem512-gilbert-prr0p50-L10-loss1-rep29-seed200029,V2,B_V1_V2_FIRST_LOSS,2026-08-19T02:33:48+00:00,COOJA_SIMULATION,gilbert,0.5,10.0,0.1,0.1,first_fragment,1,receiver_after_channel,1,2,1,0,8,96,4,V2_RFRAG_FINAL_ACK_APP_RETRY,512,200029,29,360,0,1,runs/B-kem512-gilbert-prr0p50-L10-loss1-rep29-seed200029-v4/cooja.log,151fa98b3969bb49c6da0b5739f4fb920389513f49d61e27539412eb6889c70e,14817,141,141,end_of_log,success,FAILED_PROTOCOL,client_reported_failure,,1,True,0,0,0,0,0,0,0,0,0,both_motes,3,4,0,0,0,12,0,12,both_motes,1,1,1,applied_after_channel,valid,0,1,route_acquisition_timeout,800,768,9,9,1,0,1,0,0,0,125000,125000,1,0,12,0,1040,0,3,0,0,4,0,0,0,server_fallback_no_completion,0,0,0,0,0,0,0,0,4,0,408,0,0,0,0,0,0,0,1,310000,first_fragment,receiver_after_channel,0,512,MLKEM512,1,1,client,60000,200029,4,V2_RFRAG_FINAL_ACK_APP_RETRY,0,first_fragment,receiver_after_channel,512,MLKEM512,0,0,0,0,0,0,0,0,0,0,512,0,0,0,client,200029,0,4,client,0,200029,0,4,V2_RFRAG_FINAL_ACK_APP_RETRY,0,1,first_fragment,receiver_after_channel,0,512,MLKEM512,1,server,200029,4,V2_RFRAG_FINAL_ACK_APP_RETRY,first_fragment,receiver_after_channel,512,MLKEM512,0,0,0,0,0,0,0,0,0,0,0,512,0,0,0,0,0,0,0,0,0,server,200029,0,4,server,200029,0,4,V2_RFRAG_FINAL_ACK_APP_RETRY
B-kem512-gilbert-prr0p85-L2-loss1-rep04-seed200004-v4,B-kem512-gilbert-prr0p85-L2-loss1-rep04-seed200004,B-kem512-gilbert-prr0p85-L2-loss1-rep04-seed200004,V2,B_V1_V2_FIRST_LOSS,2026-08-19T02:33:48+00:00,COOJA_SIMULATION,gilbert,0.85,2.0,0.0882352941,0.5,first_fragment,1,receiver_after_channel,1,2,1,0,8,96,4,V2_RFRAG_FINAL_ACK_APP_RETRY,512,200004,4,360,0,1,runs/B-kem512-gilbert-prr0p85-L2-loss1-rep04-seed200004-v4/cooja.log,12f92c8b95e58482e2b0d4c14029de17f1ad77e6fc760403026352808c03e556,20086,201,201,end_of_log,success,FAILED_PROTOCOL,client_reported_failure,,1,True,0,0,0,0,0,0,0,1,0,both_motes,0,0,2,0,2,18,0,18,both_motes,1,1,1,applied_after_channel,valid,0,1,final_application_timeout,800,768,9,9,2,1,2,0,0,0,240000,240000,2,0,18,0,1744,0,0,0,2,0,2,0,0,server_fallback_no_completion,0,0,0,0,0,0,0,0,10,0,928,0,2,0,0,1,0,0,1,310000,first_fragment,receiver_after_channel,0,512,MLKEM512,1,1,client,60000,200004,4,V2_RFRAG_FINAL_ACK_APP_RETRY,0,first_fragment,receiver_after_channel,512,MLKEM512,0,0,0,0,0,0,0,0,0,0,512,0,0,0,client,200004,0,4,client,0,200004,0,4,V2_RFRAG_FINAL_ACK_APP_RETRY,0,1,first_fragment,receiver_after_channel,0,512,MLKEM512,1,server,200004,4,V2_RFRAG_FINAL_ACK_APP_RETRY,first_fragment,receiver_after_channel,512,MLKEM512,0,0,0,0,0,0,0,0,0,0,0,512,0,0,0,0,2,2,0,0,0,server,200004,0,4,server,200004,0,4,V2_RFRAG_FINAL_ACK_APP_RETRY
B-kem512-gilbert-prr0p85-L2-loss1-rep06-seed200006-v4,B-kem512-gilbert-prr0p85-L2-loss1-rep06-seed200006,B-kem512-gilbert-prr0p85-L2-loss1-rep06-seed200006,V2,B_V1_V2_FIRST_LOSS,2026-08-19T02:33:48+00:00,COOJA_SIMULATION,gilbert,0.85,2.0,0.0882352941,0.5,first_fragment,1,receiver_after_channel,1,2,1,0,8,96,4,V2_RFRAG_FINAL_ACK_APP_RETRY,512,200006,6,360,0,1,runs/B-kem512-gilbert-prr0p85-L2-loss1-rep06-seed200006-v4/cooja.log,f483a7291db5568a1ee5d562e819aa578c7fbe2e70c95f3dfd4971d81c51bc62,23017,235,235,end_of_log,success,FAILED_PROTOCOL,client_reported_failure,,1,True,0,0,0,0,0,0,0,1,0,both_motes,3,3,2,0,3,21,0,21,both_motes,1,1,1,applied_after_channel,valid,0,1,final_application_timeout,800,768,9,9,2,1,2,0,0,0,240000,240000,2,0,21,0,1912,0,3,0,2,3,2,0,0,server_fallback_no_completion,0,0,0,0,0,0,0,0,16,0,1494,0,3,0,0,1,0,0,1,310000,first_fragment,receiver_after_channel,0,512,MLKEM512,1,1,client,60000,200006,4,V2_RFRAG_FINAL_ACK_APP_RETRY,0,first_fragment,receiver_after_channel,512,MLKEM512,0,0,0,0,0,0,0,0,0,0,512,0,0,0,client,200006,0,4,client,0,200006,0,4,V2_RFRAG_FINAL_ACK_APP_RETRY,0,1,first_fragment,receiver_after_channel,0,512,MLKEM512,1,server,200006,4,V2_RFRAG_FINAL_ACK_APP_RETRY,first_fragment,receiver_after_channel,512,MLKEM512,0,0,0,0,0,0,0,0,0,0,0,512,0,0,0,0,3,2,0,0,0,server,200006,0,4,server,200006,0,4,V2_RFRAG_FINAL_ACK_APP_RETRY
B-kem512-gilbert-prr0p85-L2-loss1-rep09-seed200009-v4,B-kem512-gilbert-prr0p85-L2-loss1-rep09-seed200009,B-kem512-gilbert-prr0p85-L2-loss1-rep09-seed200009,V2,B_V1_V2_FIRST_LOSS,2026-08-19T02:33:48+00:00,COOJA_SIMULATION,gilbert,0.85,2.0,0.0882352941,0.5,first_fragment,1,receiver_after_channel,1,2,1,0,8,96,4,V2_RFRAG_FINAL_ACK_APP_RETRY,512,200009,9,360,0,1,runs/B-kem512-gilbert-prr0p85-L2-loss1-rep09-seed200009-v4/cooja.log,e3b99783f4d23a0773de154ccd3fed5c78fb09b3e6c705830510e75f42cad212,21401,218,218,end_of_log,success_with_warnings,FAILED_PROTOCOL,client_reported_failure,"perte ciblée armée, mais le canal/radio a perdu la trame avant le hook receiver",1,True,0,0,0,0,0,0,0,0,0,both_motes,0,0,1,0,1,9,0,9,both_motes,1,1,0,radio_preempted,valid,0,1,route_acquisition_timeout,800,768,9,9,1,0,1,0,0,0,125000,125000,1,0,9,0,872,0,0,0,1,0,1,0,0,server_fallback_no_completion,0,0,0,0,0,0,0,0,6,0,566,0,1,0,0,0,0,0,1,310000,first_fragment,receiver_after_channel,0,512,MLKEM512,1,1,client,60000,200009,4,V2_RFRAG_FINAL_ACK_APP_RETRY,0,first_fragment,receiver_after_channel,512,MLKEM512,0,0,0,0,0,0,0,0,0,0,512,0,0,0,client,200009,0,4,client,0,200009,0,4,V2_RFRAG_FINAL_ACK_APP_RETRY,0,1,first_fragment,receiver_after_channel,0,512,MLKEM512,1,server,200009,4,V2_RFRAG_FINAL_ACK_APP_RETRY,first_fragment,receiver_after_channel,512,MLKEM512,0,0,0,0,0,0,0,0,0,0,0,512,0,0,0,0,1,0,0,0,0,server,200009,0,4,server,200009,0,4,V2_RFRAG_FINAL_ACK_APP_RETRY
B-kem512-gilbert-prr0p85-L2-loss1-rep10-seed200010-v3,B-kem512-gilbert-prr0p85-L2-loss1-rep10-seed200010,B-kem512-gilbert-prr0p85-L2-loss1-rep10-seed200010,V1,B_V1_V2_FIRST_LOSS,2026-08-19T02:33:48+00:00,COOJA_SIMULATION,gilbert,0.85,2.0,0.0882352941,0.5,first_fragment,1,receiver_after_channel,1,2,1,0,8,96,3,V1_RFRAG_INITIAL_FINAL_ACK,512,200010,10,360,0,0,runs/B-kem512-gilbert-prr0p85-L2-loss1-rep10-seed200010-v3/cooja.log,8bf76019fe0e0dabf64b333a9a37ceb87bc22a5b85954135a50415c71a5e939f,27229,274,274,end_of_log,success,FAILED_PROTOCOL,client_reported_failure,,1,True,0,0,0,0,0,0,0,0,1,both_motes,6,6,0,2,7,12,4,16,both_motes,1,1,1,applied_after_channel,valid,0,1,final_application_timeout,800,768,9,9,1,0,1,0,0,0,120000,120000,1,0,12,4,1132,408,3,4,3,2,0,2,1,ct_transport_completion_timeout,1,0,0,1,2389,1,1,4,9,408,872,3,3,0,4,0,0,1,0,190000,first_fragment,receiver_after_channel,0,512,MLKEM512,0,1,client,60000,200010,3,V1_RFRAG_FIRST_FINAL_ACK,0,first_fragment,receiver_after_channel,512,MLKEM512,0,0,1,0,0,1,27079,0,1,0,512,0,0,0,client,200010,1,3,client,0,200010,0,3,V1_RFRAG_FIRST_FINAL_ACK,1,0,first_fragment,receiver_after_channel,0,512,MLKEM512,1,server,200010,3,V1_RFRAG_FIRST_FINAL_ACK,first_fragment,receiver_after_channel,512,MLKEM512,2389,0,0,1,0,1,1,11354,1,0,0,512,0,0,0,0,3,3,0,1,1,server,200010,0,3,server,200010,0,3,V1_RFRAG_FIRST_FINAL_ACK
B-kem512-gilbert-prr0p85-L2-loss1-rep13-seed200013-v4,B-kem512-gilbert-prr0p85-L2-loss1-rep13-seed200013,B-kem512-gilbert-prr0p85-L2-loss1-rep13-seed200013,V2,B_V1_V2_FIRST_LOSS,2026-08-19T02:33:48+00:00,COOJA_SIMULATION,gilbert,0.85,2.0,0.0882352941,0.5,first_fragment,1,receiver_after_channel,1,2,1,0,8,96,4,V2_RFRAG_FINAL_ACK_APP_RETRY,512,200013,13,360,0,1,runs/B-kem512-gilbert-prr0p85-L2-loss1-rep13-seed200013-v4/cooja.log,867ae9a0abe3c544d5bd4c1f054b23687675e96c25a84c6ede6c9bfe4a2fbde7,21946,220,220,end_of_log,success,FAILED_PROTOCOL,client_reported_failure,,1,True,0,0,0,0,0,0,0,1,1,both_motes,2,1,2,1,5,20,9,29,both_motes,1,1,1,applied_after_channel,valid,0,1,final_application_timeout,800,768,9,9,2,1,2,0,0,0,240000,240000,2,0,20,7,1948,636,2,1,3,1,1,1,1,server_fallback_no_completion,1,0,0,1,120353,1,1,9,18,840,1744,0,4,1,0,1,0,0,1,310000,first_fragment,receiver_after_channel,0,512,MLKEM512,1,1,client,60000,200013,4,V2_RFRAG_FINAL_ACK_APP_RETRY,0,first_fragment,receiver_after_channel,512,MLKEM512,0,0,0,0,0,0,0,0,0,0,512,1,0,0,client,200013,1,4,client,0,200013,0,4,V2_RFRAG_FINAL_ACK_APP_RETRY,0,1,first_fragment,receiver_after_channel,0,512,MLKEM512,1,server,200013,4,V2_RFRAG_FINAL_ACK_APP_RETRY,first_fragment,receiver_after_channel,512,MLKEM512,120353,0,0,1,0,1,1,10321,1,0,0,512,1,0,0,0,4,3,0,2,1,server,200013,0,4,server,200013,0,4,V2_RFRAG_FINAL_ACK_APP_RETRY
B-kem512-gilbert-prr0p85-L2-loss1-rep14-seed200014-v4,B-kem512-gilbert-prr0p85-L2-loss1-rep14-seed200014,B-kem512-gilbert-prr0p85-L2-loss1-rep14-seed200014,V2,B_V1_V2_FIRST_LOSS,2026-08-19T02:33:48+00:00,COOJA_SIMULATION,gilbert,0.85,2.0,0.0882352941,0.5,first_fragment,1,receiver_after_channel,1,2,1,0,8,96,4,V2_RFRAG_FINAL_ACK_APP_RETRY,512,200014,14,360,0,1,runs/B-kem512-gilbert-prr0p85-L2-loss1-rep14-seed200014-v4/cooja.log,c6ad526b0b7ce93d3fcfdcba2307e8c171ef711b65ae9a6d254a5fdf9153f495,22924,227,227,end_of_log,success,FAILED_PROTOCOL,client_reported_failure,,1,True,0,0,0,0,0,0,0,1,1,both_motes,3,3,1,1,3,18,12,30,both_motes,1,1,1,applied_after_channel,valid,0,1,final_application_timeout,800,768,9,9,2,1,2,0,0,0,240000,240000,2,0,18,8,1744,738,0,1,2,0,1,0,1,server_fallback_no_completion,1,0,0,1,120259,1,1,12,16,1146,1540,3,2,1,3,1,0,0,1,310000,first_fragment,receiver_after_channel,0,512,MLKEM512,1,1,client,60000,200014,4,V2_RFRAG_FINAL_ACK_APP_RETRY,0,first_fragment,receiver_after_channel,512,MLKEM512,0,0,1,0,0,1,20261,0,1,0,512,1,0,0,client,200014,0,4,client,0,200014,0,4,V2_RFRAG_FINAL_ACK_APP_RETRY,0,1,first_fragment,receiver_after_channel,0,512,MLKEM512,1,server,200014,4,V2_RFRAG_FINAL_ACK_APP_RETRY,first_fragment,receiver_after_channel,512,MLKEM512,120259,0,0,1,0,1,1,10211,1,0,0,512,0,1,0,0,2,2,0,1,1,server,200014,1,4,server,200014,0,4,V2_RFRAG_FINAL_ACK_APP_RETRY
B-kem512-gilbert-prr0p85-L2-loss1-rep15-seed200015-v4,B-kem512-gilbert-prr0p85-L2-loss1-rep15-seed200015,B-kem512-gilbert-prr0p85-L2-loss1-rep15-seed200015,V2,B_V1_V2_FIRST_LOSS,2026-08-19T02:33:48+00:00,COOJA_SIMULATION,gilbert,0.85,2.0,0.0882352941,0.5,first_fragment,1,receiver_after_channel,1,2,1,0,8,96,4,V2_RFRAG_FINAL_ACK_APP_RETRY,512,200015,15,360,0,1,runs/B-kem512-gilbert-prr0p85-L2-loss1-rep15-seed200015-v4/cooja.log,d70dc01b22fc461e03fac7b2cc22386168629c57d9cbb70fc38b3665db0c855d,21696,220,220,end_of_log,success,FAILED_PROTOCOL,client_reported_failure,,1,True,0,0,0,0,0,0,0,0,0,both_motes,0,0,1,0,1,9,0,9,both_motes,1,1,1,applied_after_channel,valid,0,1,route_acquisition_timeout,800,768,9,9,1,0,1,0,0,0,125000,125000,1,0,9,0,872,0,0,0,1,0,1,0,0,server_fallback_no_completion,0,0,0,0,0,0,0,0,7,0,668,0,1,0,0,0,0,0,1,310000,first_fragment,receiver_after_channel,0,512,MLKEM512,1,1,client,60000,200015,4,V2_RFRAG_FINAL_ACK_APP_RETRY,0,first_fragment,receiver_after_channel,512,MLKEM512,0,0,0,0,0,0,0,0,0,0,512,0,0,0,client,200015,0,4,client,0,200015,0,4,V2_RFRAG_FINAL_ACK_APP_RETRY,0,1,first_fragment,receiver_after_channel,0,512,MLKEM512,1,server,200015,4,V2_RFRAG_FINAL_ACK_APP_RETRY,first_fragment,receiver_after_channel,512,MLKEM512,0,0,0,0,0,0,0,0,0,0,0,512,0,0,0,0,1,1,0,0,0,server,200015,0,4,server,200015,0,4,V2_RFRAG_FINAL_ACK_APP_RETRY
B-kem512-gilbert-prr0p85-L2-loss1-rep21-seed200021-v4,B-kem512-gilbert-prr0p85-L2-loss1-rep21-seed200021,B-kem512-gilbert-prr0p85-L2-loss1-rep21-seed200021,V2,B_V1_V2_FIRST_LOSS,2026-08-19T02:33:48+00:00,COOJA_SIMULATION,gilbert,0.85,2.0,0.0882352941,0.5,first_fragment,1,receiver_after_channel,1,2,1,0,8,96,4,V2_RFRAG_FINAL_ACK_APP_RETRY,512,200021,21,360,0,1,runs/B-kem512-gilbert-prr0p85-L2-loss1-rep21-seed200021-v4/cooja.log,4b0f7c243c1e04a412f71b9371d2f76588a36c7d9a0eacf240b2a2633b023864,22911,231,231,end_of_log,success,FAILED_PROTOCOL,client_reported_failure,,1,True,0,0,0,0,0,0,0,1,0,both_motes,1,1,2,0,4,19,9,28,both_motes,1,1,1,applied_after_channel,valid,0,1,final_application_timeout,800,768,9,9,2,1,2,0,0,0,240000,240000,2,0,19,7,1800,636,1,1,2,1,1,0,1,server_fallback_no_completion,1,0,0,1,120248,1,1,9,18,840,1698,0,3,1,0,1,0,0,1,310000,first_fragment,receiver_after_channel,0,512,MLKEM512,1,1,client,60000,200021,4,V2_RFRAG_FINAL_ACK_APP_RETRY,0,first_fragment,receiver_after_channel,512,MLKEM512,0,0,0,0,0,0,0,0,0,0,512,1,0,0,client,200021,0,4,client,0,200021,0,4,V2_RFRAG_FINAL_ACK_APP_RETRY,0,1,first_fragment,receiver_after_channel,0,512,MLKEM512,1,server,200021,4,V2_RFRAG_FINAL_ACK_APP_RETRY,first_fragment,receiver_after_channel,512,MLKEM512,120248,0,0,1,0,1,1,10227,1,0,0,512,1,0,0,0,3,2,0,2,1,server,200021,0,4,server,200021,0,4,V2_RFRAG_FINAL_ACK_APP_RETRY
B-kem512-gilbert-prr0p85-L2-loss1-rep24-seed200024-v4,B-kem512-gilbert-prr0p85-L2-loss1-rep24-seed200024,B-kem512-gilbert-prr0p85-L2-loss1-rep24-seed200024,V2,B_V1_V2_FIRST_LOSS,2026-08-19T02:33:48+00:00,COOJA_SIMULATION,gilbert,0.85,2.0,0.0882352941,0.5,first_fragment,1,receiver_after_channel,1,2,1,0,8,96,4,V2_RFRAG_FINAL_ACK_APP_RETRY,512,200024,24,360,0,1,runs/B-kem512-gilbert-prr0p85-L2-loss1-rep24-seed200024-v4/cooja.log,3988fc15fc44fd72be5585abc13cbb40003f997f6b35a2d910065736c94c0a78,25473,263,263,end_of_log,success,FAILED_PROTOCOL,client_reported_failure,,1,True,0,0,0,0,0,0,0,0,0,both_motes,1,1,1,0,1,10,0,10,both_motes,1,1,1,applied_after_channel,valid,0,1,route_acquisition_timeout,800,768,9,9,1,0,1,0,0,0,125000,125000,1,0,10,0,928,0,1,0,1,1,1,0,0,server_fallback_no_completion,0,0,0,0,0,0,0,0,7,0,668,0,1,0,0,0,0,0,1,310000,first_fragment,receiver_after_channel,0,512,MLKEM512,1,1,client,60000,200024,4,V2_RFRAG_FINAL_ACK_APP_RETRY,0,first_fragment,receiver_after_channel,512,MLKEM512,0,0,0,0,0,0,0,0,0,0,512,0,0,0,client,200024,0,4,client,0,200024,0,4,V2_RFRAG_FINAL_ACK_APP_RETRY,0,1,first_fragment,receiver_after_channel,0,512,MLKEM512,1,server,200024,4,V2_RFRAG_FINAL_ACK_APP_RETRY,first_fragment,receiver_after_channel,512,MLKEM512,0,0,0,0,0,0,0,0,0,0,0,512,0,0,0,0,1,1,0,0,0,server,200024,0,4,server,200024,0,4,V2_RFRAG_FINAL_ACK_APP_RETRY
B-kem512-gilbert-prr0p85-L2-loss1-rep28-seed200028-v4,B-kem512-gilbert-prr0p85-L2-loss1-rep28-seed200028,B-kem512-gilbert-prr0p85-L2-loss1-rep28-seed200028,V2,B_V1_V2_FIRST_LOSS,2026-08-19T02:33:48+00:00,COOJA_SIMULATION,gilbert,0.85,2.0,0.0882352941,0.5,first_fragment,1,receiver_after_channel,1,2,1,0,8,96,4,V2_RFRAG_FINAL_ACK_APP_RETRY,512,200028,28,360,0,1,runs/B-kem512-gilbert-prr0p85-L2-loss1-rep28-seed200028-v4/cooja.log,c315bc78bcf9fc74c6c1b887b07972e2d67312e149656c33488d2e0643fd80de,24100,248,248,end_of_log,success,FAILED_PROTOCOL,client_reported_failure,,1,True,0,0,0,0,0,0,0,0,0,both_motes,0,0,1,0,1,9,0,9,both_motes,1,1,1,applied_after_channel,valid,0,1,route_acquisition_timeout,800,768,9,9,1,0,1,0,0,0,125000,125000,1,0,9,0,872,0,0,0,1,0,1,0,0,server_fallback_no_completion,0,0,0,0,0,0,0,0,8,0,770,0,1,0,0,0,0,0,1,310000,first_fragment,receiver_after_channel,0,512,MLKEM512,1,1,client,60000,200028,4,V2_RFRAG_FINAL_ACK_APP_RETRY,0,first_fragment,receiver_after_channel,512,MLKEM512,0,0,0,0,0,0,0,0,0,0,512,0,0,0,client,200028,0,4,client,0,200028,0,4,V2_RFRAG_FINAL_ACK_APP_RETRY,0,1,first_fragment,receiver_after_channel,0,512,MLKEM512,1,server,200028,4,V2_RFRAG_FINAL_ACK_APP_RETRY,first_fragment,receiver_after_channel,512,MLKEM512,0,0,0,0,0,0,0,0,0,0,0,512,0,0,0,0,1,1,0,0,0,server,200028,0,4,server,200028,0,4,V2_RFRAG_FINAL_ACK_APP_RETRY
B-kem512-gilbert-prr0p85-L2-loss1-rep29-seed200029-v4,B-kem512-gilbert-prr0p85-L2-loss1-rep29-seed200029,B-kem512-gilbert-prr0p85-L2-loss1-rep29-seed200029,V2,B_V1_V2_FIRST_LOSS,2026-08-19T02:33:48+00:00,COOJA_SIMULATION,gilbert,0.85,2.0,0.0882352941,0.5,first_fragment,1,receiver_after_channel,1,2,1,0,8,96,4,V2_RFRAG_FINAL_ACK_APP_RETRY,512,200029,29,360,0,1,runs/B-kem512-gilbert-prr0p85-L2-loss1-rep29-seed200029-v4/cooja.log,c1c80b1593e10348f130a383c3818c56de1ef4ce4b7604398a3c04b2ed71cb0a,23647,242,242,end_of_log,success,FAILED_PROTOCOL,client_reported_failure,,1,True,0,0,0,0,0,0,0,0,0,both_motes,0,0,1,0,1,9,0,9,both_motes,1,1,1,applied_after_channel,valid,0,1,route_acquisition_timeout,800,768,9,9,1,0,1,0,0,0,125000,125000,1,0,9,0,872,0,0,0,1,0,1,0,0,server_fallback_no_completion,0,0,0,0,0,0,0,0,6,0,566,0,1,0,0,0,0,0,1,310000,first_fragment,receiver_after_channel,0,512,MLKEM512,1,1,client,60000,200029,4,V2_RFRAG_FINAL_ACK_APP_RETRY,0,first_fragment,receiver_after_channel,512,MLKEM512,0,0,0,0,0,0,0,0,0,0,512,0,0,0,client,200029,0,4,client,0,200029,0,4,V2_RFRAG_FINAL_ACK_APP_RETRY,0,1,first_fragment,receiver_after_channel,0,512,MLKEM512,1,server,200029,4,V2_RFRAG_FINAL_ACK_APP_RETRY,first_fragment,receiver_after_channel,512,MLKEM512,0,0,0,0,0,0,0,0,0,0,0,512,0,0,0,0,1,1,0,0,0,server,200029,0,4,server,200029,0,4,V2_RFRAG_FINAL_ACK_APP_RETRY
B-kem512-gilbert-prr0p85-L5-loss1-rep04-seed200004-v4,B-kem512-gilbert-prr0p85-L5-loss1-rep04-seed200004,B-kem512-gilbert-prr0p85-L5-loss1-rep04-seed200004,V2,B_V1_V2_FIRST_LOSS,2026-08-19T02:33:48+00:00,COOJA_SIMULATION,gilbert,0.85,5.0,0.0352941176,0.2,first_fragment,1,receiver_after_channel,1,2,1,0,8,96,4,V2_RFRAG_FINAL_ACK_APP_RETRY,512,200004,4,360,0,1,runs/B-kem512-gilbert-prr0p85-L5-loss1-rep04-seed200004-v4/cooja.log,875b7a4fa696f69ca789e3a6be382c339051ca89a6e89327b09512f628b88c81,23367,238,238,end_of_log,success,FAILED_PROTOCOL,client_reported_failure,,1,True,0,0,0,0,0,0,0,1,0,both_motes,0,0,2,0,2,18,0,18,both_motes,1,1,1,applied_after_channel,valid,0,1,final_application_timeout,800,768,9,9,2,1,2,0,0,0,240000,240000,2,0,18,0,1744,0,0,0,2,0,2,0,0,server_fallback_no_completion,0,0,0,0,0,0,0,0,11,0,1030,0,2,0,0,1,0,0,1,310000,first_fragment,receiver_after_channel,0,512,MLKEM512,1,1,client,60000,200004,4,V2_RFRAG_FINAL_ACK_APP_RETRY,0,first_fragment,receiver_after_channel,512,MLKEM512,0,0,0,0,0,0,0,0,0,0,512,0,0,0,client,200004,0,4,client,0,200004,0,4,V2_RFRAG_FINAL_ACK_APP_RETRY,0,1,first_fragment,receiver_after_channel,0,512,MLKEM512,1,server,200004,4,V2_RFRAG_FINAL_ACK_APP_RETRY,first_fragment,receiver_after_channel,512,MLKEM512,0,0,0,0,0,0,0,0,0,0,0,512,0,0,0,0,2,2,0,0,0,server,200004,0,4,server,200004,0,4,V2_RFRAG_FINAL_ACK_APP_RETRY
B-kem512-gilbert-prr0p85-L5-loss1-rep10-seed200010-v3,B-kem512-gilbert-prr0p85-L5-loss1-rep10-seed200010,B-kem512-gilbert-prr0p85-L5-loss1-rep10-seed200010,V1,B_V1_V2_FIRST_LOSS,2026-08-19T02:33:48+00:00,COOJA_SIMULATION,gilbert,0.85,5.0,0.0352941176,0.2,first_fragment,1,receiver_after_channel,1,2,1,0,8,96,3,V1_RFRAG_INITIAL_FINAL_ACK,512,200010,10,360,0,0,runs/B-kem512-gilbert-prr0p85-L5-loss1-rep10-seed200010-v3/cooja.log,c197ae8b153e94d20590285b6ab2964b55ce601cce97ce1149325f9c5d8ab706,19199,186,186,end_of_log,success,FAILED_PROTOCOL,client_reported_failure,,1,True,0,0,0,0,0,0,0,0,0,both_motes,4,5,0,2,3,10,12,22,both_motes,1,1,1,applied_after_channel,valid,0,1,final_application_timeout,800,768,9,9,1,0,1,0,0,0,120000,120000,1,0,10,8,974,816,1,1,2,1,0,1,1,ct_transport_completion_timeout,1,0,0,1,1299,1,1,12,9,912,872,3,2,1,4,0,0,1,0,190000,first_fragment,receiver_after_channel,0,512,MLKEM512,0,1,client,60000,200010,3,V1_RFRAG_FIRST_FINAL_ACK,0,first_fragment,receiver_after_channel,512,MLKEM512,0,0,1,0,0,1,20263,0,1,0,512,1,0,0,client,200010,0,3,client,0,200010,0,3,V1_RFRAG_FIRST_FINAL_ACK,1,0,first_fragment,receiver_after_channel,0,512,MLKEM512,1,server,200010,3,V1_RFRAG_FIRST_FINAL_ACK,first_fragment,receiver_after_channel,512,MLKEM512,1299,0,0,1,0,1,1,10264,1,0,0,512,0,1,0,0,2,2,0,1,1,server,200010,0,3,server,200010,0,3,V1_RFRAG_FIRST_FINAL_ACK
B-kem512-gilbert-prr0p85-L5-loss1-rep10-seed200010-v4,B-kem512-gilbert-prr0p85-L5-loss1-rep10-seed200010,B-kem512-gilbert-prr0p85-L5-loss1-rep10-seed200010,V2,B_V1_V2_FIRST_LOSS,2026-08-19T02:33:48+00:00,COOJA_SIMULATION,gilbert,0.85,5.0,0.0352941176,0.2,first_fragment,1,receiver_after_channel,1,2,1,0,8,96,4,V2_RFRAG_FINAL_ACK_APP_RETRY,512,200010,10,360,0,1,runs/B-kem512-gilbert-prr0p85-L5-loss1-rep10-seed200010-v4/cooja.log,4cd45a64614debc12d0ed99f5a4af12214e28b81e44fa5e32c684a1e46fd4f85,21391,214,214,end_of_log,success,FAILED_PROTOCOL,client_reported_failure,,1,True,0,0,0,0,0,0,0,1,0,both_motes,1,1,2,0,4,19,9,28,both_motes,1,1,1,applied_after_channel,valid,0,1,final_application_timeout,800,768,9,9,2,1,2,0,0,0,240000,240000,2,0,19,7,1800,636,1,1,2,1,1,0,1,server_fallback_no_completion,1,0,0,1,120233,1,1,9,18,840,1698,0,3,1,0,1,0,0,1,310000,first_fragment,receiver_after_channel,0,512,MLKEM512,1,1,client,60000,200010,4,V2_RFRAG_FINAL_ACK_APP_RETRY,0,first_fragment,receiver_after_channel,512,MLKEM512,0,0,0,0,0,0,0,0,0,0,512,1,0,0,client,200010,0,4,client,0,200010,0,4,V2_RFRAG_FINAL_ACK_APP_RETRY,0,1,first_fragment,receiver_after_channel,0,512,MLKEM512,1,server,200010,4,V2_RFRAG_FINAL_ACK_APP_RETRY,first_fragment,receiver_after_channel,512,MLKEM512,120233,0,0,1,0,1,1,10209,1,0,0,512,1,0,0,0,3,2,0,2,1,server,200010,0,4,server,200010,0,4,V2_RFRAG_FINAL_ACK_APP_RETRY
B-kem512-gilbert-prr0p85-L5-loss1-rep14-seed200014-v3,B-kem512-gilbert-prr0p85-L5-loss1-rep14-seed200014,B-kem512-gilbert-prr0p85-L5-loss1-rep14-seed200014,V1,B_V1_V2_FIRST_LOSS,2026-08-19T02:33:48+00:00,COOJA_SIMULATION,gilbert,0.85,5.0,0.0352941176,0.2,first_fragment,1,receiver_after_channel,1,2,1,0,8,96,3,V1_RFRAG_INITIAL_FINAL_ACK,512,200014,14,360,0,0,runs/B-kem512-gilbert-prr0p85-L5-loss1-rep14-seed200014-v3/cooja.log,5a5311280993b7495e8cdfb4566b73ca2c74d699c07101a2dffb06773156ce75,20331,201,201,end_of_log,success,FAILED_PROTOCOL,client_reported_failure,,1,True,0,0,0,0,0,0,0,0,0,both_motes,4,5,0,1,1,13,0,13,both_motes,1,1,1,applied_after_channel,valid,0,1,final_application_timeout,800,768,9,9,1,0,1,0,0,0,120000,120000,1,0,13,0,1142,0,4,0,1,5,0,1,0,server_fallback_no_completion,0,0,0,0,0,0,0,0,2,0,204,0,1,0,0,0,0,1,0,190000,first_fragment,receiver_after_channel,0,512,MLKEM512,0,1,client,60000,200014,3,V1_RFRAG_FIRST_FINAL_ACK,0,first_fragment,receiver_after_channel,512,MLKEM512,0,0,0,0,0,0,0,0,0,0,512,0,0,0,client,200014,0,3,client,0,200014,0,3,V1_RFRAG_FIRST_FINAL_ACK,1,0,first_fragment,receiver_after_channel,0,512,MLKEM512,1,server,200014,3,V1_RFRAG_FIRST_FINAL_ACK,first_fragment,receiver_after_channel,512,MLKEM512,0,0,0,1,0,0,1,20060,0,1,0,512,0,0,0,0,1,1,0,0,0,server,200014,0,3,server,200014,0,3,V1_RFRAG_FIRST_FINAL_ACK
B-kem512-gilbert-prr0p85-L5-loss1-rep15-seed200015-v3,B-kem512-gilbert-prr0p85-L5-loss1-rep15-seed200015,B-kem512-gilbert-prr0p85-L5-loss1-rep15-seed200015,V1,B_V1_V2_FIRST_LOSS,2026-08-19T02:33:48+00:00,COOJA_SIMULATION,gilbert,0.85,5.0,0.0352941176,0.2,first_fragment,1,receiver_after_channel,1,2,1,0,8,96,3,V1_RFRAG_INITIAL_FINAL_ACK,512,200015,15,360,0,0,runs/B-kem512-gilbert-prr0p85-L5-loss1-rep15-seed200015-v3/cooja.log,0a0d1c9455af9db78ef5ac7a874004d85c02b061026a097da0d0ebc2675fb64a,20937,208,208,end_of_log,success,FAILED_PROTOCOL,client_reported_failure,,1,True,0,0,0,0,0,0,0,0,3,both_motes,6,4,0,2,3,15,0,15,both_motes,1,1,1,applied_after_channel,valid,0,1,final_application_timeout,800,768,9,9,1,0,1,0,0,0,120000,120000,1,0,15,0,1484,0,6,0,2,4,0,2,0,server_fallback_no_completion,0,0,0,0,0,0,0,0,8,0,770,0,3,0,0,0,0,1,0,190000,first_fragment,receiver_after_channel,0,512,MLKEM512,0,1,client,60000,200015,3,V1_RFRAG_FIRST_FINAL_ACK,0,first_fragment,receiver_after_channel,512,MLKEM512,0,0,0,0,0,0,0,0,0,0,512,0,0,0,client,200015,3,3,client,0,200015,0,3,V1_RFRAG_FIRST_FINAL_ACK,1,0,first_fragment,receiver_after_channel,0,512,MLKEM512,1,server,200015,3,V1_RFRAG_FIRST_FINAL_ACK,first_fragment,receiver_after_channel,512,MLKEM512,0,0,0,1,0,0,1,23420,0,1,0,512,0,0,0,0,3,2,0,0,0,server,200015,0,3,server,200015,0,3,V1_RFRAG_FIRST_FINAL_ACK
B-kem512-gilbert-prr0p85-L5-loss1-rep15-seed200015-v4,B-kem512-gilbert-prr0p85-L5-loss1-rep15-seed200015,B-kem512-gilbert-prr0p85-L5-loss1-rep15-seed200015,V2,B_V1_V2_FIRST_LOSS,2026-08-19T02:33:48+00:00,COOJA_SIMULATION,gilbert,0.85,5.0,0.0352941176,0.2,first_fragment,1,receiver_after_channel,1,2,1,0,8,96,4,V2_RFRAG_FINAL_ACK_APP_RETRY,512,200015,15,360,0,1,runs/B-kem512-gilbert-prr0p85-L5-loss1-rep15-seed200015-v4/cooja.log,084ee2fc3e9871e49a4f14506cd55da1f78f7197a71e74a11f548b3b103676bf,22631,230,230,end_of_log,success,FAILED_PROTOCOL,client_reported_failure,,1,True,0,0,0,0,0,0,0,0,0,both_motes,3,4,0,0,0,12,0,12,both_motes,1,1,1,applied_after_channel,valid,0,1,route_acquisition_timeout,800,768,9,9,1,0,1,0,0,0,125000,125000,1,0,12,0,1040,0,3,0,0,4,0,0,0,server_fallback_no_completion,0,0,0,0,0,0,0,0,4,0,408,0,0,0,0,0,0,0,1,310000,first_fragment,receiver_after_channel,0,512,MLKEM512,1,1,client,60000,200015,4,V2_RFRAG_FINAL_ACK_APP_RETRY,0,first_fragment,receiver_after_channel,512,MLKEM512,0,0,0,0,0,0,0,0,0,0,512,0,0,0,client,200015,0,4,client,0,200015,0,4,V2_RFRAG_FINAL_ACK_APP_RETRY,0,1,first_fragment,receiver_after_channel,0,512,MLKEM512,1,server,200015,4,V2_RFRAG_FINAL_ACK_APP_RETRY,first_fragment,receiver_after_channel,512,MLKEM512,0,0,0,0,0,0,0,0,0,0,0,512,0,0,0,0,0,0,0,0,0,server,200015,0,4,server,200015,0,4,V2_RFRAG_FINAL_ACK_APP_RETRY
B-kem512-gilbert-prr0p85-L5-loss1-rep20-seed200020-v4,B-kem512-gilbert-prr0p85-L5-loss1-rep20-seed200020,B-kem512-gilbert-prr0p85-L5-loss1-rep20-seed200020,V2,B_V1_V2_FIRST_LOSS,2026-08-19T02:33:48+00:00,COOJA_SIMULATION,gilbert,0.85,5.0,0.0352941176,0.2,first_fragment,1,receiver_after_channel,1,2,1,0,8,96,4,V2_RFRAG_FINAL_ACK_APP_RETRY,512,200020,20,360,0,1,runs/B-kem512-gilbert-prr0p85-L5-loss1-rep20-seed200020-v4/cooja.log,11a9055269546a60c617b69058e0ef02a5e6335032343682ef5f03a62b8f8db7,22858,233,233,end_of_log,success,FAILED_PROTOCOL,client_reported_failure,,1,True,0,0,0,0,0,0,0,1,0,both_motes,0,0,2,0,2,18,0,18,both_motes,1,1,1,applied_after_channel,valid,0,1,final_application_timeout,800,768,9,9,2,1,2,0,0,0,240000,240000,2,0,18,0,1744,0,0,0,2,0,2,0,0,server_fallback_no_completion,0,0,0,0,0,0,0,0,10,0,928,0,2,0,0,1,0,0,1,310000,first_fragment,receiver_after_channel,0,512,MLKEM512,1,1,client,60000,200020,4,V2_RFRAG_FINAL_ACK_APP_RETRY,0,first_fragment,receiver_after_channel,512,MLKEM512,0,0,0,0,0,0,0,0,0,0,512,0,0,0,client,200020,0,4,client,0,200020,0,4,V2_RFRAG_FINAL_ACK_APP_RETRY,0,1,first_fragment,receiver_after_channel,0,512,MLKEM512,1,server,200020,4,V2_RFRAG_FINAL_ACK_APP_RETRY,first_fragment,receiver_after_channel,512,MLKEM512,0,0,0,0,0,0,0,0,0,0,0,512,0,0,0,0,2,2,0,0,0,server,200020,0,4,server,200020,0,4,V2_RFRAG_FINAL_ACK_APP_RETRY
B-kem512-gilbert-prr0p85-L5-loss1-rep24-seed200024-v4,B-kem512-gilbert-prr0p85-L5-loss1-rep24-seed200024,B-kem512-gilbert-prr0p85-L5-loss1-rep24-seed200024,V2,B_V1_V2_FIRST_LOSS,2026-08-19T02:33:48+00:00,COOJA_SIMULATION,gilbert,0.85,5.0,0.0352941176,0.2,first_fragment,1,receiver_after_channel,1,2,1,0,8,96,4,V2_RFRAG_FINAL_ACK_APP_RETRY,512,200024,24,360,0,1,runs/B-kem512-gilbert-prr0p85-L5-loss1-rep24-seed200024-v4/cooja.log,a6adbddeb1bda6afcce02deb9329a53ee6e2dbab1b5f1b7914a7bcdcb559b8e7,24272,249,249,end_of_log,success,FAILED_PROTOCOL,client_reported_failure,,1,True,0,0,0,0,0,0,0,0,0,both_motes,2,2,1,0,1,11,0,11,both_motes,1,1,1,applied_after_channel,valid,0,1,route_acquisition_timeout,800,768,9,9,1,0,1,0,0,0,125000,125000,1,0,11,0,984,0,2,0,1,2,1,0,0,server_fallback_no_completion,0,0,0,0,0,0,0,0,7,0,668,0,1,0,0,0,0,0,1,310000,first_fragment,receiver_after_channel,0,512,MLKEM512,1,1,client,60000,200024,4,V2_RFRAG_FINAL_ACK_APP_RETRY,0,first_fragment,receiver_after_channel,512,MLKEM512,0,0,0,0,0,0,0,0,0,0,512,0,0,0,client,200024,0,4,client,0,200024,0,4,V2_RFRAG_FINAL_ACK_APP_RETRY,0,1,first_fragment,receiver_after_channel,0,512,MLKEM512,1,server,200024,4,V2_RFRAG_FINAL_ACK_APP_RETRY,first_fragment,receiver_after_channel,512,MLKEM512,0,0,0,0,0,0,0,0,0,0,0,512,0,0,0,0,1,1,0,0,0,server,200024,0,4,server,200024,0,4,V2_RFRAG_FINAL_ACK_APP_RETRY
B-kem512-gilbert-prr0p85-L5-loss1-rep25-seed200025-v3,B-kem512-gilbert-prr0p85-L5-loss1-rep25-seed200025,B-kem512-gilbert-prr0p85-L5-loss1-rep25-seed200025,V1,B_V1_V2_FIRST_LOSS,2026-08-19T02:33:48+00:00,COOJA_SIMULATION,gilbert,0.85,5.0,0.0352941176,0.2,first_fragment,1,receiver_after_channel,1,2,1,0,8,96,3,V1_RFRAG_INITIAL_FINAL_ACK,512,200025,25,360,0,0,runs/B-kem512-gilbert-prr0p85-L5-loss1-rep25-seed200025-v3/cooja.log,e3ad8ae87574936a29d6b59ddd7261491c845171079770e851125b5ab76a6f2a,18309,178,178,end_of_log,success,FAILED_PROTOCOL,client_reported_failure,,1,True,0,0,0,0,0,0,0,0,0,both_motes,3,4,0,0,0,4,0,4,both_motes,1,1,1,applied_after_channel,valid,0,1,final_application_timeout,800,768,9,9,1,0,1,0,0,0,120000,120000,1,0,4,0,408,0,3,0,0,4,0,0,0,server_fallback_no_completion,0,0,0,0,0,0,0,0,0,0,0,0,0,0,0,0,0,1,0,190000,first_fragment,receiver_after_channel,0,512,MLKEM512,0,1,client,60000,200025,3,V1_RFRAG_FIRST_FINAL_ACK,0,first_fragment,receiver_after_channel,512,MLKEM512,0,0,0,0,0,0,0,0,0,0,512,0,0,0,client,200025,0,3,client,0,200025,0,3,V1_RFRAG_FIRST_FINAL_ACK,1,0,first_fragment,receiver_after_channel,0,512,MLKEM512,1,server,200025,3,V1_RFRAG_FIRST_FINAL_ACK,first_fragment,receiver_after_channel,512,MLKEM512,0,0,0,0,0,0,0,0,0,0,0,512,0,0,0,0,0,0,0,0,0,server,200025,0,3,server,200025,0,3,V1_RFRAG_FIRST_FINAL_ACK
B-kem512-gilbert-prr0p85-L5-loss1-rep25-seed200025-v4,B-kem512-gilbert-prr0p85-L5-loss1-rep25-seed200025,B-kem512-gilbert-prr0p85-L5-loss1-rep25-seed200025,V2,B_V1_V2_FIRST_LOSS,2026-08-19T02:33:48+00:00,COOJA_SIMULATION,gilbert,0.85,5.0,0.0352941176,0.2,first_fragment,1,receiver_after_channel,1,2,1,0,8,96,4,V2_RFRAG_FINAL_ACK_APP_RETRY,512,200025,25,360,0,1,runs/B-kem512-gilbert-prr0p85-L5-loss1-rep25-seed200025-v4/cooja.log,d4db0c68b8cca653d699eeaa667e6e80fbb2beb59244bb362d733bedeaef6d2a,24977,254,254,end_of_log,success,FAILED_PROTOCOL,client_reported_failure,,1,True,0,0,0,0,0,0,0,0,0,both_motes,2,2,1,0,1,11,0,11,both_motes,1,1,1,applied_after_channel,valid,0,1,route_acquisition_timeout,800,768,9,9,1,0,1,0,0,0,125000,125000,1,0,11,0,984,0,2,0,1,2,1,0,0,server_fallback_no_completion,0,0,0,0,0,0,0,0,1,0,56,0,1,0,0,0,0,0,1,310000,first_fragment,receiver_after_channel,0,512,MLKEM512,1,1,client,60000,200025,4,V2_RFRAG_FINAL_ACK_APP_RETRY,0,first_fragment,receiver_after_channel,512,MLKEM512,0,0,0,0,0,0,0,0,0,0,512,0,0,0,client,200025,0,4,client,0,200025,0,4,V2_RFRAG_FINAL_ACK_APP_RETRY,0,1,first_fragment,receiver_after_channel,0,512,MLKEM512,1,server,200025,4,V2_RFRAG_FINAL_ACK_APP_RETRY,first_fragment,receiver_after_channel,512,MLKEM512,0,0,0,0,0,0,0,0,0,0,0,512,0,0,0,0,1,1,0,0,0,server,200025,0,4,server,200025,0,4,V2_RFRAG_FINAL_ACK_APP_RETRY
B-kem512-gilbert-prr0p85-L5-loss1-rep26-seed200026-v3,B-kem512-gilbert-prr0p85-L5-loss1-rep26-seed200026,B-kem512-gilbert-prr0p85-L5-loss1-rep26-seed200026,V1,B_V1_V2_FIRST_LOSS,2026-08-19T02:33:48+00:00,COOJA_SIMULATION,gilbert,0.85,5.0,0.0352941176,0.2,first_fragment,1,receiver_after_channel,1,2,1,0,8,96,3,V1_RFRAG_INITIAL_FINAL_ACK,512,200026,26,360,0,0,runs/B-kem512-gilbert-prr0p85-L5-loss1-rep26-seed200026-v3/cooja.log,a3f695595d0337c27d9f6c7e0e7c1974d4ba11b1209b3d51aca054fb1309f433,25018,254,254,end_of_log,success,FAILED_PROTOCOL,client_reported_failure,,1,True,0,0,0,0,0,0,0,0,0,both_motes,3,4,0,0,3,4,0,4,both_motes,1,1,1,applied_after_channel,valid,0,1,final_application_timeout,800,768,9,9,1,0,1,0,0,0,120000,120000,1,0,4,0,408,0,3,0,0,4,0,0,0,server_fallback_no_completion,0,0,0,0,0,0,0,0,3,0,306,0,3,0,0,0,0,1,0,190000,first_fragment,receiver_after_channel,0,512,MLKEM512,0,1,client,60000,200026,3,V1_RFRAG_FIRST_FINAL_ACK,0,first_fragment,receiver_after_channel,512,MLKEM512,0,0,0,0,0,0,0,0,0,0,512,0,0,0,client,200026,0,3,client,0,200026,0,3,V1_RFRAG_FIRST_FINAL_ACK,1,0,first_fragment,receiver_after_channel,0,512,MLKEM512,1,server,200026,3,V1_RFRAG_FIRST_FINAL_ACK,first_fragment,receiver_after_channel,512,MLKEM512,0,0,0,1,0,0,1,26052,0,1,0,512,0,0,0,0,3,0,0,0,0,server,200026,0,3,server,200026,0,3,V1_RFRAG_FIRST_FINAL_ACK
B-kem512-gilbert-prr0p85-L5-loss1-rep26-seed200026-v4,B-kem512-gilbert-prr0p85-L5-loss1-rep26-seed200026,B-kem512-gilbert-prr0p85-L5-loss1-rep26-seed200026,V2,B_V1_V2_FIRST_LOSS,2026-08-19T02:33:48+00:00,COOJA_SIMULATION,gilbert,0.85,5.0,0.0352941176,0.2,first_fragment,1,receiver_after_channel,1,2,1,0,8,96,4,V2_RFRAG_FINAL_ACK_APP_RETRY,512,200026,26,360,0,1,runs/B-kem512-gilbert-prr0p85-L5-loss1-rep26-seed200026-v4/cooja.log,1b2e6c8b0e628dbab39e71001c035468300be33cae231963d5a06020f7b314c0,27085,282,282,end_of_log,success,FAILED_PROTOCOL,client_reported_failure,,1,True,0,0,0,0,0,0,0,0,0,both_motes,3,4,0,0,4,12,0,12,both_motes,1,1,1,applied_after_channel,valid,0,1,route_acquisition_timeout,800,768,9,9,1,0,1,0,0,0,125000,125000,1,0,12,0,1040,0,3,0,0,4,0,0,0,server_fallback_no_completion,0,0,0,0,0,0,0,0,11,0,938,0,4,0,0,0,0,0,1,310000,first_fragment,receiver_after_channel,0,512,MLKEM512,1,1,client,60000,200026,4,V2_RFRAG_FINAL_ACK_APP_RETRY,0,first_fragment,receiver_after_channel,512,MLKEM512,0,0,0,0,0,0,0,0,0,0,512,0,0,0,client,200026,0,4,client,0,200026,0,4,V2_RFRAG_FINAL_ACK_APP_RETRY,0,1,first_fragment,receiver_after_channel,0,512,MLKEM512,1,server,200026,4,V2_RFRAG_FINAL_ACK_APP_RETRY,first_fragment,receiver_after_channel,512,MLKEM512,0,0,0,0,0,0,0,0,0,0,0,512,0,0,0,0,4,0,0,0,0,server,200026,0,4,server,200026,0,4,V2_RFRAG_FINAL_ACK_APP_RETRY
B-kem512-gilbert-prr0p85-L5-loss1-rep29-seed200029-v4,B-kem512-gilbert-prr0p85-L5-loss1-rep29-seed200029,B-kem512-gilbert-prr0p85-L5-loss1-rep29-seed200029,V2,B_V1_V2_FIRST_LOSS,2026-08-19T02:33:48+00:00,COOJA_SIMULATION,gilbert,0.85,5.0,0.0352941176,0.2,first_fragment,1,receiver_after_channel,1,2,1,0,8,96,4,V2_RFRAG_FINAL_ACK_APP_RETRY,512,200029,29,360,0,1,runs/B-kem512-gilbert-prr0p85-L5-loss1-rep29-seed200029-v4/cooja.log,9be34f4796f5ce3ac6023cb3d4c538266cf7b29cdab0ada1dc7c2b83f9906aa2,15041,144,144,end_of_log,success,FAILED_PROTOCOL,client_reported_failure,,1,True,0,0,0,0,0,0,0,0,0,both_motes,3,4,0,0,0,12,0,12,both_motes,1,1,1,applied_after_channel,valid,0,1,route_acquisition_timeout,800,768,9,9,1,0,1,0,0,0,125000,125000,1,0,12,0,1040,0,3,0,0,4,0,0,0,server_fallback_no_completion,0,0,0,0,0,0,0,0,4,0,408,0,0,0,0,0,0,0,1,310000,first_fragment,receiver_after_channel,0,512,MLKEM512,1,1,client,60000,200029,4,V2_RFRAG_FINAL_ACK_APP_RETRY,0,first_fragment,receiver_after_channel,512,MLKEM512,0,0,0,0,0,0,0,0,0,0,512,0,0,0,client,200029,0,4,client,0,200029,0,4,V2_RFRAG_FINAL_ACK_APP_RETRY,0,1,first_fragment,receiver_after_channel,0,512,MLKEM512,1,server,200029,4,V2_RFRAG_FINAL_ACK_APP_RETRY,first_fragment,receiver_after_channel,512,MLKEM512,0,0,0,0,0,0,0,0,0,0,0,512,0,0,0,0,0,0,0,0,0,server,200029,0,4,server,200029,0,4,V2_RFRAG_FINAL_ACK_APP_RETRY
B-kem512-gilbert-prr0p85-L5-loss1-rep30-seed200030-v4,B-kem512-gilbert-prr0p85-L5-loss1-rep30-seed200030,B-kem512-gilbert-prr0p85-L5-loss1-rep30-seed200030,V2,B_V1_V2_FIRST_LOSS,2026-08-19T02:33:48+00:00,COOJA_SIMULATION,gilbert,0.85,5.0,0.0352941176,0.2,first_fragment,1,receiver_after_channel,1,2,1,0,8,96,4,V2_RFRAG_FINAL_ACK_APP_RETRY,512,200030,30,360,0,1,runs/B-kem512-gilbert-prr0p85-L5-loss1-rep30-seed200030-v4/cooja.log,f464c755aad1625a1c969b9bc629d670292542019a636ad71efc3479aab54627,23363,239,239,end_of_log,success,FAILED_PROTOCOL,client_reported_failure,,1,True,0,0,0,0,0,0,0,0,0,both_motes,3,3,1,0,1,12,0,12,both_motes,1,1,1,applied_after_channel,valid,0,1,route_acquisition_timeout,800,768,9,9,1,0,1,0,0,0,125000,125000,1,0,12,0,1040,0,3,0,1,3,1,0,0,server_fallback_no_completion,0,0,0,0,0,0,0,0,7,0,668,0,1,0,0,0,0,0,1,310000,first_fragment,receiver_after_channel,0,512,MLKEM512,1,1,client,60000,200030,4,V2_RFRAG_FINAL_ACK_APP_RETRY,0,first_fragment,receiver_after_channel,512,MLKEM512,0,0,0,0,0,0,0,0,0,0,512,0,0,0,client,200030,0,4,client,0,200030,0,4,V2_RFRAG_FINAL_ACK_APP_RETRY,0,1,first_fragment,receiver_after_channel,0,512,MLKEM512,1,server,200030,4,V2_RFRAG_FINAL_ACK_APP_RETRY,first_fragment,receiver_after_channel,512,MLKEM512,0,0,0,0,0,0,0,0,0,0,0,512,0,0,0,0,1,1,0,0,0,server,200030,0,4,server,200030,0,4,V2_RFRAG_FINAL_ACK_APP_RETRY
B-kem512-gilbert-prr0p85-L10-loss1-rep04-seed200004-v4,B-kem512-gilbert-prr0p85-L10-loss1-rep04-seed200004,B-kem512-gilbert-prr0p85-L10-loss1-rep04-seed200004,V2,B_V1_V2_FIRST_LOSS,2026-08-19T02:33:48+00:00,COOJA_SIMULATION,gilbert,0.85,10.0,0.0176470588,0.1,first_fragment,1,receiver_after_channel,1,2,1,0,8,96,4,V2_RFRAG_FINAL_ACK_APP_RETRY,512,200004,4,360,0,1,runs/B-kem512-gilbert-prr0p85-L10-loss1-rep04-seed200004-v4/cooja.log,3cb3a618222112805d7effaa1979fb31b5756bf7b73e28dd4a2e01838fb6bb18,18809,184,184,end_of_log,success,FAILED_PROTOCOL,client_reported_failure,,1,True,0,0,0,0,0,0,0,1,0,both_motes,3,4,1,0,1,21,0,21,both_motes,1,1,1,applied_after_channel,valid,0,1,final_application_timeout,800,768,9,9,2,1,2,0,0,0,240000,240000,2,0,21,0,1912,0,3,0,1,4,1,0,0,server_fallback_no_completion,0,0,0,0,0,0,0,0,15,0,1484,0,1,0,0,1,0,0,1,310000,first_fragment,receiver_after_channel,0,512,MLKEM512,1,1,client,60000,200004,4,V2_RFRAG_FINAL_ACK_APP_RETRY,0,first_fragment,receiver_after_channel,512,MLKEM512,0,0,0,0,0,0,0,0,0,0,512,0,0,0,client,200004,0,4,client,0,200004,0,4,V2_RFRAG_FINAL_ACK_APP_RETRY,0,1,first_fragment,receiver_after_channel,0,512,MLKEM512,1,server,200004,4,V2_RFRAG_FINAL_ACK_APP_RETRY,first_fragment,receiver_after_channel,512,MLKEM512,0,0,0,1,0,0,1,20183,0,1,0,512,0,0,0,0,1,1,0,0,0,server,200004,0,4,server,200004,0,4,V2_RFRAG_FINAL_ACK_APP_RETRY
B-kem512-gilbert-prr0p85-L10-loss1-rep06-seed200006-v3,B-kem512-gilbert-prr0p85-L10-loss1-rep06-seed200006,B-kem512-gilbert-prr0p85-L10-loss1-rep06-seed200006,V1,B_V1_V2_FIRST_LOSS,2026-08-19T02:33:48+00:00,COOJA_SIMULATION,gilbert,0.85,10.0,0.0176470588,0.1,first_fragment,1,receiver_after_channel,1,2,1,0,8,96,3,V1_RFRAG_INITIAL_FINAL_ACK,512,200006,6,360,0,0,runs/B-kem512-gilbert-prr0p85-L10-loss1-rep06-seed200006-v3/cooja.log,5dee727db70721bf965eabaead2cde1e5602fb2a40bc5316b94e71eea2b680cf,24386,241,241,end_of_log,success,FAILED_PROTOCOL,client_reported_failure,,1,True,0,0,0,0,0,0,0,0,0,both_motes,4,5,0,1,6,10,4,14,both_motes,1,1,1,applied_after_channel,valid,0,1,final_application_timeout,800,768,9,9,1,0,1,0,0,0,120000,120000,1,0,10,4,974,408,1,4,2,1,0,1,1,ct_transport_completion_timeout,1,0,0,1,1231,1,1,4,9,408,872,3,2,0,4,0,0,1,0,190000,first_fragment,receiver_after_channel,0,512,MLKEM512,0,1,client,60000,200006,3,V1_RFRAG_FIRST_FINAL_ACK,0,first_fragment,receiver_after_channel,512,MLKEM512,0,0,1,0,0,1,27094,0,1,0,512,0,0,0,client,200006,0,3,client,0,200006,0,3,V1_RFRAG_FIRST_FINAL_ACK,1,0,first_fragment,receiver_after_channel,0,512,MLKEM512,1,server,200006,3,V1_RFRAG_FIRST_FINAL_ACK,first_fragment,receiver_after_channel,512,MLKEM512,1231,0,0,1,0,1,1,10205,1,0,0,512,0,0,0,0,2,1,0,1,0,server,200006,0,3,server,200006,0,3,V1_RFRAG_FIRST_FINAL_ACK
B-kem512-gilbert-prr0p85-L10-loss1-rep06-seed200006-v4,B-kem512-gilbert-prr0p85-L10-loss1-rep06-seed200006,B-kem512-gilbert-prr0p85-L10-loss1-rep06-seed200006,V2,B_V1_V2_FIRST_LOSS,2026-08-19T02:33:48+00:00,COOJA_SIMULATION,gilbert,0.85,10.0,0.0176470588,0.1,first_fragment,1,receiver_after_channel,1,2,1,0,8,96,4,V2_RFRAG_FINAL_ACK_APP_RETRY,512,200006,6,360,0,1,runs/B-kem512-gilbert-prr0p85-L10-loss1-rep06-seed200006-v4/cooja.log,04d0bcf16c8cfc47989fa30aa7773d66d258b1f231a8da42459d85f2a7ec8b2a,20977,207,207,end_of_log,success,FAILED_PROTOCOL,client_reported_failure,,1,True,0,0,0,0,0,0,0,1,0,both_motes,3,4,1,0,2,18,12,30,both_motes,1,1,1,applied_after_channel,valid,0,1,final_application_timeout,800,768,9,9,2,1,2,0,0,0,240000,240000,2,0,18,2,1744,204,0,0,2,0,1,0,1,server_fallback_no_completion,1,0,0,1,120283,1,1,12,17,912,1642,3,2,0,4,1,0,0,1,310000,first_fragment,receiver_after_channel,0,512,MLKEM512,1,1,client,60000,200006,4,V2_RFRAG_FINAL_ACK_APP_RETRY,0,first_fragment,receiver_after_channel,512,MLKEM512,0,0,1,0,0,1,20035,0,1,0,512,0,0,0,client,200006,0,4,client,0,200006,0,4,V2_RFRAG_FINAL_ACK_APP_RETRY,0,1,first_fragment,receiver_after_channel,0,512,MLKEM512,1,server,200006,4,V2_RFRAG_FINAL_ACK_APP_RETRY,first_fragment,receiver_after_channel,512,MLKEM512,120283,0,0,1,0,1,1,10262,1,0,0,512,0,0,0,0,2,2,0,1,1,server,200006,0,4,server,200006,0,4,V2_RFRAG_FINAL_ACK_APP_RETRY
B-kem512-gilbert-prr0p85-L10-loss1-rep10-seed200010-v3,B-kem512-gilbert-prr0p85-L10-loss1-rep10-seed200010,B-kem512-gilbert-prr0p85-L10-loss1-rep10-seed200010,V1,B_V1_V2_FIRST_LOSS,2026-08-19T02:33:48+00:00,COOJA_SIMULATION,gilbert,0.85,10.0,0.0176470588,0.1,first_fragment,1,receiver_after_channel,1,2,1,0,8,96,3,V1_RFRAG_INITIAL_FINAL_ACK,512,200010,10,360,0,0,runs/B-kem512-gilbert-prr0p85-L10-loss1-rep10-seed200010-v3/cooja.log,264167e0184ca702ce27d009433b9c69cfd7956eb69aa969a1427e645f2ebdf9,26591,269,269,end_of_log,success,FAILED_PROTOCOL,client_reported_failure,,1,True,0,0,0,0,0,0,0,0,0,both_motes,7,9,0,1,5,13,4,17,both_motes,1,1,1,applied_after_channel,valid,0,1,final_application_timeout,800,768,9,9,1,0,1,0,0,0,120000,120000,1,0,13,0,1142,0,4,0,1,5,0,1,0,ct_transport_completion_timeout,1,0,0,1,1313,1,1,4,12,408,1040,3,5,0,4,0,0,1,0,190000,first_fragment,receiver_after_channel,0,512,MLKEM512,0,1,client,60000,200010,3,V1_RFRAG_FIRST_FINAL_ACK,0,first_fragment,receiver_after_channel,512,MLKEM512,0,0,0,0,0,0,0,0,0,0,512,0,0,0,client,200010,0,3,client,0,200010,0,3,V1_RFRAG_FIRST_FINAL_ACK,1,0,first_fragment,receiver_after_channel,0,512,MLKEM512,1,server,200010,3,V1_RFRAG_FIRST_FINAL_ACK,first_fragment,receiver_after_channel,512,MLKEM512,1313,0,0,1,0,1,1,10278,1,0,0,512,0,0,0,0,5,1,0,4,0,server,200010,0,3,server,200010,0,3,V1_RFRAG_FIRST_FINAL_ACK
B-kem512-gilbert-prr0p85-L10-loss1-rep10-seed200010-v4,B-kem512-gilbert-prr0p85-L10-loss1-rep10-seed200010,B-kem512-gilbert-prr0p85-L10-loss1-rep10-seed200010,V2,B_V1_V2_FIRST_LOSS,2026-08-19T02:33:48+00:00,COOJA_SIMULATION,gilbert,0.85,10.0,0.0176470588,0.1,first_fragment,1,receiver_after_channel,1,2,1,0,8,96,4,V2_RFRAG_FINAL_ACK_APP_RETRY,512,200010,10,360,0,1,runs/B-kem512-gilbert-prr0p85-L10-loss1-rep10-seed200010-v4/cooja.log,04e2316c815cd1bd8cfd11c22615c0c49d8046916733174448b1992267e18d82,22799,231,231,end_of_log,success,FAILED_PROTOCOL,client_reported_failure,,1,True,0,0,0,0,0,0,0,0,0,both_motes,3,4,0,0,4,12,0,12,both_motes,1,1,1,applied_after_channel,valid,0,1,route_acquisition_timeout,800,768,9,9,1,0,1,0,0,0,125000,125000,1,0,12,0,1040,0,3,0,0,4,0,0,0,server_fallback_no_completion,0,0,0,0,0,0,0,0,11,0,938,0,4,0,0,0,0,0,1,310000,first_fragment,receiver_after_channel,0,512,MLKEM512,1,1,client,60000,200010,4,V2_RFRAG_FINAL_ACK_APP_RETRY,0,first_fragment,receiver_after_channel,512,MLKEM512,0,0,0,0,0,0,0,0,0,0,512,0,0,0,client,200010,0,4,client,0,200010,0,4,V2_RFRAG_FINAL_ACK_APP_RETRY,0,1,first_fragment,receiver_after_channel,0,512,MLKEM512,1,server,200010,4,V2_RFRAG_FINAL_ACK_APP_RETRY,first_fragment,receiver_after_channel,512,MLKEM512,0,0,0,0,0,0,0,0,0,0,0,512,0,0,0,0,4,0,0,0,0,server,200010,0,4,server,200010,0,4,V2_RFRAG_FINAL_ACK_APP_RETRY
B-kem512-gilbert-prr0p85-L10-loss1-rep14-seed200014-v3,B-kem512-gilbert-prr0p85-L10-loss1-rep14-seed200014,B-kem512-gilbert-prr0p85-L10-loss1-rep14-seed200014,V1,B_V1_V2_FIRST_LOSS,2026-08-19T02:33:48+00:00,COOJA_SIMULATION,gilbert,0.85,10.0,0.0176470588,0.1,first_fragment,1,receiver_after_channel,1,2,1,0,8,96,3,V1_RFRAG_INITIAL_FINAL_ACK,512,200014,14,360,0,0,runs/B-kem512-gilbert-prr0p85-L10-loss1-rep14-seed200014-v3/cooja.log,5a5311280993b7495e8cdfb4566b73ca2c74d699c07101a2dffb06773156ce75,20331,201,201,end_of_log,success,FAILED_PROTOCOL,client_reported_failure,,1,True,0,0,0,0,0,0,0,0,0,both_motes,4,5,0,1,1,13,0,13,both_motes,1,1,1,applied_after_channel,valid,0,1,final_application_timeout,800,768,9,9,1,0,1,0,0,0,120000,120000,1,0,13,0,1142,0,4,0,1,5,0,1,0,server_fallback_no_completion,0,0,0,0,0,0,0,0,2,0,204,0,1,0,0,0,0,1,0,190000,first_fragment,receiver_after_channel,0,512,MLKEM512,0,1,client,60000,200014,3,V1_RFRAG_FIRST_FINAL_ACK,0,first_fragment,receiver_after_channel,512,MLKEM512,0,0,0,0,0,0,0,0,0,0,512,0,0,0,client,200014,0,3,client,0,200014,0,3,V1_RFRAG_FIRST_FINAL_ACK,1,0,first_fragment,receiver_after_channel,0,512,MLKEM512,1,server,200014,3,V1_RFRAG_FIRST_FINAL_ACK,first_fragment,receiver_after_channel,512,MLKEM512,0,0,0,1,0,0,1,20060,0,1,0,512,0,0,0,0,1,1,0,0,0,server,200014,0,3,server,200014,0,3,V1_RFRAG_FIRST_FINAL_ACK
B-kem512-gilbert-prr0p85-L10-loss1-rep15-seed200015-v3,B-kem512-gilbert-prr0p85-L10-loss1-rep15-seed200015,B-kem512-gilbert-prr0p85-L10-loss1-rep15-seed200015,V1,B_V1_V2_FIRST_LOSS,2026-08-19T02:33:48+00:00,COOJA_SIMULATION,gilbert,0.85,10.0,0.0176470588,0.1,first_fragment,1,receiver_after_channel,1,2,1,0,8,96,3,V1_RFRAG_INITIAL_FINAL_ACK,512,200015,15,360,0,0,runs/B-kem512-gilbert-prr0p85-L10-loss1-rep15-seed200015-v3/cooja.log,29cf66a8b56d729cbe353f269e3a2efbc77d151244f0f1341201cbdb70386258,30810,313,313,end_of_log,success,FAILED_PROTOCOL,client_reported_failure,,1,True,0,0,0,0,0,0,0,0,5,both_motes,12,8,0,4,7,15,15,30,both_motes,1,1,1,applied_after_channel,valid,0,1,final_application_timeout,800,768,9,9,1,0,1,0,0,0,120000,120000,1,0,15,8,1484,738,6,2,3,3,0,2,1,ct_transport_completion_timeout,1,0,0,1,1431,1,1,15,11,1452,1076,6,5,2,5,0,0,1,0,190000,first_fragment,receiver_after_channel,0,512,MLKEM512,0,1,client,60000,200015,3,V1_RFRAG_FIRST_FINAL_ACK,0,first_fragment,receiver_after_channel,512,MLKEM512,0,0,1,0,0,1,20337,0,1,0,512,2,0,0,client,200015,3,3,client,0,200015,0,3,V1_RFRAG_FIRST_FINAL_ACK,1,0,first_fragment,receiver_after_channel,0,512,MLKEM512,1,server,200015,3,V1_RFRAG_FIRST_FINAL_ACK,first_fragment,receiver_after_channel,512,MLKEM512,1431,0,0,1,0,1,1,10373,1,0,0,512,0,2,0,0,5,3,0,3,1,server,200015,2,3,server,200015,0,3,V1_RFRAG_FIRST_FINAL_ACK
B-kem512-gilbert-prr0p85-L10-loss1-rep15-seed200015-v4,B-kem512-gilbert-prr0p85-L10-loss1-rep15-seed200015,B-kem512-gilbert-prr0p85-L10-loss1-rep15-seed200015,V2,B_V1_V2_FIRST_LOSS,2026-08-19T02:33:48+00:00,COOJA_SIMULATION,gilbert,0.85,10.0,0.0176470588,0.1,first_fragment,1,receiver_after_channel,1,2,1,0,8,96,4,V2_RFRAG_FINAL_ACK_APP_RETRY,512,200015,15,360,0,1,runs/B-kem512-gilbert-prr0p85-L10-loss1-rep15-seed200015-v4/cooja.log,9a94fb44a14790ea363e02ca0f640ac9998370f0e38bf0d485d1c8965cdf65ea,19267,193,193,end_of_log,success,FAILED_PROTOCOL,client_reported_failure,,1,True,0,0,0,0,0,0,0,0,0,both_motes,3,4,0,0,2,12,0,12,both_motes,1,1,1,applied_after_channel,valid,0,1,route_acquisition_timeout,800,768,9,9,1,0,1,0,0,0,125000,125000,1,0,12,0,1040,0,3,0,0,4,0,0,0,server_fallback_no_completion,0,0,0,0,0,0,0,0,9,0,826,0,2,0,0,0,0,0,1,310000,first_fragment,receiver_after_channel,0,512,MLKEM512,1,1,client,60000,200015,4,V2_RFRAG_FINAL_ACK_APP_RETRY,0,first_fragment,receiver_after_channel,512,MLKEM512,0,0,0,0,0,0,0,0,0,0,512,0,0,0,client,200015,0,4,client,0,200015,0,4,V2_RFRAG_FINAL_ACK_APP_RETRY,0,1,first_fragment,receiver_after_channel,0,512,MLKEM512,1,server,200015,4,V2_RFRAG_FINAL_ACK_APP_RETRY,first_fragment,receiver_after_channel,512,MLKEM512,0,0,0,0,0,0,0,0,0,0,0,512,0,0,0,0,2,0,0,0,0,server,200015,0,4,server,200015,0,4,V2_RFRAG_FINAL_ACK_APP_RETRY
B-kem512-gilbert-prr0p85-L10-loss1-rep20-seed200020-v4,B-kem512-gilbert-prr0p85-L10-loss1-rep20-seed200020,B-kem512-gilbert-prr0p85-L10-loss1-rep20-seed200020,V2,B_V1_V2_FIRST_LOSS,2026-08-19T02:33:48+00:00,COOJA_SIMULATION,gilbert,0.85,10.0,0.0176470588,0.1,first_fragment,1,receiver_after_channel,1,2,1,0,8,96,4,V2_RFRAG_FINAL_ACK_APP_RETRY,512,200020,20,360,0,1,runs/B-kem512-gilbert-prr0p85-L10-loss1-rep20-seed200020-v4/cooja.log,11a9055269546a60c617b69058e0ef02a5e6335032343682ef5f03a62b8f8db7,22858,233,233,end_of_log,success,FAILED_PROTOCOL,client_reported_failure,,1,True,0,0,0,0,0,0,0,1,0,both_motes,0,0,2,0,2,18,0,18,both_motes,1,1,1,applied_after_channel,valid,0,1,final_application_timeout,800,768,9,9,2,1,2,0,0,0,240000,240000,2,0,18,0,1744,0,0,0,2,0,2,0,0,server_fallback_no_completion,0,0,0,0,0,0,0,0,10,0,928,0,2,0,0,1,0,0,1,310000,first_fragment,receiver_after_channel,0,512,MLKEM512,1,1,client,60000,200020,4,V2_RFRAG_FINAL_ACK_APP_RETRY,0,first_fragment,receiver_after_channel,512,MLKEM512,0,0,0,0,0,0,0,0,0,0,512,0,0,0,client,200020,0,4,client,0,200020,0,4,V2_RFRAG_FINAL_ACK_APP_RETRY,0,1,first_fragment,receiver_after_channel,0,512,MLKEM512,1,server,200020,4,V2_RFRAG_FINAL_ACK_APP_RETRY,first_fragment,receiver_after_channel,512,MLKEM512,0,0,0,0,0,0,0,0,0,0,0,512,0,0,0,0,2,2,0,0,0,server,200020,0,4,server,200020,0,4,V2_RFRAG_FINAL_ACK_APP_RETRY
B-kem512-gilbert-prr0p85-L10-loss1-rep24-seed200024-v4,B-kem512-gilbert-prr0p85-L10-loss1-rep24-seed200024,B-kem512-gilbert-prr0p85-L10-loss1-rep24-seed200024,V2,B_V1_V2_FIRST_LOSS,2026-08-19T02:33:48+00:00,COOJA_SIMULATION,gilbert,0.85,10.0,0.0176470588,0.1,first_fragment,1,receiver_after_channel,1,2,1,0,8,96,4,V2_RFRAG_FINAL_ACK_APP_RETRY,512,200024,24,360,0,1,runs/B-kem512-gilbert-prr0p85-L10-loss1-rep24-seed200024-v4/cooja.log,f1642d577b23f92c2db68b752cbaa455008d6f18f972e37e6c8080888fa36849,28019,293,293,end_of_log,success,FAILED_PROTOCOL,client_reported_failure,,1,True,0,0,0,0,0,0,0,0,0,both_motes,3,3,1,0,4,12,0,12,both_motes,1,1,1,applied_after_channel,valid,0,1,route_acquisition_timeout,800,768,9,9,1,0,1,0,0,0,125000,125000,1,0,12,0,1040,0,3,0,1,3,1,0,0,server_fallback_no_completion,0,0,0,0,0,0,0,0,11,0,938,0,4,0,0,0,0,0,1,310000,first_fragment,receiver_after_channel,0,512,MLKEM512,1,1,client,60000,200024,4,V2_RFRAG_FINAL_ACK_APP_RETRY,0,first_fragment,receiver_after_channel,512,MLKEM512,0,0,0,0,0,0,0,0,0,0,512,0,0,0,client,200024,0,4,client,0,200024,0,4,V2_RFRAG_FINAL_ACK_APP_RETRY,0,1,first_fragment,receiver_after_channel,0,512,MLKEM512,1,server,200024,4,V2_RFRAG_FINAL_ACK_APP_RETRY,first_fragment,receiver_after_channel,512,MLKEM512,0,0,0,0,0,0,0,0,0,0,0,512,0,0,0,0,4,1,0,0,0,server,200024,0,4,server,200024,0,4,V2_RFRAG_FINAL_ACK_APP_RETRY
B-kem512-gilbert-prr0p85-L10-loss1-rep25-seed200025-v3,B-kem512-gilbert-prr0p85-L10-loss1-rep25-seed200025,B-kem512-gilbert-prr0p85-L10-loss1-rep25-seed200025,V1,B_V1_V2_FIRST_LOSS,2026-08-19T02:33:48+00:00,COOJA_SIMULATION,gilbert,0.85,10.0,0.0176470588,0.1,first_fragment,1,receiver_after_channel,1,2,1,0,8,96,3,V1_RFRAG_INITIAL_FINAL_ACK,512,200025,25,360,0,0,runs/B-kem512-gilbert-prr0p85-L10-loss1-rep25-seed200025-v3/cooja.log,6c9edc11b2ebacf3c16f3fa8fc1235c5afd73f84fc78a0d3729c5b3255618fe8,24958,248,248,end_of_log,success,FAILED_PROTOCOL,client_reported_failure,,1,True,0,0,0,0,0,0,0,0,0,both_motes,7,9,0,1,5,13,4,17,both_motes,1,1,1,applied_after_channel,valid,0,1,final_application_timeout,800,768,9,9,1,0,1,0,0,0,120000,120000,1,0,13,0,1142,0,4,0,1,5,0,1,0,ct_transport_completion_timeout,1,0,0,1,1341,1,1,4,12,408,1040,3,5,0,4,0,0,1,0,190000,first_fragment,receiver_after_channel,0,512,MLKEM512,0,1,client,60000,200025,3,V1_RFRAG_FIRST_FINAL_ACK,0,first_fragment,receiver_after_channel,512,MLKEM512,0,0,0,0,0,0,0,0,0,0,512,0,0,0,client,200025,0,3,client,0,200025,0,3,V1_RFRAG_FIRST_FINAL_ACK,1,0,first_fragment,receiver_after_channel,0,512,MLKEM512,1,server,200025,3,V1_RFRAG_FIRST_FINAL_ACK,first_fragment,receiver_after_channel,512,MLKEM512,1341,0,0,1,0,1,1,10266,1,0,0,512,0,0,0,0,5,1,0,4,0,server,200025,0,3,server,200025,0,3,V1_RFRAG_FIRST_FINAL_ACK
B-kem512-gilbert-prr0p85-L10-loss1-rep25-seed200025-v4,B-kem512-gilbert-prr0p85-L10-loss1-rep25-seed200025,B-kem512-gilbert-prr0p85-L10-loss1-rep25-seed200025,V2,B_V1_V2_FIRST_LOSS,2026-08-19T02:33:48+00:00,COOJA_SIMULATION,gilbert,0.85,10.0,0.0176470588,0.1,first_fragment,1,receiver_after_channel,1,2,1,0,8,96,4,V2_RFRAG_FINAL_ACK_APP_RETRY,512,200025,25,360,0,1,runs/B-kem512-gilbert-prr0p85-L10-loss1-rep25-seed200025-v4/cooja.log,3148cfbb37038bf3adea7c9429544b672753500cec2b57c679d5dbdd0d4c75c2,17678,173,173,end_of_log,success,FAILED_PROTOCOL,client_reported_failure,,1,True,0,0,0,0,0,0,0,1,0,both_motes,3,4,1,0,1,21,0,21,both_motes,1,1,1,applied_after_channel,valid,0,1,final_application_timeout,800,768,9,9,2,1,2,0,0,0,240000,240000,2,0,21,0,1912,0,3,0,1,4,1,0,0,server_fallback_no_completion,0,0,0,0,0,0,0,0,8,0,770,0,1,0,0,1,0,0,1,310000,first_fragment,receiver_after_channel,0,512,MLKEM512,1,1,client,60000,200025,4,V2_RFRAG_FINAL_ACK_APP_RETRY,0,first_fragment,receiver_after_channel,512,MLKEM512,0,0,0,0,0,0,0,0,0,0,512,0,0,0,client,200025,0,4,client,0,200025,0,4,V2_RFRAG_FINAL_ACK_APP_RETRY,0,1,first_fragment,receiver_after_channel,0,512,MLKEM512,1,server,200025,4,V2_RFRAG_FINAL_ACK_APP_RETRY,first_fragment,receiver_after_channel,512,MLKEM512,0,0,0,0,0,0,0,0,0,0,0,512,0,0,0,0,1,1,0,0,0,server,200025,0,4,server,200025,0,4,V2_RFRAG_FINAL_ACK_APP_RETRY
B-kem512-gilbert-prr0p85-L10-loss1-rep28-seed200028-v4,B-kem512-gilbert-prr0p85-L10-loss1-rep28-seed200028,B-kem512-gilbert-prr0p85-L10-loss1-rep28-seed200028,V2,B_V1_V2_FIRST_LOSS,2026-08-19T02:33:48+00:00,COOJA_SIMULATION,gilbert,0.85,10.0,0.0176470588,0.1,first_fragment,1,receiver_after_channel,1,2,1,0,8,96,4,V2_RFRAG_FINAL_ACK_APP_RETRY,512,200028,28,360,0,1,runs/B-kem512-gilbert-prr0p85-L10-loss1-rep28-seed200028-v4/cooja.log,0034ff2cc51e18f4c502ea3ba868384d759caed4a6a35aad9ec22214ad7b9fa1,21465,212,212,end_of_log,success,FAILED_PROTOCOL,client_reported_failure,,1,True,0,0,0,0,0,0,0,1,0,both_motes,3,4,1,0,2,18,12,30,both_motes,1,1,1,applied_after_channel,valid,0,1,final_application_timeout,800,768,9,9,2,1,2,0,0,0,240000,240000,2,0,18,5,1744,510,0,0,2,0,1,0,1,server_fallback_no_completion,1,0,0,1,120287,1,1,12,17,912,1642,3,2,0,4,1,0,0,1,310000,first_fragment,receiver_after_channel,0,512,MLKEM512,1,1,client,60000,200028,4,V2_RFRAG_FINAL_ACK_APP_RETRY,0,first_fragment,receiver_after_channel,512,MLKEM512,0,0,1,0,0,1,20110,0,1,0,512,0,0,0,client,200028,0,4,client,0,200028,0,4,V2_RFRAG_FINAL_ACK_APP_RETRY,0,1,first_fragment,receiver_after_channel,0,512,MLKEM512,1,server,200028,4,V2_RFRAG_FINAL_ACK_APP_RETRY,first_fragment,receiver_after_channel,512,MLKEM512,120287,0,0,1,0,1,1,10263,1,0,0,512,0,0,0,0,2,2,0,1,1,server,200028,0,4,server,200028,0,4,V2_RFRAG_FINAL_ACK_APP_RETRY
B-kem512-gilbert-prr0p85-L10-loss1-rep29-seed200029-v4,B-kem512-gilbert-prr0p85-L10-loss1-rep29-seed200029,B-kem512-gilbert-prr0p85-L10-loss1-rep29-seed200029,V2,B_V1_V2_FIRST_LOSS,2026-08-19T02:33:48+00:00,COOJA_SIMULATION,gilbert,0.85,10.0,0.0176470588,0.1,first_fragment,1,receiver_after_channel,1,2,1,0,8,96,4,V2_RFRAG_FINAL_ACK_APP_RETRY,512,200029,29,360,0,1,runs/B-kem512-gilbert-prr0p85-L10-loss1-rep29-seed200029-v4/cooja.log,f1a7939cb1136b2372665610c666f8e81a3bb76d71ea87f54a6e573fe90998f2,15041,144,144,end_of_log,success,FAILED_PROTOCOL,client_reported_failure,,1,True,0,0,0,0,0,0,0,0,0,both_motes,3,4,0,0,0,12,0,12,both_motes,1,1,1,applied_after_channel,valid,0,1,route_acquisition_timeout,800,768,9,9,1,0,1,0,0,0,125000,125000,1,0,12,0,1040,0,3,0,0,4,0,0,0,server_fallback_no_completion,0,0,0,0,0,0,0,0,4,0,408,0,0,0,0,0,0,0,1,310000,first_fragment,receiver_after_channel,0,512,MLKEM512,1,1,client,60000,200029,4,V2_RFRAG_FINAL_ACK_APP_RETRY,0,first_fragment,receiver_after_channel,512,MLKEM512,0,0,0,0,0,0,0,0,0,0,512,0,0,0,client,200029,0,4,client,0,200029,0,4,V2_RFRAG_FINAL_ACK_APP_RETRY,0,1,first_fragment,receiver_after_channel,0,512,MLKEM512,1,server,200029,4,V2_RFRAG_FINAL_ACK_APP_RETRY,first_fragment,receiver_after_channel,512,MLKEM512,0,0,0,0,0,0,0,0,0,0,0,512,0,0,0,0,0,0,0,0,0,server,200029,0,4,server,200029,0,4,V2_RFRAG_FINAL_ACK_APP_RETRY
B-kem512-gilbert-prr0p85-L10-loss1-rep30-seed200030-v4,B-kem512-gilbert-prr0p85-L10-loss1-rep30-seed200030,B-kem512-gilbert-prr0p85-L10-loss1-rep30-seed200030,V2,B_V1_V2_FIRST_LOSS,2026-08-19T02:33:48+00:00,COOJA_SIMULATION,gilbert,0.85,10.0,0.0176470588,0.1,first_fragment,1,receiver_after_channel,1,2,1,0,8,96,4,V2_RFRAG_FINAL_ACK_APP_RETRY,512,200030,30,360,0,1,runs/B-kem512-gilbert-prr0p85-L10-loss1-rep30-seed200030-v4/cooja.log,900e0991cad93ee139aa8b21d1f4e4b90afb8ef37c075fc25d3cba4d4fa1f829,23278,239,239,end_of_log,success,FAILED_PROTOCOL,client_reported_failure,,1,True,0,0,0,0,0,0,0,0,0,both_motes,3,3,1,0,4,12,0,12,both_motes,1,1,1,applied_after_channel,valid,0,1,route_acquisition_timeout,800,768,9,9,1,0,1,0,0,0,125000,125000,1,0,12,0,1040,0,3,0,1,3,1,0,0,server_fallback_no_completion,0,0,0,0,0,0,0,0,11,0,938,0,4,0,0,0,0,0,1,310000,first_fragment,receiver_after_channel,0,512,MLKEM512,1,1,client,60000,200030,4,V2_RFRAG_FINAL_ACK_APP_RETRY,0,first_fragment,receiver_after_channel,512,MLKEM512,0,0,0,0,0,0,0,0,0,0,512,0,0,0,client,200030,0,4,client,0,200030,0,4,V2_RFRAG_FINAL_ACK_APP_RETRY,0,1,first_fragment,receiver_after_channel,0,512,MLKEM512,1,server,200030,4,V2_RFRAG_FINAL_ACK_APP_RETRY,first_fragment,receiver_after_channel,512,MLKEM512,0,0,0,0,0,0,0,0,0,0,0,512,0,0,0,0,4,1,0,0,0,server,200030,0,4,server,200030,0,4,V2_RFRAG_FINAL_ACK_APP_RETRY
B-kem512-gilbert-prr0p90-L2-loss1-rep01-seed200001-v4,B-kem512-gilbert-prr0p90-L2-loss1-rep01-seed200001,B-kem512-gilbert-prr0p90-L2-loss1-rep01-seed200001,V2,B_V1_V2_FIRST_LOSS,2026-08-19T02:33:48+00:00,COOJA_SIMULATION,gilbert,0.9,2.0,0.0555555556,0.5,first_fragment,1,receiver_after_channel,1,2,1,0,8,96,4,V2_RFRAG_FINAL_ACK_APP_RETRY,512,200001,1,360,0,1,runs/B-kem512-gilbert-prr0p90-L2-loss1-rep01-seed200001-v4/cooja.log,da8b3cc77f3fb84a7bc6260a45c881dd1a217282e4dda6e727a780381fc61aad,21003,210,210,end_of_log,success,FAILED_PROTOCOL,client_reported_failure,,1,True,0,0,0,0,0,0,0,1,0,both_motes,0,0,2,0,3,18,9,27,both_motes,1,1,1,applied_after_channel,valid,0,1,final_application_timeout,800,768,9,9,2,1,2,0,0,0,240000,240000,2,0,18,8,1744,738,0,1,2,0,1,0,1,server_fallback_no_completion,1,0,0,1,120250,1,1,9,17,840,1642,0,2,1,0,1,0,0,1,310000,first_fragment,receiver_after_channel,0,512,MLKEM512,1,1,client,60000,200001,4,V2_RFRAG_FINAL_ACK_APP_RETRY,0,first_fragment,receiver_after_channel,512,MLKEM512,0,0,0,0,0,0,0,0,0,0,512,1,0,0,client,200001,0,4,client,0,200001,0,4,V2_RFRAG_FINAL_ACK_APP_RETRY,0,1,first_fragment,receiver_after_channel,0,512,MLKEM512,1,server,200001,4,V2_RFRAG_FINAL_ACK_APP_RETRY,first_fragment,receiver_after_channel,512,MLKEM512,120250,0,0,1,0,1,1,10206,1,0,0,512,1,0,0,0,2,2,0,1,1,server,200001,0,4,server,200001,0,4,V2_RFRAG_FINAL_ACK_APP_RETRY
B-kem512-gilbert-prr0p90-L2-loss1-rep04-seed200004-v4,B-kem512-gilbert-prr0p90-L2-loss1-rep04-seed200004,B-kem512-gilbert-prr0p90-L2-loss1-rep04-seed200004,V2,B_V1_V2_FIRST_LOSS,2026-08-19T02:33:48+00:00,COOJA_SIMULATION,gilbert,0.9,2.0,0.0555555556,0.5,first_fragment,1,receiver_after_channel,1,2,1,0,8,96,4,V2_RFRAG_FINAL_ACK_APP_RETRY,512,200004,4,360,0,1,runs/B-kem512-gilbert-prr0p90-L2-loss1-rep04-seed200004-v4/cooja.log,0d9314ddbaacfb931e0dfc62d839abe06e1ec0a6f54558e336449796532e73ee,22983,234,234,end_of_log,success,FAILED_PROTOCOL,client_reported_failure,,1,True,0,0,0,0,0,0,0,1,0,both_motes,0,0,2,0,2,18,0,18,both_motes,1,1,1,applied_after_channel,valid,0,1,final_application_timeout,800,768,9,9,2,1,2,0,0,0,240000,240000,2,0,18,0,1744,0,0,0,2,0,2,0,0,server_fallback_no_completion,0,0,0,0,0,0,0,0,11,0,1030,0,2,0,0,1,0,0,1,310000,first_fragment,receiver_after_channel,0,512,MLKEM512,1,1,client,60000,200004,4,V2_RFRAG_FINAL_ACK_APP_RETRY,0,first_fragment,receiver_after_channel,512,MLKEM512,0,0,0,0,0,0,0,0,0,0,512,0,0,0,client,200004,0,4,client,0,200004,0,4,V2_RFRAG_FINAL_ACK_APP_RETRY,0,1,first_fragment,receiver_after_channel,0,512,MLKEM512,1,server,200004,4,V2_RFRAG_FINAL_ACK_APP_RETRY,first_fragment,receiver_after_channel,512,MLKEM512,0,0,0,0,0,0,0,0,0,0,0,512,0,0,0,0,2,2,0,0,0,server,200004,0,4,server,200004,0,4,V2_RFRAG_FINAL_ACK_APP_RETRY
B-kem512-gilbert-prr0p90-L2-loss1-rep06-seed200006-v4,B-kem512-gilbert-prr0p90-L2-loss1-rep06-seed200006,B-kem512-gilbert-prr0p90-L2-loss1-rep06-seed200006,V2,B_V1_V2_FIRST_LOSS,2026-08-19T02:33:48+00:00,COOJA_SIMULATION,gilbert,0.9,2.0,0.0555555556,0.5,first_fragment,1,receiver_after_channel,1,2,1,0,8,96,4,V2_RFRAG_FINAL_ACK_APP_RETRY,512,200006,6,360,0,1,runs/B-kem512-gilbert-prr0p90-L2-loss1-rep06-seed200006-v4/cooja.log,81e6728d14199ce4bb122aa0cc2691787eb627f87758b9fad1bcf3c81dc80543,17020,168,168,end_of_log,success,FAILED_PROTOCOL,client_reported_failure,,1,True,0,0,0,0,0,0,0,1,0,both_motes,0,0,2,0,2,18,0,18,both_motes,1,1,1,applied_after_channel,valid,0,1,final_application_timeout,800,768,9,9,2,1,2,0,0,0,240000,240000,2,0,18,0,1744,0,0,0,2,0,2,0,0,server_fallback_no_completion,0,0,0,0,0,0,0,0,15,0,1438,0,2,0,0,1,0,0,1,310000,first_fragment,receiver_after_channel,0,512,MLKEM512,1,1,client,60000,200006,4,V2_RFRAG_FINAL_ACK_APP_RETRY,0,first_fragment,receiver_after_channel,512,MLKEM512,0,0,0,0,0,0,0,0,0,0,512,0,0,0,client,200006,0,4,client,0,200006,0,4,V2_RFRAG_FINAL_ACK_APP_RETRY,0,1,first_fragment,receiver_after_channel,0,512,MLKEM512,1,server,200006,4,V2_RFRAG_FINAL_ACK_APP_RETRY,first_fragment,receiver_after_channel,512,MLKEM512,0,0,0,0,0,0,0,0,0,0,0,512,0,0,0,0,2,2,0,0,0,server,200006,0,4,server,200006,0,4,V2_RFRAG_FINAL_ACK_APP_RETRY
B-kem512-gilbert-prr0p90-L2-loss1-rep09-seed200009-v4,B-kem512-gilbert-prr0p90-L2-loss1-rep09-seed200009,B-kem512-gilbert-prr0p90-L2-loss1-rep09-seed200009,V2,B_V1_V2_FIRST_LOSS,2026-08-19T02:33:48+00:00,COOJA_SIMULATION,gilbert,0.9,2.0,0.0555555556,0.5,first_fragment,1,receiver_after_channel,1,2,1,0,8,96,4,V2_RFRAG_FINAL_ACK_APP_RETRY,512,200009,9,360,0,1,runs/B-kem512-gilbert-prr0p90-L2-loss1-rep09-seed200009-v4/cooja.log,a7d7650a67a72c1f7b7425bddbdfbf88a45e97906ef1f3596d3ab2c0146669c0,21210,216,216,end_of_log,success_with_warnings,FAILED_PROTOCOL,client_reported_failure,"perte ciblée armée, mais le canal/radio a perdu la trame avant le hook receiver",1,True,0,0,0,0,0,0,0,0,0,both_motes,0,0,1,0,1,9,0,9,both_motes,1,1,0,radio_preempted,valid,0,1,route_acquisition_timeout,800,768,9,9,1,0,1,0,0,0,125000,125000,1,0,9,0,872,0,0,0,1,0,1,0,0,server_fallback_no_completion,0,0,0,0,0,0,0,0,6,0,566,0,1,0,0,0,0,0,1,310000,first_fragment,receiver_after_channel,0,512,MLKEM512,1,1,client,60000,200009,4,V2_RFRAG_FINAL_ACK_APP_RETRY,0,first_fragment,receiver_after_channel,512,MLKEM512,0,0,0,0,0,0,0,0,0,0,512,0,0,0,client,200009,0,4,client,0,200009,0,4,V2_RFRAG_FINAL_ACK_APP_RETRY,0,1,first_fragment,receiver_after_channel,0,512,MLKEM512,1,server,200009,4,V2_RFRAG_FINAL_ACK_APP_RETRY,first_fragment,receiver_after_channel,512,MLKEM512,0,0,0,0,0,0,0,0,0,0,0,512,0,0,0,0,1,0,0,0,0,server,200009,0,4,server,200009,0,4,V2_RFRAG_FINAL_ACK_APP_RETRY
B-kem512-gilbert-prr0p90-L2-loss1-rep24-seed200024-v4,B-kem512-gilbert-prr0p90-L2-loss1-rep24-seed200024,B-kem512-gilbert-prr0p90-L2-loss1-rep24-seed200024,V2,B_V1_V2_FIRST_LOSS,2026-08-19T02:33:48+00:00,COOJA_SIMULATION,gilbert,0.9,2.0,0.0555555556,0.5,first_fragment,1,receiver_after_channel,1,2,1,0,8,96,4,V2_RFRAG_FINAL_ACK_APP_RETRY,512,200024,24,360,0,1,runs/B-kem512-gilbert-prr0p90-L2-loss1-rep24-seed200024-v4/cooja.log,2f4b4e1780c5cf288246f58ac7c0e389d8c986115c56c747965d4bd95340f8c7,25548,264,264,end_of_log,success,FAILED_PROTOCOL,client_reported_failure,,1,True,0,0,0,0,0,0,0,0,0,both_motes,1,1,1,0,1,10,0,10,both_motes,1,1,1,applied_after_channel,valid,0,1,route_acquisition_timeout,800,768,9,9,1,0,1,0,0,0,125000,125000,1,0,10,0,928,0,1,0,1,1,1,0,0,server_fallback_no_completion,0,0,0,0,0,0,0,0,7,0,668,0,1,0,0,0,0,0,1,310000,first_fragment,receiver_after_channel,0,512,MLKEM512,1,1,client,60000,200024,4,V2_RFRAG_FINAL_ACK_APP_RETRY,0,first_fragment,receiver_after_channel,512,MLKEM512,0,0,0,0,0,0,0,0,0,0,512,0,0,0,client,200024,0,4,client,0,200024,0,4,V2_RFRAG_FINAL_ACK_APP_RETRY,0,1,first_fragment,receiver_after_channel,0,512,MLKEM512,1,server,200024,4,V2_RFRAG_FINAL_ACK_APP_RETRY,first_fragment,receiver_after_channel,512,MLKEM512,0,0,0,0,0,0,0,0,0,0,0,512,0,0,0,0,1,1,0,0,0,server,200024,0,4,server,200024,0,4,V2_RFRAG_FINAL_ACK_APP_RETRY
B-kem512-gilbert-prr0p90-L2-loss1-rep25-seed200025-v3,B-kem512-gilbert-prr0p90-L2-loss1-rep25-seed200025,B-kem512-gilbert-prr0p90-L2-loss1-rep25-seed200025,V1,B_V1_V2_FIRST_LOSS,2026-08-19T02:33:48+00:00,COOJA_SIMULATION,gilbert,0.9,2.0,0.0555555556,0.5,first_fragment,1,receiver_after_channel,1,2,1,0,8,96,3,V1_RFRAG_INITIAL_FINAL_ACK,512,200025,25,360,0,0,runs/B-kem512-gilbert-prr0p90-L2-loss1-rep25-seed200025-v3/cooja.log,fd730ff49a00aef2dce7a6e9cfaf52fed82028e76cbf5f3f9785df65f934b8b9,24857,253,253,end_of_log,success,FAILED_PROTOCOL,client_reported_failure,,1,True,0,0,0,0,0,0,0,0,0,both_motes,5,6,0,1,1,14,0,14,both_motes,1,1,1,applied_after_channel,valid,0,1,final_application_timeout,800,768,9,9,1,0,1,0,0,0,120000,120000,1,0,14,0,1244,0,5,0,1,6,0,1,0,server_fallback_no_completion,0,0,0,0,0,0,0,0,8,0,816,0,1,0,0,0,0,1,0,190000,first_fragment,receiver_after_channel,0,512,MLKEM512,0,1,client,60000,200025,3,V1_RFRAG_FIRST_FINAL_ACK,0,first_fragment,receiver_after_channel,512,MLKEM512,0,0,0,0,0,0,0,0,0,0,512,0,0,0,client,200025,0,3,client,0,200025,0,3,V1_RFRAG_FIRST_FINAL_ACK,1,0,first_fragment,receiver_after_channel,0,512,MLKEM512,1,server,200025,3,V1_RFRAG_FIRST_FINAL_ACK,first_fragment,receiver_after_channel,512,MLKEM512,0,0,0,1,0,0,1,20225,0,1,0,512,0,0,0,0,1,1,0,0,0,server,200025,0,3,server,200025,0,3,V1_RFRAG_FIRST_FINAL_ACK
B-kem512-gilbert-prr0p90-L2-loss1-rep25-seed200025-v4,B-kem512-gilbert-prr0p90-L2-loss1-rep25-seed200025,B-kem512-gilbert-prr0p90-L2-loss1-rep25-seed200025,V2,B_V1_V2_FIRST_LOSS,2026-08-19T02:33:48+00:00,COOJA_SIMULATION,gilbert,0.9,2.0,0.0555555556,0.5,first_fragment,1,receiver_after_channel,1,2,1,0,8,96,4,V2_RFRAG_FINAL_ACK_APP_RETRY,512,200025,25,360,0,1,runs/B-kem512-gilbert-prr0p90-L2-loss1-rep25-seed200025-v4/cooja.log,1b674151e4c1ceb533a591e88732de7fe7df326fe43773b011f63f3c4966c4f5,16943,167,167,end_of_log,success,FAILED_PROTOCOL,client_reported_failure,,1,True,0,0,0,0,0,0,0,1,0,both_motes,0,0,2,0,2,18,0,18,both_motes,1,1,1,applied_after_channel,valid,0,1,final_application_timeout,800,768,9,9,2,1,2,0,0,0,240000,240000,2,0,18,0,1744,0,0,0,2,0,2,0,0,server_fallback_no_completion,0,0,0,0,0,0,0,0,15,0,1438,0,2,0,0,1,0,0,1,310000,first_fragment,receiver_after_channel,0,512,MLKEM512,1,1,client,60000,200025,4,V2_RFRAG_FINAL_ACK_APP_RETRY,0,first_fragment,receiver_after_channel,512,MLKEM512,0,0,0,0,0,0,0,0,0,0,512,0,0,0,client,200025,0,4,client,0,200025,0,4,V2_RFRAG_FINAL_ACK_APP_RETRY,0,1,first_fragment,receiver_after_channel,0,512,MLKEM512,1,server,200025,4,V2_RFRAG_FINAL_ACK_APP_RETRY,first_fragment,receiver_after_channel,512,MLKEM512,0,0,0,0,0,0,0,0,0,0,0,512,0,0,0,0,2,2,0,0,0,server,200025,0,4,server,200025,0,4,V2_RFRAG_FINAL_ACK_APP_RETRY
B-kem512-gilbert-prr0p90-L2-loss1-rep29-seed200029-v4,B-kem512-gilbert-prr0p90-L2-loss1-rep29-seed200029,B-kem512-gilbert-prr0p90-L2-loss1-rep29-seed200029,V2,B_V1_V2_FIRST_LOSS,2026-08-19T02:33:48+00:00,COOJA_SIMULATION,gilbert,0.9,2.0,0.0555555556,0.5,first_fragment,1,receiver_after_channel,1,2,1,0,8,96,4,V2_RFRAG_FINAL_ACK_APP_RETRY,512,200029,29,360,0,1,runs/B-kem512-gilbert-prr0p90-L2-loss1-rep29-seed200029-v4/cooja.log,ae881874aae20192ea53b47a0b3f468824a9a64bd9ff572291af009925751aa6,22429,229,229,end_of_log,success,FAILED_PROTOCOL,client_reported_failure,,1,True,0,0,0,0,0,0,0,0,0,both_motes,0,0,1,0,1,9,0,9,both_motes,1,1,1,applied_after_channel,valid,0,1,route_acquisition_timeout,800,768,9,9,1,0,1,0,0,0,125000,125000,1,0,9,0,872,0,0,0,1,0,1,0,0,server_fallback_no_completion,0,0,0,0,0,0,0,0,6,0,566,0,1,0,0,0,0,0,1,310000,first_fragment,receiver_after_channel,0,512,MLKEM512,1,1,client,60000,200029,4,V2_RFRAG_FINAL_ACK_APP_RETRY,0,first_fragment,receiver_after_channel,512,MLKEM512,0,0,0,0,0,0,0,0,0,0,512,0,0,0,client,200029,0,4,client,0,200029,0,4,V2_RFRAG_FINAL_ACK_APP_RETRY,0,1,first_fragment,receiver_after_channel,0,512,MLKEM512,1,server,200029,4,V2_RFRAG_FINAL_ACK_APP_RETRY,first_fragment,receiver_after_channel,512,MLKEM512,0,0,0,0,0,0,0,0,0,0,0,512,0,0,0,0,1,1,0,0,0,server,200029,0,4,server,200029,0,4,V2_RFRAG_FINAL_ACK_APP_RETRY
B-kem512-gilbert-prr0p90-L2-loss1-rep30-seed200030-v4,B-kem512-gilbert-prr0p90-L2-loss1-rep30-seed200030,B-kem512-gilbert-prr0p90-L2-loss1-rep30-seed200030,V2,B_V1_V2_FIRST_LOSS,2026-08-19T02:33:48+00:00,COOJA_SIMULATION,gilbert,0.9,2.0,0.0555555556,0.5,first_fragment,1,receiver_after_channel,1,2,1,0,8,96,4,V2_RFRAG_FINAL_ACK_APP_RETRY,512,200030,30,360,0,1,runs/B-kem512-gilbert-prr0p90-L2-loss1-rep30-seed200030-v4/cooja.log,3b185b2a9665e18a376798b2c5d65c87e3902d18ab0e3d89d845d8bf4e121520,22153,219,219,end_of_log,success,FAILED_PROTOCOL,client_reported_failure,,1,True,0,0,0,0,0,0,0,1,3,both_motes,5,3,1,1,3,18,14,32,both_motes,1,1,1,applied_after_channel,valid,0,1,final_application_timeout,800,768,9,9,2,1,2,0,0,0,240000,240000,2,0,18,7,1744,636,0,1,2,0,1,0,1,server_fallback_no_completion,1,0,0,1,120254,1,1,14,16,1350,1540,5,2,1,3,1,0,0,1,310000,first_fragment,receiver_after_channel,0,512,MLKEM512,1,1,client,60000,200030,4,V2_RFRAG_FINAL_ACK_APP_RETRY,0,first_fragment,receiver_after_channel,512,MLKEM512,0,0,1,0,0,1,20221,0,1,0,512,1,0,0,client,200030,0,4,client,0,200030,0,4,V2_RFRAG_FINAL_ACK_APP_RETRY,0,1,first_fragment,receiver_after_channel,0,512,MLKEM512,1,server,200030,4,V2_RFRAG_FINAL_ACK_APP_RETRY,first_fragment,receiver_after_channel,512,MLKEM512,120254,0,0,1,0,1,1,10214,1,0,0,512,0,1,0,0,2,2,0,1,1,server,200030,3,4,server,200030,0,4,V2_RFRAG_FINAL_ACK_APP_RETRY
B-kem512-gilbert-prr0p90-L5-loss1-rep04-seed200004-v4,B-kem512-gilbert-prr0p90-L5-loss1-rep04-seed200004,B-kem512-gilbert-prr0p90-L5-loss1-rep04-seed200004,V2,B_V1_V2_FIRST_LOSS,2026-08-19T02:33:48+00:00,COOJA_SIMULATION,gilbert,0.9,5.0,0.0222222222,0.2,first_fragment,1,receiver_after_channel,1,2,1,0,8,96,4,V2_RFRAG_FINAL_ACK_APP_RETRY,512,200004,4,360,0,1,runs/B-kem512-gilbert-prr0p90-L5-loss1-rep04-seed200004-v4/cooja.log,19e1de7e5cc7bbb5ff56cc6fda4fddd26e4afdd2dc77cb9ec719efca272f2864,22092,221,221,end_of_log,success,FAILED_PROTOCOL,client_reported_failure,,1,True,0,0,0,0,0,0,0,1,0,both_motes,3,4,1,0,1,21,0,21,both_motes,1,1,1,applied_after_channel,valid,0,1,final_application_timeout,800,768,9,9,2,1,2,0,0,0,240000,240000,2,0,21,0,1912,0,3,0,1,4,1,0,0,server_fallback_no_completion,0,0,0,0,0,0,0,0,14,0,1382,0,1,0,0,1,0,0,1,310000,first_fragment,receiver_after_channel,0,512,MLKEM512,1,1,client,60000,200004,4,V2_RFRAG_FINAL_ACK_APP_RETRY,0,first_fragment,receiver_after_channel,512,MLKEM512,0,0,0,0,0,0,0,0,0,0,512,0,0,0,client,200004,0,4,client,0,200004,0,4,V2_RFRAG_FINAL_ACK_APP_RETRY,0,1,first_fragment,receiver_after_channel,0,512,MLKEM512,1,server,200004,4,V2_RFRAG_FINAL_ACK_APP_RETRY,first_fragment,receiver_after_channel,512,MLKEM512,0,0,0,1,0,0,1,20219,0,1,0,512,0,0,0,0,1,1,0,0,0,server,200004,0,4,server,200004,0,4,V2_RFRAG_FINAL_ACK_APP_RETRY
B-kem512-gilbert-prr0p90-L5-loss1-rep10-seed200010-v3,B-kem512-gilbert-prr0p90-L5-loss1-rep10-seed200010,B-kem512-gilbert-prr0p90-L5-loss1-rep10-seed200010,V1,B_V1_V2_FIRST_LOSS,2026-08-19T02:33:48+00:00,COOJA_SIMULATION,gilbert,0.9,5.0,0.0222222222,0.2,first_fragment,1,receiver_after_channel,1,2,1,0,8,96,3,V1_RFRAG_INITIAL_FINAL_ACK,512,200010,10,360,0,0,runs/B-kem512-gilbert-prr0p90-L5-loss1-rep10-seed200010-v3/cooja.log,0825e9447a8e08eec8003fac0078f86b5c0912d7c6b76cc8d507131c25e2c353,19199,186,186,end_of_log,success,FAILED_PROTOCOL,client_reported_failure,,1,True,0,0,0,0,0,0,0,0,0,both_motes,4,5,0,2,3,10,12,22,both_motes,1,1,1,applied_after_channel,valid,0,1,final_application_timeout,800,768,9,9,1,0,1,0,0,0,120000,120000,1,0,10,8,974,816,1,1,2,1,0,1,1,ct_transport_completion_timeout,1,0,0,1,1299,1,1,12,9,912,872,3,2,1,4,0,0,1,0,190000,first_fragment,receiver_after_channel,0,512,MLKEM512,0,1,client,60000,200010,3,V1_RFRAG_FIRST_FINAL_ACK,0,first_fragment,receiver_after_channel,512,MLKEM512,0,0,1,0,0,1,20263,0,1,0,512,1,0,0,client,200010,0,3,client,0,200010,0,3,V1_RFRAG_FIRST_FINAL_ACK,1,0,first_fragment,receiver_after_channel,0,512,MLKEM512,1,server,200010,3,V1_RFRAG_FIRST_FINAL_ACK,first_fragment,receiver_after_channel,512,MLKEM512,1299,0,0,1,0,1,1,10264,1,0,0,512,0,1,0,0,2,2,0,1,1,server,200010,0,3,server,200010,0,3,V1_RFRAG_FIRST_FINAL_ACK
B-kem512-gilbert-prr0p90-L5-loss1-rep10-seed200010-v4,B-kem512-gilbert-prr0p90-L5-loss1-rep10-seed200010,B-kem512-gilbert-prr0p90-L5-loss1-rep10-seed200010,V2,B_V1_V2_FIRST_LOSS,2026-08-19T02:33:48+00:00,COOJA_SIMULATION,gilbert,0.9,5.0,0.0222222222,0.2,first_fragment,1,receiver_after_channel,1,2,1,0,8,96,4,V2_RFRAG_FINAL_ACK_APP_RETRY,512,200010,10,360,0,1,runs/B-kem512-gilbert-prr0p90-L5-loss1-rep10-seed200010-v4/cooja.log,78444368fdff06d20f6865f978a6c5214150724ad9289f731c595b0ae59b9571,21391,214,214,end_of_log,success,FAILED_PROTOCOL,client_reported_failure,,1,True,0,0,0,0,0,0,0,1,0,both_motes,1,1,2,0,4,19,9,28,both_motes,1,1,1,applied_after_channel,valid,0,1,final_application_timeout,800,768,9,9,2,1,2,0,0,0,240000,240000,2,0,19,7,1800,636,1,1,2,1,1,0,1,server_fallback_no_completion,1,0,0,1,120233,1,1,9,18,840,1698,0,3,1,0,1,0,0,1,310000,first_fragment,receiver_after_channel,0,512,MLKEM512,1,1,client,60000,200010,4,V2_RFRAG_FINAL_ACK_APP_RETRY,0,first_fragment,receiver_after_channel,512,MLKEM512,0,0,0,0,0,0,0,0,0,0,512,1,0,0,client,200010,0,4,client,0,200010,0,4,V2_RFRAG_FINAL_ACK_APP_RETRY,0,1,first_fragment,receiver_after_channel,0,512,MLKEM512,1,server,200010,4,V2_RFRAG_FINAL_ACK_APP_RETRY,first_fragment,receiver_after_channel,512,MLKEM512,120233,0,0,1,0,1,1,10209,1,0,0,512,1,0,0,0,3,2,0,2,1,server,200010,0,4,server,200010,0,4,V2_RFRAG_FINAL_ACK_APP_RETRY
B-kem512-gilbert-prr0p90-L5-loss1-rep14-seed200014-v3,B-kem512-gilbert-prr0p90-L5-loss1-rep14-seed200014,B-kem512-gilbert-prr0p90-L5-loss1-rep14-seed200014,V1,B_V1_V2_FIRST_LOSS,2026-08-19T02:33:48+00:00,COOJA_SIMULATION,gilbert,0.9,5.0,0.0222222222,0.2,first_fragment,1,receiver_after_channel,1,2,1,0,8,96,3,V1_RFRAG_INITIAL_FINAL_ACK,512,200014,14,360,0,0,runs/B-kem512-gilbert-prr0p90-L5-loss1-rep14-seed200014-v3/cooja.log,5a5311280993b7495e8cdfb4566b73ca2c74d699c07101a2dffb06773156ce75,20331,201,201,end_of_log,success,FAILED_PROTOCOL,client_reported_failure,,1,True,0,0,0,0,0,0,0,0,0,both_motes,4,5,0,1,1,13,0,13,both_motes,1,1,1,applied_after_channel,valid,0,1,final_application_timeout,800,768,9,9,1,0,1,0,0,0,120000,120000,1,0,13,0,1142,0,4,0,1,5,0,1,0,server_fallback_no_completion,0,0,0,0,0,0,0,0,2,0,204,0,1,0,0,0,0,1,0,190000,first_fragment,receiver_after_channel,0,512,MLKEM512,0,1,client,60000,200014,3,V1_RFRAG_FIRST_FINAL_ACK,0,first_fragment,receiver_after_channel,512,MLKEM512,0,0,0,0,0,0,0,0,0,0,512,0,0,0,client,200014,0,3,client,0,200014,0,3,V1_RFRAG_FIRST_FINAL_ACK,1,0,first_fragment,receiver_after_channel,0,512,MLKEM512,1,server,200014,3,V1_RFRAG_FIRST_FINAL_ACK,first_fragment,receiver_after_channel,512,MLKEM512,0,0,0,1,0,0,1,20060,0,1,0,512,0,0,0,0,1,1,0,0,0,server,200014,0,3,server,200014,0,3,V1_RFRAG_FIRST_FINAL_ACK
B-kem512-gilbert-prr0p90-L5-loss1-rep15-seed200015-v3,B-kem512-gilbert-prr0p90-L5-loss1-rep15-seed200015,B-kem512-gilbert-prr0p90-L5-loss1-rep15-seed200015,V1,B_V1_V2_FIRST_LOSS,2026-08-19T02:33:48+00:00,COOJA_SIMULATION,gilbert,0.9,5.0,0.0222222222,0.2,first_fragment,1,receiver_after_channel,1,2,1,0,8,96,3,V1_RFRAG_INITIAL_FINAL_ACK,512,200015,15,360,0,0,runs/B-kem512-gilbert-prr0p90-L5-loss1-rep15-seed200015-v3/cooja.log,0a0d1c9455af9db78ef5ac7a874004d85c02b061026a097da0d0ebc2675fb64a,20937,208,208,end_of_log,success,FAILED_PROTOCOL,client_reported_failure,,1,True,0,0,0,0,0,0,0,0,3,both_motes,6,4,0,2,3,15,0,15,both_motes,1,1,1,applied_after_channel,valid,0,1,final_application_timeout,800,768,9,9,1,0,1,0,0,0,120000,120000,1,0,15,0,1484,0,6,0,2,4,0,2,0,server_fallback_no_completion,0,0,0,0,0,0,0,0,8,0,770,0,3,0,0,0,0,1,0,190000,first_fragment,receiver_after_channel,0,512,MLKEM512,0,1,client,60000,200015,3,V1_RFRAG_FIRST_FINAL_ACK,0,first_fragment,receiver_after_channel,512,MLKEM512,0,0,0,0,0,0,0,0,0,0,512,0,0,0,client,200015,3,3,client,0,200015,0,3,V1_RFRAG_FIRST_FINAL_ACK,1,0,first_fragment,receiver_after_channel,0,512,MLKEM512,1,server,200015,3,V1_RFRAG_FIRST_FINAL_ACK,first_fragment,receiver_after_channel,512,MLKEM512,0,0,0,1,0,0,1,23420,0,1,0,512,0,0,0,0,3,2,0,0,0,server,200015,0,3,server,200015,0,3,V1_RFRAG_FIRST_FINAL_ACK
B-kem512-gilbert-prr0p90-L5-loss1-rep15-seed200015-v4,B-kem512-gilbert-prr0p90-L5-loss1-rep15-seed200015,B-kem512-gilbert-prr0p90-L5-loss1-rep15-seed200015,V2,B_V1_V2_FIRST_LOSS,2026-08-19T02:33:48+00:00,COOJA_SIMULATION,gilbert,0.9,5.0,0.0222222222,0.2,first_fragment,1,receiver_after_channel,1,2,1,0,8,96,4,V2_RFRAG_FINAL_ACK_APP_RETRY,512,200015,15,360,0,1,runs/B-kem512-gilbert-prr0p90-L5-loss1-rep15-seed200015-v4/cooja.log,258a2aea2854b86e9c7ae6ce9496797aef7e852df0823bfb515cd6ca275612af,21793,221,221,end_of_log,success,FAILED_PROTOCOL,client_reported_failure,,1,True,0,0,0,0,0,0,0,0,0,both_motes,3,4,0,0,2,12,0,12,both_motes,1,1,1,applied_after_channel,valid,0,1,route_acquisition_timeout,800,768,9,9,1,0,1,0,0,0,125000,125000,1,0,12,0,1040,0,3,0,0,4,0,0,0,server_fallback_no_completion,0,0,0,0,0,0,0,0,9,0,826,0,2,0,0,0,0,0,1,310000,first_fragment,receiver_after_channel,0,512,MLKEM512,1,1,client,60000,200015,4,V2_RFRAG_FINAL_ACK_APP_RETRY,0,first_fragment,receiver_after_channel,512,MLKEM512,0,0,0,0,0,0,0,0,0,0,512,0,0,0,client,200015,0,4,client,0,200015,0,4,V2_RFRAG_FINAL_ACK_APP_RETRY,0,1,first_fragment,receiver_after_channel,0,512,MLKEM512,1,server,200015,4,V2_RFRAG_FINAL_ACK_APP_RETRY,first_fragment,receiver_after_channel,512,MLKEM512,0,0,0,0,0,0,0,0,0,0,0,512,0,0,0,0,2,0,0,0,0,server,200015,0,4,server,200015,0,4,V2_RFRAG_FINAL_ACK_APP_RETRY
B-kem512-gilbert-prr0p90-L5-loss1-rep20-seed200020-v4,B-kem512-gilbert-prr0p90-L5-loss1-rep20-seed200020,B-kem512-gilbert-prr0p90-L5-loss1-rep20-seed200020,V2,B_V1_V2_FIRST_LOSS,2026-08-19T02:33:48+00:00,COOJA_SIMULATION,gilbert,0.9,5.0,0.0222222222,0.2,first_fragment,1,receiver_after_channel,1,2,1,0,8,96,4,V2_RFRAG_FINAL_ACK_APP_RETRY,512,200020,20,360,0,1,runs/B-kem512-gilbert-prr0p90-L5-loss1-rep20-seed200020-v4/cooja.log,11a9055269546a60c617b69058e0ef02a5e6335032343682ef5f03a62b8f8db7,22858,233,233,end_of_log,success,FAILED_PROTOCOL,client_reported_failure,,1,True,0,0,0,0,0,0,0,1,0,both_motes,0,0,2,0,2,18,0,18,both_motes,1,1,1,applied_after_channel,valid,0,1,final_application_timeout,800,768,9,9,2,1,2,0,0,0,240000,240000,2,0,18,0,1744,0,0,0,2,0,2,0,0,server_fallback_no_completion,0,0,0,0,0,0,0,0,10,0,928,0,2,0,0,1,0,0,1,310000,first_fragment,receiver_after_channel,0,512,MLKEM512,1,1,client,60000,200020,4,V2_RFRAG_FINAL_ACK_APP_RETRY,0,first_fragment,receiver_after_channel,512,MLKEM512,0,0,0,0,0,0,0,0,0,0,512,0,0,0,client,200020,0,4,client,0,200020,0,4,V2_RFRAG_FINAL_ACK_APP_RETRY,0,1,first_fragment,receiver_after_channel,0,512,MLKEM512,1,server,200020,4,V2_RFRAG_FINAL_ACK_APP_RETRY,first_fragment,receiver_after_channel,512,MLKEM512,0,0,0,0,0,0,0,0,0,0,0,512,0,0,0,0,2,2,0,0,0,server,200020,0,4,server,200020,0,4,V2_RFRAG_FINAL_ACK_APP_RETRY
B-kem512-gilbert-prr0p90-L5-loss1-rep25-seed200025-v3,B-kem512-gilbert-prr0p90-L5-loss1-rep25-seed200025,B-kem512-gilbert-prr0p90-L5-loss1-rep25-seed200025,V1,B_V1_V2_FIRST_LOSS,2026-08-19T02:33:48+00:00,COOJA_SIMULATION,gilbert,0.9,5.0,0.0222222222,0.2,first_fragment,1,receiver_after_channel,1,2,1,0,8,96,3,V1_RFRAG_INITIAL_FINAL_ACK,512,200025,25,360,0,0,runs/B-kem512-gilbert-prr0p90-L5-loss1-rep25-seed200025-v3/cooja.log,e3ad8ae87574936a29d6b59ddd7261491c845171079770e851125b5ab76a6f2a,18309,178,178,end_of_log,success,FAILED_PROTOCOL,client_reported_failure,,1,True,0,0,0,0,0,0,0,0,0,both_motes,3,4,0,0,0,4,0,4,both_motes,1,1,1,applied_after_channel,valid,0,1,final_application_timeout,800,768,9,9,1,0,1,0,0,0,120000,120000,1,0,4,0,408,0,3,0,0,4,0,0,0,server_fallback_no_completion,0,0,0,0,0,0,0,0,0,0,0,0,0,0,0,0,0,1,0,190000,first_fragment,receiver_after_channel,0,512,MLKEM512,0,1,client,60000,200025,3,V1_RFRAG_FIRST_FINAL_ACK,0,first_fragment,receiver_after_channel,512,MLKEM512,0,0,0,0,0,0,0,0,0,0,512,0,0,0,client,200025,0,3,client,0,200025,0,3,V1_RFRAG_FIRST_FINAL_ACK,1,0,first_fragment,receiver_after_channel,0,512,MLKEM512,1,server,200025,3,V1_RFRAG_FIRST_FINAL_ACK,first_fragment,receiver_after_channel,512,MLKEM512,0,0,0,0,0,0,0,0,0,0,0,512,0,0,0,0,0,0,0,0,0,server,200025,0,3,server,200025,0,3,V1_RFRAG_FIRST_FINAL_ACK
B-kem512-gilbert-prr0p90-L5-loss1-rep25-seed200025-v4,B-kem512-gilbert-prr0p90-L5-loss1-rep25-seed200025,B-kem512-gilbert-prr0p90-L5-loss1-rep25-seed200025,V2,B_V1_V2_FIRST_LOSS,2026-08-19T02:33:48+00:00,COOJA_SIMULATION,gilbert,0.9,5.0,0.0222222222,0.2,first_fragment,1,receiver_after_channel,1,2,1,0,8,96,4,V2_RFRAG_FINAL_ACK_APP_RETRY,512,200025,25,360,0,1,runs/B-kem512-gilbert-prr0p90-L5-loss1-rep25-seed200025-v4/cooja.log,d4db0c68b8cca653d699eeaa667e6e80fbb2beb59244bb362d733bedeaef6d2a,24977,254,254,end_of_log,success,FAILED_PROTOCOL,client_reported_failure,,1,True,0,0,0,0,0,0,0,0,0,both_motes,2,2,1,0,1,11,0,11,both_motes,1,1,1,applied_after_channel,valid,0,1,route_acquisition_timeout,800,768,9,9,1,0,1,0,0,0,125000,125000,1,0,11,0,984,0,2,0,1,2,1,0,0,server_fallback_no_completion,0,0,0,0,0,0,0,0,1,0,56,0,1,0,0,0,0,0,1,310000,first_fragment,receiver_after_channel,0,512,MLKEM512,1,1,client,60000,200025,4,V2_RFRAG_FINAL_ACK_APP_RETRY,0,first_fragment,receiver_after_channel,512,MLKEM512,0,0,0,0,0,0,0,0,0,0,512,0,0,0,client,200025,0,4,client,0,200025,0,4,V2_RFRAG_FINAL_ACK_APP_RETRY,0,1,first_fragment,receiver_after_channel,0,512,MLKEM512,1,server,200025,4,V2_RFRAG_FINAL_ACK_APP_RETRY,first_fragment,receiver_after_channel,512,MLKEM512,0,0,0,0,0,0,0,0,0,0,0,512,0,0,0,0,1,1,0,0,0,server,200025,0,4,server,200025,0,4,V2_RFRAG_FINAL_ACK_APP_RETRY
B-kem512-gilbert-prr0p90-L5-loss1-rep28-seed200028-v4,B-kem512-gilbert-prr0p90-L5-loss1-rep28-seed200028,B-kem512-gilbert-prr0p90-L5-loss1-rep28-seed200028,V2,B_V1_V2_FIRST_LOSS,2026-08-19T02:33:48+00:00,COOJA_SIMULATION,gilbert,0.9,5.0,0.0222222222,0.2,first_fragment,1,receiver_after_channel,1,2,1,0,8,96,4,V2_RFRAG_FINAL_ACK_APP_RETRY,512,200028,28,360,0,1,runs/B-kem512-gilbert-prr0p90-L5-loss1-rep28-seed200028-v4/cooja.log,0034ff2cc51e18f4c502ea3ba868384d759caed4a6a35aad9ec22214ad7b9fa1,21465,212,212,end_of_log,success,FAILED_PROTOCOL,client_reported_failure,,1,True,0,0,0,0,0,0,0,1,0,both_motes,3,4,1,0,2,18,12,30,both_motes,1,1,1,applied_after_channel,valid,0,1,final_application_timeout,800,768,9,9,2,1,2,0,0,0,240000,240000,2,0,18,5,1744,510,0,0,2,0,1,0,1,server_fallback_no_completion,1,0,0,1,120287,1,1,12,17,912,1642,3,2,0,4,1,0,0,1,310000,first_fragment,receiver_after_channel,0,512,MLKEM512,1,1,client,60000,200028,4,V2_RFRAG_FINAL_ACK_APP_RETRY,0,first_fragment,receiver_after_channel,512,MLKEM512,0,0,1,0,0,1,20110,0,1,0,512,0,0,0,client,200028,0,4,client,0,200028,0,4,V2_RFRAG_FINAL_ACK_APP_RETRY,0,1,first_fragment,receiver_after_channel,0,512,MLKEM512,1,server,200028,4,V2_RFRAG_FINAL_ACK_APP_RETRY,first_fragment,receiver_after_channel,512,MLKEM512,120287,0,0,1,0,1,1,10263,1,0,0,512,0,0,0,0,2,2,0,1,1,server,200028,0,4,server,200028,0,4,V2_RFRAG_FINAL_ACK_APP_RETRY
B-kem512-gilbert-prr0p90-L5-loss1-rep29-seed200029-v4,B-kem512-gilbert-prr0p90-L5-loss1-rep29-seed200029,B-kem512-gilbert-prr0p90-L5-loss1-rep29-seed200029,V2,B_V1_V2_FIRST_LOSS,2026-08-19T02:33:48+00:00,COOJA_SIMULATION,gilbert,0.9,5.0,0.0222222222,0.2,first_fragment,1,receiver_after_channel,1,2,1,0,8,96,4,V2_RFRAG_FINAL_ACK_APP_RETRY,512,200029,29,360,0,1,runs/B-kem512-gilbert-prr0p90-L5-loss1-rep29-seed200029-v4/cooja.log,f1a7939cb1136b2372665610c666f8e81a3bb76d71ea87f54a6e573fe90998f2,15041,144,144,end_of_log,success,FAILED_PROTOCOL,client_reported_failure,,1,True,0,0,0,0,0,0,0,0,0,both_motes,3,4,0,0,0,12,0,12,both_motes,1,1,1,applied_after_channel,valid,0,1,route_acquisition_timeout,800,768,9,9,1,0,1,0,0,0,125000,125000,1,0,12,0,1040,0,3,0,0,4,0,0,0,server_fallback_no_completion,0,0,0,0,0,0,0,0,4,0,408,0,0,0,0,0,0,0,1,310000,first_fragment,receiver_after_channel,0,512,MLKEM512,1,1,client,60000,200029,4,V2_RFRAG_FINAL_ACK_APP_RETRY,0,first_fragment,receiver_after_channel,512,MLKEM512,0,0,0,0,0,0,0,0,0,0,512,0,0,0,client,200029,0,4,client,0,200029,0,4,V2_RFRAG_FINAL_ACK_APP_RETRY,0,1,first_fragment,receiver_after_channel,0,512,MLKEM512,1,server,200029,4,V2_RFRAG_FINAL_ACK_APP_RETRY,first_fragment,receiver_after_channel,512,MLKEM512,0,0,0,0,0,0,0,0,0,0,0,512,0,0,0,0,0,0,0,0,0,server,200029,0,4,server,200029,0,4,V2_RFRAG_FINAL_ACK_APP_RETRY
B-kem512-gilbert-prr0p90-L10-loss1-rep04-seed200004-v4,B-kem512-gilbert-prr0p90-L10-loss1-rep04-seed200004,B-kem512-gilbert-prr0p90-L10-loss1-rep04-seed200004,V2,B_V1_V2_FIRST_LOSS,2026-08-19T02:33:48+00:00,COOJA_SIMULATION,gilbert,0.9,10.0,0.0111111111,0.1,first_fragment,1,receiver_after_channel,1,2,1,0,8,96,4,V2_RFRAG_FINAL_ACK_APP_RETRY,512,200004,4,360,0,1,runs/B-kem512-gilbert-prr0p90-L10-loss1-rep04-seed200004-v4/cooja.log,3cb3a618222112805d7effaa1979fb31b5756bf7b73e28dd4a2e01838fb6bb18,18809,184,184,end_of_log,success,FAILED_PROTOCOL,client_reported_failure,,1,True,0,0,0,0,0,0,0,1,0,both_motes,3,4,1,0,1,21,0,21,both_motes,1,1,1,applied_after_channel,valid,0,1,final_application_timeout,800,768,9,9,2,1,2,0,0,0,240000,240000,2,0,21,0,1912,0,3,0,1,4,1,0,0,server_fallback_no_completion,0,0,0,0,0,0,0,0,15,0,1484,0,1,0,0,1,0,0,1,310000,first_fragment,receiver_after_channel,0,512,MLKEM512,1,1,client,60000,200004,4,V2_RFRAG_FINAL_ACK_APP_RETRY,0,first_fragment,receiver_after_channel,512,MLKEM512,0,0,0,0,0,0,0,0,0,0,512,0,0,0,client,200004,0,4,client,0,200004,0,4,V2_RFRAG_FINAL_ACK_APP_RETRY,0,1,first_fragment,receiver_after_channel,0,512,MLKEM512,1,server,200004,4,V2_RFRAG_FINAL_ACK_APP_RETRY,first_fragment,receiver_after_channel,512,MLKEM512,0,0,0,1,0,0,1,20183,0,1,0,512,0,0,0,0,1,1,0,0,0,server,200004,0,4,server,200004,0,4,V2_RFRAG_FINAL_ACK_APP_RETRY
B-kem512-gilbert-prr0p90-L10-loss1-rep06-seed200006-v3,B-kem512-gilbert-prr0p90-L10-loss1-rep06-seed200006,B-kem512-gilbert-prr0p90-L10-loss1-rep06-seed200006,V1,B_V1_V2_FIRST_LOSS,2026-08-19T02:33:48+00:00,COOJA_SIMULATION,gilbert,0.9,10.0,0.0111111111,0.1,first_fragment,1,receiver_after_channel,1,2,1,0,8,96,3,V1_RFRAG_INITIAL_FINAL_ACK,512,200006,6,360,0,0,runs/B-kem512-gilbert-prr0p90-L10-loss1-rep06-seed200006-v3/cooja.log,5dee727db70721bf965eabaead2cde1e5602fb2a40bc5316b94e71eea2b680cf,24386,241,241,end_of_log,success,FAILED_PROTOCOL,client_reported_failure,,1,True,0,0,0,0,0,0,0,0,0,both_motes,4,5,0,1,6,10,4,14,both_motes,1,1,1,applied_after_channel,valid,0,1,final_application_timeout,800,768,9,9,1,0,1,0,0,0,120000,120000,1,0,10,4,974,408,1,4,2,1,0,1,1,ct_transport_completion_timeout,1,0,0,1,1231,1,1,4,9,408,872,3,2,0,4,0,0,1,0,190000,first_fragment,receiver_after_channel,0,512,MLKEM512,0,1,client,60000,200006,3,V1_RFRAG_FIRST_FINAL_ACK,0,first_fragment,receiver_after_channel,512,MLKEM512,0,0,1,0,0,1,27094,0,1,0,512,0,0,0,client,200006,0,3,client,0,200006,0,3,V1_RFRAG_FIRST_FINAL_ACK,1,0,first_fragment,receiver_after_channel,0,512,MLKEM512,1,server,200006,3,V1_RFRAG_FIRST_FINAL_ACK,first_fragment,receiver_after_channel,512,MLKEM512,1231,0,0,1,0,1,1,10205,1,0,0,512,0,0,0,0,2,1,0,1,0,server,200006,0,3,server,200006,0,3,V1_RFRAG_FIRST_FINAL_ACK
B-kem512-gilbert-prr0p90-L10-loss1-rep06-seed200006-v4,B-kem512-gilbert-prr0p90-L10-loss1-rep06-seed200006,B-kem512-gilbert-prr0p90-L10-loss1-rep06-seed200006,V2,B_V1_V2_FIRST_LOSS,2026-08-19T02:33:48+00:00,COOJA_SIMULATION,gilbert,0.9,10.0,0.0111111111,0.1,first_fragment,1,receiver_after_channel,1,2,1,0,8,96,4,V2_RFRAG_FINAL_ACK_APP_RETRY,512,200006,6,360,0,1,runs/B-kem512-gilbert-prr0p90-L10-loss1-rep06-seed200006-v4/cooja.log,04d0bcf16c8cfc47989fa30aa7773d66d258b1f231a8da42459d85f2a7ec8b2a,20977,207,207,end_of_log,success,FAILED_PROTOCOL,client_reported_failure,,1,True,0,0,0,0,0,0,0,1,0,both_motes,3,4,1,0,2,18,12,30,both_motes,1,1,1,applied_after_channel,valid,0,1,final_application_timeout,800,768,9,9,2,1,2,0,0,0,240000,240000,2,0,18,2,1744,204,0,0,2,0,1,0,1,server_fallback_no_completion,1,0,0,1,120283,1,1,12,17,912,1642,3,2,0,4,1,0,0,1,310000,first_fragment,receiver_after_channel,0,512,MLKEM512,1,1,client,60000,200006,4,V2_RFRAG_FINAL_ACK_APP_RETRY,0,first_fragment,receiver_after_channel,512,MLKEM512,0,0,1,0,0,1,20035,0,1,0,512,0,0,0,client,200006,0,4,client,0,200006,0,4,V2_RFRAG_FINAL_ACK_APP_RETRY,0,1,first_fragment,receiver_after_channel,0,512,MLKEM512,1,server,200006,4,V2_RFRAG_FINAL_ACK_APP_RETRY,first_fragment,receiver_after_channel,512,MLKEM512,120283,0,0,1,0,1,1,10262,1,0,0,512,0,0,0,0,2,2,0,1,1,server,200006,0,4,server,200006,0,4,V2_RFRAG_FINAL_ACK_APP_RETRY
B-kem512-gilbert-prr0p90-L10-loss1-rep08-seed200008-v4,B-kem512-gilbert-prr0p90-L10-loss1-rep08-seed200008,B-kem512-gilbert-prr0p90-L10-loss1-rep08-seed200008,V2,B_V1_V2_FIRST_LOSS,2026-08-19T02:33:48+00:00,COOJA_SIMULATION,gilbert,0.9,10.0,0.0111111111,0.1,first_fragment,1,receiver_after_channel,1,2,1,0,8,96,4,V2_RFRAG_FINAL_ACK_APP_RETRY,512,200008,8,360,0,1,runs/B-kem512-gilbert-prr0p90-L10-loss1-rep08-seed200008-v4/cooja.log,f517660be70df30bbc9c496fd2d398686856b92ef279c2153dc38d02b2ee5cda,23530,241,241,end_of_log,success,FAILED_PROTOCOL,client_reported_failure,,1,True,0,0,0,0,0,0,0,0,0,both_motes,0,0,1,0,1,9,0,9,both_motes,1,1,1,applied_after_channel,valid,0,1,route_acquisition_timeout,800,768,9,9,1,0,1,0,0,0,125000,125000,1,0,9,0,872,0,0,0,1,0,1,0,0,server_fallback_no_completion,0,0,0,0,0,0,0,0,3,0,260,0,1,0,0,0,0,0,1,310000,first_fragment,receiver_after_channel,0,512,MLKEM512,1,1,client,60000,200008,4,V2_RFRAG_FINAL_ACK_APP_RETRY,0,first_fragment,receiver_after_channel,512,MLKEM512,0,0,0,0,0,0,0,0,0,0,512,0,0,0,client,200008,0,4,client,0,200008,0,4,V2_RFRAG_FINAL_ACK_APP_RETRY,0,1,first_fragment,receiver_after_channel,0,512,MLKEM512,1,server,200008,4,V2_RFRAG_FINAL_ACK_APP_RETRY,first_fragment,receiver_after_channel,512,MLKEM512,0,0,0,0,0,0,0,0,0,0,0,512,0,0,0,0,1,1,0,0,0,server,200008,0,4,server,200008,0,4,V2_RFRAG_FINAL_ACK_APP_RETRY
B-kem512-gilbert-prr0p90-L10-loss1-rep10-seed200010-v3,B-kem512-gilbert-prr0p90-L10-loss1-rep10-seed200010,B-kem512-gilbert-prr0p90-L10-loss1-rep10-seed200010,V1,B_V1_V2_FIRST_LOSS,2026-08-19T02:33:48+00:00,COOJA_SIMULATION,gilbert,0.9,10.0,0.0111111111,0.1,first_fragment,1,receiver_after_channel,1,2,1,0,8,96,3,V1_RFRAG_INITIAL_FINAL_ACK,512,200010,10,360,0,0,runs/B-kem512-gilbert-prr0p90-L10-loss1-rep10-seed200010-v3/cooja.log,b547aa402f8a8e6e49ad1e98fba78aef6f50e06a64dfa3518118ea520981f04c,19199,186,186,end_of_log,success,FAILED_PROTOCOL,client_reported_failure,,1,True,0,0,0,0,0,0,0,0,0,both_motes,4,5,0,2,3,10,12,22,both_motes,1,1,1,applied_after_channel,valid,0,1,final_application_timeout,800,768,9,9,1,0,1,0,0,0,120000,120000,1,0,10,8,974,816,1,1,2,1,0,1,1,ct_transport_completion_timeout,1,0,0,1,1298,1,1,12,9,912,872,3,2,1,4,0,0,1,0,190000,first_fragment,receiver_after_channel,0,512,MLKEM512,0,1,client,60000,200010,3,V1_RFRAG_FIRST_FINAL_ACK,0,first_fragment,receiver_after_channel,512,MLKEM512,0,0,1,0,0,1,20263,0,1,0,512,1,0,0,client,200010,0,3,client,0,200010,0,3,V1_RFRAG_FIRST_FINAL_ACK,1,0,first_fragment,receiver_after_channel,0,512,MLKEM512,1,server,200010,3,V1_RFRAG_FIRST_FINAL_ACK,first_fragment,receiver_after_channel,512,MLKEM512,1298,0,0,1,0,1,1,10263,1,0,0,512,0,1,0,0,2,2,0,1,1,server,200010,0,3,server,200010,0,3,V1_RFRAG_FIRST_FINAL_ACK
B-kem512-gilbert-prr0p90-L10-loss1-rep10-seed200010-v4,B-kem512-gilbert-prr0p90-L10-loss1-rep10-seed200010,B-kem512-gilbert-prr0p90-L10-loss1-rep10-seed200010,V2,B_V1_V2_FIRST_LOSS,2026-08-19T02:33:48+00:00,COOJA_SIMULATION,gilbert,0.9,10.0,0.0111111111,0.1,first_fragment,1,receiver_after_channel,1,2,1,0,8,96,4,V2_RFRAG_FINAL_ACK_APP_RETRY,512,200010,10,360,0,1,runs/B-kem512-gilbert-prr0p90-L10-loss1-rep10-seed200010-v4/cooja.log,1d06c6157597017f0390e61794d307d1619dd24a24590bc6c962a98f9905d6c1,27412,279,279,end_of_log,success,FAILED_PROTOCOL,client_reported_failure,,1,True,0,0,0,0,0,0,0,1,0,both_motes,6,8,1,0,5,21,12,33,both_motes,1,1,1,applied_after_channel,valid,0,1,final_application_timeout,800,768,9,9,2,1,2,0,0,0,240000,240000,2,0,21,0,1912,0,3,0,1,4,1,0,0,server_fallback_no_completion,1,0,0,1,120233,1,1,12,20,912,1810,3,5,0,4,1,0,0,1,310000,first_fragment,receiver_after_channel,0,512,MLKEM512,1,1,client,60000,200010,4,V2_RFRAG_FINAL_ACK_APP_RETRY,0,first_fragment,receiver_after_channel,512,MLKEM512,0,0,0,0,0,0,0,0,0,0,512,0,0,0,client,200010,0,4,client,0,200010,0,4,V2_RFRAG_FINAL_ACK_APP_RETRY,0,1,first_fragment,receiver_after_channel,0,512,MLKEM512,1,server,200010,4,V2_RFRAG_FINAL_ACK_APP_RETRY,first_fragment,receiver_after_channel,512,MLKEM512,120233,0,0,1,0,1,1,10209,1,0,0,512,0,0,0,0,5,1,0,4,0,server,200010,0,4,server,200010,0,4,V2_RFRAG_FINAL_ACK_APP_RETRY
B-kem512-gilbert-prr0p90-L10-loss1-rep14-seed200014-v4,B-kem512-gilbert-prr0p90-L10-loss1-rep14-seed200014,B-kem512-gilbert-prr0p90-L10-loss1-rep14-seed200014,V2,B_V1_V2_FIRST_LOSS,2026-08-19T02:33:48+00:00,COOJA_SIMULATION,gilbert,0.9,10.0,0.0111111111,0.1,first_fragment,1,receiver_after_channel,1,2,1,0,8,96,4,V2_RFRAG_FINAL_ACK_APP_RETRY,512,200014,14,360,0,1,runs/B-kem512-gilbert-prr0p90-L10-loss1-rep14-seed200014-v4/cooja.log,093341eecb8d29b3708e1de4ca13b33e0b2f595e867581adbdc428d0ffc61b8b,21245,210,210,end_of_log,success,FAILED_PROTOCOL,client_reported_failure,,1,True,0,0,0,0,0,0,0,1,0,both_motes,3,4,1,0,2,18,12,30,both_motes,1,1,1,applied_after_channel,valid,0,1,final_application_timeout,800,768,9,9,2,1,2,0,0,0,240000,240000,2,0,18,3,1744,306,0,0,2,0,1,0,1,server_fallback_no_completion,1,0,0,1,120292,1,1,12,17,912,1642,3,2,0,4,1,0,0,1,310000,first_fragment,receiver_after_channel,0,512,MLKEM512,1,1,client,60000,200014,4,V2_RFRAG_FINAL_ACK_APP_RETRY,0,first_fragment,receiver_after_channel,512,MLKEM512,0,0,1,0,0,1,20047,0,1,0,512,0,0,0,client,200014,0,4,client,0,200014,0,4,V2_RFRAG_FINAL_ACK_APP_RETRY,0,1,first_fragment,receiver_after_channel,0,512,MLKEM512,1,server,200014,4,V2_RFRAG_FINAL_ACK_APP_RETRY,first_fragment,receiver_after_channel,512,MLKEM512,120292,0,0,1,0,1,1,10250,1,0,0,512,0,0,0,0,2,2,0,1,1,server,200014,0,4,server,200014,0,4,V2_RFRAG_FINAL_ACK_APP_RETRY
B-kem512-gilbert-prr0p90-L10-loss1-rep15-seed200015-v4,B-kem512-gilbert-prr0p90-L10-loss1-rep15-seed200015,B-kem512-gilbert-prr0p90-L10-loss1-rep15-seed200015,V2,B_V1_V2_FIRST_LOSS,2026-08-19T02:33:48+00:00,COOJA_SIMULATION,gilbert,0.9,10.0,0.0111111111,0.1,first_fragment,1,receiver_after_channel,1,2,1,0,8,96,4,V2_RFRAG_FINAL_ACK_APP_RETRY,512,200015,15,360,0,1,runs/B-kem512-gilbert-prr0p90-L10-loss1-rep15-seed200015-v4/cooja.log,08e64c5ea0e6cd31e9f0694c032453b960e9d20e5b7ec23226d72fc843f6225d,26025,269,269,end_of_log,success,FAILED_PROTOCOL,client_reported_failure,,1,True,0,0,0,0,0,0,0,0,0,both_motes,2,2,1,0,3,11,0,11,both_motes,1,1,1,applied_after_channel,valid,0,1,route_acquisition_timeout,800,768,9,9,1,0,1,0,0,0,125000,125000,1,0,11,0,984,0,2,0,1,2,1,0,0,server_fallback_no_completion,0,0,0,0,0,0,0,0,10,0,882,0,3,0,0,0,0,0,1,310000,first_fragment,receiver_after_channel,0,512,MLKEM512,1,1,client,60000,200015,4,V2_RFRAG_FINAL_ACK_APP_RETRY,0,first_fragment,receiver_after_channel,512,MLKEM512,0,0,0,0,0,0,0,0,0,0,512,0,0,0,client,200015,0,4,client,0,200015,0,4,V2_RFRAG_FINAL_ACK_APP_RETRY,0,1,first_fragment,receiver_after_channel,0,512,MLKEM512,1,server,200015,4,V2_RFRAG_FINAL_ACK_APP_RETRY,first_fragment,receiver_after_channel,512,MLKEM512,0,0,0,0,0,0,0,0,0,0,0,512,0,0,0,0,3,1,0,0,0,server,200015,0,4,server,200015,0,4,V2_RFRAG_FINAL_ACK_APP_RETRY
B-kem512-gilbert-prr0p90-L10-loss1-rep20-seed200020-v4,B-kem512-gilbert-prr0p90-L10-loss1-rep20-seed200020,B-kem512-gilbert-prr0p90-L10-loss1-rep20-seed200020,V2,B_V1_V2_FIRST_LOSS,2026-08-19T02:33:48+00:00,COOJA_SIMULATION,gilbert,0.9,10.0,0.0111111111,0.1,first_fragment,1,receiver_after_channel,1,2,1,0,8,96,4,V2_RFRAG_FINAL_ACK_APP_RETRY,512,200020,20,360,0,1,runs/B-kem512-gilbert-prr0p90-L10-loss1-rep20-seed200020-v4/cooja.log,11a9055269546a60c617b69058e0ef02a5e6335032343682ef5f03a62b8f8db7,22858,233,233,end_of_log,success,FAILED_PROTOCOL,client_reported_failure,,1,True,0,0,0,0,0,0,0,1,0,both_motes,0,0,2,0,2,18,0,18,both_motes,1,1,1,applied_after_channel,valid,0,1,final_application_timeout,800,768,9,9,2,1,2,0,0,0,240000,240000,2,0,18,0,1744,0,0,0,2,0,2,0,0,server_fallback_no_completion,0,0,0,0,0,0,0,0,10,0,928,0,2,0,0,1,0,0,1,310000,first_fragment,receiver_after_channel,0,512,MLKEM512,1,1,client,60000,200020,4,V2_RFRAG_FINAL_ACK_APP_RETRY,0,first_fragment,receiver_after_channel,512,MLKEM512,0,0,0,0,0,0,0,0,0,0,512,0,0,0,client,200020,0,4,client,0,200020,0,4,V2_RFRAG_FINAL_ACK_APP_RETRY,0,1,first_fragment,receiver_after_channel,0,512,MLKEM512,1,server,200020,4,V2_RFRAG_FINAL_ACK_APP_RETRY,first_fragment,receiver_after_channel,512,MLKEM512,0,0,0,0,0,0,0,0,0,0,0,512,0,0,0,0,2,2,0,0,0,server,200020,0,4,server,200020,0,4,V2_RFRAG_FINAL_ACK_APP_RETRY
B-kem512-gilbert-prr0p90-L10-loss1-rep28-seed200028-v4,B-kem512-gilbert-prr0p90-L10-loss1-rep28-seed200028,B-kem512-gilbert-prr0p90-L10-loss1-rep28-seed200028,V2,B_V1_V2_FIRST_LOSS,2026-08-19T02:33:48+00:00,COOJA_SIMULATION,gilbert,0.9,10.0,0.0111111111,0.1,first_fragment,1,receiver_after_channel,1,2,1,0,8,96,4,V2_RFRAG_FINAL_ACK_APP_RETRY,512,200028,28,360,0,1,runs/B-kem512-gilbert-prr0p90-L10-loss1-rep28-seed200028-v4/cooja.log,0034ff2cc51e18f4c502ea3ba868384d759caed4a6a35aad9ec22214ad7b9fa1,21465,212,212,end_of_log,success,FAILED_PROTOCOL,client_reported_failure,,1,True,0,0,0,0,0,0,0,1,0,both_motes,3,4,1,0,2,18,12,30,both_motes,1,1,1,applied_after_channel,valid,0,1,final_application_timeout,800,768,9,9,2,1,2,0,0,0,240000,240000,2,0,18,5,1744,510,0,0,2,0,1,0,1,server_fallback_no_completion,1,0,0,1,120287,1,1,12,17,912,1642,3,2,0,4,1,0,0,1,310000,first_fragment,receiver_after_channel,0,512,MLKEM512,1,1,client,60000,200028,4,V2_RFRAG_FINAL_ACK_APP_RETRY,0,first_fragment,receiver_after_channel,512,MLKEM512,0,0,1,0,0,1,20110,0,1,0,512,0,0,0,client,200028,0,4,client,0,200028,0,4,V2_RFRAG_FINAL_ACK_APP_RETRY,0,1,first_fragment,receiver_after_channel,0,512,MLKEM512,1,server,200028,4,V2_RFRAG_FINAL_ACK_APP_RETRY,first_fragment,receiver_after_channel,512,MLKEM512,120287,0,0,1,0,1,1,10263,1,0,0,512,0,0,0,0,2,2,0,1,1,server,200028,0,4,server,200028,0,4,V2_RFRAG_FINAL_ACK_APP_RETRY
B-kem512-gilbert-prr0p90-L10-loss1-rep29-seed200029-v4,B-kem512-gilbert-prr0p90-L10-loss1-rep29-seed200029,B-kem512-gilbert-prr0p90-L10-loss1-rep29-seed200029,V2,B_V1_V2_FIRST_LOSS,2026-08-19T02:33:48+00:00,COOJA_SIMULATION,gilbert,0.9,10.0,0.0111111111,0.1,first_fragment,1,receiver_after_channel,1,2,1,0,8,96,4,V2_RFRAG_FINAL_ACK_APP_RETRY,512,200029,29,360,0,1,runs/B-kem512-gilbert-prr0p90-L10-loss1-rep29-seed200029-v4/cooja.log,2bfff53ab48308aadc214275165cf033683afeaac7efaa93cccdee26476d26b1,15232,146,146,end_of_log,success,FAILED_PROTOCOL,client_reported_failure,,1,True,0,0,0,0,0,0,0,0,0,both_motes,3,4,0,0,0,12,0,12,both_motes,1,1,1,applied_after_channel,valid,0,1,route_acquisition_timeout,800,768,9,9,1,0,1,0,0,0,125000,125000,1,0,12,0,1040,0,3,0,0,4,0,0,0,server_fallback_no_completion,0,0,0,0,0,0,0,0,4,0,408,0,0,0,0,0,0,0,1,310000,first_fragment,receiver_after_channel,0,512,MLKEM512,1,1,client,60000,200029,4,V2_RFRAG_FINAL_ACK_APP_RETRY,0,first_fragment,receiver_after_channel,512,MLKEM512,0,0,0,0,0,0,0,0,0,0,512,0,0,0,client,200029,0,4,client,0,200029,0,4,V2_RFRAG_FINAL_ACK_APP_RETRY,0,1,first_fragment,receiver_after_channel,0,512,MLKEM512,1,server,200029,4,V2_RFRAG_FINAL_ACK_APP_RETRY,first_fragment,receiver_after_channel,512,MLKEM512,0,0,0,0,0,0,0,0,0,0,0,512,0,0,0,0,0,0,0,0,0,server,200029,0,4,server,200029,0,4,V2_RFRAG_FINAL_ACK_APP_RETRY
B-kem512-gilbert-prr0p90-L10-loss1-rep30-seed200030-v4,B-kem512-gilbert-prr0p90-L10-loss1-rep30-seed200030,B-kem512-gilbert-prr0p90-L10-loss1-rep30-seed200030,V2,B_V1_V2_FIRST_LOSS,2026-08-19T02:33:48+00:00,COOJA_SIMULATION,gilbert,0.9,10.0,0.0111111111,0.1,first_fragment,1,receiver_after_channel,1,2,1,0,8,96,4,V2_RFRAG_FINAL_ACK_APP_RETRY,512,200030,30,360,0,1,runs/B-kem512-gilbert-prr0p90-L10-loss1-rep30-seed200030-v4/cooja.log,900e0991cad93ee139aa8b21d1f4e4b90afb8ef37c075fc25d3cba4d4fa1f829,23278,239,239,end_of_log,success,FAILED_PROTOCOL,client_reported_failure,,1,True,0,0,0,0,0,0,0,0,0,both_motes,3,3,1,0,4,12,0,12,both_motes,1,1,1,applied_after_channel,valid,0,1,route_acquisition_timeout,800,768,9,9,1,0,1,0,0,0,125000,125000,1,0,12,0,1040,0,3,0,1,3,1,0,0,server_fallback_no_completion,0,0,0,0,0,0,0,0,11,0,938,0,4,0,0,0,0,0,1,310000,first_fragment,receiver_after_channel,0,512,MLKEM512,1,1,client,60000,200030,4,V2_RFRAG_FINAL_ACK_APP_RETRY,0,first_fragment,receiver_after_channel,512,MLKEM512,0,0,0,0,0,0,0,0,0,0,512,0,0,0,client,200030,0,4,client,0,200030,0,4,V2_RFRAG_FINAL_ACK_APP_RETRY,0,1,first_fragment,receiver_after_channel,0,512,MLKEM512,1,server,200030,4,V2_RFRAG_FINAL_ACK_APP_RETRY,first_fragment,receiver_after_channel,512,MLKEM512,0,0,0,0,0,0,0,0,0,0,0,512,0,0,0,0,4,1,0,0,0,server,200030,0,4,server,200030,0,4,V2_RFRAG_FINAL_ACK_APP_RETRY
B-kem512-gilbert-prr0p95-L2-loss1-rep04-seed200004-v4,B-kem512-gilbert-prr0p95-L2-loss1-rep04-seed200004,B-kem512-gilbert-prr0p95-L2-loss1-rep04-seed200004,V2,B_V1_V2_FIRST_LOSS,2026-08-19T02:33:47+00:00,COOJA_SIMULATION,gilbert,0.95,2.0,0.0263157895,0.5,first_fragment,1,receiver_after_channel,1,2,1,0,8,96,4,V2_RFRAG_FINAL_ACK_APP_RETRY,512,200004,4,360,0,1,runs/B-kem512-gilbert-prr0p95-L2-loss1-rep04-seed200004-v4/cooja.log,0d9314ddbaacfb931e0dfc62d839abe06e1ec0a6f54558e336449796532e73ee,22983,234,234,end_of_log,success,FAILED_PROTOCOL,client_reported_failure,,1,True,0,0,0,0,0,0,0,1,0,both_motes,0,0,2,0,2,18,0,18,both_motes,1,1,1,applied_after_channel,valid,0,1,final_application_timeout,800,768,9,9,2,1,2,0,0,0,240000,240000,2,0,18,0,1744,0,0,0,2,0,2,0,0,server_fallback_no_completion,0,0,0,0,0,0,0,0,11,0,1030,0,2,0,0,1,0,0,1,310000,first_fragment,receiver_after_channel,0,512,MLKEM512,1,1,client,60000,200004,4,V2_RFRAG_FINAL_ACK_APP_RETRY,0,first_fragment,receiver_after_channel,512,MLKEM512,0,0,0,0,0,0,0,0,0,0,512,0,0,0,client,200004,0,4,client,0,200004,0,4,V2_RFRAG_FINAL_ACK_APP_RETRY,0,1,first_fragment,receiver_after_channel,0,512,MLKEM512,1,server,200004,4,V2_RFRAG_FINAL_ACK_APP_RETRY,first_fragment,receiver_after_channel,512,MLKEM512,0,0,0,0,0,0,0,0,0,0,0,512,0,0,0,0,2,2,0,0,0,server,200004,0,4,server,200004,0,4,V2_RFRAG_FINAL_ACK_APP_RETRY
B-kem512-gilbert-prr0p95-L2-loss1-rep20-seed200020-v4,B-kem512-gilbert-prr0p95-L2-loss1-rep20-seed200020,B-kem512-gilbert-prr0p95-L2-loss1-rep20-seed200020,V2,B_V1_V2_FIRST_LOSS,2026-08-19T02:33:47+00:00,COOJA_SIMULATION,gilbert,0.95,2.0,0.0263157895,0.5,first_fragment,1,receiver_after_channel,1,2,1,0,8,96,4,V2_RFRAG_FINAL_ACK_APP_RETRY,512,200020,20,360,0,1,runs/B-kem512-gilbert-prr0p95-L2-loss1-rep20-seed200020-v4/cooja.log,4798b41b7b8172a0dd8af85c2f324b350164a33c7865d4df96edab34263788ea,18545,185,185,end_of_log,success,FAILED_PROTOCOL,client_reported_failure,,1,True,0,0,0,0,0,0,0,1,0,both_motes,0,0,2,0,2,18,0,18,both_motes,1,1,1,applied_after_channel,valid,0,1,final_application_timeout,800,768,9,9,2,1,2,0,0,0,240000,240000,2,0,18,0,1744,0,0,0,2,0,2,0,0,server_fallback_no_completion,0,0,0,0,0,0,0,0,13,0,1234,0,2,0,0,1,0,0,1,310000,first_fragment,receiver_after_channel,0,512,MLKEM512,1,1,client,60000,200020,4,V2_RFRAG_FINAL_ACK_APP_RETRY,0,first_fragment,receiver_after_channel,512,MLKEM512,0,0,0,0,0,0,0,0,0,0,512,0,0,0,client,200020,0,4,client,0,200020,0,4,V2_RFRAG_FINAL_ACK_APP_RETRY,0,1,first_fragment,receiver_after_channel,0,512,MLKEM512,1,server,200020,4,V2_RFRAG_FINAL_ACK_APP_RETRY,first_fragment,receiver_after_channel,512,MLKEM512,0,0,0,0,0,0,0,0,0,0,0,512,0,0,0,0,2,2,0,0,0,server,200020,0,4,server,200020,0,4,V2_RFRAG_FINAL_ACK_APP_RETRY
B-kem512-gilbert-prr0p95-L2-loss1-rep25-seed200025-v3,B-kem512-gilbert-prr0p95-L2-loss1-rep25-seed200025,B-kem512-gilbert-prr0p95-L2-loss1-rep25-seed200025,V1,B_V1_V2_FIRST_LOSS,2026-08-19T02:33:47+00:00,COOJA_SIMULATION,gilbert,0.95,2.0,0.0263157895,0.5,first_fragment,1,receiver_after_channel,1,2,1,0,8,96,3,V1_RFRAG_INITIAL_FINAL_ACK,512,200025,25,360,0,0,runs/B-kem512-gilbert-prr0p95-L2-loss1-rep25-seed200025-v3/cooja.log,b61550cc654e2b9492a4b48b11bab39f4556d6250990b0abbd42f7ee2d9e091a,24932,254,254,end_of_log,success,FAILED_PROTOCOL,client_reported_failure,,1,True,0,0,0,0,0,0,0,0,0,both_motes,5,6,0,1,1,14,0,14,both_motes,1,1,1,applied_after_channel,valid,0,1,final_application_timeout,800,768,9,9,1,0,1,0,0,0,120000,120000,1,0,14,0,1244,0,5,0,1,6,0,1,0,server_fallback_no_completion,0,0,0,0,0,0,0,0,8,0,816,0,1,0,0,0,0,1,0,190000,first_fragment,receiver_after_channel,0,512,MLKEM512,0,1,client,60000,200025,3,V1_RFRAG_FIRST_FINAL_ACK,0,first_fragment,receiver_after_channel,512,MLKEM512,0,0,0,0,0,0,0,0,0,0,512,0,0,0,client,200025,0,3,client,0,200025,0,3,V1_RFRAG_FIRST_FINAL_ACK,1,0,first_fragment,receiver_after_channel,0,512,MLKEM512,1,server,200025,3,V1_RFRAG_FIRST_FINAL_ACK,first_fragment,receiver_after_channel,512,MLKEM512,0,0,0,1,0,0,1,20225,0,1,0,512,0,0,0,0,1,1,0,0,0,server,200025,0,3,server,200025,0,3,V1_RFRAG_FIRST_FINAL_ACK
B-kem512-gilbert-prr0p95-L2-loss1-rep25-seed200025-v4,B-kem512-gilbert-prr0p95-L2-loss1-rep25-seed200025,B-kem512-gilbert-prr0p95-L2-loss1-rep25-seed200025,V2,B_V1_V2_FIRST_LOSS,2026-08-19T02:33:47+00:00,COOJA_SIMULATION,gilbert,0.95,2.0,0.0263157895,0.5,first_fragment,1,receiver_after_channel,1,2,1,0,8,96,4,V2_RFRAG_FINAL_ACK_APP_RETRY,512,200025,25,360,0,1,runs/B-kem512-gilbert-prr0p95-L2-loss1-rep25-seed200025-v4/cooja.log,1b674151e4c1ceb533a591e88732de7fe7df326fe43773b011f63f3c4966c4f5,16943,167,167,end_of_log,success,FAILED_PROTOCOL,client_reported_failure,,1,True,0,0,0,0,0,0,0,1,0,both_motes,0,0,2,0,2,18,0,18,both_motes,1,1,1,applied_after_channel,valid,0,1,final_application_timeout,800,768,9,9,2,1,2,0,0,0,240000,240000,2,0,18,0,1744,0,0,0,2,0,2,0,0,server_fallback_no_completion,0,0,0,0,0,0,0,0,15,0,1438,0,2,0,0,1,0,0,1,310000,first_fragment,receiver_after_channel,0,512,MLKEM512,1,1,client,60000,200025,4,V2_RFRAG_FINAL_ACK_APP_RETRY,0,first_fragment,receiver_after_channel,512,MLKEM512,0,0,0,0,0,0,0,0,0,0,512,0,0,0,client,200025,0,4,client,0,200025,0,4,V2_RFRAG_FINAL_ACK_APP_RETRY,0,1,first_fragment,receiver_after_channel,0,512,MLKEM512,1,server,200025,4,V2_RFRAG_FINAL_ACK_APP_RETRY,first_fragment,receiver_after_channel,512,MLKEM512,0,0,0,0,0,0,0,0,0,0,0,512,0,0,0,0,2,2,0,0,0,server,200025,0,4,server,200025,0,4,V2_RFRAG_FINAL_ACK_APP_RETRY
B-kem512-gilbert-prr0p95-L5-loss1-rep08-seed200008-v4,B-kem512-gilbert-prr0p95-L5-loss1-rep08-seed200008,B-kem512-gilbert-prr0p95-L5-loss1-rep08-seed200008,V2,B_V1_V2_FIRST_LOSS,2026-08-19T02:33:47+00:00,COOJA_SIMULATION,gilbert,0.95,5.0,0.0105263158,0.2,first_fragment,1,receiver_after_channel,1,2,1,0,8,96,4,V2_RFRAG_FINAL_ACK_APP_RETRY,512,200008,8,360,0,1,runs/B-kem512-gilbert-prr0p95-L5-loss1-rep08-seed200008-v4/cooja.log,f517660be70df30bbc9c496fd2d398686856b92ef279c2153dc38d02b2ee5cda,23530,241,241,end_of_log,success,FAILED_PROTOCOL,client_reported_failure,,1,True,0,0,0,0,0,0,0,0,0,both_motes,0,0,1,0,1,9,0,9,both_motes,1,1,1,applied_after_channel,valid,0,1,route_acquisition_timeout,800,768,9,9,1,0,1,0,0,0,125000,125000,1,0,9,0,872,0,0,0,1,0,1,0,0,server_fallback_no_completion,0,0,0,0,0,0,0,0,3,0,260,0,1,0,0,0,0,0,1,310000,first_fragment,receiver_after_channel,0,512,MLKEM512,1,1,client,60000,200008,4,V2_RFRAG_FINAL_ACK_APP_RETRY,0,first_fragment,receiver_after_channel,512,MLKEM512,0,0,0,0,0,0,0,0,0,0,512,0,0,0,client,200008,0,4,client,0,200008,0,4,V2_RFRAG_FINAL_ACK_APP_RETRY,0,1,first_fragment,receiver_after_channel,0,512,MLKEM512,1,server,200008,4,V2_RFRAG_FINAL_ACK_APP_RETRY,first_fragment,receiver_after_channel,512,MLKEM512,0,0,0,0,0,0,0,0,0,0,0,512,0,0,0,0,1,1,0,0,0,server,200008,0,4,server,200008,0,4,V2_RFRAG_FINAL_ACK_APP_RETRY
B-kem512-gilbert-prr0p95-L5-loss1-rep10-seed200010-v3,B-kem512-gilbert-prr0p95-L5-loss1-rep10-seed200010,B-kem512-gilbert-prr0p95-L5-loss1-rep10-seed200010,V1,B_V1_V2_FIRST_LOSS,2026-08-19T02:33:47+00:00,COOJA_SIMULATION,gilbert,0.95,5.0,0.0105263158,0.2,first_fragment,1,receiver_after_channel,1,2,1,0,8,96,3,V1_RFRAG_INITIAL_FINAL_ACK,512,200010,10,360,0,0,runs/B-kem512-gilbert-prr0p95-L5-loss1-rep10-seed200010-v3/cooja.log,b547aa402f8a8e6e49ad1e98fba78aef6f50e06a64dfa3518118ea520981f04c,19199,186,186,end_of_log,success,FAILED_PROTOCOL,client_reported_failure,,1,True,0,0,0,0,0,0,0,0,0,both_motes,4,5,0,2,3,10,12,22,both_motes,1,1,1,applied_after_channel,valid,0,1,final_application_timeout,800,768,9,9,1,0,1,0,0,0,120000,120000,1,0,10,8,974,816,1,1,2,1,0,1,1,ct_transport_completion_timeout,1,0,0,1,1298,1,1,12,9,912,872,3,2,1,4,0,0,1,0,190000,first_fragment,receiver_after_channel,0,512,MLKEM512,0,1,client,60000,200010,3,V1_RFRAG_FIRST_FINAL_ACK,0,first_fragment,receiver_after_channel,512,MLKEM512,0,0,1,0,0,1,20263,0,1,0,512,1,0,0,client,200010,0,3,client,0,200010,0,3,V1_RFRAG_FIRST_FINAL_ACK,1,0,first_fragment,receiver_after_channel,0,512,MLKEM512,1,server,200010,3,V1_RFRAG_FIRST_FINAL_ACK,first_fragment,receiver_after_channel,512,MLKEM512,1298,0,0,1,0,1,1,10263,1,0,0,512,0,1,0,0,2,2,0,1,1,server,200010,0,3,server,200010,0,3,V1_RFRAG_FIRST_FINAL_ACK
B-kem512-gilbert-prr0p95-L5-loss1-rep10-seed200010-v4,B-kem512-gilbert-prr0p95-L5-loss1-rep10-seed200010,B-kem512-gilbert-prr0p95-L5-loss1-rep10-seed200010,V2,B_V1_V2_FIRST_LOSS,2026-08-19T02:33:47+00:00,COOJA_SIMULATION,gilbert,0.95,5.0,0.0105263158,0.2,first_fragment,1,receiver_after_channel,1,2,1,0,8,96,4,V2_RFRAG_FINAL_ACK_APP_RETRY,512,200010,10,360,0,1,runs/B-kem512-gilbert-prr0p95-L5-loss1-rep10-seed200010-v4/cooja.log,9415294fd523b22410af55e86958a015cebe4931229803c1b0b4fedca905fbaf,21391,214,214,end_of_log,success,FAILED_PROTOCOL,client_reported_failure,,1,True,0,0,0,0,0,0,0,1,0,both_motes,1,1,2,0,4,19,9,28,both_motes,1,1,1,applied_after_channel,valid,0,1,final_application_timeout,800,768,9,9,2,1,2,0,0,0,240000,240000,2,0,19,7,1800,636,1,1,2,1,1,0,1,server_fallback_no_completion,1,0,0,1,120233,1,1,9,18,840,1698,0,3,1,0,1,0,0,1,310000,first_fragment,receiver_after_channel,0,512,MLKEM512,1,1,client,60000,200010,4,V2_RFRAG_FINAL_ACK_APP_RETRY,0,first_fragment,receiver_after_channel,512,MLKEM512,0,0,0,0,0,0,0,0,0,0,512,1,0,0,client,200010,0,4,client,0,200010,0,4,V2_RFRAG_FINAL_ACK_APP_RETRY,0,1,first_fragment,receiver_after_channel,0,512,MLKEM512,1,server,200010,4,V2_RFRAG_FINAL_ACK_APP_RETRY,first_fragment,receiver_after_channel,512,MLKEM512,120233,0,0,1,0,1,1,10209,1,0,0,512,1,0,0,0,3,2,0,2,1,server,200010,0,4,server,200010,0,4,V2_RFRAG_FINAL_ACK_APP_RETRY
B-kem512-gilbert-prr0p95-L5-loss1-rep15-seed200015-v4,B-kem512-gilbert-prr0p95-L5-loss1-rep15-seed200015,B-kem512-gilbert-prr0p95-L5-loss1-rep15-seed200015,V2,B_V1_V2_FIRST_LOSS,2026-08-19T02:33:47+00:00,COOJA_SIMULATION,gilbert,0.95,5.0,0.0105263158,0.2,first_fragment,1,receiver_after_channel,1,2,1,0,8,96,4,V2_RFRAG_FINAL_ACK_APP_RETRY,512,200015,15,360,0,1,runs/B-kem512-gilbert-prr0p95-L5-loss1-rep15-seed200015-v4/cooja.log,08e64c5ea0e6cd31e9f0694c032453b960e9d20e5b7ec23226d72fc843f6225d,26025,269,269,end_of_log,success,FAILED_PROTOCOL,client_reported_failure,,1,True,0,0,0,0,0,0,0,0,0,both_motes,2,2,1,0,3,11,0,11,both_motes,1,1,1,applied_after_channel,valid,0,1,route_acquisition_timeout,800,768,9,9,1,0,1,0,0,0,125000,125000,1,0,11,0,984,0,2,0,1,2,1,0,0,server_fallback_no_completion,0,0,0,0,0,0,0,0,10,0,882,0,3,0,0,0,0,0,1,310000,first_fragment,receiver_after_channel,0,512,MLKEM512,1,1,client,60000,200015,4,V2_RFRAG_FINAL_ACK_APP_RETRY,0,first_fragment,receiver_after_channel,512,MLKEM512,0,0,0,0,0,0,0,0,0,0,512,0,0,0,client,200015,0,4,client,0,200015,0,4,V2_RFRAG_FINAL_ACK_APP_RETRY,0,1,first_fragment,receiver_after_channel,0,512,MLKEM512,1,server,200015,4,V2_RFRAG_FINAL_ACK_APP_RETRY,first_fragment,receiver_after_channel,512,MLKEM512,0,0,0,0,0,0,0,0,0,0,0,512,0,0,0,0,3,1,0,0,0,server,200015,0,4,server,200015,0,4,V2_RFRAG_FINAL_ACK_APP_RETRY
B-kem512-gilbert-prr0p95-L5-loss1-rep20-seed200020-v4,B-kem512-gilbert-prr0p95-L5-loss1-rep20-seed200020,B-kem512-gilbert-prr0p95-L5-loss1-rep20-seed200020,V2,B_V1_V2_FIRST_LOSS,2026-08-19T02:33:47+00:00,COOJA_SIMULATION,gilbert,0.95,5.0,0.0105263158,0.2,first_fragment,1,receiver_after_channel,1,2,1,0,8,96,4,V2_RFRAG_FINAL_ACK_APP_RETRY,512,200020,20,360,0,1,runs/B-kem512-gilbert-prr0p95-L5-loss1-rep20-seed200020-v4/cooja.log,11a9055269546a60c617b69058e0ef02a5e6335032343682ef5f03a62b8f8db7,22858,233,233,end_of_log,success,FAILED_PROTOCOL,client_reported_failure,,1,True,0,0,0,0,0,0,0,1,0,both_motes,0,0,2,0,2,18,0,18,both_motes,1,1,1,applied_after_channel,valid,0,1,final_application_timeout,800,768,9,9,2,1,2,0,0,0,240000,240000,2,0,18,0,1744,0,0,0,2,0,2,0,0,server_fallback_no_completion,0,0,0,0,0,0,0,0,10,0,928,0,2,0,0,1,0,0,1,310000,first_fragment,receiver_after_channel,0,512,MLKEM512,1,1,client,60000,200020,4,V2_RFRAG_FINAL_ACK_APP_RETRY,0,first_fragment,receiver_after_channel,512,MLKEM512,0,0,0,0,0,0,0,0,0,0,512,0,0,0,client,200020,0,4,client,0,200020,0,4,V2_RFRAG_FINAL_ACK_APP_RETRY,0,1,first_fragment,receiver_after_channel,0,512,MLKEM512,1,server,200020,4,V2_RFRAG_FINAL_ACK_APP_RETRY,first_fragment,receiver_after_channel,512,MLKEM512,0,0,0,0,0,0,0,0,0,0,0,512,0,0,0,0,2,2,0,0,0,server,200020,0,4,server,200020,0,4,V2_RFRAG_FINAL_ACK_APP_RETRY
B-kem512-gilbert-prr0p95-L5-loss1-rep28-seed200028-v4,B-kem512-gilbert-prr0p95-L5-loss1-rep28-seed200028,B-kem512-gilbert-prr0p95-L5-loss1-rep28-seed200028,V2,B_V1_V2_FIRST_LOSS,2026-08-19T02:33:48+00:00,COOJA_SIMULATION,gilbert,0.95,5.0,0.0105263158,0.2,first_fragment,1,receiver_after_channel,1,2,1,0,8,96,4,V2_RFRAG_FINAL_ACK_APP_RETRY,512,200028,28,360,0,1,runs/B-kem512-gilbert-prr0p95-L5-loss1-rep28-seed200028-v4/cooja.log,0034ff2cc51e18f4c502ea3ba868384d759caed4a6a35aad9ec22214ad7b9fa1,21465,212,212,end_of_log,success,FAILED_PROTOCOL,client_reported_failure,,1,True,0,0,0,0,0,0,0,1,0,both_motes,3,4,1,0,2,18,12,30,both_motes,1,1,1,applied_after_channel,valid,0,1,final_application_timeout,800,768,9,9,2,1,2,0,0,0,240000,240000,2,0,18,5,1744,510,0,0,2,0,1,0,1,server_fallback_no_completion,1,0,0,1,120287,1,1,12,17,912,1642,3,2,0,4,1,0,0,1,310000,first_fragment,receiver_after_channel,0,512,MLKEM512,1,1,client,60000,200028,4,V2_RFRAG_FINAL_ACK_APP_RETRY,0,first_fragment,receiver_after_channel,512,MLKEM512,0,0,1,0,0,1,20110,0,1,0,512,0,0,0,client,200028,0,4,client,0,200028,0,4,V2_RFRAG_FINAL_ACK_APP_RETRY,0,1,first_fragment,receiver_after_channel,0,512,MLKEM512,1,server,200028,4,V2_RFRAG_FINAL_ACK_APP_RETRY,first_fragment,receiver_after_channel,512,MLKEM512,120287,0,0,1,0,1,1,10263,1,0,0,512,0,0,0,0,2,2,0,1,1,server,200028,0,4,server,200028,0,4,V2_RFRAG_FINAL_ACK_APP_RETRY
B-kem512-gilbert-prr0p95-L5-loss1-rep29-seed200029-v3,B-kem512-gilbert-prr0p95-L5-loss1-rep29-seed200029,B-kem512-gilbert-prr0p95-L5-loss1-rep29-seed200029,V1,B_V1_V2_FIRST_LOSS,2026-08-19T02:33:48+00:00,COOJA_SIMULATION,gilbert,0.95,5.0,0.0105263158,0.2,first_fragment,1,receiver_after_channel,1,2,1,0,8,96,3,V1_RFRAG_INITIAL_FINAL_ACK,512,200029,29,360,0,0,runs/B-kem512-gilbert-prr0p95-L5-loss1-rep29-seed200029-v3/cooja.log,df6f17f33a7b91a061794a7b3069f8070e0e2525c404d0496e5a20aecf318487,16376,157,157,end_of_log,success,FAILED_PROTOCOL,client_reported_failure,,1,True,0,0,0,0,0,0,0,0,0,both_motes,4,5,0,1,1,13,0,13,both_motes,1,1,1,applied_after_channel,valid,0,1,final_application_timeout,800,768,9,9,1,0,1,0,0,0,120000,120000,1,0,13,0,1142,0,4,0,1,5,0,1,0,server_fallback_no_completion,0,0,0,0,0,0,0,0,3,0,306,0,1,0,0,0,0,1,0,190000,first_fragment,receiver_after_channel,0,512,MLKEM512,0,1,client,60000,200029,3,V1_RFRAG_FIRST_FINAL_ACK,0,first_fragment,receiver_after_channel,512,MLKEM512,0,0,0,0,0,0,0,0,0,0,512,0,0,0,client,200029,0,3,client,0,200029,0,3,V1_RFRAG_FIRST_FINAL_ACK,1,0,first_fragment,receiver_after_channel,0,512,MLKEM512,1,server,200029,3,V1_RFRAG_FIRST_FINAL_ACK,first_fragment,receiver_after_channel,512,MLKEM512,0,0,0,1,0,0,1,20041,0,1,0,512,0,0,0,0,1,1,0,0,0,server,200029,0,3,server,200029,0,3,V1_RFRAG_FIRST_FINAL_ACK
B-kem512-gilbert-prr0p95-L5-loss1-rep29-seed200029-v4,B-kem512-gilbert-prr0p95-L5-loss1-rep29-seed200029,B-kem512-gilbert-prr0p95-L5-loss1-rep29-seed200029,V2,B_V1_V2_FIRST_LOSS,2026-08-19T02:33:48+00:00,COOJA_SIMULATION,gilbert,0.95,5.0,0.0105263158,0.2,first_fragment,1,receiver_after_channel,1,2,1,0,8,96,4,V2_RFRAG_FINAL_ACK_APP_RETRY,512,200029,29,360,0,1,runs/B-kem512-gilbert-prr0p95-L5-loss1-rep29-seed200029-v4/cooja.log,4cebaca53d9347938340ea08da7cabb543d8f41abef38044a8638f8b2f8b0df3,15115,145,145,end_of_log,success,FAILED_PROTOCOL,client_reported_failure,,1,True,0,0,0,0,0,0,0,0,0,both_motes,3,4,0,0,0,12,0,12,both_motes,1,1,1,applied_after_channel,valid,0,1,route_acquisition_timeout,800,768,9,9,1,0,1,0,0,0,125000,125000,1,0,12,0,1040,0,3,0,0,4,0,0,0,server_fallback_no_completion,0,0,0,0,0,0,0,0,4,0,408,0,0,0,0,0,0,0,1,310000,first_fragment,receiver_after_channel,0,512,MLKEM512,1,1,client,60000,200029,4,V2_RFRAG_FINAL_ACK_APP_RETRY,0,first_fragment,receiver_after_channel,512,MLKEM512,0,0,0,0,0,0,0,0,0,0,512,0,0,0,client,200029,0,4,client,0,200029,0,4,V2_RFRAG_FINAL_ACK_APP_RETRY,0,1,first_fragment,receiver_after_channel,0,512,MLKEM512,1,server,200029,4,V2_RFRAG_FINAL_ACK_APP_RETRY,first_fragment,receiver_after_channel,512,MLKEM512,0,0,0,0,0,0,0,0,0,0,0,512,0,0,0,0,0,0,0,0,0,server,200029,0,4,server,200029,0,4,V2_RFRAG_FINAL_ACK_APP_RETRY
B-kem512-gilbert-prr0p95-L10-loss1-rep06-seed200006-v3,B-kem512-gilbert-prr0p95-L10-loss1-rep06-seed200006,B-kem512-gilbert-prr0p95-L10-loss1-rep06-seed200006,V1,B_V1_V2_FIRST_LOSS,2026-08-19T02:33:48+00:00,COOJA_SIMULATION,gilbert,0.95,10.0,0.0052631579,0.1,first_fragment,1,receiver_after_channel,1,2,1,0,8,96,3,V1_RFRAG_INITIAL_FINAL_ACK,512,200006,6,360,0,0,runs/B-kem512-gilbert-prr0p95-L10-loss1-rep06-seed200006-v3/cooja.log,5dee727db70721bf965eabaead2cde1e5602fb2a40bc5316b94e71eea2b680cf,24386,241,241,end_of_log,success,FAILED_PROTOCOL,client_reported_failure,,1,True,0,0,0,0,0,0,0,0,0,both_motes,4,5,0,1,6,10,4,14,both_motes,1,1,1,applied_after_channel,valid,0,1,final_application_timeout,800,768,9,9,1,0,1,0,0,0,120000,120000,1,0,10,4,974,408,1,4,2,1,0,1,1,ct_transport_completion_timeout,1,0,0,1,1231,1,1,4,9,408,872,3,2,0,4,0,0,1,0,190000,first_fragment,receiver_after_channel,0,512,MLKEM512,0,1,client,60000,200006,3,V1_RFRAG_FIRST_FINAL_ACK,0,first_fragment,receiver_after_channel,512,MLKEM512,0,0,1,0,0,1,27094,0,1,0,512,0,0,0,client,200006,0,3,client,0,200006,0,3,V1_RFRAG_FIRST_FINAL_ACK,1,0,first_fragment,receiver_after_channel,0,512,MLKEM512,1,server,200006,3,V1_RFRAG_FIRST_FINAL_ACK,first_fragment,receiver_after_channel,512,MLKEM512,1231,0,0,1,0,1,1,10205,1,0,0,512,0,0,0,0,2,1,0,1,0,server,200006,0,3,server,200006,0,3,V1_RFRAG_FIRST_FINAL_ACK
B-kem512-gilbert-prr0p95-L10-loss1-rep06-seed200006-v4,B-kem512-gilbert-prr0p95-L10-loss1-rep06-seed200006,B-kem512-gilbert-prr0p95-L10-loss1-rep06-seed200006,V2,B_V1_V2_FIRST_LOSS,2026-08-19T02:33:48+00:00,COOJA_SIMULATION,gilbert,0.95,10.0,0.0052631579,0.1,first_fragment,1,receiver_after_channel,1,2,1,0,8,96,4,V2_RFRAG_FINAL_ACK_APP_RETRY,512,200006,6,360,0,1,runs/B-kem512-gilbert-prr0p95-L10-loss1-rep06-seed200006-v4/cooja.log,04d0bcf16c8cfc47989fa30aa7773d66d258b1f231a8da42459d85f2a7ec8b2a,20977,207,207,end_of_log,success,FAILED_PROTOCOL,client_reported_failure,,1,True,0,0,0,0,0,0,0,1,0,both_motes,3,4,1,0,2,18,12,30,both_motes,1,1,1,applied_after_channel,valid,0,1,final_application_timeout,800,768,9,9,2,1,2,0,0,0,240000,240000,2,0,18,2,1744,204,0,0,2,0,1,0,1,server_fallback_no_completion,1,0,0,1,120283,1,1,12,17,912,1642,3,2,0,4,1,0,0,1,310000,first_fragment,receiver_after_channel,0,512,MLKEM512,1,1,client,60000,200006,4,V2_RFRAG_FINAL_ACK_APP_RETRY,0,first_fragment,receiver_after_channel,512,MLKEM512,0,0,1,0,0,1,20035,0,1,0,512,0,0,0,client,200006,0,4,client,0,200006,0,4,V2_RFRAG_FINAL_ACK_APP_RETRY,0,1,first_fragment,receiver_after_channel,0,512,MLKEM512,1,server,200006,4,V2_RFRAG_FINAL_ACK_APP_RETRY,first_fragment,receiver_after_channel,512,MLKEM512,120283,0,0,1,0,1,1,10262,1,0,0,512,0,0,0,0,2,2,0,1,1,server,200006,0,4,server,200006,0,4,V2_RFRAG_FINAL_ACK_APP_RETRY
B-kem512-gilbert-prr0p95-L10-loss1-rep08-seed200008-v4,B-kem512-gilbert-prr0p95-L10-loss1-rep08-seed200008,B-kem512-gilbert-prr0p95-L10-loss1-rep08-seed200008,V2,B_V1_V2_FIRST_LOSS,2026-08-19T02:33:48+00:00,COOJA_SIMULATION,gilbert,0.95,10.0,0.0052631579,0.1,first_fragment,1,receiver_after_channel,1,2,1,0,8,96,4,V2_RFRAG_FINAL_ACK_APP_RETRY,512,200008,8,360,0,1,runs/B-kem512-gilbert-prr0p95-L10-loss1-rep08-seed200008-v4/cooja.log,5f80e6d430b0fd7727bdbbf93efba21812613a6cc57e19d3bbaa8e689aea3789,23680,243,243,end_of_log,success,FAILED_PROTOCOL,client_reported_failure,,1,True,0,0,0,0,0,0,0,0,0,both_motes,0,0,1,0,1,9,0,9,both_motes,1,1,1,applied_after_channel,valid,0,1,route_acquisition_timeout,800,768,9,9,1,0,1,0,0,0,125000,125000,1,0,9,0,872,0,0,0,1,0,1,0,0,server_fallback_no_completion,0,0,0,0,0,0,0,0,3,0,260,0,1,0,0,0,0,0,1,310000,first_fragment,receiver_after_channel,0,512,MLKEM512,1,1,client,60000,200008,4,V2_RFRAG_FINAL_ACK_APP_RETRY,0,first_fragment,receiver_after_channel,512,MLKEM512,0,0,0,0,0,0,0,0,0,0,512,0,0,0,client,200008,0,4,client,0,200008,0,4,V2_RFRAG_FINAL_ACK_APP_RETRY,0,1,first_fragment,receiver_after_channel,0,512,MLKEM512,1,server,200008,4,V2_RFRAG_FINAL_ACK_APP_RETRY,first_fragment,receiver_after_channel,512,MLKEM512,0,0,0,0,0,0,0,0,0,0,0,512,0,0,0,0,1,1,0,0,0,server,200008,0,4,server,200008,0,4,V2_RFRAG_FINAL_ACK_APP_RETRY
B-kem512-gilbert-prr0p95-L10-loss1-rep10-seed200010-v3,B-kem512-gilbert-prr0p95-L10-loss1-rep10-seed200010,B-kem512-gilbert-prr0p95-L10-loss1-rep10-seed200010,V1,B_V1_V2_FIRST_LOSS,2026-08-19T02:33:48+00:00,COOJA_SIMULATION,gilbert,0.95,10.0,0.0052631579,0.1,first_fragment,1,receiver_after_channel,1,2,1,0,8,96,3,V1_RFRAG_INITIAL_FINAL_ACK,512,200010,10,360,0,0,runs/B-kem512-gilbert-prr0p95-L10-loss1-rep10-seed200010-v3/cooja.log,b547aa402f8a8e6e49ad1e98fba78aef6f50e06a64dfa3518118ea520981f04c,19199,186,186,end_of_log,success,FAILED_PROTOCOL,client_reported_failure,,1,True,0,0,0,0,0,0,0,0,0,both_motes,4,5,0,2,3,10,12,22,both_motes,1,1,1,applied_after_channel,valid,0,1,final_application_timeout,800,768,9,9,1,0,1,0,0,0,120000,120000,1,0,10,8,974,816,1,1,2,1,0,1,1,ct_transport_completion_timeout,1,0,0,1,1298,1,1,12,9,912,872,3,2,1,4,0,0,1,0,190000,first_fragment,receiver_after_channel,0,512,MLKEM512,0,1,client,60000,200010,3,V1_RFRAG_FIRST_FINAL_ACK,0,first_fragment,receiver_after_channel,512,MLKEM512,0,0,1,0,0,1,20263,0,1,0,512,1,0,0,client,200010,0,3,client,0,200010,0,3,V1_RFRAG_FIRST_FINAL_ACK,1,0,first_fragment,receiver_after_channel,0,512,MLKEM512,1,server,200010,3,V1_RFRAG_FIRST_FINAL_ACK,first_fragment,receiver_after_channel,512,MLKEM512,1298,0,0,1,0,1,1,10263,1,0,0,512,0,1,0,0,2,2,0,1,1,server,200010,0,3,server,200010,0,3,V1_RFRAG_FIRST_FINAL_ACK
B-kem512-gilbert-prr0p95-L10-loss1-rep10-seed200010-v4,B-kem512-gilbert-prr0p95-L10-loss1-rep10-seed200010,B-kem512-gilbert-prr0p95-L10-loss1-rep10-seed200010,V2,B_V1_V2_FIRST_LOSS,2026-08-19T02:33:48+00:00,COOJA_SIMULATION,gilbert,0.95,10.0,0.0052631579,0.1,first_fragment,1,receiver_after_channel,1,2,1,0,8,96,4,V2_RFRAG_FINAL_ACK_APP_RETRY,512,200010,10,360,0,1,runs/B-kem512-gilbert-prr0p95-L10-loss1-rep10-seed200010-v4/cooja.log,1d06c6157597017f0390e61794d307d1619dd24a24590bc6c962a98f9905d6c1,27412,279,279,end_of_log,success,FAILED_PROTOCOL,client_reported_failure,,1,True,0,0,0,0,0,0,0,1,0,both_motes,6,8,1,0,5,21,12,33,both_motes,1,1,1,applied_after_channel,valid,0,1,final_application_timeout,800,768,9,9,2,1,2,0,0,0,240000,240000,2,0,21,0,1912,0,3,0,1,4,1,0,0,server_fallback_no_completion,1,0,0,1,120233,1,1,12,20,912,1810,3,5,0,4,1,0,0,1,310000,first_fragment,receiver_after_channel,0,512,MLKEM512,1,1,client,60000,200010,4,V2_RFRAG_FINAL_ACK_APP_RETRY,0,first_fragment,receiver_after_channel,512,MLKEM512,0,0,0,0,0,0,0,0,0,0,512,0,0,0,client,200010,0,4,client,0,200010,0,4,V2_RFRAG_FINAL_ACK_APP_RETRY,0,1,first_fragment,receiver_after_channel,0,512,MLKEM512,1,server,200010,4,V2_RFRAG_FINAL_ACK_APP_RETRY,first_fragment,receiver_after_channel,512,MLKEM512,120233,0,0,1,0,1,1,10209,1,0,0,512,0,0,0,0,5,1,0,4,0,server,200010,0,4,server,200010,0,4,V2_RFRAG_FINAL_ACK_APP_RETRY
B-kem512-gilbert-prr0p95-L10-loss1-rep14-seed200014-v4,B-kem512-gilbert-prr0p95-L10-loss1-rep14-seed200014,B-kem512-gilbert-prr0p95-L10-loss1-rep14-seed200014,V2,B_V1_V2_FIRST_LOSS,2026-08-19T02:33:48+00:00,COOJA_SIMULATION,gilbert,0.95,10.0,0.0052631579,0.1,first_fragment,1,receiver_after_channel,1,2,1,0,8,96,4,V2_RFRAG_FINAL_ACK_APP_RETRY,512,200014,14,360,0,1,runs/B-kem512-gilbert-prr0p95-L10-loss1-rep14-seed200014-v4/cooja.log,093341eecb8d29b3708e1de4ca13b33e0b2f595e867581adbdc428d0ffc61b8b,21245,210,210,end_of_log,success,FAILED_PROTOCOL,client_reported_failure,,1,True,0,0,0,0,0,0,0,1,0,both_motes,3,4,1,0,2,18,12,30,both_motes,1,1,1,applied_after_channel,valid,0,1,final_application_timeout,800,768,9,9,2,1,2,0,0,0,240000,240000,2,0,18,3,1744,306,0,0,2,0,1,0,1,server_fallback_no_completion,1,0,0,1,120292,1,1,12,17,912,1642,3,2,0,4,1,0,0,1,310000,first_fragment,receiver_after_channel,0,512,MLKEM512,1,1,client,60000,200014,4,V2_RFRAG_FINAL_ACK_APP_RETRY,0,first_fragment,receiver_after_channel,512,MLKEM512,0,0,1,0,0,1,20047,0,1,0,512,0,0,0,client,200014,0,4,client,0,200014,0,4,V2_RFRAG_FINAL_ACK_APP_RETRY,0,1,first_fragment,receiver_after_channel,0,512,MLKEM512,1,server,200014,4,V2_RFRAG_FINAL_ACK_APP_RETRY,first_fragment,receiver_after_channel,512,MLKEM512,120292,0,0,1,0,1,1,10250,1,0,0,512,0,0,0,0,2,2,0,1,1,server,200014,0,4,server,200014,0,4,V2_RFRAG_FINAL_ACK_APP_RETRY
B-kem512-gilbert-prr0p95-L10-loss1-rep15-seed200015-v4,B-kem512-gilbert-prr0p95-L10-loss1-rep15-seed200015,B-kem512-gilbert-prr0p95-L10-loss1-rep15-seed200015,V2,B_V1_V2_FIRST_LOSS,2026-08-19T02:33:48+00:00,COOJA_SIMULATION,gilbert,0.95,10.0,0.0052631579,0.1,first_fragment,1,receiver_after_channel,1,2,1,0,8,96,4,V2_RFRAG_FINAL_ACK_APP_RETRY,512,200015,15,360,0,1,runs/B-kem512-gilbert-prr0p95-L10-loss1-rep15-seed200015-v4/cooja.log,9682c5c85bb3962a30dabb785c707736743be980ebc03c321e231133463da670,26700,278,278,end_of_log,success,FAILED_PROTOCOL,client_reported_failure,,1,True,0,0,0,0,0,0,0,0,0,both_motes,2,2,1,0,3,11,0,11,both_motes,1,1,1,applied_after_channel,valid,0,1,route_acquisition_timeout,800,768,9,9,1,0,1,0,0,0,125000,125000,1,0,11,0,984,0,2,0,1,2,1,0,0,server_fallback_no_completion,0,0,0,0,0,0,0,0,10,0,882,0,3,0,0,0,0,0,1,310000,first_fragment,receiver_after_channel,0,512,MLKEM512,1,1,client,60000,200015,4,V2_RFRAG_FINAL_ACK_APP_RETRY,0,first_fragment,receiver_after_channel,512,MLKEM512,0,0,0,0,0,0,0,0,0,0,512,0,0,0,client,200015,0,4,client,0,200015,0,4,V2_RFRAG_FINAL_ACK_APP_RETRY,0,1,first_fragment,receiver_after_channel,0,512,MLKEM512,1,server,200015,4,V2_RFRAG_FINAL_ACK_APP_RETRY,first_fragment,receiver_after_channel,512,MLKEM512,0,0,0,0,0,0,0,0,0,0,0,512,0,0,0,0,3,1,0,0,0,server,200015,0,4,server,200015,0,4,V2_RFRAG_FINAL_ACK_APP_RETRY
B-kem512-gilbert-prr0p95-L10-loss1-rep29-seed200029-v3,B-kem512-gilbert-prr0p95-L10-loss1-rep29-seed200029,B-kem512-gilbert-prr0p95-L10-loss1-rep29-seed200029,V1,B_V1_V2_FIRST_LOSS,2026-08-19T02:33:48+00:00,COOJA_SIMULATION,gilbert,0.95,10.0,0.0052631579,0.1,first_fragment,1,receiver_after_channel,1,2,1,0,8,96,3,V1_RFRAG_INITIAL_FINAL_ACK,512,200029,29,360,0,0,runs/B-kem512-gilbert-prr0p95-L10-loss1-rep29-seed200029-v3/cooja.log,df6f17f33a7b91a061794a7b3069f8070e0e2525c404d0496e5a20aecf318487,16376,157,157,end_of_log,success,FAILED_PROTOCOL,client_reported_failure,,1,True,0,0,0,0,0,0,0,0,0,both_motes,4,5,0,1,1,13,0,13,both_motes,1,1,1,applied_after_channel,valid,0,1,final_application_timeout,800,768,9,9,1,0,1,0,0,0,120000,120000,1,0,13,0,1142,0,4,0,1,5,0,1,0,server_fallback_no_completion,0,0,0,0,0,0,0,0,3,0,306,0,1,0,0,0,0,1,0,190000,first_fragment,receiver_after_channel,0,512,MLKEM512,0,1,client,60000,200029,3,V1_RFRAG_FIRST_FINAL_ACK,0,first_fragment,receiver_after_channel,512,MLKEM512,0,0,0,0,0,0,0,0,0,0,512,0,0,0,client,200029,0,3,client,0,200029,0,3,V1_RFRAG_FIRST_FINAL_ACK,1,0,first_fragment,receiver_after_channel,0,512,MLKEM512,1,server,200029,3,V1_RFRAG_FIRST_FINAL_ACK,first_fragment,receiver_after_channel,512,MLKEM512,0,0,0,1,0,0,1,20041,0,1,0,512,0,0,0,0,1,1,0,0,0,server,200029,0,3,server,200029,0,3,V1_RFRAG_FIRST_FINAL_ACK
B-kem512-gilbert-prr0p95-L10-loss1-rep29-seed200029-v4,B-kem512-gilbert-prr0p95-L10-loss1-rep29-seed200029,B-kem512-gilbert-prr0p95-L10-loss1-rep29-seed200029,V2,B_V1_V2_FIRST_LOSS,2026-08-19T02:33:48+00:00,COOJA_SIMULATION,gilbert,0.95,10.0,0.0052631579,0.1,first_fragment,1,receiver_after_channel,1,2,1,0,8,96,4,V2_RFRAG_FINAL_ACK_APP_RETRY,512,200029,29,360,0,1,runs/B-kem512-gilbert-prr0p95-L10-loss1-rep29-seed200029-v4/cooja.log,4cebaca53d9347938340ea08da7cabb543d8f41abef38044a8638f8b2f8b0df3,15115,145,145,end_of_log,success,FAILED_PROTOCOL,client_reported_failure,,1,True,0,0,0,0,0,0,0,0,0,both_motes,3,4,0,0,0,12,0,12,both_motes,1,1,1,applied_after_channel,valid,0,1,route_acquisition_timeout,800,768,9,9,1,0,1,0,0,0,125000,125000,1,0,12,0,1040,0,3,0,0,4,0,0,0,server_fallback_no_completion,0,0,0,0,0,0,0,0,4,0,408,0,0,0,0,0,0,0,1,310000,first_fragment,receiver_after_channel,0,512,MLKEM512,1,1,client,60000,200029,4,V2_RFRAG_FINAL_ACK_APP_RETRY,0,first_fragment,receiver_after_channel,512,MLKEM512,0,0,0,0,0,0,0,0,0,0,512,0,0,0,client,200029,0,4,client,0,200029,0,4,V2_RFRAG_FINAL_ACK_APP_RETRY,0,1,first_fragment,receiver_after_channel,0,512,MLKEM512,1,server,200029,4,V2_RFRAG_FINAL_ACK_APP_RETRY,first_fragment,receiver_after_channel,512,MLKEM512,0,0,0,0,0,0,0,0,0,0,0,512,0,0,0,0,0,0,0,0,0,server,200029,0,4,server,200029,0,4,V2_RFRAG_FINAL_ACK_APP_RETRY
B-kem512-gilbert-prr0p95-L10-loss1-rep30-seed200030-v4,B-kem512-gilbert-prr0p95-L10-loss1-rep30-seed200030,B-kem512-gilbert-prr0p95-L10-loss1-rep30-seed200030,V2,B_V1_V2_FIRST_LOSS,2026-08-19T02:33:48+00:00,COOJA_SIMULATION,gilbert,0.95,10.0,0.0052631579,0.1,first_fragment,1,receiver_after_channel,1,2,1,0,8,96,4,V2_RFRAG_FINAL_ACK_APP_RETRY,512,200030,30,360,0,1,runs/B-kem512-gilbert-prr0p95-L10-loss1-rep30-seed200030-v4/cooja.log,900e0991cad93ee139aa8b21d1f4e4b90afb8ef37c075fc25d3cba4d4fa1f829,23278,239,239,end_of_log,success,FAILED_PROTOCOL,client_reported_failure,,1,True,0,0,0,0,0,0,0,0,0,both_motes,3,3,1,0,4,12,0,12,both_motes,1,1,1,applied_after_channel,valid,0,1,route_acquisition_timeout,800,768,9,9,1,0,1,0,0,0,125000,125000,1,0,12,0,1040,0,3,0,1,3,1,0,0,server_fallback_no_completion,0,0,0,0,0,0,0,0,11,0,938,0,4,0,0,0,0,0,1,310000,first_fragment,receiver_after_channel,0,512,MLKEM512,1,1,client,60000,200030,4,V2_RFRAG_FINAL_ACK_APP_RETRY,0,first_fragment,receiver_after_channel,512,MLKEM512,0,0,0,0,0,0,0,0,0,0,512,0,0,0,client,200030,0,4,client,0,200030,0,4,V2_RFRAG_FINAL_ACK_APP_RETRY,0,1,first_fragment,receiver_after_channel,0,512,MLKEM512,1,server,200030,4,V2_RFRAG_FINAL_ACK_APP_RETRY,first_fragment,receiver_after_channel,512,MLKEM512,0,0,0,0,0,0,0,0,0,0,0,512,0,0,0,0,4,1,0,0,0,server,200030,0,4,server,200030,0,4,V2_RFRAG_FINAL_ACK_APP_RETRY
B-kem768-fixed-prr0p50-loss1-rep01-seed200001-v4,B-kem768-fixed-prr0p50-loss1-rep01-seed200001,B-kem768-fixed-prr0p50-loss1-rep01-seed200001,V2,B_V1_V2_FIRST_LOSS,2026-08-19T02:33:49+00:00,COOJA_SIMULATION,fixed,0.5,,,,first_fragment,1,receiver_after_channel,1,2,1,0,12,96,4,V2_RFRAG_FINAL_ACK_APP_RETRY,768,200001,1,360,0,1,runs/B-kem768-fixed-prr0p50-loss1-rep01-seed200001-v4/cooja.log,611a7e34daa2d65776cb73ddb849538ac36f829fc2d37958812769b6cb405276,30578,317,317,end_of_log,success,FAILED_PROTOCOL,client_reported_failure,,1,True,0,0,0,0,0,0,0,1,4,both_motes,5,1,2,1,5,30,13,43,both_motes,1,1,1,applied_after_channel,valid,0,1,final_application_timeout,1184,1088,13,12,2,1,2,0,0,0,240000,240000,2,0,30,11,2968,1030,4,2,3,0,1,1,1,server_fallback_no_completion,1,0,0,1,120560,1,1,13,22,1234,2152,1,3,1,1,1,0,0,1,310000,first_fragment,receiver_after_channel,0,768,MLKEM768,1,1,client,60000,200001,4,V2_RFRAG_FINAL_ACK_APP_RETRY,0,first_fragment,receiver_after_channel,768,MLKEM768,0,0,0,0,0,0,0,0,0,0,768,1,0,0,client,200001,4,4,client,0,200001,0,4,V2_RFRAG_FINAL_ACK_APP_RETRY,0,1,first_fragment,receiver_after_channel,0,768,MLKEM768,1,server,200001,4,V2_RFRAG_FINAL_ACK_APP_RETRY,first_fragment,receiver_after_channel,768,MLKEM768,120560,0,0,1,0,1,1,10528,1,0,0,768,1,0,0,0,3,2,0,1,1,server,200001,0,4,server,200001,0,4,V2_RFRAG_FINAL_ACK_APP_RETRY
B-kem768-fixed-prr0p50-loss1-rep03-seed200003-v4,B-kem768-fixed-prr0p50-loss1-rep03-seed200003,B-kem768-fixed-prr0p50-loss1-rep03-seed200003,V2,B_V1_V2_FIRST_LOSS,2026-08-19T02:33:49+00:00,COOJA_SIMULATION,fixed,0.5,,,,first_fragment,1,receiver_after_channel,1,2,1,0,12,96,4,V2_RFRAG_FINAL_ACK_APP_RETRY,768,200003,3,360,0,1,runs/B-kem768-fixed-prr0p50-loss1-rep03-seed200003-v4/cooja.log,896d7da3867c1cc3983b77152c08aa4fd425d0d9925d5779eb847e1a7b9efb5a,23709,244,244,end_of_log,success,FAILED_PROTOCOL,client_reported_failure,,1,True,0,0,0,0,0,0,0,0,0,both_motes,0,0,1,0,1,13,0,13,both_motes,1,1,1,applied_after_channel,valid,0,1,route_acquisition_timeout,1184,1088,13,12,1,0,1,0,0,0,125000,125000,1,0,13,0,1280,0,0,0,1,0,1,0,0,server_fallback_no_completion,0,0,0,0,0,0,0,0,11,0,1076,0,1,0,0,0,0,0,1,310000,first_fragment,receiver_after_channel,0,768,MLKEM768,1,1,client,60000,200003,4,V2_RFRAG_FINAL_ACK_APP_RETRY,0,first_fragment,receiver_after_channel,768,MLKEM768,0,0,0,0,0,0,0,0,0,0,768,0,0,0,client,200003,0,4,client,0,200003,0,4,V2_RFRAG_FINAL_ACK_APP_RETRY,0,1,first_fragment,receiver_after_channel,0,768,MLKEM768,1,server,200003,4,V2_RFRAG_FINAL_ACK_APP_RETRY,first_fragment,receiver_after_channel,768,MLKEM768,0,0,0,0,0,0,0,0,0,0,0,768,0,0,0,0,1,1,0,0,0,server,200003,0,4,server,200003,0,4,V2_RFRAG_FINAL_ACK_APP_RETRY
B-kem768-fixed-prr0p50-loss1-rep08-seed200008-v4,B-kem768-fixed-prr0p50-loss1-rep08-seed200008,B-kem768-fixed-prr0p50-loss1-rep08-seed200008,V2,B_V1_V2_FIRST_LOSS,2026-08-19T02:33:49+00:00,COOJA_SIMULATION,fixed,0.5,,,,first_fragment,1,receiver_after_channel,1,2,1,0,12,96,4,V2_RFRAG_FINAL_ACK_APP_RETRY,768,200008,8,360,0,1,runs/B-kem768-fixed-prr0p50-loss1-rep08-seed200008-v4/cooja.log,83e55b56e711a25a73569458953d6af483140d136bb8c0a57fba3cf2c61e1ca7,26372,270,270,end_of_log,success,FAILED_PROTOCOL,client_reported_failure,,1,True,0,0,0,0,0,0,0,1,0,both_motes,1,1,2,0,3,27,12,39,both_motes,1,1,1,applied_after_channel,valid,0,1,final_application_timeout,1184,1088,13,12,2,1,2,0,0,0,240000,240000,2,0,27,10,2616,974,1,1,2,1,1,0,1,server_fallback_no_completion,1,0,0,1,120360,1,1,12,23,1178,2254,0,2,1,0,1,0,0,1,310000,first_fragment,receiver_after_channel,0,768,MLKEM768,1,1,client,60000,200008,4,V2_RFRAG_FINAL_ACK_APP_RETRY,0,first_fragment,receiver_after_channel,768,MLKEM768,0,0,0,0,0,0,0,0,0,0,768,1,0,0,client,200008,0,4,client,0,200008,0,4,V2_RFRAG_FINAL_ACK_APP_RETRY,0,1,first_fragment,receiver_after_channel,0,768,MLKEM768,1,server,200008,4,V2_RFRAG_FINAL_ACK_APP_RETRY,first_fragment,receiver_after_channel,768,MLKEM768,120360,0,0,1,0,1,1,10336,1,0,0,768,1,0,0,0,2,1,0,1,0,server,200008,0,4,server,200008,0,4,V2_RFRAG_FINAL_ACK_APP_RETRY
B-kem768-fixed-prr0p50-loss1-rep15-seed200015-v4,B-kem768-fixed-prr0p50-loss1-rep15-seed200015,B-kem768-fixed-prr0p50-loss1-rep15-seed200015,V2,B_V1_V2_FIRST_LOSS,2026-08-19T02:33:49+00:00,COOJA_SIMULATION,fixed,0.5,,,,first_fragment,1,receiver_after_channel,1,2,1,0,12,96,4,V2_RFRAG_FINAL_ACK_APP_RETRY,768,200015,15,360,0,1,runs/B-kem768-fixed-prr0p50-loss1-rep15-seed200015-v4/cooja.log,6dac355eb38b0ced413b5f0b6faaa1d4ae3935cce08369c3643b985b8b4fd666,25055,258,258,end_of_log,success,FAILED_PROTOCOL,client_reported_failure,,1,True,0,0,0,0,0,0,0,0,0,both_motes,0,0,1,0,1,13,0,13,both_motes,1,1,1,applied_after_channel,valid,0,1,route_acquisition_timeout,1184,1088,13,12,1,0,1,0,0,0,125000,125000,1,0,13,0,1280,0,0,0,1,0,1,0,0,server_fallback_no_completion,0,0,0,0,0,0,0,0,8,0,770,0,1,0,0,0,0,0,1,310000,first_fragment,receiver_after_channel,0,768,MLKEM768,1,1,client,60000,200015,4,V2_RFRAG_FINAL_ACK_APP_RETRY,0,first_fragment,receiver_after_channel,768,MLKEM768,0,0,0,0,0,0,0,0,0,0,768,0,0,0,client,200015,0,4,client,0,200015,0,4,V2_RFRAG_FINAL_ACK_APP_RETRY,0,1,first_fragment,receiver_after_channel,0,768,MLKEM768,1,server,200015,4,V2_RFRAG_FINAL_ACK_APP_RETRY,first_fragment,receiver_after_channel,768,MLKEM768,0,0,0,0,0,0,0,0,0,0,0,768,0,0,0,0,1,1,0,0,0,server,200015,0,4,server,200015,0,4,V2_RFRAG_FINAL_ACK_APP_RETRY
B-kem768-fixed-prr0p50-loss1-rep17-seed200017-v4,B-kem768-fixed-prr0p50-loss1-rep17-seed200017,B-kem768-fixed-prr0p50-loss1-rep17-seed200017,V2,B_V1_V2_FIRST_LOSS,2026-08-19T02:33:49+00:00,COOJA_SIMULATION,fixed,0.5,,,,first_fragment,1,receiver_after_channel,1,2,1,0,12,96,4,V2_RFRAG_FINAL_ACK_APP_RETRY,768,200017,17,360,0,1,runs/B-kem768-fixed-prr0p50-loss1-rep17-seed200017-v4/cooja.log,d608c0aa6e962401aee1a3e8a587e4d52f93cadc4011b13d235ee9d8fb06e890,23308,239,239,end_of_log,success,FAILED_PROTOCOL,client_reported_failure,,1,True,0,0,0,0,0,0,0,0,0,both_motes,1,1,1,0,1,14,0,14,both_motes,1,1,1,applied_after_channel,valid,0,1,route_acquisition_timeout,1184,1088,13,12,1,0,1,0,0,0,125000,125000,1,0,14,0,1336,0,1,0,1,1,1,0,0,server_fallback_no_completion,0,0,0,0,0,0,0,0,10,0,974,0,1,0,0,0,0,0,1,310000,first_fragment,receiver_after_channel,0,768,MLKEM768,1,1,client,60000,200017,4,V2_RFRAG_FINAL_ACK_APP_RETRY,0,first_fragment,receiver_after_channel,768,MLKEM768,0,0,0,0,0,0,0,0,0,0,768,0,0,0,client,200017,0,4,client,0,200017,0,4,V2_RFRAG_FINAL_ACK_APP_RETRY,0,1,first_fragment,receiver_after_channel,0,768,MLKEM768,1,server,200017,4,V2_RFRAG_FINAL_ACK_APP_RETRY,first_fragment,receiver_after_channel,768,MLKEM768,0,0,0,0,0,0,0,0,0,0,0,768,0,0,0,0,1,1,0,0,0,server,200017,0,4,server,200017,0,4,V2_RFRAG_FINAL_ACK_APP_RETRY
B-kem768-fixed-prr0p50-loss1-rep19-seed200019-v3,B-kem768-fixed-prr0p50-loss1-rep19-seed200019,B-kem768-fixed-prr0p50-loss1-rep19-seed200019,V1,B_V1_V2_FIRST_LOSS,2026-08-19T02:33:49+00:00,COOJA_SIMULATION,fixed,0.5,,,,first_fragment,1,receiver_after_channel,1,2,1,0,12,96,3,V1_RFRAG_INITIAL_FINAL_ACK,768,200019,19,360,0,0,runs/B-kem768-fixed-prr0p50-loss1-rep19-seed200019-v3/cooja.log,94e789e9fb7831b0dd80cede40fb583b5fbbb0c32e0cef58326c3d934ec46750,24947,252,252,end_of_log,success,FAILED_PROTOCOL,client_reported_failure,,1,True,0,0,0,0,0,0,0,0,3,both_motes,5,3,0,3,3,18,0,18,both_motes,1,1,1,applied_after_channel,valid,0,1,final_application_timeout,1184,1088,13,12,1,0,1,0,0,0,120000,120000,1,0,18,0,1790,0,5,0,3,3,0,3,0,server_fallback_no_completion,0,0,0,0,0,0,0,0,12,0,1178,0,3,0,0,0,0,1,0,190000,first_fragment,receiver_after_channel,0,768,MLKEM768,0,1,client,60000,200019,3,V1_RFRAG_FIRST_FINAL_ACK,0,first_fragment,receiver_after_channel,768,MLKEM768,0,0,0,0,0,0,0,0,0,0,768,0,0,0,client,200019,3,3,client,0,200019,0,3,V1_RFRAG_FIRST_FINAL_ACK,1,0,first_fragment,receiver_after_channel,0,768,MLKEM768,1,server,200019,3,V1_RFRAG_FIRST_FINAL_ACK,first_fragment,receiver_after_channel,768,MLKEM768,0,0,0,1,0,0,1,20508,0,1,0,768,0,0,0,0,3,2,0,0,0,server,200019,0,3,server,200019,0,3,V1_RFRAG_FIRST_FINAL_ACK
B-kem768-fixed-prr0p50-loss1-rep19-seed200019-v4,B-kem768-fixed-prr0p50-loss1-rep19-seed200019,B-kem768-fixed-prr0p50-loss1-rep19-seed200019,V2,B_V1_V2_FIRST_LOSS,2026-08-19T02:33:49+00:00,COOJA_SIMULATION,fixed,0.5,,,,first_fragment,1,receiver_after_channel,1,2,1,0,12,96,4,V2_RFRAG_FINAL_ACK_APP_RETRY,768,200019,19,360,0,1,runs/B-kem768-fixed-prr0p50-loss1-rep19-seed200019-v4/cooja.log,2be6f21b5d0fc26472748fa5d5e05810ce1d8eeca478ee54e8e7450a18ede69d,22876,234,234,end_of_log,success,FAILED_PROTOCOL,client_reported_failure,,1,True,0,0,0,0,0,0,0,0,0,both_motes,0,0,1,0,1,13,0,13,both_motes,1,1,1,applied_after_channel,valid,0,1,route_acquisition_timeout,1184,1088,13,12,1,0,1,0,0,0,125000,125000,1,0,13,0,1280,0,0,0,1,0,1,0,0,server_fallback_no_completion,0,0,0,0,0,0,0,0,10,0,974,0,1,0,0,0,0,0,1,310000,first_fragment,receiver_after_channel,0,768,MLKEM768,1,1,client,60000,200019,4,V2_RFRAG_FINAL_ACK_APP_RETRY,0,first_fragment,receiver_after_channel,768,MLKEM768,0,0,0,0,0,0,0,0,0,0,768,0,0,0,client,200019,0,4,client,0,200019,0,4,V2_RFRAG_FINAL_ACK_APP_RETRY,0,1,first_fragment,receiver_after_channel,0,768,MLKEM768,1,server,200019,4,V2_RFRAG_FINAL_ACK_APP_RETRY,first_fragment,receiver_after_channel,768,MLKEM768,0,0,0,0,0,0,0,0,0,0,0,768,0,0,0,0,1,1,0,0,0,server,200019,0,4,server,200019,0,4,V2_RFRAG_FINAL_ACK_APP_RETRY
B-kem768-fixed-prr0p50-loss1-rep20-seed200020-v4,B-kem768-fixed-prr0p50-loss1-rep20-seed200020,B-kem768-fixed-prr0p50-loss1-rep20-seed200020,V2,B_V1_V2_FIRST_LOSS,2026-08-19T02:33:49+00:00,COOJA_SIMULATION,fixed,0.5,,,,first_fragment,1,receiver_after_channel,1,2,1,0,12,96,4,V2_RFRAG_FINAL_ACK_APP_RETRY,768,200020,20,360,0,1,runs/B-kem768-fixed-prr0p50-loss1-rep20-seed200020-v4/cooja.log,ce179201c7a79e491ddb1d1433c4e29a483cb80ff4202fc008ff59406fc23737,24988,259,259,end_of_log,success_with_warnings,FAILED_PROTOCOL,client_reported_failure,"perte ciblée armée, mais le canal/radio a perdu la trame avant le hook receiver",1,True,0,0,0,0,0,0,0,0,0,both_motes,1,1,1,0,1,14,0,14,both_motes,1,1,0,radio_preempted,valid,0,1,route_acquisition_timeout,1184,1088,13,12,1,0,1,0,0,0,125000,125000,1,0,14,0,1336,0,1,0,1,1,1,0,0,server_fallback_no_completion,0,0,0,0,0,0,0,0,11,0,1076,0,1,0,0,0,0,0,1,310000,first_fragment,receiver_after_channel,0,768,MLKEM768,1,1,client,60000,200020,4,V2_RFRAG_FINAL_ACK_APP_RETRY,0,first_fragment,receiver_after_channel,768,MLKEM768,0,0,0,0,0,0,0,0,0,0,768,0,0,0,client,200020,0,4,client,0,200020,0,4,V2_RFRAG_FINAL_ACK_APP_RETRY,0,1,first_fragment,receiver_after_channel,0,768,MLKEM768,1,server,200020,4,V2_RFRAG_FINAL_ACK_APP_RETRY,first_fragment,receiver_after_channel,768,MLKEM768,0,0,0,0,0,0,0,0,0,0,0,768,0,0,0,0,1,1,0,0,0,server,200020,0,4,server,200020,0,4,V2_RFRAG_FINAL_ACK_APP_RETRY
B-kem768-fixed-prr0p50-loss1-rep23-seed200023-v4,B-kem768-fixed-prr0p50-loss1-rep23-seed200023,B-kem768-fixed-prr0p50-loss1-rep23-seed200023,V2,B_V1_V2_FIRST_LOSS,2026-08-19T02:33:49+00:00,COOJA_SIMULATION,fixed,0.5,,,,first_fragment,1,receiver_after_channel,1,2,1,0,12,96,4,V2_RFRAG_FINAL_ACK_APP_RETRY,768,200023,23,360,0,1,runs/B-kem768-fixed-prr0p50-loss1-rep23-seed200023-v4/cooja.log,628b3d69ea6f0dee7429cd42e0d705aa47f8a796d4ca3a7c7e79461f38e96b92,22583,231,231,end_of_log,success,FAILED_PROTOCOL,client_reported_failure,,1,True,0,0,0,0,0,0,0,0,0,both_motes,1,1,1,0,1,14,0,14,both_motes,1,1,1,applied_after_channel,valid,0,1,route_acquisition_timeout,1184,1088,13,12,1,0,1,0,0,0,125000,125000,1,0,14,0,1336,0,1,0,1,1,1,0,0,server_fallback_no_completion,0,0,0,0,0,0,0,0,11,0,1076,0,1,0,0,0,0,0,1,310000,first_fragment,receiver_after_channel,0,768,MLKEM768,1,1,client,60000,200023,4,V2_RFRAG_FINAL_ACK_APP_RETRY,0,first_fragment,receiver_after_channel,768,MLKEM768,0,0,0,0,0,0,0,0,0,0,768,0,0,0,client,200023,0,4,client,0,200023,0,4,V2_RFRAG_FINAL_ACK_APP_RETRY,0,1,first_fragment,receiver_after_channel,0,768,MLKEM768,1,server,200023,4,V2_RFRAG_FINAL_ACK_APP_RETRY,first_fragment,receiver_after_channel,768,MLKEM768,0,0,0,0,0,0,0,0,0,0,0,768,0,0,0,0,1,1,0,0,0,server,200023,0,4,server,200023,0,4,V2_RFRAG_FINAL_ACK_APP_RETRY
B-kem768-fixed-prr0p50-loss1-rep30-seed200030-v4,B-kem768-fixed-prr0p50-loss1-rep30-seed200030,B-kem768-fixed-prr0p50-loss1-rep30-seed200030,V2,B_V1_V2_FIRST_LOSS,2026-08-19T02:33:49+00:00,COOJA_SIMULATION,fixed,0.5,,,,first_fragment,1,receiver_after_channel,1,2,1,0,12,96,4,V2_RFRAG_FINAL_ACK_APP_RETRY,768,200030,30,360,0,1,runs/B-kem768-fixed-prr0p50-loss1-rep30-seed200030-v4/cooja.log,29177a684ecbdfa25460dbe5d073d94db2041ae3b69248ede4445ecab9fbbff3,29401,305,305,end_of_log,success_with_warnings,FAILED_PROTOCOL,client_reported_failure,"perte ciblée armée, mais le canal/radio a perdu la trame avant le hook receiver",1,True,0,0,0,0,0,0,0,1,3,both_motes,3,0,2,1,4,29,12,41,both_motes,1,1,0,radio_preempted,valid,0,1,final_application_timeout,1184,1088,13,12,2,1,2,0,0,0,240000,240000,2,0,29,8,2866,770,3,1,3,0,1,1,1,server_fallback_no_completion,1,0,0,1,120554,1,1,12,25,1178,2458,0,3,1,0,1,0,0,1,310000,first_fragment,receiver_after_channel,0,768,MLKEM768,1,1,client,60000,200030,4,V2_RFRAG_FINAL_ACK_APP_RETRY,0,first_fragment,receiver_after_channel,768,MLKEM768,0,0,0,0,0,0,0,0,0,0,768,0,0,0,client,200030,3,4,client,0,200030,0,4,V2_RFRAG_FINAL_ACK_APP_RETRY,0,1,first_fragment,receiver_after_channel,0,768,MLKEM768,1,server,200030,4,V2_RFRAG_FINAL_ACK_APP_RETRY,first_fragment,receiver_after_channel,768,MLKEM768,120554,0,0,1,0,1,1,10525,1,0,0,768,1,0,0,0,3,2,0,1,1,server,200030,0,4,server,200030,0,4,V2_RFRAG_FINAL_ACK_APP_RETRY
B-kem768-fixed-prr0p85-loss1-rep08-seed200008-v4,B-kem768-fixed-prr0p85-loss1-rep08-seed200008,B-kem768-fixed-prr0p85-loss1-rep08-seed200008,V2,B_V1_V2_FIRST_LOSS,2026-08-19T02:33:49+00:00,COOJA_SIMULATION,fixed,0.85,,,,first_fragment,1,receiver_after_channel,1,2,1,0,12,96,4,V2_RFRAG_FINAL_ACK_APP_RETRY,768,200008,8,360,0,1,runs/B-kem768-fixed-prr0p85-loss1-rep08-seed200008-v4/cooja.log,9fe13333735326e32b8666b12fe48c46d94b1a4a91c6e739013c38d627cd4141,18896,191,191,end_of_log,success,FAILED_PROTOCOL,client_reported_failure,,1,True,0,0,0,0,0,0,0,1,0,both_motes,0,0,2,0,2,26,0,26,both_motes,1,1,1,applied_after_channel,valid,0,1,final_application_timeout,1184,1088,13,12,2,1,2,0,0,0,240000,240000,2,0,26,0,2560,0,0,0,2,0,2,0,0,server_fallback_no_completion,0,0,0,0,0,0,0,0,22,0,2152,0,2,0,0,1,0,0,1,310000,first_fragment,receiver_after_channel,0,768,MLKEM768,1,1,client,60000,200008,4,V2_RFRAG_FINAL_ACK_APP_RETRY,0,first_fragment,receiver_after_channel,768,MLKEM768,0,0,0,0,0,0,0,0,0,0,768,0,0,0,client,200008,0,4,client,0,200008,0,4,V2_RFRAG_FINAL_ACK_APP_RETRY,0,1,first_fragment,receiver_after_channel,0,768,MLKEM768,1,server,200008,4,V2_RFRAG_FINAL_ACK_APP_RETRY,first_fragment,receiver_after_channel,768,MLKEM768,0,0,0,0,0,0,0,0,0,0,0,768,0,0,0,0,2,2,0,0,0,server,200008,0,4,server,200008,0,4,V2_RFRAG_FINAL_ACK_APP_RETRY
B-kem768-fixed-prr0p85-loss1-rep10-seed200010-v4,B-kem768-fixed-prr0p85-loss1-rep10-seed200010,B-kem768-fixed-prr0p85-loss1-rep10-seed200010,V2,B_V1_V2_FIRST_LOSS,2026-08-19T02:33:49+00:00,COOJA_SIMULATION,fixed,0.85,,,,first_fragment,1,receiver_after_channel,1,2,1,0,12,96,4,V2_RFRAG_FINAL_ACK_APP_RETRY,768,200010,10,360,0,1,runs/B-kem768-fixed-prr0p85-loss1-rep10-seed200010-v4/cooja.log,267b59b86d0ceed77f6539e1ba37a9855c33861e9d5fdfcfe70a21d3fba4df9a,18904,191,191,end_of_log,success,FAILED_PROTOCOL,client_reported_failure,,1,True,0,0,0,0,0,0,0,1,0,both_motes,0,0,2,0,2,26,0,26,both_motes,1,1,1,applied_after_channel,valid,0,1,final_application_timeout,1184,1088,13,12,2,1,2,0,0,0,240000,240000,2,0,26,0,2560,0,0,0,2,0,2,0,0,server_fallback_no_completion,0,0,0,0,0,0,0,0,22,0,2152,0,2,0,0,1,0,0,1,310000,first_fragment,receiver_after_channel,0,768,MLKEM768,1,1,client,60000,200010,4,V2_RFRAG_FINAL_ACK_APP_RETRY,0,first_fragment,receiver_after_channel,768,MLKEM768,0,0,0,0,0,0,0,0,0,0,768,0,0,0,client,200010,0,4,client,0,200010,0,4,V2_RFRAG_FINAL_ACK_APP_RETRY,0,1,first_fragment,receiver_after_channel,0,768,MLKEM768,1,server,200010,4,V2_RFRAG_FINAL_ACK_APP_RETRY,first_fragment,receiver_after_channel,768,MLKEM768,0,0,0,0,0,0,0,0,0,0,0,768,0,0,0,0,2,2,0,0,0,server,200010,0,4,server,200010,0,4,V2_RFRAG_FINAL_ACK_APP_RETRY
B-kem768-fixed-prr0p90-loss1-rep08-seed200008-v4,B-kem768-fixed-prr0p90-loss1-rep08-seed200008,B-kem768-fixed-prr0p90-loss1-rep08-seed200008,V2,B_V1_V2_FIRST_LOSS,2026-08-19T02:33:49+00:00,COOJA_SIMULATION,fixed,0.9,,,,first_fragment,1,receiver_after_channel,1,2,1,0,12,96,4,V2_RFRAG_FINAL_ACK_APP_RETRY,768,200008,8,360,0,1,runs/B-kem768-fixed-prr0p90-loss1-rep08-seed200008-v4/cooja.log,9fe13333735326e32b8666b12fe48c46d94b1a4a91c6e739013c38d627cd4141,18896,191,191,end_of_log,success,FAILED_PROTOCOL,client_reported_failure,,1,True,0,0,0,0,0,0,0,1,0,both_motes,0,0,2,0,2,26,0,26,both_motes,1,1,1,applied_after_channel,valid,0,1,final_application_timeout,1184,1088,13,12,2,1,2,0,0,0,240000,240000,2,0,26,0,2560,0,0,0,2,0,2,0,0,server_fallback_no_completion,0,0,0,0,0,0,0,0,22,0,2152,0,2,0,0,1,0,0,1,310000,first_fragment,receiver_after_channel,0,768,MLKEM768,1,1,client,60000,200008,4,V2_RFRAG_FINAL_ACK_APP_RETRY,0,first_fragment,receiver_after_channel,768,MLKEM768,0,0,0,0,0,0,0,0,0,0,768,0,0,0,client,200008,0,4,client,0,200008,0,4,V2_RFRAG_FINAL_ACK_APP_RETRY,0,1,first_fragment,receiver_after_channel,0,768,MLKEM768,1,server,200008,4,V2_RFRAG_FINAL_ACK_APP_RETRY,first_fragment,receiver_after_channel,768,MLKEM768,0,0,0,0,0,0,0,0,0,0,0,768,0,0,0,0,2,2,0,0,0,server,200008,0,4,server,200008,0,4,V2_RFRAG_FINAL_ACK_APP_RETRY
B-kem768-gilbert-prr0p50-L5-loss1-rep29-seed200029-v3,B-kem768-gilbert-prr0p50-L5-loss1-rep29-seed200029,B-kem768-gilbert-prr0p50-L5-loss1-rep29-seed200029,V1,B_V1_V2_FIRST_LOSS,2026-08-19T02:33:50+00:00,COOJA_SIMULATION,gilbert,0.5,5.0,0.2,0.2,first_fragment,1,receiver_after_channel,1,2,1,0,12,96,3,V1_RFRAG_INITIAL_FINAL_ACK,768,200029,29,360,0,0,runs/B-kem768-gilbert-prr0p50-L5-loss1-rep29-seed200029-v3/cooja.log,210355072d55812da420b1cb26298269188eaa21dabd41b06353f0d153d7b931,13530,124,124,end_of_log,success,FAILED_PROTOCOL,client_reported_failure,,1,True,0,0,0,0,0,0,0,0,0,both_motes,3,4,0,0,2,4,0,4,both_motes,1,1,1,applied_after_channel,valid,0,1,final_application_timeout,1184,1088,13,12,1,0,1,0,0,0,120000,120000,1,0,4,0,408,0,3,0,0,4,0,0,0,server_fallback_no_completion,0,0,0,0,0,0,0,0,2,0,204,0,2,0,0,0,0,1,0,190000,first_fragment,receiver_after_channel,0,768,MLKEM768,0,1,client,60000,200029,3,V1_RFRAG_FIRST_FINAL_ACK,0,first_fragment,receiver_after_channel,768,MLKEM768,0,0,0,0,0,0,0,0,0,0,768,0,0,0,client,200029,0,3,client,0,200029,0,3,V1_RFRAG_FIRST_FINAL_ACK,1,0,first_fragment,receiver_after_channel,0,768,MLKEM768,1,server,200029,3,V1_RFRAG_FIRST_FINAL_ACK,first_fragment,receiver_after_channel,768,MLKEM768,0,0,0,1,0,0,1,22034,0,1,0,768,0,0,0,0,2,0,0,0,0,server,200029,0,3,server,200029,0,3,V1_RFRAG_FIRST_FINAL_ACK
B-kem768-gilbert-prr0p50-L5-loss1-rep29-seed200029-v4,B-kem768-gilbert-prr0p50-L5-loss1-rep29-seed200029,B-kem768-gilbert-prr0p50-L5-loss1-rep29-seed200029,V2,B_V1_V2_FIRST_LOSS,2026-08-19T02:33:50+00:00,COOJA_SIMULATION,gilbert,0.5,5.0,0.2,0.2,first_fragment,1,receiver_after_channel,1,2,1,0,12,96,4,V2_RFRAG_FINAL_ACK_APP_RETRY,768,200029,29,360,0,1,runs/B-kem768-gilbert-prr0p50-L5-loss1-rep29-seed200029-v4/cooja.log,27ab392499c8bbc4f691dd79adf8c4cf9e70e9385d5ef625deed1d45a4c88f5b,16034,155,155,end_of_log,success,FAILED_PROTOCOL,client_reported_failure,,1,True,0,0,0,0,0,0,0,0,0,both_motes,3,4,0,0,0,16,0,16,both_motes,1,1,1,applied_after_channel,valid,0,1,route_acquisition_timeout,1184,1088,13,12,1,0,1,0,0,0,125000,125000,1,0,16,0,1448,0,3,0,0,4,0,0,0,server_fallback_no_completion,0,0,0,0,0,0,0,0,3,0,306,0,0,0,0,0,0,0,1,310000,first_fragment,receiver_after_channel,0,768,MLKEM768,1,1,client,60000,200029,4,V2_RFRAG_FINAL_ACK_APP_RETRY,0,first_fragment,receiver_after_channel,768,MLKEM768,0,0,0,0,0,0,0,0,0,0,768,0,0,0,client,200029,0,4,client,0,200029,0,4,V2_RFRAG_FINAL_ACK_APP_RETRY,0,1,first_fragment,receiver_after_channel,0,768,MLKEM768,1,server,200029,4,V2_RFRAG_FINAL_ACK_APP_RETRY,first_fragment,receiver_after_channel,768,MLKEM768,0,0,0,0,0,0,0,0,0,0,0,768,0,0,0,0,0,0,0,0,0,server,200029,0,4,server,200029,0,4,V2_RFRAG_FINAL_ACK_APP_RETRY
B-kem768-gilbert-prr0p50-L10-loss1-rep04-seed200004-v3,B-kem768-gilbert-prr0p50-L10-loss1-rep04-seed200004,B-kem768-gilbert-prr0p50-L10-loss1-rep04-seed200004,V1,B_V1_V2_FIRST_LOSS,2026-08-19T02:33:50+00:00,COOJA_SIMULATION,gilbert,0.5,10.0,0.1,0.1,first_fragment,1,receiver_after_channel,1,2,1,0,12,96,3,V1_RFRAG_INITIAL_FINAL_ACK,768,200004,4,360,0,0,runs/B-kem768-gilbert-prr0p50-L10-loss1-rep04-seed200004-v3/cooja.log,fdcec7b7ef15614dc01344d80cf07469840aa82e021ecb10a53058501cfa657f,13251,122,122,end_of_log,success,FAILED_PROTOCOL,client_reported_failure,,1,True,0,0,0,0,0,0,0,0,0,both_motes,3,4,0,0,0,4,0,4,both_motes,1,1,1,applied_after_channel,valid,0,1,final_application_timeout,1184,1088,13,12,1,0,1,0,0,0,120000,120000,1,0,4,0,408,0,3,0,0,4,0,0,0,server_fallback_no_completion,0,0,0,0,0,0,0,0,0,0,0,0,0,0,0,0,0,1,0,190000,first_fragment,receiver_after_channel,0,768,MLKEM768,0,1,client,60000,200004,3,V1_RFRAG_FIRST_FINAL_ACK,0,first_fragment,receiver_after_channel,768,MLKEM768,0,0,0,0,0,0,0,0,0,0,768,0,0,0,client,200004,0,3,client,0,200004,0,3,V1_RFRAG_FIRST_FINAL_ACK,1,0,first_fragment,receiver_after_channel,0,768,MLKEM768,1,server,200004,3,V1_RFRAG_FIRST_FINAL_ACK,first_fragment,receiver_after_channel,768,MLKEM768,0,0,0,0,0,0,0,0,0,0,0,768,0,0,0,0,0,0,0,0,0,server,200004,0,3,server,200004,0,3,V1_RFRAG_FIRST_FINAL_ACK
B-kem768-gilbert-prr0p50-L10-loss1-rep04-seed200004-v4,B-kem768-gilbert-prr0p50-L10-loss1-rep04-seed200004,B-kem768-gilbert-prr0p50-L10-loss1-rep04-seed200004,V2,B_V1_V2_FIRST_LOSS,2026-08-19T02:33:50+00:00,COOJA_SIMULATION,gilbert,0.5,10.0,0.1,0.1,first_fragment,1,receiver_after_channel,1,2,1,0,12,96,4,V2_RFRAG_FINAL_ACK_APP_RETRY,768,200004,4,360,0,1,runs/B-kem768-gilbert-prr0p50-L10-loss1-rep04-seed200004-v4/cooja.log,0c49cc77397879b491d64fa5841e169b81fadaa77f0845b0e36a860590ae67d7,22262,224,224,end_of_log,success,FAILED_PROTOCOL,client_reported_failure,,1,True,0,0,0,0,0,0,0,0,0,both_motes,3,4,0,0,0,16,0,16,both_motes,1,1,1,applied_after_channel,valid,0,1,route_acquisition_timeout,1184,1088,13,12,1,0,1,0,0,0,125000,125000,1,0,16,0,1448,0,3,0,0,4,0,0,0,server_fallback_no_completion,0,0,0,0,0,0,0,0,0,0,0,0,0,0,0,0,0,0,1,310000,first_fragment,receiver_after_channel,0,768,MLKEM768,1,1,client,60000,200004,4,V2_RFRAG_FINAL_ACK_APP_RETRY,0,first_fragment,receiver_after_channel,768,MLKEM768,0,0,0,0,0,0,0,0,0,0,768,0,0,0,client,200004,0,4,client,0,200004,0,4,V2_RFRAG_FINAL_ACK_APP_RETRY,0,1,first_fragment,receiver_after_channel,0,768,MLKEM768,1,server,200004,4,V2_RFRAG_FINAL_ACK_APP_RETRY,first_fragment,receiver_after_channel,768,MLKEM768,0,0,0,0,0,0,0,0,0,0,0,768,0,0,0,0,0,0,0,0,0,server,200004,0,4,server,200004,0,4,V2_RFRAG_FINAL_ACK_APP_RETRY
B-kem768-gilbert-prr0p50-L10-loss1-rep06-seed200006-v3,B-kem768-gilbert-prr0p50-L10-loss1-rep06-seed200006,B-kem768-gilbert-prr0p50-L10-loss1-rep06-seed200006,V1,B_V1_V2_FIRST_LOSS,2026-08-19T02:33:50+00:00,COOJA_SIMULATION,gilbert,0.5,10.0,0.1,0.1,first_fragment,1,receiver_after_channel,1,2,1,0,12,96,3,V1_RFRAG_INITIAL_FINAL_ACK,768,200006,6,360,0,0,runs/B-kem768-gilbert-prr0p50-L10-loss1-rep06-seed200006-v3/cooja.log,1a2d9de9726fd50d8798aadc2bbfbc2daf85fe9dabed6c61db9701941eabd2d9,18910,186,186,end_of_log,success,FAILED_PROTOCOL,client_reported_failure,,1,True,0,0,0,0,0,0,0,0,0,both_motes,4,5,0,1,1,17,0,17,both_motes,1,1,1,applied_after_channel,valid,0,1,final_application_timeout,1184,1088,13,12,1,0,1,0,0,0,120000,120000,1,0,17,0,1550,0,4,0,1,5,0,1,0,server_fallback_no_completion,0,0,0,0,0,0,0,0,1,0,102,0,1,0,0,0,0,1,0,190000,first_fragment,receiver_after_channel,0,768,MLKEM768,0,1,client,60000,200006,3,V1_RFRAG_FIRST_FINAL_ACK,0,first_fragment,receiver_after_channel,768,MLKEM768,0,0,0,0,0,0,0,0,0,0,768,0,0,0,client,200006,0,3,client,0,200006,0,3,V1_RFRAG_FIRST_FINAL_ACK,1,0,first_fragment,receiver_after_channel,0,768,MLKEM768,1,server,200006,3,V1_RFRAG_FIRST_FINAL_ACK,first_fragment,receiver_after_channel,768,MLKEM768,0,0,0,1,0,0,1,20000,0,1,0,768,0,0,0,0,1,0,0,0,0,server,200006,0,3,server,200006,0,3,V1_RFRAG_FIRST_FINAL_ACK
B-kem768-gilbert-prr0p50-L10-loss1-rep06-seed200006-v4,B-kem768-gilbert-prr0p50-L10-loss1-rep06-seed200006,B-kem768-gilbert-prr0p50-L10-loss1-rep06-seed200006,V2,B_V1_V2_FIRST_LOSS,2026-08-19T02:33:50+00:00,COOJA_SIMULATION,gilbert,0.5,10.0,0.1,0.1,first_fragment,1,receiver_after_channel,1,2,1,0,12,96,4,V2_RFRAG_FINAL_ACK_APP_RETRY,768,200006,6,360,0,1,runs/B-kem768-gilbert-prr0p50-L10-loss1-rep06-seed200006-v4/cooja.log,afc441c593759d70585eb162293cbb58fa918b3f0ed07b0a8ff32fe0249d1f08,19909,198,198,end_of_log,success,FAILED_PROTOCOL,client_reported_failure,,1,True,0,0,0,0,0,0,0,0,0,both_motes,3,4,0,0,0,16,0,16,both_motes,1,1,1,applied_after_channel,valid,0,1,route_acquisition_timeout,1184,1088,13,12,1,0,1,0,0,0,125000,125000,1,0,16,0,1448,0,3,0,0,4,0,0,0,server_fallback_no_completion,0,0,0,0,0,0,0,0,1,0,102,0,0,0,0,0,0,0,1,310000,first_fragment,receiver_after_channel,0,768,MLKEM768,1,1,client,60000,200006,4,V2_RFRAG_FINAL_ACK_APP_RETRY,0,first_fragment,receiver_after_channel,768,MLKEM768,0,0,0,0,0,0,0,0,0,0,768,0,0,0,client,200006,0,4,client,0,200006,0,4,V2_RFRAG_FINAL_ACK_APP_RETRY,0,1,first_fragment,receiver_after_channel,0,768,MLKEM768,1,server,200006,4,V2_RFRAG_FINAL_ACK_APP_RETRY,first_fragment,receiver_after_channel,768,MLKEM768,0,0,0,0,0,0,0,0,0,0,0,768,0,0,0,0,0,0,0,0,0,server,200006,0,4,server,200006,0,4,V2_RFRAG_FINAL_ACK_APP_RETRY
B-kem768-gilbert-prr0p50-L10-loss1-rep19-seed200019-v3,B-kem768-gilbert-prr0p50-L10-loss1-rep19-seed200019,B-kem768-gilbert-prr0p50-L10-loss1-rep19-seed200019,V1,B_V1_V2_FIRST_LOSS,2026-08-19T02:33:50+00:00,COOJA_SIMULATION,gilbert,0.5,10.0,0.1,0.1,first_fragment,1,receiver_after_channel,1,2,1,0,12,96,3,V1_RFRAG_INITIAL_FINAL_ACK,768,200019,19,360,0,0,runs/B-kem768-gilbert-prr0p50-L10-loss1-rep19-seed200019-v3/cooja.log,773a696f8e6898cf821bc1cb74fc016b726b1030b82f3d5e0b82cebe65ac436c,24531,244,244,end_of_log,success_with_warnings,FAILED_PROTOCOL,client_reported_failure,"perte ciblée armée, mais le canal/radio a perdu la trame avant le hook receiver",1,True,0,0,0,0,0,0,0,0,2,both_motes,8,7,0,3,4,18,15,33,both_motes,1,1,0,radio_preempted,valid,0,1,final_application_timeout,1184,1088,13,12,1,0,1,0,0,0,120000,120000,1,0,18,5,1790,510,5,1,3,3,0,2,1,ct_transport_completion_timeout,1,0,0,1,7644,1,1,15,13,1346,1280,3,3,1,4,0,0,1,0,190000,first_fragment,receiver_after_channel,0,768,MLKEM768,0,1,client,60000,200019,3,V1_RFRAG_FIRST_FINAL_ACK,0,first_fragment,receiver_after_channel,768,MLKEM768,0,0,1,0,0,1,20155,0,1,0,768,1,0,0,client,200019,2,3,client,0,200019,0,3,V1_RFRAG_FIRST_FINAL_ACK,1,0,first_fragment,receiver_after_channel,0,768,MLKEM768,1,server,200019,3,V1_RFRAG_FIRST_FINAL_ACK,first_fragment,receiver_after_channel,768,MLKEM768,7644,0,0,1,0,1,1,10516,1,0,0,768,0,1,0,0,3,3,0,1,1,server,200019,0,3,server,200019,0,3,V1_RFRAG_FIRST_FINAL_ACK
B-kem768-gilbert-prr0p50-L10-loss1-rep19-seed200019-v4,B-kem768-gilbert-prr0p50-L10-loss1-rep19-seed200019,B-kem768-gilbert-prr0p50-L10-loss1-rep19-seed200019,V2,B_V1_V2_FIRST_LOSS,2026-08-19T02:33:50+00:00,COOJA_SIMULATION,gilbert,0.5,10.0,0.1,0.1,first_fragment,1,receiver_after_channel,1,2,1,0,12,96,4,V2_RFRAG_FINAL_ACK_APP_RETRY,768,200019,19,360,0,1,runs/B-kem768-gilbert-prr0p50-L10-loss1-rep19-seed200019-v4/cooja.log,2b134722a4db01c4b7f4de4ff027d4f97fce36c84e641770993085974d313ba7,21204,216,216,end_of_log,success_with_warnings,FAILED_PROTOCOL,client_reported_failure,"perte ciblée armée, mais le canal/radio a perdu la trame avant le hook receiver",1,True,0,0,0,0,0,0,0,0,0,both_motes,0,0,1,0,1,13,0,13,both_motes,1,1,0,radio_preempted,valid,0,1,route_acquisition_timeout,1184,1088,13,12,1,0,1,0,0,0,125000,125000,1,0,13,0,1280,0,0,0,1,0,1,0,0,server_fallback_no_completion,0,0,0,0,0,0,0,0,8,0,770,0,1,0,0,0,0,0,1,310000,first_fragment,receiver_after_channel,0,768,MLKEM768,1,1,client,60000,200019,4,V2_RFRAG_FINAL_ACK_APP_RETRY,0,first_fragment,receiver_after_channel,768,MLKEM768,0,0,0,0,0,0,0,0,0,0,768,0,0,0,client,200019,0,4,client,0,200019,0,4,V2_RFRAG_FINAL_ACK_APP_RETRY,0,1,first_fragment,receiver_after_channel,0,768,MLKEM768,1,server,200019,4,V2_RFRAG_FINAL_ACK_APP_RETRY,first_fragment,receiver_after_channel,768,MLKEM768,0,0,0,0,0,0,0,0,0,0,0,768,0,0,0,0,1,1,0,0,0,server,200019,0,4,server,200019,0,4,V2_RFRAG_FINAL_ACK_APP_RETRY
B-kem768-gilbert-prr0p50-L10-loss1-rep29-seed200029-v3,B-kem768-gilbert-prr0p50-L10-loss1-rep29-seed200029,B-kem768-gilbert-prr0p50-L10-loss1-rep29-seed200029,V1,B_V1_V2_FIRST_LOSS,2026-08-19T02:33:50+00:00,COOJA_SIMULATION,gilbert,0.5,10.0,0.1,0.1,first_fragment,1,receiver_after_channel,1,2,1,0,12,96,3,V1_RFRAG_INITIAL_FINAL_ACK,768,200029,29,360,0,0,runs/B-kem768-gilbert-prr0p50-L10-loss1-rep29-seed200029-v3/cooja.log,553795d7b42331adfb01a7875f399455f88742b1ce4a5206a153057dc5e99eb5,16762,161,161,end_of_log,success,FAILED_PROTOCOL,client_reported_failure,,1,True,0,0,0,0,0,0,0,0,0,both_motes,5,6,0,1,2,18,0,18,both_motes,1,1,1,applied_after_channel,valid,0,1,final_application_timeout,1184,1088,13,12,1,0,1,0,0,0,120000,120000,1,0,18,0,1652,0,5,0,1,6,0,1,0,server_fallback_no_completion,0,0,0,0,0,0,0,0,3,0,306,0,2,0,0,0,0,1,0,190000,first_fragment,receiver_after_channel,0,768,MLKEM768,0,1,client,60000,200029,3,V1_RFRAG_FIRST_FINAL_ACK,0,first_fragment,receiver_after_channel,768,MLKEM768,0,0,0,0,0,0,0,0,0,0,768,0,0,0,client,200029,0,3,client,0,200029,0,3,V1_RFRAG_FIRST_FINAL_ACK,1,0,first_fragment,receiver_after_channel,0,768,MLKEM768,1,server,200029,3,V1_RFRAG_FIRST_FINAL_ACK,first_fragment,receiver_after_channel,768,MLKEM768,0,0,0,1,0,0,1,22047,0,1,0,768,0,0,0,0,2,0,0,0,0,server,200029,0,3,server,200029,0,3,V1_RFRAG_FIRST_FINAL_ACK
B-kem768-gilbert-prr0p50-L10-loss1-rep29-seed200029-v4,B-kem768-gilbert-prr0p50-L10-loss1-rep29-seed200029,B-kem768-gilbert-prr0p50-L10-loss1-rep29-seed200029,V2,B_V1_V2_FIRST_LOSS,2026-08-19T02:33:50+00:00,COOJA_SIMULATION,gilbert,0.5,10.0,0.1,0.1,first_fragment,1,receiver_after_channel,1,2,1,0,12,96,4,V2_RFRAG_FINAL_ACK_APP_RETRY,768,200029,29,360,0,1,runs/B-kem768-gilbert-prr0p50-L10-loss1-rep29-seed200029-v4/cooja.log,e44e3e924d0ad0f344df7b9c56341f4fa87a6a511b76a60b1296f74b1371bbc5,15317,147,147,end_of_log,success,FAILED_PROTOCOL,client_reported_failure,,1,True,0,0,0,0,0,0,0,0,0,both_motes,3,4,0,0,0,16,0,16,both_motes,1,1,1,applied_after_channel,valid,0,1,route_acquisition_timeout,1184,1088,13,12,1,0,1,0,0,0,125000,125000,1,0,16,0,1448,0,3,0,0,4,0,0,0,server_fallback_no_completion,0,0,0,0,0,0,0,0,4,0,408,0,0,0,0,0,0,0,1,310000,first_fragment,receiver_after_channel,0,768,MLKEM768,1,1,client,60000,200029,4,V2_RFRAG_FINAL_ACK_APP_RETRY,0,first_fragment,receiver_after_channel,768,MLKEM768,0,0,0,0,0,0,0,0,0,0,768,0,0,0,client,200029,0,4,client,0,200029,0,4,V2_RFRAG_FINAL_ACK_APP_RETRY,0,1,first_fragment,receiver_after_channel,0,768,MLKEM768,1,server,200029,4,V2_RFRAG_FINAL_ACK_APP_RETRY,first_fragment,receiver_after_channel,768,MLKEM768,0,0,0,0,0,0,0,0,0,0,0,768,0,0,0,0,0,0,0,0,0,server,200029,0,4,server,200029,0,4,V2_RFRAG_FINAL_ACK_APP_RETRY
B-kem768-gilbert-prr0p85-L2-loss1-rep04-seed200004-v4,B-kem768-gilbert-prr0p85-L2-loss1-rep04-seed200004,B-kem768-gilbert-prr0p85-L2-loss1-rep04-seed200004,V2,B_V1_V2_FIRST_LOSS,2026-08-19T02:33:49+00:00,COOJA_SIMULATION,gilbert,0.85,2.0,0.0882352941,0.5,first_fragment,1,receiver_after_channel,1,2,1,0,12,96,4,V2_RFRAG_FINAL_ACK_APP_RETRY,768,200004,4,360,0,1,runs/B-kem768-gilbert-prr0p85-L2-loss1-rep04-seed200004-v4/cooja.log,24db703630267aa41b3d7330914ff5f97a29f27666198a26ca7691cd0dcdfd12,26677,277,277,end_of_log,success,FAILED_PROTOCOL,client_reported_failure,,1,True,0,0,0,0,0,0,0,0,0,both_motes,1,1,1,0,2,14,0,14,both_motes,1,1,1,applied_after_channel,valid,0,1,route_acquisition_timeout,1184,1088,13,12,1,0,1,0,0,0,125000,125000,1,0,14,0,1336,0,1,0,1,1,1,0,0,server_fallback_no_completion,0,0,0,0,0,0,0,0,11,0,1030,0,2,0,0,0,0,0,1,310000,first_fragment,receiver_after_channel,0,768,MLKEM768,1,1,client,60000,200004,4,V2_RFRAG_FINAL_ACK_APP_RETRY,0,first_fragment,receiver_after_channel,768,MLKEM768,0,0,0,0,0,0,0,0,0,0,768,0,0,0,client,200004,0,4,client,0,200004,0,4,V2_RFRAG_FINAL_ACK_APP_RETRY,0,1,first_fragment,receiver_after_channel,0,768,MLKEM768,1,server,200004,4,V2_RFRAG_FINAL_ACK_APP_RETRY,first_fragment,receiver_after_channel,768,MLKEM768,0,0,0,0,0,0,0,0,0,0,0,768,0,0,0,0,2,1,0,0,0,server,200004,0,4,server,200004,0,4,V2_RFRAG_FINAL_ACK_APP_RETRY
B-kem768-gilbert-prr0p85-L2-loss1-rep06-seed200006-v3,B-kem768-gilbert-prr0p85-L2-loss1-rep06-seed200006,B-kem768-gilbert-prr0p85-L2-loss1-rep06-seed200006,V1,B_V1_V2_FIRST_LOSS,2026-08-19T02:33:49+00:00,COOJA_SIMULATION,gilbert,0.85,2.0,0.0882352941,0.5,first_fragment,1,receiver_after_channel,1,2,1,0,12,96,3,V1_RFRAG_INITIAL_FINAL_ACK,768,200006,6,360,0,0,runs/B-kem768-gilbert-prr0p85-L2-loss1-rep06-seed200006-v3/cooja.log,8af87785b5448d79cfccde24245cf5c3cee486f941d5aad3c5fab3357d301b68,32330,329,329,end_of_log,success,FAILED_PROTOCOL,client_reported_failure,,1,True,0,0,0,0,0,0,0,0,3,both_motes,9,7,0,4,8,15,19,34,both_motes,1,1,1,applied_after_channel,valid,0,1,final_application_timeout,1184,1088,13,12,1,0,1,0,0,0,120000,120000,1,0,15,14,1484,1382,2,5,3,1,0,2,1,ct_transport_completion_timeout,1,0,0,1,1426,1,1,19,13,1892,1280,7,3,2,6,0,0,1,0,190000,first_fragment,receiver_after_channel,0,768,MLKEM768,0,1,client,60000,200006,3,V1_RFRAG_FIRST_FINAL_ACK,0,first_fragment,receiver_after_channel,768,MLKEM768,0,0,1,0,0,1,27479,0,1,0,768,2,0,0,client,200006,1,3,client,0,200006,0,3,V1_RFRAG_FIRST_FINAL_ACK,1,0,first_fragment,receiver_after_channel,0,768,MLKEM768,1,server,200006,3,V1_RFRAG_FIRST_FINAL_ACK,first_fragment,receiver_after_channel,768,MLKEM768,1426,0,0,1,0,1,1,10400,1,0,0,768,0,2,0,0,3,3,0,1,1,server,200006,2,3,server,200006,0,3,V1_RFRAG_FIRST_FINAL_ACK
B-kem768-gilbert-prr0p85-L2-loss1-rep09-seed200009-v4,B-kem768-gilbert-prr0p85-L2-loss1-rep09-seed200009,B-kem768-gilbert-prr0p85-L2-loss1-rep09-seed200009,V2,B_V1_V2_FIRST_LOSS,2026-08-19T02:33:49+00:00,COOJA_SIMULATION,gilbert,0.85,2.0,0.0882352941,0.5,first_fragment,1,receiver_after_channel,1,2,1,0,12,96,4,V2_RFRAG_FINAL_ACK_APP_RETRY,768,200009,9,360,0,1,runs/B-kem768-gilbert-prr0p85-L2-loss1-rep09-seed200009-v4/cooja.log,e649b7d0e6752fae8d43bb369d2e97ae9b47c77651a85dfba9e451217b6d4fa9,21706,222,222,end_of_log,success_with_warnings,FAILED_PROTOCOL,client_reported_failure,"perte ciblée armée, mais le canal/radio a perdu la trame avant le hook receiver",1,True,0,0,0,0,0,0,0,0,0,both_motes,1,1,1,0,1,14,0,14,both_motes,1,1,0,radio_preempted,valid,0,1,route_acquisition_timeout,1184,1088,13,12,1,0,1,0,0,0,125000,125000,1,0,14,0,1336,0,1,0,1,1,1,0,0,server_fallback_no_completion,0,0,0,0,0,0,0,0,7,0,668,0,1,0,0,0,0,0,1,310000,first_fragment,receiver_after_channel,0,768,MLKEM768,1,1,client,60000,200009,4,V2_RFRAG_FINAL_ACK_APP_RETRY,0,first_fragment,receiver_after_channel,768,MLKEM768,0,0,0,0,0,0,0,0,0,0,768,0,0,0,client,200009,0,4,client,0,200009,0,4,V2_RFRAG_FINAL_ACK_APP_RETRY,0,1,first_fragment,receiver_after_channel,0,768,MLKEM768,1,server,200009,4,V2_RFRAG_FINAL_ACK_APP_RETRY,first_fragment,receiver_after_channel,768,MLKEM768,0,0,0,0,0,0,0,0,0,0,0,768,0,0,0,0,1,1,0,0,0,server,200009,0,4,server,200009,0,4,V2_RFRAG_FINAL_ACK_APP_RETRY
B-kem768-gilbert-prr0p85-L2-loss1-rep10-seed200010-v3,B-kem768-gilbert-prr0p85-L2-loss1-rep10-seed200010,B-kem768-gilbert-prr0p85-L2-loss1-rep10-seed200010,V1,B_V1_V2_FIRST_LOSS,2026-08-19T02:33:49+00:00,COOJA_SIMULATION,gilbert,0.85,2.0,0.0882352941,0.5,first_fragment,1,receiver_after_channel,1,2,1,0,12,96,3,V1_RFRAG_INITIAL_FINAL_ACK,768,200010,10,360,0,0,runs/B-kem768-gilbert-prr0p85-L2-loss1-rep10-seed200010-v3/cooja.log,80aab8268d19fc94849931d6558fef3e066b57ae692e435f00347e64f1431a02,23234,233,233,end_of_log,success,FAILED_PROTOCOL,client_reported_failure,,1,True,0,0,0,0,0,0,0,0,2,both_motes,5,4,0,2,2,18,0,18,both_motes,1,1,1,applied_after_channel,valid,0,1,final_application_timeout,1184,1088,13,12,1,0,1,0,0,0,120000,120000,1,0,18,0,1790,0,5,0,2,4,0,2,0,server_fallback_no_completion,0,0,0,0,0,0,0,0,11,0,1076,0,2,0,0,0,0,1,0,190000,first_fragment,receiver_after_channel,0,768,MLKEM768,0,1,client,60000,200010,3,V1_RFRAG_FIRST_FINAL_ACK,0,first_fragment,receiver_after_channel,768,MLKEM768,0,0,0,0,0,0,0,0,0,0,768,0,0,0,client,200010,2,3,client,0,200010,0,3,V1_RFRAG_FIRST_FINAL_ACK,1,0,first_fragment,receiver_after_channel,0,768,MLKEM768,1,server,200010,3,V1_RFRAG_FIRST_FINAL_ACK,first_fragment,receiver_after_channel,768,MLKEM768,0,0,0,1,0,0,1,20357,0,1,0,768,0,0,0,0,2,2,0,0,0,server,200010,0,3,server,200010,0,3,V1_RFRAG_FIRST_FINAL_ACK
B-kem768-gilbert-prr0p85-L2-loss1-rep14-seed200014-v4,B-kem768-gilbert-prr0p85-L2-loss1-rep14-seed200014,B-kem768-gilbert-prr0p85-L2-loss1-rep14-seed200014,V2,B_V1_V2_FIRST_LOSS,2026-08-19T02:33:49+00:00,COOJA_SIMULATION,gilbert,0.85,2.0,0.0882352941,0.5,first_fragment,1,receiver_after_channel,1,2,1,0,12,96,4,V2_RFRAG_FINAL_ACK_APP_RETRY,768,200014,14,360,0,1,runs/B-kem768-gilbert-prr0p85-L2-loss1-rep14-seed200014-v4/cooja.log,f45ce328b3e451248f15dbd112982928010264a5da8b7c68fdebbf41c253332f,23835,245,245,end_of_log,success,FAILED_PROTOCOL,client_reported_failure,,1,True,0,0,0,0,0,0,0,0,0,both_motes,0,0,1,0,1,13,0,13,both_motes,1,1,1,applied_after_channel,valid,0,1,route_acquisition_timeout,1184,1088,13,12,1,0,1,0,0,0,125000,125000,1,0,13,0,1280,0,0,0,1,0,1,0,0,server_fallback_no_completion,0,0,0,0,0,0,0,0,11,0,1076,0,1,0,0,0,0,0,1,310000,first_fragment,receiver_after_channel,0,768,MLKEM768,1,1,client,60000,200014,4,V2_RFRAG_FINAL_ACK_APP_RETRY,0,first_fragment,receiver_after_channel,768,MLKEM768,0,0,0,0,0,0,0,0,0,0,768,0,0,0,client,200014,0,4,client,0,200014,0,4,V2_RFRAG_FINAL_ACK_APP_RETRY,0,1,first_fragment,receiver_after_channel,0,768,MLKEM768,1,server,200014,4,V2_RFRAG_FINAL_ACK_APP_RETRY,first_fragment,receiver_after_channel,768,MLKEM768,0,0,0,0,0,0,0,0,0,0,0,768,0,0,0,0,1,0,0,0,0,server,200014,0,4,server,200014,0,4,V2_RFRAG_FINAL_ACK_APP_RETRY
B-kem768-gilbert-prr0p85-L2-loss1-rep19-seed200019-v4,B-kem768-gilbert-prr0p85-L2-loss1-rep19-seed200019,B-kem768-gilbert-prr0p85-L2-loss1-rep19-seed200019,V2,B_V1_V2_FIRST_LOSS,2026-08-19T02:33:49+00:00,COOJA_SIMULATION,gilbert,0.85,2.0,0.0882352941,0.5,first_fragment,1,receiver_after_channel,1,2,1,0,12,96,4,V2_RFRAG_FINAL_ACK_APP_RETRY,768,200019,19,360,0,1,runs/B-kem768-gilbert-prr0p85-L2-loss1-rep19-seed200019-v4/cooja.log,64c65bfb47b60675e2b83f0ecb094154d6e9f7f78b6be1894e099cbae8f1265c,21197,215,215,end_of_log,success,FAILED_PROTOCOL,client_reported_failure,,1,True,0,0,0,0,0,0,0,0,0,both_motes,0,0,1,0,1,13,0,13,both_motes,1,1,1,applied_after_channel,valid,0,1,route_acquisition_timeout,1184,1088,13,12,1,0,1,0,0,0,125000,125000,1,0,13,0,1280,0,0,0,1,0,1,0,0,server_fallback_no_completion,0,0,0,0,0,0,0,0,8,0,770,0,1,0,0,0,0,0,1,310000,first_fragment,receiver_after_channel,0,768,MLKEM768,1,1,client,60000,200019,4,V2_RFRAG_FINAL_ACK_APP_RETRY,0,first_fragment,receiver_after_channel,768,MLKEM768,0,0,0,0,0,0,0,0,0,0,768,0,0,0,client,200019,0,4,client,0,200019,0,4,V2_RFRAG_FINAL_ACK_APP_RETRY,0,1,first_fragment,receiver_after_channel,0,768,MLKEM768,1,server,200019,4,V2_RFRAG_FINAL_ACK_APP_RETRY,first_fragment,receiver_after_channel,768,MLKEM768,0,0,0,0,0,0,0,0,0,0,0,768,0,0,0,0,1,1,0,0,0,server,200019,0,4,server,200019,0,4,V2_RFRAG_FINAL_ACK_APP_RETRY
B-kem768-gilbert-prr0p85-L2-loss1-rep21-seed200021-v4,B-kem768-gilbert-prr0p85-L2-loss1-rep21-seed200021,B-kem768-gilbert-prr0p85-L2-loss1-rep21-seed200021,V2,B_V1_V2_FIRST_LOSS,2026-08-19T02:33:49+00:00,COOJA_SIMULATION,gilbert,0.85,2.0,0.0882352941,0.5,first_fragment,1,receiver_after_channel,1,2,1,0,12,96,4,V2_RFRAG_FINAL_ACK_APP_RETRY,768,200021,21,360,0,1,runs/B-kem768-gilbert-prr0p85-L2-loss1-rep21-seed200021-v4/cooja.log,abb826e313201fd988d7e0e7b1c01aa584de9e345d3df6cf9c96a1c95eb473cc,18896,191,191,end_of_log,success,FAILED_PROTOCOL,client_reported_failure,,1,True,0,0,0,0,0,0,0,1,0,both_motes,0,0,2,0,2,26,0,26,both_motes,1,1,1,applied_after_channel,valid,0,1,final_application_timeout,1184,1088,13,12,2,1,2,0,0,0,240000,240000,2,0,26,0,2560,0,0,0,2,0,2,0,0,server_fallback_no_completion,0,0,0,0,0,0,0,0,23,0,2254,0,2,0,0,1,0,0,1,310000,first_fragment,receiver_after_channel,0,768,MLKEM768,1,1,client,60000,200021,4,V2_RFRAG_FINAL_ACK_APP_RETRY,0,first_fragment,receiver_after_channel,768,MLKEM768,0,0,0,0,0,0,0,0,0,0,768,0,0,0,client,200021,0,4,client,0,200021,0,4,V2_RFRAG_FINAL_ACK_APP_RETRY,0,1,first_fragment,receiver_after_channel,0,768,MLKEM768,1,server,200021,4,V2_RFRAG_FINAL_ACK_APP_RETRY,first_fragment,receiver_after_channel,768,MLKEM768,0,0,0,0,0,0,0,0,0,0,0,768,0,0,0,0,2,1,0,0,0,server,200021,0,4,server,200021,0,4,V2_RFRAG_FINAL_ACK_APP_RETRY
B-kem768-gilbert-prr0p85-L2-loss1-rep24-seed200024-v4,B-kem768-gilbert-prr0p85-L2-loss1-rep24-seed200024,B-kem768-gilbert-prr0p85-L2-loss1-rep24-seed200024,V2,B_V1_V2_FIRST_LOSS,2026-08-19T02:33:49+00:00,COOJA_SIMULATION,gilbert,0.85,2.0,0.0882352941,0.5,first_fragment,1,receiver_after_channel,1,2,1,0,12,96,4,V2_RFRAG_FINAL_ACK_APP_RETRY,768,200024,24,360,0,1,runs/B-kem768-gilbert-prr0p85-L2-loss1-rep24-seed200024-v4/cooja.log,f4910d890f596fab93d8d4719a43efb233319cbb1840a927ced901aaa13df91a,24731,256,256,end_of_log,success,FAILED_PROTOCOL,client_reported_failure,,1,True,0,0,0,0,0,0,0,0,0,both_motes,0,0,1,0,1,13,0,13,both_motes,1,1,1,applied_after_channel,valid,0,1,route_acquisition_timeout,1184,1088,13,12,1,0,1,0,0,0,125000,125000,1,0,13,0,1280,0,0,0,1,0,1,0,0,server_fallback_no_completion,0,0,0,0,0,0,0,0,10,0,974,0,1,0,0,0,0,0,1,310000,first_fragment,receiver_after_channel,0,768,MLKEM768,1,1,client,60000,200024,4,V2_RFRAG_FINAL_ACK_APP_RETRY,0,first_fragment,receiver_after_channel,768,MLKEM768,0,0,0,0,0,0,0,0,0,0,768,0,0,0,client,200024,0,4,client,0,200024,0,4,V2_RFRAG_FINAL_ACK_APP_RETRY,0,1,first_fragment,receiver_after_channel,0,768,MLKEM768,1,server,200024,4,V2_RFRAG_FINAL_ACK_APP_RETRY,first_fragment,receiver_after_channel,768,MLKEM768,0,0,0,0,0,0,0,0,0,0,0,768,0,0,0,0,1,1,0,0,0,server,200024,0,4,server,200024,0,4,V2_RFRAG_FINAL_ACK_APP_RETRY
B-kem768-gilbert-prr0p85-L2-loss1-rep30-seed200030-v4,B-kem768-gilbert-prr0p85-L2-loss1-rep30-seed200030,B-kem768-gilbert-prr0p85-L2-loss1-rep30-seed200030,V2,B_V1_V2_FIRST_LOSS,2026-08-19T02:33:49+00:00,COOJA_SIMULATION,gilbert,0.85,2.0,0.0882352941,0.5,first_fragment,1,receiver_after_channel,1,2,1,0,12,96,4,V2_RFRAG_FINAL_ACK_APP_RETRY,768,200030,30,360,0,1,runs/B-kem768-gilbert-prr0p85-L2-loss1-rep30-seed200030-v4/cooja.log,4cfaf355667e2ffe8665503f015ec30c67f8112dd84081dac0761422f3dc84d9,21130,214,214,end_of_log,success,FAILED_PROTOCOL,client_reported_failure,,1,True,0,0,0,0,0,0,0,1,0,both_motes,0,0,2,0,2,26,0,26,both_motes,1,1,1,applied_after_channel,valid,0,1,final_application_timeout,1184,1088,13,12,2,1,2,0,0,0,240000,240000,2,0,26,0,2560,0,0,0,2,0,2,0,0,server_fallback_no_completion,0,0,0,0,0,0,0,0,15,0,1438,0,2,0,0,1,0,0,1,310000,first_fragment,receiver_after_channel,0,768,MLKEM768,1,1,client,60000,200030,4,V2_RFRAG_FINAL_ACK_APP_RETRY,0,first_fragment,receiver_after_channel,768,MLKEM768,0,0,0,0,0,0,0,0,0,0,768,0,0,0,client,200030,0,4,client,0,200030,0,4,V2_RFRAG_FINAL_ACK_APP_RETRY,0,1,first_fragment,receiver_after_channel,0,768,MLKEM768,1,server,200030,4,V2_RFRAG_FINAL_ACK_APP_RETRY,first_fragment,receiver_after_channel,768,MLKEM768,0,0,0,0,0,0,0,0,0,0,0,768,0,0,0,0,2,2,0,0,0,server,200030,0,4,server,200030,0,4,V2_RFRAG_FINAL_ACK_APP_RETRY
B-kem768-gilbert-prr0p85-L5-loss1-rep04-seed200004-v4,B-kem768-gilbert-prr0p85-L5-loss1-rep04-seed200004,B-kem768-gilbert-prr0p85-L5-loss1-rep04-seed200004,V2,B_V1_V2_FIRST_LOSS,2026-08-19T02:33:49+00:00,COOJA_SIMULATION,gilbert,0.85,5.0,0.0352941176,0.2,first_fragment,1,receiver_after_channel,1,2,1,0,12,96,4,V2_RFRAG_FINAL_ACK_APP_RETRY,768,200004,4,360,0,1,runs/B-kem768-gilbert-prr0p85-L5-loss1-rep04-seed200004-v4/cooja.log,fc20dbade142024e984317eeb87005d0814554e56dc99c06aeb2cdc8963a0ba3,26898,280,280,end_of_log,success,FAILED_PROTOCOL,client_reported_failure,,1,True,0,0,0,0,0,0,0,0,0,both_motes,1,1,1,0,2,14,0,14,both_motes,1,1,1,applied_after_channel,valid,0,1,route_acquisition_timeout,1184,1088,13,12,1,0,1,0,0,0,125000,125000,1,0,14,0,1336,0,1,0,1,1,1,0,0,server_fallback_no_completion,0,0,0,0,0,0,0,0,11,0,1030,0,2,0,0,0,0,0,1,310000,first_fragment,receiver_after_channel,0,768,MLKEM768,1,1,client,60000,200004,4,V2_RFRAG_FINAL_ACK_APP_RETRY,0,first_fragment,receiver_after_channel,768,MLKEM768,0,0,0,0,0,0,0,0,0,0,768,0,0,0,client,200004,0,4,client,0,200004,0,4,V2_RFRAG_FINAL_ACK_APP_RETRY,0,1,first_fragment,receiver_after_channel,0,768,MLKEM768,1,server,200004,4,V2_RFRAG_FINAL_ACK_APP_RETRY,first_fragment,receiver_after_channel,768,MLKEM768,0,0,0,0,0,0,0,0,0,0,0,768,0,0,0,0,2,1,0,0,0,server,200004,0,4,server,200004,0,4,V2_RFRAG_FINAL_ACK_APP_RETRY
B-kem768-gilbert-prr0p85-L5-loss1-rep07-seed200007-v3,B-kem768-gilbert-prr0p85-L5-loss1-rep07-seed200007,B-kem768-gilbert-prr0p85-L5-loss1-rep07-seed200007,V1,B_V1_V2_FIRST_LOSS,2026-08-19T02:33:49+00:00,COOJA_SIMULATION,gilbert,0.85,5.0,0.0352941176,0.2,first_fragment,1,receiver_after_channel,1,2,1,0,12,96,3,V1_RFRAG_INITIAL_FINAL_ACK,768,200007,7,360,0,0,runs/B-kem768-gilbert-prr0p85-L5-loss1-rep07-seed200007-v3/cooja.log,fb29d06e67c7b4205c5d388aa664fa8235d2eb33a7a3e84492a41687d879d36d,21270,208,208,end_of_log,success,FAILED_PROTOCOL,client_reported_failure,,1,True,0,0,0,0,0,0,0,0,0,both_motes,4,5,0,2,3,14,15,29,both_motes,1,1,1,applied_after_channel,valid,0,1,final_application_timeout,1184,1088,13,12,1,0,1,0,0,0,120000,120000,1,0,14,10,1382,1020,1,1,2,1,0,1,1,ct_transport_completion_timeout,1,0,0,1,1385,1,1,15,13,1346,1280,3,2,1,4,0,0,1,0,190000,first_fragment,receiver_after_channel,0,768,MLKEM768,0,1,client,60000,200007,3,V1_RFRAG_FIRST_FINAL_ACK,0,first_fragment,receiver_after_channel,768,MLKEM768,0,0,1,0,0,1,20327,0,1,0,768,1,0,0,client,200007,0,3,client,0,200007,0,3,V1_RFRAG_FIRST_FINAL_ACK,1,0,first_fragment,receiver_after_channel,0,768,MLKEM768,1,server,200007,3,V1_RFRAG_FIRST_FINAL_ACK,first_fragment,receiver_after_channel,768,MLKEM768,1385,0,0,1,0,1,1,10327,1,0,0,768,0,1,0,0,2,2,0,1,1,server,200007,0,3,server,200007,0,3,V1_RFRAG_FIRST_FINAL_ACK
B-kem768-gilbert-prr0p85-L5-loss1-rep14-seed200014-v3,B-kem768-gilbert-prr0p85-L5-loss1-rep14-seed200014,B-kem768-gilbert-prr0p85-L5-loss1-rep14-seed200014,V1,B_V1_V2_FIRST_LOSS,2026-08-19T02:33:49+00:00,COOJA_SIMULATION,gilbert,0.85,5.0,0.0352941176,0.2,first_fragment,1,receiver_after_channel,1,2,1,0,12,96,3,V1_RFRAG_INITIAL_FINAL_ACK,768,200014,14,360,0,0,runs/B-kem768-gilbert-prr0p85-L5-loss1-rep14-seed200014-v3/cooja.log,5464300fbcc7ab6f809703f60b72db3fb9bd47a53609ac7de50a010e35727fa0,16127,155,155,end_of_log,success,FAILED_PROTOCOL,client_reported_failure,,1,True,0,0,0,0,0,0,0,0,0,both_motes,4,5,0,1,1,17,0,17,both_motes,1,1,1,applied_after_channel,valid,0,1,final_application_timeout,1184,1088,13,12,1,0,1,0,0,0,120000,120000,1,0,17,0,1550,0,4,0,1,5,0,1,0,server_fallback_no_completion,0,0,0,0,0,0,0,0,2,0,204,0,1,0,0,0,0,1,0,190000,first_fragment,receiver_after_channel,0,768,MLKEM768,0,1,client,60000,200014,3,V1_RFRAG_FIRST_FINAL_ACK,0,first_fragment,receiver_after_channel,768,MLKEM768,0,0,0,0,0,0,0,0,0,0,768,0,0,0,client,200014,0,3,client,0,200014,0,3,V1_RFRAG_FIRST_FINAL_ACK,1,0,first_fragment,receiver_after_channel,0,768,MLKEM768,1,server,200014,3,V1_RFRAG_FIRST_FINAL_ACK,first_fragment,receiver_after_channel,768,MLKEM768,0,0,0,1,0,0,1,20060,0,1,0,768,0,0,0,0,1,1,0,0,0,server,200014,0,3,server,200014,0,3,V1_RFRAG_FIRST_FINAL_ACK
B-kem768-gilbert-prr0p85-L5-loss1-rep15-seed200015-v4,B-kem768-gilbert-prr0p85-L5-loss1-rep15-seed200015,B-kem768-gilbert-prr0p85-L5-loss1-rep15-seed200015,V2,B_V1_V2_FIRST_LOSS,2026-08-19T02:33:49+00:00,COOJA_SIMULATION,gilbert,0.85,5.0,0.0352941176,0.2,first_fragment,1,receiver_after_channel,1,2,1,0,12,96,4,V2_RFRAG_FINAL_ACK_APP_RETRY,768,200015,15,360,0,1,runs/B-kem768-gilbert-prr0p85-L5-loss1-rep15-seed200015-v4/cooja.log,de5e5dfd4a2bbb11fa93951eba063e55f74330fd72676d31c9957ef267e1d2a8,24128,247,247,end_of_log,success,FAILED_PROTOCOL,client_reported_failure,,1,True,0,0,0,0,0,0,0,0,0,both_motes,3,3,1,0,1,16,0,16,both_motes,1,1,1,applied_after_channel,valid,0,1,route_acquisition_timeout,1184,1088,13,12,1,0,1,0,0,0,125000,125000,1,0,16,0,1448,0,3,0,1,3,1,0,0,server_fallback_no_completion,0,0,0,0,0,0,0,0,5,0,464,0,1,0,0,0,0,0,1,310000,first_fragment,receiver_after_channel,0,768,MLKEM768,1,1,client,60000,200015,4,V2_RFRAG_FINAL_ACK_APP_RETRY,0,first_fragment,receiver_after_channel,768,MLKEM768,0,0,0,0,0,0,0,0,0,0,768,0,0,0,client,200015,0,4,client,0,200015,0,4,V2_RFRAG_FINAL_ACK_APP_RETRY,0,1,first_fragment,receiver_after_channel,0,768,MLKEM768,1,server,200015,4,V2_RFRAG_FINAL_ACK_APP_RETRY,first_fragment,receiver_after_channel,768,MLKEM768,0,0,0,0,0,0,0,0,0,0,0,768,0,0,0,0,1,1,0,0,0,server,200015,0,4,server,200015,0,4,V2_RFRAG_FINAL_ACK_APP_RETRY
B-kem768-gilbert-prr0p85-L5-loss1-rep19-seed200019-v3,B-kem768-gilbert-prr0p85-L5-loss1-rep19-seed200019,B-kem768-gilbert-prr0p85-L5-loss1-rep19-seed200019,V1,B_V1_V2_FIRST_LOSS,2026-08-19T02:33:50+00:00,COOJA_SIMULATION,gilbert,0.85,5.0,0.0352941176,0.2,first_fragment,1,receiver_after_channel,1,2,1,0,12,96,3,V1_RFRAG_INITIAL_FINAL_ACK,768,200019,19,360,0,0,runs/B-kem768-gilbert-prr0p85-L5-loss1-rep19-seed200019-v3/cooja.log,e4de6abc28f013d6b1b4db6b951ec82742917931d2248712fbfc76d4a276f550,21013,205,205,end_of_log,success,FAILED_PROTOCOL,client_reported_failure,,1,True,0,0,0,0,0,0,0,0,0,both_motes,4,5,0,2,3,14,15,29,both_motes,1,1,1,applied_after_channel,valid,0,1,final_application_timeout,1184,1088,13,12,1,0,1,0,0,0,120000,120000,1,0,14,9,1382,918,1,1,2,1,0,1,1,ct_transport_completion_timeout,1,0,0,1,1449,1,1,15,13,1346,1280,3,2,1,4,0,0,1,0,190000,first_fragment,receiver_after_channel,0,768,MLKEM768,0,1,client,60000,200019,3,V1_RFRAG_FIRST_FINAL_ACK,0,first_fragment,receiver_after_channel,768,MLKEM768,0,0,1,0,0,1,20290,0,1,0,768,1,0,0,client,200019,0,3,client,0,200019,0,3,V1_RFRAG_FIRST_FINAL_ACK,1,0,first_fragment,receiver_after_channel,0,768,MLKEM768,1,server,200019,3,V1_RFRAG_FIRST_FINAL_ACK,first_fragment,receiver_after_channel,768,MLKEM768,1449,0,0,1,0,1,1,10401,1,0,0,768,0,1,0,0,2,2,0,1,1,server,200019,0,3,server,200019,0,3,V1_RFRAG_FIRST_FINAL_ACK
B-kem768-gilbert-prr0p85-L5-loss1-rep19-seed200019-v4,B-kem768-gilbert-prr0p85-L5-loss1-rep19-seed200019,B-kem768-gilbert-prr0p85-L5-loss1-rep19-seed200019,V2,B_V1_V2_FIRST_LOSS,2026-08-19T02:33:50+00:00,COOJA_SIMULATION,gilbert,0.85,5.0,0.0352941176,0.2,first_fragment,1,receiver_after_channel,1,2,1,0,12,96,4,V2_RFRAG_FINAL_ACK_APP_RETRY,768,200019,19,360,0,1,runs/B-kem768-gilbert-prr0p85-L5-loss1-rep19-seed200019-v4/cooja.log,858c93d593b2e953ebf7ede51e6d56a9ee79b5c4af9c93b27e0c3ab8fc7328f0,29356,303,303,end_of_log,success,FAILED_PROTOCOL,client_reported_failure,,1,True,0,0,0,0,0,0,0,1,0,both_motes,1,1,2,0,4,27,12,39,both_motes,1,1,1,applied_after_channel,valid,0,1,final_application_timeout,1184,1088,13,12,2,1,2,0,0,0,240000,240000,2,0,27,3,2616,260,1,1,2,1,1,0,1,server_fallback_no_completion,1,0,0,1,120384,1,1,12,26,1178,2514,0,3,1,0,1,0,0,1,310000,first_fragment,receiver_after_channel,0,768,MLKEM768,1,1,client,60000,200019,4,V2_RFRAG_FINAL_ACK_APP_RETRY,0,first_fragment,receiver_after_channel,768,MLKEM768,0,0,0,0,0,0,0,0,0,0,768,1,0,0,client,200019,0,4,client,0,200019,0,4,V2_RFRAG_FINAL_ACK_APP_RETRY,0,1,first_fragment,receiver_after_channel,0,768,MLKEM768,1,server,200019,4,V2_RFRAG_FINAL_ACK_APP_RETRY,first_fragment,receiver_after_channel,768,MLKEM768,120384,0,0,1,0,1,1,10368,1,0,0,768,1,0,0,0,3,2,0,2,1,server,200019,0,4,server,200019,0,4,V2_RFRAG_FINAL_ACK_APP_RETRY
B-kem768-gilbert-prr0p85-L5-loss1-rep20-seed200020-v3,B-kem768-gilbert-prr0p85-L5-loss1-rep20-seed200020,B-kem768-gilbert-prr0p85-L5-loss1-rep20-seed200020,V1,B_V1_V2_FIRST_LOSS,2026-08-19T02:33:50+00:00,COOJA_SIMULATION,gilbert,0.85,5.0,0.0352941176,0.2,first_fragment,1,receiver_after_channel,1,2,1,0,12,96,3,V1_RFRAG_INITIAL_FINAL_ACK,768,200020,20,360,0,0,runs/B-kem768-gilbert-prr0p85-L5-loss1-rep20-seed200020-v3/cooja.log,320c9e42386c84e6bc0d1140845f25e7e8aa45cce48e969e73df2e7123d8bae2,24673,249,249,end_of_log,success,FAILED_PROTOCOL,client_reported_failure,,1,True,0,0,0,0,0,0,0,0,0,both_motes,4,5,0,1,1,17,0,17,both_motes,1,1,1,applied_after_channel,valid,0,1,final_application_timeout,1184,1088,13,12,1,0,1,0,0,0,120000,120000,1,0,17,0,1550,0,4,0,1,5,0,1,0,server_fallback_no_completion,0,0,0,0,0,0,0,0,11,0,1122,0,1,0,0,0,0,1,0,190000,first_fragment,receiver_after_channel,0,768,MLKEM768,0,1,client,60000,200020,3,V1_RFRAG_FIRST_FINAL_ACK,0,first_fragment,receiver_after_channel,768,MLKEM768,0,0,0,0,0,0,0,0,0,0,768,0,0,0,client,200020,0,3,client,0,200020,0,3,V1_RFRAG_FIRST_FINAL_ACK,1,0,first_fragment,receiver_after_channel,0,768,MLKEM768,1,server,200020,3,V1_RFRAG_FIRST_FINAL_ACK,first_fragment,receiver_after_channel,768,MLKEM768,0,0,0,1,0,0,1,20286,0,1,0,768,0,0,0,0,1,1,0,0,0,server,200020,0,3,server,200020,0,3,V1_RFRAG_FIRST_FINAL_ACK
B-kem768-gilbert-prr0p85-L5-loss1-rep20-seed200020-v4,B-kem768-gilbert-prr0p85-L5-loss1-rep20-seed200020,B-kem768-gilbert-prr0p85-L5-loss1-rep20-seed200020,V2,B_V1_V2_FIRST_LOSS,2026-08-19T02:33:50+00:00,COOJA_SIMULATION,gilbert,0.85,5.0,0.0352941176,0.2,first_fragment,1,receiver_after_channel,1,2,1,0,12,96,4,V2_RFRAG_FINAL_ACK_APP_RETRY,768,200020,20,360,0,1,runs/B-kem768-gilbert-prr0p85-L5-loss1-rep20-seed200020-v4/cooja.log,6654620a64b85491a46763043015930a11e8d306cda387de067ed14e291011df,20351,207,207,end_of_log,success,FAILED_PROTOCOL,client_reported_failure,,1,True,0,0,0,0,0,0,0,1,0,both_motes,0,0,2,0,2,26,0,26,both_motes,1,1,1,applied_after_channel,valid,0,1,final_application_timeout,1184,1088,13,12,2,1,2,0,0,0,240000,240000,2,0,26,0,2560,0,0,0,2,0,2,0,0,server_fallback_no_completion,0,0,0,0,0,0,0,0,23,0,2254,0,2,0,0,1,0,0,1,310000,first_fragment,receiver_after_channel,0,768,MLKEM768,1,1,client,60000,200020,4,V2_RFRAG_FINAL_ACK_APP_RETRY,0,first_fragment,receiver_after_channel,768,MLKEM768,0,0,0,0,0,0,0,0,0,0,768,0,0,0,client,200020,0,4,client,0,200020,0,4,V2_RFRAG_FINAL_ACK_APP_RETRY,0,1,first_fragment,receiver_after_channel,0,768,MLKEM768,1,server,200020,4,V2_RFRAG_FINAL_ACK_APP_RETRY,first_fragment,receiver_after_channel,768,MLKEM768,0,0,0,0,0,0,0,0,0,0,0,768,0,0,0,0,2,1,0,0,0,server,200020,0,4,server,200020,0,4,V2_RFRAG_FINAL_ACK_APP_RETRY
B-kem768-gilbert-prr0p85-L5-loss1-rep24-seed200024-v4,B-kem768-gilbert-prr0p85-L5-loss1-rep24-seed200024,B-kem768-gilbert-prr0p85-L5-loss1-rep24-seed200024,V2,B_V1_V2_FIRST_LOSS,2026-08-19T02:33:50+00:00,COOJA_SIMULATION,gilbert,0.85,5.0,0.0352941176,0.2,first_fragment,1,receiver_after_channel,1,2,1,0,12,96,4,V2_RFRAG_FINAL_ACK_APP_RETRY,768,200024,24,360,0,1,runs/B-kem768-gilbert-prr0p85-L5-loss1-rep24-seed200024-v4/cooja.log,73f7c3dee1838c75fa8c64f7a47da5c0bb698e580b1ce41d4342cc92c3f5e4c3,24360,251,251,end_of_log,success,FAILED_PROTOCOL,client_reported_failure,,1,True,0,0,0,0,0,0,0,0,0,both_motes,0,0,1,0,1,13,0,13,both_motes,1,1,1,applied_after_channel,valid,0,1,route_acquisition_timeout,1184,1088,13,12,1,0,1,0,0,0,125000,125000,1,0,13,0,1280,0,0,0,1,0,1,0,0,server_fallback_no_completion,0,0,0,0,0,0,0,0,8,0,770,0,1,0,0,0,0,0,1,310000,first_fragment,receiver_after_channel,0,768,MLKEM768,1,1,client,60000,200024,4,V2_RFRAG_FINAL_ACK_APP_RETRY,0,first_fragment,receiver_after_channel,768,MLKEM768,0,0,0,0,0,0,0,0,0,0,768,0,0,0,client,200024,0,4,client,0,200024,0,4,V2_RFRAG_FINAL_ACK_APP_RETRY,0,1,first_fragment,receiver_after_channel,0,768,MLKEM768,1,server,200024,4,V2_RFRAG_FINAL_ACK_APP_RETRY,first_fragment,receiver_after_channel,768,MLKEM768,0,0,0,0,0,0,0,0,0,0,0,768,0,0,0,0,1,1,0,0,0,server,200024,0,4,server,200024,0,4,V2_RFRAG_FINAL_ACK_APP_RETRY
B-kem768-gilbert-prr0p85-L5-loss1-rep25-seed200025-v3,B-kem768-gilbert-prr0p85-L5-loss1-rep25-seed200025,B-kem768-gilbert-prr0p85-L5-loss1-rep25-seed200025,V1,B_V1_V2_FIRST_LOSS,2026-08-19T02:33:50+00:00,COOJA_SIMULATION,gilbert,0.85,5.0,0.0352941176,0.2,first_fragment,1,receiver_after_channel,1,2,1,0,12,96,3,V1_RFRAG_INITIAL_FINAL_ACK,768,200025,25,360,0,0,runs/B-kem768-gilbert-prr0p85-L5-loss1-rep25-seed200025-v3/cooja.log,f5adf198e701df9043e630a6aed497ce5d339a074319a749c8dc21bfd7a19b23,18334,178,178,end_of_log,success,FAILED_PROTOCOL,client_reported_failure,,1,True,0,0,0,0,0,0,0,0,0,both_motes,3,4,0,0,0,4,0,4,both_motes,1,1,1,applied_after_channel,valid,0,1,final_application_timeout,1184,1088,13,12,1,0,1,0,0,0,120000,120000,1,0,4,0,408,0,3,0,0,4,0,0,0,server_fallback_no_completion,0,0,0,0,0,0,0,0,0,0,0,0,0,0,0,0,0,1,0,190000,first_fragment,receiver_after_channel,0,768,MLKEM768,0,1,client,60000,200025,3,V1_RFRAG_FIRST_FINAL_ACK,0,first_fragment,receiver_after_channel,768,MLKEM768,0,0,0,0,0,0,0,0,0,0,768,0,0,0,client,200025,0,3,client,0,200025,0,3,V1_RFRAG_FIRST_FINAL_ACK,1,0,first_fragment,receiver_after_channel,0,768,MLKEM768,1,server,200025,3,V1_RFRAG_FIRST_FINAL_ACK,first_fragment,receiver_after_channel,768,MLKEM768,0,0,0,0,0,0,0,0,0,0,0,768,0,0,0,0,0,0,0,0,0,server,200025,0,3,server,200025,0,3,V1_RFRAG_FIRST_FINAL_ACK
B-kem768-gilbert-prr0p85-L5-loss1-rep25-seed200025-v4,B-kem768-gilbert-prr0p85-L5-loss1-rep25-seed200025,B-kem768-gilbert-prr0p85-L5-loss1-rep25-seed200025,V2,B_V1_V2_FIRST_LOSS,2026-08-19T02:33:50+00:00,COOJA_SIMULATION,gilbert,0.85,5.0,0.0352941176,0.2,first_fragment,1,receiver_after_channel,1,2,1,0,12,96,4,V2_RFRAG_FINAL_ACK_APP_RETRY,768,200025,25,360,0,1,runs/B-kem768-gilbert-prr0p85-L5-loss1-rep25-seed200025-v4/cooja.log,953341a25b2e610b474fae53f774805b8c2c512be7e6a9065cb931783cabe7d2,16508,161,161,end_of_log,success,FAILED_PROTOCOL,client_reported_failure,,1,True,0,0,0,0,0,0,0,0,0,both_motes,0,0,1,0,1,13,0,13,both_motes,1,1,1,applied_after_channel,valid,0,1,route_acquisition_timeout,1184,1088,13,12,1,0,1,0,0,0,125000,125000,1,0,13,0,1280,0,0,0,1,0,1,0,0,server_fallback_no_completion,0,0,0,0,0,0,0,0,3,0,260,0,1,0,0,0,0,0,1,310000,first_fragment,receiver_after_channel,0,768,MLKEM768,1,1,client,60000,200025,4,V2_RFRAG_FINAL_ACK_APP_RETRY,0,first_fragment,receiver_after_channel,768,MLKEM768,0,0,0,0,0,0,0,0,0,0,768,0,0,0,client,200025,0,4,client,0,200025,0,4,V2_RFRAG_FINAL_ACK_APP_RETRY,0,1,first_fragment,receiver_after_channel,0,768,MLKEM768,1,server,200025,4,V2_RFRAG_FINAL_ACK_APP_RETRY,first_fragment,receiver_after_channel,768,MLKEM768,0,0,0,0,0,0,0,0,0,0,0,768,0,0,0,0,1,1,0,0,0,server,200025,0,4,server,200025,0,4,V2_RFRAG_FINAL_ACK_APP_RETRY
B-kem768-gilbert-prr0p85-L5-loss1-rep26-seed200026-v3,B-kem768-gilbert-prr0p85-L5-loss1-rep26-seed200026,B-kem768-gilbert-prr0p85-L5-loss1-rep26-seed200026,V1,B_V1_V2_FIRST_LOSS,2026-08-19T02:33:50+00:00,COOJA_SIMULATION,gilbert,0.85,5.0,0.0352941176,0.2,first_fragment,1,receiver_after_channel,1,2,1,0,12,96,3,V1_RFRAG_INITIAL_FINAL_ACK,768,200026,26,360,0,0,runs/B-kem768-gilbert-prr0p85-L5-loss1-rep26-seed200026-v3/cooja.log,8e5c92bb732568ea13aff9bba566c5eaa6cf4e07e7a780ea8cf5539289ba4c6f,25050,254,254,end_of_log,success,FAILED_PROTOCOL,client_reported_failure,,1,True,0,0,0,0,0,0,0,0,0,both_motes,3,4,0,0,3,4,0,4,both_motes,1,1,1,applied_after_channel,valid,0,1,final_application_timeout,1184,1088,13,12,1,0,1,0,0,0,120000,120000,1,0,4,0,408,0,3,0,0,4,0,0,0,server_fallback_no_completion,0,0,0,0,0,0,0,0,3,0,306,0,3,0,0,0,0,1,0,190000,first_fragment,receiver_after_channel,0,768,MLKEM768,0,1,client,60000,200026,3,V1_RFRAG_FIRST_FINAL_ACK,0,first_fragment,receiver_after_channel,768,MLKEM768,0,0,0,0,0,0,0,0,0,0,768,0,0,0,client,200026,0,3,client,0,200026,0,3,V1_RFRAG_FIRST_FINAL_ACK,1,0,first_fragment,receiver_after_channel,0,768,MLKEM768,1,server,200026,3,V1_RFRAG_FIRST_FINAL_ACK,first_fragment,receiver_after_channel,768,MLKEM768,0,0,0,1,0,0,1,26052,0,1,0,768,0,0,0,0,3,0,0,0,0,server,200026,0,3,server,200026,0,3,V1_RFRAG_FIRST_FINAL_ACK
B-kem768-gilbert-prr0p85-L5-loss1-rep26-seed200026-v4,B-kem768-gilbert-prr0p85-L5-loss1-rep26-seed200026,B-kem768-gilbert-prr0p85-L5-loss1-rep26-seed200026,V2,B_V1_V2_FIRST_LOSS,2026-08-19T02:33:50+00:00,COOJA_SIMULATION,gilbert,0.85,5.0,0.0352941176,0.2,first_fragment,1,receiver_after_channel,1,2,1,0,12,96,4,V2_RFRAG_FINAL_ACK_APP_RETRY,768,200026,26,360,0,1,runs/B-kem768-gilbert-prr0p85-L5-loss1-rep26-seed200026-v4/cooja.log,149ab1674b66a6eac461a9e7efd1a61140d70940e75a08aa3c830343275a8ab8,23688,244,244,end_of_log,success,FAILED_PROTOCOL,client_reported_failure,,1,True,0,0,0,0,0,0,0,0,0,both_motes,2,2,1,0,3,15,0,15,both_motes,1,1,1,applied_after_channel,valid,0,1,route_acquisition_timeout,1184,1088,13,12,1,0,1,0,0,0,125000,125000,1,0,15,0,1392,0,2,0,1,2,1,0,0,server_fallback_no_completion,0,0,0,0,0,0,0,0,14,0,1290,0,3,0,0,0,0,0,1,310000,first_fragment,receiver_after_channel,0,768,MLKEM768,1,1,client,60000,200026,4,V2_RFRAG_FINAL_ACK_APP_RETRY,0,first_fragment,receiver_after_channel,768,MLKEM768,0,0,0,0,0,0,0,0,0,0,768,0,0,0,client,200026,0,4,client,0,200026,0,4,V2_RFRAG_FINAL_ACK_APP_RETRY,0,1,first_fragment,receiver_after_channel,0,768,MLKEM768,1,server,200026,4,V2_RFRAG_FINAL_ACK_APP_RETRY,first_fragment,receiver_after_channel,768,MLKEM768,0,0,0,0,0,0,0,0,0,0,0,768,0,0,0,0,3,1,0,0,0,server,200026,0,4,server,200026,0,4,V2_RFRAG_FINAL_ACK_APP_RETRY
B-kem768-gilbert-prr0p85-L5-loss1-rep28-seed200028-v3,B-kem768-gilbert-prr0p85-L5-loss1-rep28-seed200028,B-kem768-gilbert-prr0p85-L5-loss1-rep28-seed200028,V1,B_V1_V2_FIRST_LOSS,2026-08-19T02:33:50+00:00,COOJA_SIMULATION,gilbert,0.85,5.0,0.0352941176,0.2,first_fragment,1,receiver_after_channel,1,2,1,0,12,96,3,V1_RFRAG_INITIAL_FINAL_ACK,768,200028,28,360,0,0,runs/B-kem768-gilbert-prr0p85-L5-loss1-rep28-seed200028-v3/cooja.log,4bea113b0d292d52f69a4115ec27822d11fa40cee2f2edb800983d84166cc7ee,20988,205,205,end_of_log,success_with_warnings,FAILED_PROTOCOL,client_reported_failure,"perte ciblée armée, mais le canal/radio a perdu la trame avant le hook receiver",1,True,0,0,0,0,0,0,0,0,0,both_motes,4,5,0,2,3,14,15,29,both_motes,1,1,0,radio_preempted,valid,0,1,final_application_timeout,1184,1088,13,12,1,0,1,0,0,0,120000,120000,1,0,14,11,1382,1122,1,1,2,1,0,1,1,ct_transport_completion_timeout,1,0,0,1,1360,1,1,15,13,1346,1280,3,2,1,4,0,0,1,0,190000,first_fragment,receiver_after_channel,0,768,MLKEM768,0,1,client,60000,200028,3,V1_RFRAG_FIRST_FINAL_ACK,0,first_fragment,receiver_after_channel,768,MLKEM768,0,0,1,0,0,1,20287,0,1,0,768,1,0,0,client,200028,0,3,client,0,200028,0,3,V1_RFRAG_FIRST_FINAL_ACK,1,0,first_fragment,receiver_after_channel,0,768,MLKEM768,1,server,200028,3,V1_RFRAG_FIRST_FINAL_ACK,first_fragment,receiver_after_channel,768,MLKEM768,1360,0,0,1,0,1,1,10317,1,0,0,768,0,1,0,0,2,2,0,1,1,server,200028,0,3,server,200028,0,3,V1_RFRAG_FIRST_FINAL_ACK
B-kem768-gilbert-prr0p85-L5-loss1-rep28-seed200028-v4,B-kem768-gilbert-prr0p85-L5-loss1-rep28-seed200028,B-kem768-gilbert-prr0p85-L5-loss1-rep28-seed200028,V2,B_V1_V2_FIRST_LOSS,2026-08-19T02:33:50+00:00,COOJA_SIMULATION,gilbert,0.85,5.0,0.0352941176,0.2,first_fragment,1,receiver_after_channel,1,2,1,0,12,96,4,V2_RFRAG_FINAL_ACK_APP_RETRY,768,200028,28,360,0,1,runs/B-kem768-gilbert-prr0p85-L5-loss1-rep28-seed200028-v4/cooja.log,2d561533bfa938f2c03b503417f3d32b341cdf20e3c6558bbb47c73f69f42bd9,29271,302,302,end_of_log,success_with_warnings,FAILED_PROTOCOL,client_reported_failure,"perte ciblée armée, mais le canal/radio a perdu la trame avant le hook receiver",1,True,0,0,0,0,0,0,0,1,0,both_motes,6,7,2,0,6,29,15,44,both_motes,1,1,0,radio_preempted,valid,0,1,final_application_timeout,1184,1088,13,12,2,1,2,0,0,0,240000,240000,2,0,29,7,2728,530,3,4,1,4,1,0,0,server_fallback_no_completion,1,0,0,1,120397,1,1,15,25,1346,2458,3,2,1,3,1,0,0,1,310000,first_fragment,receiver_after_channel,0,768,MLKEM768,1,1,client,60000,200028,4,V2_RFRAG_FINAL_ACK_APP_RETRY,0,first_fragment,receiver_after_channel,768,MLKEM768,0,0,0,0,0,0,0,0,0,0,768,1,0,0,client,200028,0,4,client,0,200028,0,4,V2_RFRAG_FINAL_ACK_APP_RETRY,0,1,first_fragment,receiver_after_channel,0,768,MLKEM768,1,server,200028,4,V2_RFRAG_FINAL_ACK_APP_RETRY,first_fragment,receiver_after_channel,768,MLKEM768,120397,0,0,1,0,1,1,10349,1,0,0,768,1,0,0,0,2,1,0,1,0,server,200028,0,4,server,200028,0,4,V2_RFRAG_FINAL_ACK_APP_RETRY
B-kem768-gilbert-prr0p85-L5-loss1-rep29-seed200029-v4,B-kem768-gilbert-prr0p85-L5-loss1-rep29-seed200029,B-kem768-gilbert-prr0p85-L5-loss1-rep29-seed200029,V2,B_V1_V2_FIRST_LOSS,2026-08-19T02:33:50+00:00,COOJA_SIMULATION,gilbert,0.85,5.0,0.0352941176,0.2,first_fragment,1,receiver_after_channel,1,2,1,0,12,96,4,V2_RFRAG_FINAL_ACK_APP_RETRY,768,200029,29,360,0,1,runs/B-kem768-gilbert-prr0p85-L5-loss1-rep29-seed200029-v4/cooja.log,7bd8c498b9ab25dee0059fc730e36124ec1fae9f788a5bc298c462e832bb4818,15541,150,150,end_of_log,success,FAILED_PROTOCOL,client_reported_failure,,1,True,0,0,0,0,0,0,0,0,0,both_motes,3,4,0,0,0,16,0,16,both_motes,1,1,1,applied_after_channel,valid,0,1,route_acquisition_timeout,1184,1088,13,12,1,0,1,0,0,0,125000,125000,1,0,16,0,1448,0,3,0,0,4,0,0,0,server_fallback_no_completion,0,0,0,0,0,0,0,0,4,0,408,0,0,0,0,0,0,0,1,310000,first_fragment,receiver_after_channel,0,768,MLKEM768,1,1,client,60000,200029,4,V2_RFRAG_FINAL_ACK_APP_RETRY,0,first_fragment,receiver_after_channel,768,MLKEM768,0,0,0,0,0,0,0,0,0,0,768,0,0,0,client,200029,0,4,client,0,200029,0,4,V2_RFRAG_FINAL_ACK_APP_RETRY,0,1,first_fragment,receiver_after_channel,0,768,MLKEM768,1,server,200029,4,V2_RFRAG_FINAL_ACK_APP_RETRY,first_fragment,receiver_after_channel,768,MLKEM768,0,0,0,0,0,0,0,0,0,0,0,768,0,0,0,0,0,0,0,0,0,server,200029,0,4,server,200029,0,4,V2_RFRAG_FINAL_ACK_APP_RETRY
B-kem768-gilbert-prr0p85-L5-loss1-rep30-seed200030-v4,B-kem768-gilbert-prr0p85-L5-loss1-rep30-seed200030,B-kem768-gilbert-prr0p85-L5-loss1-rep30-seed200030,V2,B_V1_V2_FIRST_LOSS,2026-08-19T02:33:50+00:00,COOJA_SIMULATION,gilbert,0.85,5.0,0.0352941176,0.2,first_fragment,1,receiver_after_channel,1,2,1,0,12,96,4,V2_RFRAG_FINAL_ACK_APP_RETRY,768,200030,30,360,0,1,runs/B-kem768-gilbert-prr0p85-L5-loss1-rep30-seed200030-v4/cooja.log,11d6ede6d29569b888cc550e2a98a2217f0570a9d5ce7b149efb29b6ecbe29a3,22995,236,236,end_of_log,success,FAILED_PROTOCOL,client_reported_failure,,1,True,0,0,0,0,0,0,0,0,0,both_motes,0,0,1,0,1,13,0,13,both_motes,1,1,1,applied_after_channel,valid,0,1,route_acquisition_timeout,1184,1088,13,12,1,0,1,0,0,0,125000,125000,1,0,13,0,1280,0,0,0,1,0,1,0,0,server_fallback_no_completion,0,0,0,0,0,0,0,0,8,0,770,0,1,0,0,0,0,0,1,310000,first_fragment,receiver_after_channel,0,768,MLKEM768,1,1,client,60000,200030,4,V2_RFRAG_FINAL_ACK_APP_RETRY,0,first_fragment,receiver_after_channel,768,MLKEM768,0,0,0,0,0,0,0,0,0,0,768,0,0,0,client,200030,0,4,client,0,200030,0,4,V2_RFRAG_FINAL_ACK_APP_RETRY,0,1,first_fragment,receiver_after_channel,0,768,MLKEM768,1,server,200030,4,V2_RFRAG_FINAL_ACK_APP_RETRY,first_fragment,receiver_after_channel,768,MLKEM768,0,0,0,0,0,0,0,0,0,0,0,768,0,0,0,0,1,1,0,0,0,server,200030,0,4,server,200030,0,4,V2_RFRAG_FINAL_ACK_APP_RETRY
B-kem768-gilbert-prr0p85-L10-loss1-rep04-seed200004-v4,B-kem768-gilbert-prr0p85-L10-loss1-rep04-seed200004,B-kem768-gilbert-prr0p85-L10-loss1-rep04-seed200004,V2,B_V1_V2_FIRST_LOSS,2026-08-19T02:33:50+00:00,COOJA_SIMULATION,gilbert,0.85,10.0,0.0176470588,0.1,first_fragment,1,receiver_after_channel,1,2,1,0,12,96,4,V2_RFRAG_FINAL_ACK_APP_RETRY,768,200004,4,360,0,1,runs/B-kem768-gilbert-prr0p85-L10-loss1-rep04-seed200004-v4/cooja.log,e813e2c8826484a5f56f583be5cbe6e36368da4c50acb526bfd803f22af4397f,19839,198,198,end_of_log,success,FAILED_PROTOCOL,client_reported_failure,,1,True,0,0,0,0,0,0,0,1,0,both_motes,3,4,1,0,1,29,0,29,both_motes,1,1,1,applied_after_channel,valid,0,1,final_application_timeout,1184,1088,13,12,2,1,2,0,0,0,240000,240000,2,0,29,0,2728,0,3,0,1,4,1,0,0,server_fallback_no_completion,0,0,0,0,0,0,0,0,15,0,1484,0,1,0,0,1,0,0,1,310000,first_fragment,receiver_after_channel,0,768,MLKEM768,1,1,client,60000,200004,4,V2_RFRAG_FINAL_ACK_APP_RETRY,0,first_fragment,receiver_after_channel,768,MLKEM768,0,0,0,0,0,0,0,0,0,0,768,0,0,0,client,200004,0,4,client,0,200004,0,4,V2_RFRAG_FINAL_ACK_APP_RETRY,0,1,first_fragment,receiver_after_channel,0,768,MLKEM768,1,server,200004,4,V2_RFRAG_FINAL_ACK_APP_RETRY,first_fragment,receiver_after_channel,768,MLKEM768,0,0,0,1,0,0,1,20069,0,1,0,768,0,0,0,0,1,1,0,0,0,server,200004,0,4,server,200004,0,4,V2_RFRAG_FINAL_ACK_APP_RETRY
B-kem768-gilbert-prr0p85-L10-loss1-rep06-seed200006-v3,B-kem768-gilbert-prr0p85-L10-loss1-rep06-seed200006,B-kem768-gilbert-prr0p85-L10-loss1-rep06-seed200006,V1,B_V1_V2_FIRST_LOSS,2026-08-19T02:33:50+00:00,COOJA_SIMULATION,gilbert,0.85,10.0,0.0176470588,0.1,first_fragment,1,receiver_after_channel,1,2,1,0,12,96,3,V1_RFRAG_INITIAL_FINAL_ACK,768,200006,6,360,0,0,runs/B-kem768-gilbert-prr0p85-L10-loss1-rep06-seed200006-v3/cooja.log,4a336d7e081bb11dab537eabfa5ea3a836f6579b8bf4465698ae3ebbfd0e7d25,31332,322,322,end_of_log,success,FAILED_PROTOCOL,client_reported_failure,,1,True,0,0,0,0,0,0,0,0,3,both_motes,7,5,0,3,4,17,15,32,both_motes,1,1,1,applied_after_channel,valid,0,1,final_application_timeout,1184,1088,13,12,1,0,1,0,0,0,120000,120000,1,0,17,5,1688,510,4,1,3,1,0,2,1,ct_transport_completion_timeout,1,0,0,1,1457,1,1,15,13,1346,1280,3,3,1,4,0,0,1,0,190000,first_fragment,receiver_after_channel,0,768,MLKEM768,0,1,client,60000,200006,3,V1_RFRAG_FIRST_FINAL_ACK,0,first_fragment,receiver_after_channel,768,MLKEM768,0,0,1,0,0,1,20188,0,1,0,768,1,0,0,client,200006,3,3,client,0,200006,0,3,V1_RFRAG_FIRST_FINAL_ACK,1,0,first_fragment,receiver_after_channel,0,768,MLKEM768,1,server,200006,3,V1_RFRAG_FIRST_FINAL_ACK,first_fragment,receiver_after_channel,768,MLKEM768,1457,0,0,1,0,1,1,10431,1,0,0,768,0,1,0,0,3,3,0,1,1,server,200006,0,3,server,200006,0,3,V1_RFRAG_FIRST_FINAL_ACK
B-kem768-gilbert-prr0p85-L10-loss1-rep06-seed200006-v4,B-kem768-gilbert-prr0p85-L10-loss1-rep06-seed200006,B-kem768-gilbert-prr0p85-L10-loss1-rep06-seed200006,V2,B_V1_V2_FIRST_LOSS,2026-08-19T02:33:50+00:00,COOJA_SIMULATION,gilbert,0.85,10.0,0.0176470588,0.1,first_fragment,1,receiver_after_channel,1,2,1,0,12,96,4,V2_RFRAG_FINAL_ACK_APP_RETRY,768,200006,6,360,0,1,runs/B-kem768-gilbert-prr0p85-L10-loss1-rep06-seed200006-v4/cooja.log,7b55fbda64ef98b7a5e8a24ac96fbb7b245f47763c5b65e5ed7b3008fdc0472d,30990,322,322,end_of_log,success,FAILED_PROTOCOL,client_reported_failure,,1,True,0,0,0,0,0,0,0,1,0,both_motes,3,3,2,0,4,29,12,41,both_motes,1,1,1,applied_after_channel,valid,0,1,final_application_timeout,1184,1088,13,12,2,1,2,0,0,0,240000,240000,2,0,29,8,2728,770,3,1,2,3,1,0,1,server_fallback_no_completion,1,0,0,1,120391,1,1,12,25,1178,2412,0,3,1,0,1,0,0,1,310000,first_fragment,receiver_after_channel,0,768,MLKEM768,1,1,client,60000,200006,4,V2_RFRAG_FINAL_ACK_APP_RETRY,0,first_fragment,receiver_after_channel,768,MLKEM768,0,0,0,0,0,0,0,0,0,0,768,1,0,0,client,200006,0,4,client,0,200006,0,4,V2_RFRAG_FINAL_ACK_APP_RETRY,0,1,first_fragment,receiver_after_channel,0,768,MLKEM768,1,server,200006,4,V2_RFRAG_FINAL_ACK_APP_RETRY,first_fragment,receiver_after_channel,768,MLKEM768,120391,0,0,1,0,1,1,10346,1,0,0,768,1,0,0,0,3,2,0,2,1,server,200006,0,4,server,200006,0,4,V2_RFRAG_FINAL_ACK_APP_RETRY
B-kem768-gilbert-prr0p85-L10-loss1-rep07-seed200007-v3,B-kem768-gilbert-prr0p85-L10-loss1-rep07-seed200007,B-kem768-gilbert-prr0p85-L10-loss1-rep07-seed200007,V1,B_V1_V2_FIRST_LOSS,2026-08-19T02:33:50+00:00,COOJA_SIMULATION,gilbert,0.85,10.0,0.0176470588,0.1,first_fragment,1,receiver_after_channel,1,2,1,0,12,96,3,V1_RFRAG_INITIAL_FINAL_ACK,768,200007,7,360,0,0,runs/B-kem768-gilbert-prr0p85-L10-loss1-rep07-seed200007-v3/cooja.log,3c647968d14a68f86ba615babb0e101c5745541551fdaf775ba75fc5ae86403c,21120,206,206,end_of_log,success,FAILED_PROTOCOL,client_reported_failure,,1,True,0,0,0,0,0,0,0,0,0,both_motes,4,5,0,2,3,14,15,29,both_motes,1,1,1,applied_after_channel,valid,0,1,final_application_timeout,1184,1088,13,12,1,0,1,0,0,0,120000,120000,1,0,14,10,1382,1020,1,1,2,1,0,1,1,ct_transport_completion_timeout,1,0,0,1,1385,1,1,15,13,1346,1280,3,2,1,4,0,0,1,0,190000,first_fragment,receiver_after_channel,0,768,MLKEM768,0,1,client,60000,200007,3,V1_RFRAG_FIRST_FINAL_ACK,0,first_fragment,receiver_after_channel,768,MLKEM768,0,0,1,0,0,1,20327,0,1,0,768,1,0,0,client,200007,0,3,client,0,200007,0,3,V1_RFRAG_FIRST_FINAL_ACK,1,0,first_fragment,receiver_after_channel,0,768,MLKEM768,1,server,200007,3,V1_RFRAG_FIRST_FINAL_ACK,first_fragment,receiver_after_channel,768,MLKEM768,1385,0,0,1,0,1,1,10327,1,0,0,768,0,1,0,0,2,2,0,1,1,server,200007,0,3,server,200007,0,3,V1_RFRAG_FIRST_FINAL_ACK
B-kem768-gilbert-prr0p85-L10-loss1-rep07-seed200007-v4,B-kem768-gilbert-prr0p85-L10-loss1-rep07-seed200007,B-kem768-gilbert-prr0p85-L10-loss1-rep07-seed200007,V2,B_V1_V2_FIRST_LOSS,2026-08-19T02:33:50+00:00,COOJA_SIMULATION,gilbert,0.85,10.0,0.0176470588,0.1,first_fragment,1,receiver_after_channel,1,2,1,0,12,96,4,V2_RFRAG_FINAL_ACK_APP_RETRY,768,200007,7,360,0,1,runs/B-kem768-gilbert-prr0p85-L10-loss1-rep07-seed200007-v4/cooja.log,860031976ddc7b283ad3098495db6fa03a48f319701f7511d90fe72813bcc6d8,25716,263,263,end_of_log,success,FAILED_PROTOCOL,client_reported_failure,,1,True,0,0,0,0,0,0,0,1,0,both_motes,1,1,2,0,4,27,12,39,both_motes,1,1,1,applied_after_channel,valid,0,1,final_application_timeout,1184,1088,13,12,2,1,2,0,0,0,240000,240000,2,0,27,8,2616,770,1,1,2,1,1,0,1,server_fallback_no_completion,1,0,0,1,120288,1,1,12,26,1178,2514,0,3,1,0,1,0,0,1,310000,first_fragment,receiver_after_channel,0,768,MLKEM768,1,1,client,60000,200007,4,V2_RFRAG_FINAL_ACK_APP_RETRY,0,first_fragment,receiver_after_channel,768,MLKEM768,0,0,0,0,0,0,0,0,0,0,768,1,0,0,client,200007,0,4,client,0,200007,0,4,V2_RFRAG_FINAL_ACK_APP_RETRY,0,1,first_fragment,receiver_after_channel,0,768,MLKEM768,1,server,200007,4,V2_RFRAG_FINAL_ACK_APP_RETRY,first_fragment,receiver_after_channel,768,MLKEM768,120288,0,0,1,0,1,1,10269,1,0,0,768,1,0,0,0,3,2,0,2,1,server,200007,0,4,server,200007,0,4,V2_RFRAG_FINAL_ACK_APP_RETRY
B-kem768-gilbert-prr0p85-L10-loss1-rep10-seed200010-v3,B-kem768-gilbert-prr0p85-L10-loss1-rep10-seed200010,B-kem768-gilbert-prr0p85-L10-loss1-rep10-seed200010,V1,B_V1_V2_FIRST_LOSS,2026-08-19T02:33:50+00:00,COOJA_SIMULATION,gilbert,0.85,10.0,0.0176470588,0.1,first_fragment,1,receiver_after_channel,1,2,1,0,12,96,3,V1_RFRAG_INITIAL_FINAL_ACK,768,200010,10,360,0,0,runs/B-kem768-gilbert-prr0p85-L10-loss1-rep10-seed200010-v3/cooja.log,4a8b975ece20c7091bff4a3196dc0485103c917b8813c12d4998e191d2b7ed78,20233,195,195,end_of_log,success,FAILED_PROTOCOL,client_reported_failure,,1,True,0,0,0,0,0,0,0,0,0,both_motes,7,9,0,1,5,17,4,21,both_motes,1,1,1,applied_after_channel,valid,0,1,final_application_timeout,1184,1088,13,12,1,0,1,0,0,0,120000,120000,1,0,17,0,1550,0,4,0,1,5,0,1,0,ct_transport_completion_timeout,1,0,0,1,1395,1,1,4,16,408,1448,3,5,0,4,0,0,1,0,190000,first_fragment,receiver_after_channel,0,768,MLKEM768,0,1,client,60000,200010,3,V1_RFRAG_FIRST_FINAL_ACK,0,first_fragment,receiver_after_channel,768,MLKEM768,0,0,0,0,0,0,0,0,0,0,768,0,0,0,client,200010,0,3,client,0,200010,0,3,V1_RFRAG_FIRST_FINAL_ACK,1,0,first_fragment,receiver_after_channel,0,768,MLKEM768,1,server,200010,3,V1_RFRAG_FIRST_FINAL_ACK,first_fragment,receiver_after_channel,768,MLKEM768,1395,0,0,1,0,1,1,10360,1,0,0,768,0,0,0,0,5,1,0,4,0,server,200010,0,3,server,200010,0,3,V1_RFRAG_FIRST_FINAL_ACK
B-kem768-gilbert-prr0p85-L10-loss1-rep10-seed200010-v4,B-kem768-gilbert-prr0p85-L10-loss1-rep10-seed200010,B-kem768-gilbert-prr0p85-L10-loss1-rep10-seed200010,V2,B_V1_V2_FIRST_LOSS,2026-08-19T02:33:50+00:00,COOJA_SIMULATION,gilbert,0.85,10.0,0.0176470588,0.1,first_fragment,1,receiver_after_channel,1,2,1,0,12,96,4,V2_RFRAG_FINAL_ACK_APP_RETRY,768,200010,10,360,0,1,runs/B-kem768-gilbert-prr0p85-L10-loss1-rep10-seed200010-v4/cooja.log,7e32c2456b76faad9de2c46bf9d61ce8dc858949199e16ae583bdeb7711fb9e6,24105,246,246,end_of_log,success,FAILED_PROTOCOL,client_reported_failure,,1,True,0,0,0,0,0,0,0,0,0,both_motes,1,1,1,0,2,14,0,14,both_motes,1,1,1,applied_after_channel,valid,0,1,route_acquisition_timeout,1184,1088,13,12,1,0,1,0,0,0,125000,125000,1,0,14,0,1336,0,1,0,1,1,1,0,0,server_fallback_no_completion,0,0,0,0,0,0,0,0,13,0,1234,0,2,0,0,0,0,0,1,310000,first_fragment,receiver_after_channel,0,768,MLKEM768,1,1,client,60000,200010,4,V2_RFRAG_FINAL_ACK_APP_RETRY,0,first_fragment,receiver_after_channel,768,MLKEM768,0,0,0,0,0,0,0,0,0,0,768,0,0,0,client,200010,0,4,client,0,200010,0,4,V2_RFRAG_FINAL_ACK_APP_RETRY,0,1,first_fragment,receiver_after_channel,0,768,MLKEM768,1,server,200010,4,V2_RFRAG_FINAL_ACK_APP_RETRY,first_fragment,receiver_after_channel,768,MLKEM768,0,0,0,0,0,0,0,0,0,0,0,768,0,0,0,0,2,1,0,0,0,server,200010,0,4,server,200010,0,4,V2_RFRAG_FINAL_ACK_APP_RETRY
B-kem768-gilbert-prr0p85-L10-loss1-rep14-seed200014-v3,B-kem768-gilbert-prr0p85-L10-loss1-rep14-seed200014,B-kem768-gilbert-prr0p85-L10-loss1-rep14-seed200014,V1,B_V1_V2_FIRST_LOSS,2026-08-19T02:33:50+00:00,COOJA_SIMULATION,gilbert,0.85,10.0,0.0176470588,0.1,first_fragment,1,receiver_after_channel,1,2,1,0,12,96,3,V1_RFRAG_INITIAL_FINAL_ACK,768,200014,14,360,0,0,runs/B-kem768-gilbert-prr0p85-L10-loss1-rep14-seed200014-v3/cooja.log,5464300fbcc7ab6f809703f60b72db3fb9bd47a53609ac7de50a010e35727fa0,16127,155,155,end_of_log,success,FAILED_PROTOCOL,client_reported_failure,,1,True,0,0,0,0,0,0,0,0,0,both_motes,4,5,0,1,1,17,0,17,both_motes,1,1,1,applied_after_channel,valid,0,1,final_application_timeout,1184,1088,13,12,1,0,1,0,0,0,120000,120000,1,0,17,0,1550,0,4,0,1,5,0,1,0,server_fallback_no_completion,0,0,0,0,0,0,0,0,2,0,204,0,1,0,0,0,0,1,0,190000,first_fragment,receiver_after_channel,0,768,MLKEM768,0,1,client,60000,200014,3,V1_RFRAG_FIRST_FINAL_ACK,0,first_fragment,receiver_after_channel,768,MLKEM768,0,0,0,0,0,0,0,0,0,0,768,0,0,0,client,200014,0,3,client,0,200014,0,3,V1_RFRAG_FIRST_FINAL_ACK,1,0,first_fragment,receiver_after_channel,0,768,MLKEM768,1,server,200014,3,V1_RFRAG_FIRST_FINAL_ACK,first_fragment,receiver_after_channel,768,MLKEM768,0,0,0,1,0,0,1,20060,0,1,0,768,0,0,0,0,1,1,0,0,0,server,200014,0,3,server,200014,0,3,V1_RFRAG_FIRST_FINAL_ACK
B-kem768-gilbert-prr0p85-L10-loss1-rep14-seed200014-v4,B-kem768-gilbert-prr0p85-L10-loss1-rep14-seed200014,B-kem768-gilbert-prr0p85-L10-loss1-rep14-seed200014,V2,B_V1_V2_FIRST_LOSS,2026-08-19T02:33:50+00:00,COOJA_SIMULATION,gilbert,0.85,10.0,0.0176470588,0.1,first_fragment,1,receiver_after_channel,1,2,1,0,12,96,4,V2_RFRAG_FINAL_ACK_APP_RETRY,768,200014,14,360,0,1,runs/B-kem768-gilbert-prr0p85-L10-loss1-rep14-seed200014-v4/cooja.log,85d5a7582340306bf036e36dec5a00c34da315caa3ea40eedcc9e01dbedb35fa,29622,306,306,end_of_log,success,FAILED_PROTOCOL,client_reported_failure,,1,True,0,0,0,0,0,0,0,1,0,both_motes,1,1,2,0,4,27,12,39,both_motes,1,1,1,applied_after_channel,valid,0,1,final_application_timeout,1184,1088,13,12,2,1,2,0,0,0,240000,240000,2,0,27,4,2616,362,1,1,2,1,1,0,1,server_fallback_no_completion,1,0,0,1,120386,1,1,12,25,1178,2412,0,3,1,0,1,0,0,1,310000,first_fragment,receiver_after_channel,0,768,MLKEM768,1,1,client,60000,200014,4,V2_RFRAG_FINAL_ACK_APP_RETRY,0,first_fragment,receiver_after_channel,768,MLKEM768,0,0,0,0,0,0,0,0,0,0,768,1,0,0,client,200014,0,4,client,0,200014,0,4,V2_RFRAG_FINAL_ACK_APP_RETRY,0,1,first_fragment,receiver_after_channel,0,768,MLKEM768,1,server,200014,4,V2_RFRAG_FINAL_ACK_APP_RETRY,first_fragment,receiver_after_channel,768,MLKEM768,120386,0,0,1,0,1,1,10378,1,0,0,768,1,0,0,0,3,2,0,2,1,server,200014,0,4,server,200014,0,4,V2_RFRAG_FINAL_ACK_APP_RETRY
B-kem768-gilbert-prr0p85-L10-loss1-rep15-seed200015-v4,B-kem768-gilbert-prr0p85-L10-loss1-rep15-seed200015,B-kem768-gilbert-prr0p85-L10-loss1-rep15-seed200015,V2,B_V1_V2_FIRST_LOSS,2026-08-19T02:33:50+00:00,COOJA_SIMULATION,gilbert,0.85,10.0,0.0176470588,0.1,first_fragment,1,receiver_after_channel,1,2,1,0,12,96,4,V2_RFRAG_FINAL_ACK_APP_RETRY,768,200015,15,360,0,1,runs/B-kem768-gilbert-prr0p85-L10-loss1-rep15-seed200015-v4/cooja.log,884feb800c76ba7dc2797257f399fc966bae6c0110b756dadd25d38c3a5d9bac,22707,233,233,end_of_log,success,FAILED_PROTOCOL,client_reported_failure,,1,True,0,0,0,0,0,0,0,0,0,both_motes,0,0,1,0,1,13,0,13,both_motes,1,1,1,applied_after_channel,valid,0,1,route_acquisition_timeout,1184,1088,13,12,1,0,1,0,0,0,125000,125000,1,0,13,0,1280,0,0,0,1,0,1,0,0,server_fallback_no_completion,0,0,0,0,0,0,0,0,12,0,1178,0,1,0,0,0,0,0,1,310000,first_fragment,receiver_after_channel,0,768,MLKEM768,1,1,client,60000,200015,4,V2_RFRAG_FINAL_ACK_APP_RETRY,0,first_fragment,receiver_after_channel,768,MLKEM768,0,0,0,0,0,0,0,0,0,0,768,0,0,0,client,200015,0,4,client,0,200015,0,4,V2_RFRAG_FINAL_ACK_APP_RETRY,0,1,first_fragment,receiver_after_channel,0,768,MLKEM768,1,server,200015,4,V2_RFRAG_FINAL_ACK_APP_RETRY,first_fragment,receiver_after_channel,768,MLKEM768,0,0,0,0,0,0,0,0,0,0,0,768,0,0,0,0,1,1,0,0,0,server,200015,0,4,server,200015,0,4,V2_RFRAG_FINAL_ACK_APP_RETRY
B-kem768-gilbert-prr0p85-L10-loss1-rep20-seed200020-v3,B-kem768-gilbert-prr0p85-L10-loss1-rep20-seed200020,B-kem768-gilbert-prr0p85-L10-loss1-rep20-seed200020,V1,B_V1_V2_FIRST_LOSS,2026-08-19T02:33:50+00:00,COOJA_SIMULATION,gilbert,0.85,10.0,0.0176470588,0.1,first_fragment,1,receiver_after_channel,1,2,1,0,12,96,3,V1_RFRAG_INITIAL_FINAL_ACK,768,200020,20,360,0,0,runs/B-kem768-gilbert-prr0p85-L10-loss1-rep20-seed200020-v3/cooja.log,320c9e42386c84e6bc0d1140845f25e7e8aa45cce48e969e73df2e7123d8bae2,24673,249,249,end_of_log,success,FAILED_PROTOCOL,client_reported_failure,,1,True,0,0,0,0,0,0,0,0,0,both_motes,4,5,0,1,1,17,0,17,both_motes,1,1,1,applied_after_channel,valid,0,1,final_application_timeout,1184,1088,13,12,1,0,1,0,0,0,120000,120000,1,0,17,0,1550,0,4,0,1,5,0,1,0,server_fallback_no_completion,0,0,0,0,0,0,0,0,11,0,1122,0,1,0,0,0,0,1,0,190000,first_fragment,receiver_after_channel,0,768,MLKEM768,0,1,client,60000,200020,3,V1_RFRAG_FIRST_FINAL_ACK,0,first_fragment,receiver_after_channel,768,MLKEM768,0,0,0,0,0,0,0,0,0,0,768,0,0,0,client,200020,0,3,client,0,200020,0,3,V1_RFRAG_FIRST_FINAL_ACK,1,0,first_fragment,receiver_after_channel,0,768,MLKEM768,1,server,200020,3,V1_RFRAG_FIRST_FINAL_ACK,first_fragment,receiver_after_channel,768,MLKEM768,0,0,0,1,0,0,1,20286,0,1,0,768,0,0,0,0,1,1,0,0,0,server,200020,0,3,server,200020,0,3,V1_RFRAG_FIRST_FINAL_ACK
B-kem768-gilbert-prr0p85-L10-loss1-rep20-seed200020-v4,B-kem768-gilbert-prr0p85-L10-loss1-rep20-seed200020,B-kem768-gilbert-prr0p85-L10-loss1-rep20-seed200020,V2,B_V1_V2_FIRST_LOSS,2026-08-19T02:33:50+00:00,COOJA_SIMULATION,gilbert,0.85,10.0,0.0176470588,0.1,first_fragment,1,receiver_after_channel,1,2,1,0,12,96,4,V2_RFRAG_FINAL_ACK_APP_RETRY,768,200020,20,360,0,1,runs/B-kem768-gilbert-prr0p85-L10-loss1-rep20-seed200020-v4/cooja.log,6654620a64b85491a46763043015930a11e8d306cda387de067ed14e291011df,20351,207,207,end_of_log,success,FAILED_PROTOCOL,client_reported_failure,,1,True,0,0,0,0,0,0,0,1,0,both_motes,0,0,2,0,2,26,0,26,both_motes,1,1,1,applied_after_channel,valid,0,1,final_application_timeout,1184,1088,13,12,2,1,2,0,0,0,240000,240000,2,0,26,0,2560,0,0,0,2,0,2,0,0,server_fallback_no_completion,0,0,0,0,0,0,0,0,23,0,2254,0,2,0,0,1,0,0,1,310000,first_fragment,receiver_after_channel,0,768,MLKEM768,1,1,client,60000,200020,4,V2_RFRAG_FINAL_ACK_APP_RETRY,0,first_fragment,receiver_after_channel,768,MLKEM768,0,0,0,0,0,0,0,0,0,0,768,0,0,0,client,200020,0,4,client,0,200020,0,4,V2_RFRAG_FINAL_ACK_APP_RETRY,0,1,first_fragment,receiver_after_channel,0,768,MLKEM768,1,server,200020,4,V2_RFRAG_FINAL_ACK_APP_RETRY,first_fragment,receiver_after_channel,768,MLKEM768,0,0,0,0,0,0,0,0,0,0,0,768,0,0,0,0,2,1,0,0,0,server,200020,0,4,server,200020,0,4,V2_RFRAG_FINAL_ACK_APP_RETRY
B-kem768-gilbert-prr0p85-L10-loss1-rep24-seed200024-v4,B-kem768-gilbert-prr0p85-L10-loss1-rep24-seed200024,B-kem768-gilbert-prr0p85-L10-loss1-rep24-seed200024,V2,B_V1_V2_FIRST_LOSS,2026-08-19T02:33:50+00:00,COOJA_SIMULATION,gilbert,0.85,10.0,0.0176470588,0.1,first_fragment,1,receiver_after_channel,1,2,1,0,12,96,4,V2_RFRAG_FINAL_ACK_APP_RETRY,768,200024,24,360,0,1,runs/B-kem768-gilbert-prr0p85-L10-loss1-rep24-seed200024-v4/cooja.log,a6bc831550801ea55e9770289b1a0511a0dbdaee18e92b2741507de40184b10e,25029,260,260,end_of_log,success,FAILED_PROTOCOL,client_reported_failure,,1,True,0,0,0,0,0,0,0,0,0,both_motes,0,0,1,0,1,13,0,13,both_motes,1,1,1,applied_after_channel,valid,0,1,route_acquisition_timeout,1184,1088,13,12,1,0,1,0,0,0,125000,125000,1,0,13,0,1280,0,0,0,1,0,1,0,0,server_fallback_no_completion,0,0,0,0,0,0,0,0,12,0,1178,0,1,0,0,0,0,0,1,310000,first_fragment,receiver_after_channel,0,768,MLKEM768,1,1,client,60000,200024,4,V2_RFRAG_FINAL_ACK_APP_RETRY,0,first_fragment,receiver_after_channel,768,MLKEM768,0,0,0,0,0,0,0,0,0,0,768,0,0,0,client,200024,0,4,client,0,200024,0,4,V2_RFRAG_FINAL_ACK_APP_RETRY,0,1,first_fragment,receiver_after_channel,0,768,MLKEM768,1,server,200024,4,V2_RFRAG_FINAL_ACK_APP_RETRY,first_fragment,receiver_after_channel,768,MLKEM768,0,0,0,0,0,0,0,0,0,0,0,768,0,0,0,0,1,1,0,0,0,server,200024,0,4,server,200024,0,4,V2_RFRAG_FINAL_ACK_APP_RETRY
B-kem768-gilbert-prr0p85-L10-loss1-rep25-seed200025-v3,B-kem768-gilbert-prr0p85-L10-loss1-rep25-seed200025,B-kem768-gilbert-prr0p85-L10-loss1-rep25-seed200025,V1,B_V1_V2_FIRST_LOSS,2026-08-19T02:33:50+00:00,COOJA_SIMULATION,gilbert,0.85,10.0,0.0176470588,0.1,first_fragment,1,receiver_after_channel,1,2,1,0,12,96,3,V1_RFRAG_INITIAL_FINAL_ACK,768,200025,25,360,0,0,runs/B-kem768-gilbert-prr0p85-L10-loss1-rep25-seed200025-v3/cooja.log,ad23bea45017d5ec83f43d3855fe6962b907aaef8a6575fea65195ca71dccebf,29454,299,299,end_of_log,success,FAILED_PROTOCOL,client_reported_failure,,1,True,0,0,0,0,0,0,0,0,0,both_motes,7,9,0,1,5,17,4,21,both_motes,1,1,1,applied_after_channel,valid,0,1,final_application_timeout,1184,1088,13,12,1,0,1,0,0,0,120000,120000,1,0,17,0,1550,0,4,0,1,5,0,1,0,ct_transport_completion_timeout,1,0,0,1,1436,1,1,4,16,408,1448,3,5,0,4,0,0,1,0,190000,first_fragment,receiver_after_channel,0,768,MLKEM768,0,1,client,60000,200025,3,V1_RFRAG_FIRST_FINAL_ACK,0,first_fragment,receiver_after_channel,768,MLKEM768,0,0,0,0,0,0,0,0,0,0,768,0,0,0,client,200025,0,3,client,0,200025,0,3,V1_RFRAG_FIRST_FINAL_ACK,1,0,first_fragment,receiver_after_channel,0,768,MLKEM768,1,server,200025,3,V1_RFRAG_FIRST_FINAL_ACK,first_fragment,receiver_after_channel,768,MLKEM768,1436,0,0,1,0,1,1,10361,1,0,0,768,0,0,0,0,5,1,0,4,0,server,200025,0,3,server,200025,0,3,V1_RFRAG_FIRST_FINAL_ACK
B-kem768-gilbert-prr0p85-L10-loss1-rep25-seed200025-v4,B-kem768-gilbert-prr0p85-L10-loss1-rep25-seed200025,B-kem768-gilbert-prr0p85-L10-loss1-rep25-seed200025,V2,B_V1_V2_FIRST_LOSS,2026-08-19T02:33:50+00:00,COOJA_SIMULATION,gilbert,0.85,10.0,0.0176470588,0.1,first_fragment,1,receiver_after_channel,1,2,1,0,12,96,4,V2_RFRAG_FINAL_ACK_APP_RETRY,768,200025,25,360,0,1,runs/B-kem768-gilbert-prr0p85-L10-loss1-rep25-seed200025-v4/cooja.log,f56f06df8756310a589e22ed2d72f627af80b29969ac9dffe425a75bfb4d3101,25433,262,262,end_of_log,success,FAILED_PROTOCOL,client_reported_failure,,1,True,0,0,0,0,0,0,0,0,0,both_motes,3,4,0,0,4,16,0,16,both_motes,1,1,1,applied_after_channel,valid,0,1,route_acquisition_timeout,1184,1088,13,12,1,0,1,0,0,0,125000,125000,1,0,16,0,1448,0,3,0,0,4,0,0,0,server_fallback_no_completion,0,0,0,0,0,0,0,0,15,0,1346,0,4,0,0,0,0,0,1,310000,first_fragment,receiver_after_channel,0,768,MLKEM768,1,1,client,60000,200025,4,V2_RFRAG_FINAL_ACK_APP_RETRY,0,first_fragment,receiver_after_channel,768,MLKEM768,0,0,0,0,0,0,0,0,0,0,768,0,0,0,client,200025,0,4,client,0,200025,0,4,V2_RFRAG_FINAL_ACK_APP_RETRY,0,1,first_fragment,receiver_after_channel,0,768,MLKEM768,1,server,200025,4,V2_RFRAG_FINAL_ACK_APP_RETRY,first_fragment,receiver_after_channel,768,MLKEM768,0,0,0,0,0,0,0,0,0,0,0,768,0,0,0,0,4,0,0,0,0,server,200025,0,4,server,200025,0,4,V2_RFRAG_FINAL_ACK_APP_RETRY
B-kem768-gilbert-prr0p85-L10-loss1-rep28-seed200028-v4,B-kem768-gilbert-prr0p85-L10-loss1-rep28-seed200028,B-kem768-gilbert-prr0p85-L10-loss1-rep28-seed200028,V2,B_V1_V2_FIRST_LOSS,2026-08-19T02:33:50+00:00,COOJA_SIMULATION,gilbert,0.85,10.0,0.0176470588,0.1,first_fragment,1,receiver_after_channel,1,2,1,0,12,96,4,V2_RFRAG_FINAL_ACK_APP_RETRY,768,200028,28,360,0,1,runs/B-kem768-gilbert-prr0p85-L10-loss1-rep28-seed200028-v4/cooja.log,088d3f61e9e273dd962ef1e4e9df49e80cd145f0dc8b9ad06dbc2541c5db11c1,20950,208,208,end_of_log,success,FAILED_PROTOCOL,client_reported_failure,,1,True,0,0,0,0,0,0,0,1,0,both_motes,3,4,1,0,1,29,0,29,both_motes,1,1,1,applied_after_channel,valid,0,1,final_application_timeout,1184,1088,13,12,2,1,2,0,0,0,240000,240000,2,0,29,0,2728,0,3,0,1,4,1,0,0,server_fallback_no_completion,0,0,0,0,0,0,0,0,23,0,2300,0,1,0,0,1,0,0,1,310000,first_fragment,receiver_after_channel,0,768,MLKEM768,1,1,client,60000,200028,4,V2_RFRAG_FINAL_ACK_APP_RETRY,0,first_fragment,receiver_after_channel,768,MLKEM768,0,0,0,0,0,0,0,0,0,0,768,0,0,0,client,200028,0,4,client,0,200028,0,4,V2_RFRAG_FINAL_ACK_APP_RETRY,0,1,first_fragment,receiver_after_channel,0,768,MLKEM768,1,server,200028,4,V2_RFRAG_FINAL_ACK_APP_RETRY,first_fragment,receiver_after_channel,768,MLKEM768,0,0,0,1,0,0,1,20310,0,1,0,768,0,0,0,0,1,1,0,0,0,server,200028,0,4,server,200028,0,4,V2_RFRAG_FINAL_ACK_APP_RETRY
B-kem768-gilbert-prr0p85-L10-loss1-rep29-seed200029-v4,B-kem768-gilbert-prr0p85-L10-loss1-rep29-seed200029,B-kem768-gilbert-prr0p85-L10-loss1-rep29-seed200029,V2,B_V1_V2_FIRST_LOSS,2026-08-19T02:33:50+00:00,COOJA_SIMULATION,gilbert,0.85,10.0,0.0176470588,0.1,first_fragment,1,receiver_after_channel,1,2,1,0,12,96,4,V2_RFRAG_FINAL_ACK_APP_RETRY,768,200029,29,360,0,1,runs/B-kem768-gilbert-prr0p85-L10-loss1-rep29-seed200029-v4/cooja.log,4f1b91317092e6cb8fe16d5a85adc1e65affc0f286450cb65752bdfcdfa6fabf,15541,150,150,end_of_log,success,FAILED_PROTOCOL,client_reported_failure,,1,True,0,0,0,0,0,0,0,0,0,both_motes,3,4,0,0,0,16,0,16,both_motes,1,1,1,applied_after_channel,valid,0,1,route_acquisition_timeout,1184,1088,13,12,1,0,1,0,0,0,125000,125000,1,0,16,0,1448,0,3,0,0,4,0,0,0,server_fallback_no_completion,0,0,0,0,0,0,0,0,4,0,408,0,0,0,0,0,0,0,1,310000,first_fragment,receiver_after_channel,0,768,MLKEM768,1,1,client,60000,200029,4,V2_RFRAG_FINAL_ACK_APP_RETRY,0,first_fragment,receiver_after_channel,768,MLKEM768,0,0,0,0,0,0,0,0,0,0,768,0,0,0,client,200029,0,4,client,0,200029,0,4,V2_RFRAG_FINAL_ACK_APP_RETRY,0,1,first_fragment,receiver_after_channel,0,768,MLKEM768,1,server,200029,4,V2_RFRAG_FINAL_ACK_APP_RETRY,first_fragment,receiver_after_channel,768,MLKEM768,0,0,0,0,0,0,0,0,0,0,0,768,0,0,0,0,0,0,0,0,0,server,200029,0,4,server,200029,0,4,V2_RFRAG_FINAL_ACK_APP_RETRY
B-kem768-gilbert-prr0p85-L10-loss1-rep30-seed200030-v4,B-kem768-gilbert-prr0p85-L10-loss1-rep30-seed200030,B-kem768-gilbert-prr0p85-L10-loss1-rep30-seed200030,V2,B_V1_V2_FIRST_LOSS,2026-08-19T02:33:50+00:00,COOJA_SIMULATION,gilbert,0.85,10.0,0.0176470588,0.1,first_fragment,1,receiver_after_channel,1,2,1,0,12,96,4,V2_RFRAG_FINAL_ACK_APP_RETRY,768,200030,30,360,0,1,runs/B-kem768-gilbert-prr0p85-L10-loss1-rep30-seed200030-v4/cooja.log,9eb1bb341cfa3bd4a790a1b8654eb9409c2b92c31675c8163e484b7a24f5d43e,23684,238,238,end_of_log,success,FAILED_PROTOCOL,client_reported_failure,,1,True,0,0,0,0,0,0,0,1,0,both_motes,3,4,1,0,2,26,15,41,both_motes,1,1,1,applied_after_channel,valid,0,1,final_application_timeout,1184,1088,13,12,2,1,2,0,0,0,240000,240000,2,0,26,1,2560,102,0,0,2,0,1,0,1,server_fallback_no_completion,1,0,0,1,120378,1,1,15,25,1346,2458,3,2,0,4,1,0,0,1,310000,first_fragment,receiver_after_channel,0,768,MLKEM768,1,1,client,60000,200030,4,V2_RFRAG_FINAL_ACK_APP_RETRY,0,first_fragment,receiver_after_channel,768,MLKEM768,0,0,1,0,0,1,20000,0,1,0,768,0,0,0,client,200030,0,4,client,0,200030,0,4,V2_RFRAG_FINAL_ACK_APP_RETRY,0,1,first_fragment,receiver_after_channel,0,768,MLKEM768,1,server,200030,4,V2_RFRAG_FINAL_ACK_APP_RETRY,first_fragment,receiver_after_channel,768,MLKEM768,120378,0,0,1,0,1,1,10349,1,0,0,768,0,0,0,0,2,2,0,1,1,server,200030,0,4,server,200030,0,4,V2_RFRAG_FINAL_ACK_APP_RETRY
B-kem768-gilbert-prr0p90-L2-loss1-rep04-seed200004-v4,B-kem768-gilbert-prr0p90-L2-loss1-rep04-seed200004,B-kem768-gilbert-prr0p90-L2-loss1-rep04-seed200004,V2,B_V1_V2_FIRST_LOSS,2026-08-19T02:33:49+00:00,COOJA_SIMULATION,gilbert,0.9,2.0,0.0555555556,0.5,first_fragment,1,receiver_after_channel,1,2,1,0,12,96,4,V2_RFRAG_FINAL_ACK_APP_RETRY,768,200004,4,360,0,1,runs/B-kem768-gilbert-prr0p90-L2-loss1-rep04-seed200004-v4/cooja.log,4964c35b6c7997145e6563c616a9bdb57036f4834e450f3d63d17d0fb1f93d5c,27122,283,283,end_of_log,success,FAILED_PROTOCOL,client_reported_failure,,1,True,0,0,0,0,0,0,0,0,0,both_motes,1,1,1,0,2,14,0,14,both_motes,1,1,1,applied_after_channel,valid,0,1,route_acquisition_timeout,1184,1088,13,12,1,0,1,0,0,0,125000,125000,1,0,14,0,1336,0,1,0,1,1,1,0,0,server_fallback_no_completion,0,0,0,0,0,0,0,0,11,0,1030,0,2,0,0,0,0,0,1,310000,first_fragment,receiver_after_channel,0,768,MLKEM768,1,1,client,60000,200004,4,V2_RFRAG_FINAL_ACK_APP_RETRY,0,first_fragment,receiver_after_channel,768,MLKEM768,0,0,0,0,0,0,0,0,0,0,768,0,0,0,client,200004,0,4,client,0,200004,0,4,V2_RFRAG_FINAL_ACK_APP_RETRY,0,1,first_fragment,receiver_after_channel,0,768,MLKEM768,1,server,200004,4,V2_RFRAG_FINAL_ACK_APP_RETRY,first_fragment,receiver_after_channel,768,MLKEM768,0,0,0,0,0,0,0,0,0,0,0,768,0,0,0,0,2,1,0,0,0,server,200004,0,4,server,200004,0,4,V2_RFRAG_FINAL_ACK_APP_RETRY
B-kem768-gilbert-prr0p90-L2-loss1-rep09-seed200009-v4,B-kem768-gilbert-prr0p90-L2-loss1-rep09-seed200009,B-kem768-gilbert-prr0p90-L2-loss1-rep09-seed200009,V2,B_V1_V2_FIRST_LOSS,2026-08-19T02:33:49+00:00,COOJA_SIMULATION,gilbert,0.9,2.0,0.0555555556,0.5,first_fragment,1,receiver_after_channel,1,2,1,0,12,96,4,V2_RFRAG_FINAL_ACK_APP_RETRY,768,200009,9,360,0,1,runs/B-kem768-gilbert-prr0p90-L2-loss1-rep09-seed200009-v4/cooja.log,f907a8427c93e3de9f641366341b1cdf78315692e2614a9fbd6fdf2ad257c556,21781,223,223,end_of_log,success_with_warnings,FAILED_PROTOCOL,client_reported_failure,"perte ciblée armée, mais le canal/radio a perdu la trame avant le hook receiver",1,True,0,0,0,0,0,0,0,0,0,both_motes,1,1,1,0,1,14,0,14,both_motes,1,1,0,radio_preempted,valid,0,1,route_acquisition_timeout,1184,1088,13,12,1,0,1,0,0,0,125000,125000,1,0,14,0,1336,0,1,0,1,1,1,0,0,server_fallback_no_completion,0,0,0,0,0,0,0,0,7,0,668,0,1,0,0,0,0,0,1,310000,first_fragment,receiver_after_channel,0,768,MLKEM768,1,1,client,60000,200009,4,V2_RFRAG_FINAL_ACK_APP_RETRY,0,first_fragment,receiver_after_channel,768,MLKEM768,0,0,0,0,0,0,0,0,0,0,768,0,0,0,client,200009,0,4,client,0,200009,0,4,V2_RFRAG_FINAL_ACK_APP_RETRY,0,1,first_fragment,receiver_after_channel,0,768,MLKEM768,1,server,200009,4,V2_RFRAG_FINAL_ACK_APP_RETRY,first_fragment,receiver_after_channel,768,MLKEM768,0,0,0,0,0,0,0,0,0,0,0,768,0,0,0,0,1,1,0,0,0,server,200009,0,4,server,200009,0,4,V2_RFRAG_FINAL_ACK_APP_RETRY
B-kem768-gilbert-prr0p90-L2-loss1-rep14-seed200014-v4,B-kem768-gilbert-prr0p90-L2-loss1-rep14-seed200014,B-kem768-gilbert-prr0p90-L2-loss1-rep14-seed200014,V2,B_V1_V2_FIRST_LOSS,2026-08-19T02:33:49+00:00,COOJA_SIMULATION,gilbert,0.9,2.0,0.0555555556,0.5,first_fragment,1,receiver_after_channel,1,2,1,0,12,96,4,V2_RFRAG_FINAL_ACK_APP_RETRY,768,200014,14,360,0,1,runs/B-kem768-gilbert-prr0p90-L2-loss1-rep14-seed200014-v4/cooja.log,cc850fb03e93e65699eb1fe77193a720c62a1201a7eae10097e613cdf2ac63a5,24190,250,250,end_of_log,success,FAILED_PROTOCOL,client_reported_failure,,1,True,0,0,0,0,0,0,0,0,0,both_motes,3,3,1,0,4,16,0,16,both_motes,1,1,1,applied_after_channel,valid,0,1,route_acquisition_timeout,1184,1088,13,12,1,0,1,0,0,0,125000,125000,1,0,16,0,1448,0,3,0,1,3,1,0,0,server_fallback_no_completion,0,0,0,0,0,0,0,0,14,0,1244,0,4,0,0,0,0,0,1,310000,first_fragment,receiver_after_channel,0,768,MLKEM768,1,1,client,60000,200014,4,V2_RFRAG_FINAL_ACK_APP_RETRY,0,first_fragment,receiver_after_channel,768,MLKEM768,0,0,0,0,0,0,0,0,0,0,768,0,0,0,client,200014,0,4,client,0,200014,0,4,V2_RFRAG_FINAL_ACK_APP_RETRY,0,1,first_fragment,receiver_after_channel,0,768,MLKEM768,1,server,200014,4,V2_RFRAG_FINAL_ACK_APP_RETRY,first_fragment,receiver_after_channel,768,MLKEM768,0,0,0,0,0,0,0,0,0,0,0,768,0,0,0,0,4,1,0,0,0,server,200014,0,4,server,200014,0,4,V2_RFRAG_FINAL_ACK_APP_RETRY
B-kem768-gilbert-prr0p90-L2-loss1-rep24-seed200024-v4,B-kem768-gilbert-prr0p90-L2-loss1-rep24-seed200024,B-kem768-gilbert-prr0p90-L2-loss1-rep24-seed200024,V2,B_V1_V2_FIRST_LOSS,2026-08-19T02:33:49+00:00,COOJA_SIMULATION,gilbert,0.9,2.0,0.0555555556,0.5,first_fragment,1,receiver_after_channel,1,2,1,0,12,96,4,V2_RFRAG_FINAL_ACK_APP_RETRY,768,200024,24,360,0,1,runs/B-kem768-gilbert-prr0p90-L2-loss1-rep24-seed200024-v4/cooja.log,f4910d890f596fab93d8d4719a43efb233319cbb1840a927ced901aaa13df91a,24731,256,256,end_of_log,success,FAILED_PROTOCOL,client_reported_failure,,1,True,0,0,0,0,0,0,0,0,0,both_motes,0,0,1,0,1,13,0,13,both_motes,1,1,1,applied_after_channel,valid,0,1,route_acquisition_timeout,1184,1088,13,12,1,0,1,0,0,0,125000,125000,1,0,13,0,1280,0,0,0,1,0,1,0,0,server_fallback_no_completion,0,0,0,0,0,0,0,0,10,0,974,0,1,0,0,0,0,0,1,310000,first_fragment,receiver_after_channel,0,768,MLKEM768,1,1,client,60000,200024,4,V2_RFRAG_FINAL_ACK_APP_RETRY,0,first_fragment,receiver_after_channel,768,MLKEM768,0,0,0,0,0,0,0,0,0,0,768,0,0,0,client,200024,0,4,client,0,200024,0,4,V2_RFRAG_FINAL_ACK_APP_RETRY,0,1,first_fragment,receiver_after_channel,0,768,MLKEM768,1,server,200024,4,V2_RFRAG_FINAL_ACK_APP_RETRY,first_fragment,receiver_after_channel,768,MLKEM768,0,0,0,0,0,0,0,0,0,0,0,768,0,0,0,0,1,1,0,0,0,server,200024,0,4,server,200024,0,4,V2_RFRAG_FINAL_ACK_APP_RETRY
B-kem768-gilbert-prr0p90-L2-loss1-rep25-seed200025-v4,B-kem768-gilbert-prr0p90-L2-loss1-rep25-seed200025,B-kem768-gilbert-prr0p90-L2-loss1-rep25-seed200025,V2,B_V1_V2_FIRST_LOSS,2026-08-19T02:33:49+00:00,COOJA_SIMULATION,gilbert,0.9,2.0,0.0555555556,0.5,first_fragment,1,receiver_after_channel,1,2,1,0,12,96,4,V2_RFRAG_FINAL_ACK_APP_RETRY,768,200025,25,360,0,1,runs/B-kem768-gilbert-prr0p90-L2-loss1-rep25-seed200025-v4/cooja.log,0919a31c0e15eb8a2e191437e4fdb06c5bdd649da253be92f4f1c6be1880c19e,24797,256,256,end_of_log,success,FAILED_PROTOCOL,client_reported_failure,,1,True,0,0,0,0,0,0,0,0,0,both_motes,3,3,1,0,1,16,0,16,both_motes,1,1,1,applied_after_channel,valid,0,1,route_acquisition_timeout,1184,1088,13,12,1,0,1,0,0,0,125000,125000,1,0,16,0,1448,0,3,0,1,3,1,0,0,server_fallback_no_completion,0,0,0,0,0,0,0,0,10,0,974,0,1,0,0,0,0,0,1,310000,first_fragment,receiver_after_channel,0,768,MLKEM768,1,1,client,60000,200025,4,V2_RFRAG_FINAL_ACK_APP_RETRY,0,first_fragment,receiver_after_channel,768,MLKEM768,0,0,0,0,0,0,0,0,0,0,768,0,0,0,client,200025,0,4,client,0,200025,0,4,V2_RFRAG_FINAL_ACK_APP_RETRY,0,1,first_fragment,receiver_after_channel,0,768,MLKEM768,1,server,200025,4,V2_RFRAG_FINAL_ACK_APP_RETRY,first_fragment,receiver_after_channel,768,MLKEM768,0,0,0,0,0,0,0,0,0,0,0,768,0,0,0,0,1,1,0,0,0,server,200025,0,4,server,200025,0,4,V2_RFRAG_FINAL_ACK_APP_RETRY
B-kem768-gilbert-prr0p90-L2-loss1-rep29-seed200029-v4,B-kem768-gilbert-prr0p90-L2-loss1-rep29-seed200029,B-kem768-gilbert-prr0p90-L2-loss1-rep29-seed200029,V2,B_V1_V2_FIRST_LOSS,2026-08-19T02:33:49+00:00,COOJA_SIMULATION,gilbert,0.9,2.0,0.0555555556,0.5,first_fragment,1,receiver_after_channel,1,2,1,0,12,96,4,V2_RFRAG_FINAL_ACK_APP_RETRY,768,200029,29,360,0,1,runs/B-kem768-gilbert-prr0p90-L2-loss1-rep29-seed200029-v4/cooja.log,39d938abe443be3f78d1525131f20546cfdf1bc3999a0988a2e460b222e23178,24205,250,250,end_of_log,success,FAILED_PROTOCOL,client_reported_failure,,1,True,0,0,0,0,0,0,0,0,0,both_motes,0,0,1,0,1,13,0,13,both_motes,1,1,1,applied_after_channel,valid,0,1,route_acquisition_timeout,1184,1088,13,12,1,0,1,0,0,0,125000,125000,1,0,13,0,1280,0,0,0,1,0,1,0,0,server_fallback_no_completion,0,0,0,0,0,0,0,0,10,0,974,0,1,0,0,0,0,0,1,310000,first_fragment,receiver_after_channel,0,768,MLKEM768,1,1,client,60000,200029,4,V2_RFRAG_FINAL_ACK_APP_RETRY,0,first_fragment,receiver_after_channel,768,MLKEM768,0,0,0,0,0,0,0,0,0,0,768,0,0,0,client,200029,0,4,client,0,200029,0,4,V2_RFRAG_FINAL_ACK_APP_RETRY,0,1,first_fragment,receiver_after_channel,0,768,MLKEM768,1,server,200029,4,V2_RFRAG_FINAL_ACK_APP_RETRY,first_fragment,receiver_after_channel,768,MLKEM768,0,0,0,0,0,0,0,0,0,0,0,768,0,0,0,0,1,1,0,0,0,server,200029,0,4,server,200029,0,4,V2_RFRAG_FINAL_ACK_APP_RETRY
B-kem768-gilbert-prr0p90-L2-loss1-rep30-seed200030-v3,B-kem768-gilbert-prr0p90-L2-loss1-rep30-seed200030,B-kem768-gilbert-prr0p90-L2-loss1-rep30-seed200030,V1,B_V1_V2_FIRST_LOSS,2026-08-19T02:33:49+00:00,COOJA_SIMULATION,gilbert,0.9,2.0,0.0555555556,0.5,first_fragment,1,receiver_after_channel,1,2,1,0,12,96,3,V1_RFRAG_INITIAL_FINAL_ACK,768,200030,30,360,0,0,runs/B-kem768-gilbert-prr0p90-L2-loss1-rep30-seed200030-v3/cooja.log,ce50b0af0f376f060d1c8840029b22ddb352e13eda3c97e1e680d06430dae40a,31021,316,316,end_of_log,success,FAILED_PROTOCOL,client_reported_failure,,1,True,0,0,0,0,0,0,0,0,3,both_motes,9,7,0,4,5,19,15,34,both_motes,1,1,1,applied_after_channel,valid,0,1,final_application_timeout,1184,1088,13,12,1,0,1,0,0,0,120000,120000,1,0,19,10,1892,1020,6,1,4,3,0,3,1,ct_transport_completion_timeout,1,0,0,1,4638,1,1,15,13,1346,1280,3,4,1,4,0,0,1,0,190000,first_fragment,receiver_after_channel,0,768,MLKEM768,0,1,client,60000,200030,3,V1_RFRAG_FIRST_FINAL_ACK,0,first_fragment,receiver_after_channel,768,MLKEM768,0,0,1,0,0,1,20243,0,1,0,768,1,0,0,client,200030,3,3,client,0,200030,0,3,V1_RFRAG_FIRST_FINAL_ACK,1,0,first_fragment,receiver_after_channel,0,768,MLKEM768,1,server,200030,3,V1_RFRAG_FIRST_FINAL_ACK,first_fragment,receiver_after_channel,768,MLKEM768,4638,0,0,1,0,1,1,13581,1,0,0,768,0,1,0,0,4,4,0,1,1,server,200030,0,3,server,200030,0,3,V1_RFRAG_FIRST_FINAL_ACK
B-kem768-gilbert-prr0p90-L5-loss1-rep07-seed200007-v3,B-kem768-gilbert-prr0p90-L5-loss1-rep07-seed200007,B-kem768-gilbert-prr0p90-L5-loss1-rep07-seed200007,V1,B_V1_V2_FIRST_LOSS,2026-08-19T02:33:49+00:00,COOJA_SIMULATION,gilbert,0.9,5.0,0.0222222222,0.2,first_fragment,1,receiver_after_channel,1,2,1,0,12,96,3,V1_RFRAG_INITIAL_FINAL_ACK,768,200007,7,360,0,0,runs/B-kem768-gilbert-prr0p90-L5-loss1-rep07-seed200007-v3/cooja.log,fb29d06e67c7b4205c5d388aa664fa8235d2eb33a7a3e84492a41687d879d36d,21270,208,208,end_of_log,success,FAILED_PROTOCOL,client_reported_failure,,1,True,0,0,0,0,0,0,0,0,0,both_motes,4,5,0,2,3,14,15,29,both_motes,1,1,1,applied_after_channel,valid,0,1,final_application_timeout,1184,1088,13,12,1,0,1,0,0,0,120000,120000,1,0,14,10,1382,1020,1,1,2,1,0,1,1,ct_transport_completion_timeout,1,0,0,1,1385,1,1,15,13,1346,1280,3,2,1,4,0,0,1,0,190000,first_fragment,receiver_after_channel,0,768,MLKEM768,0,1,client,60000,200007,3,V1_RFRAG_FIRST_FINAL_ACK,0,first_fragment,receiver_after_channel,768,MLKEM768,0,0,1,0,0,1,20327,0,1,0,768,1,0,0,client,200007,0,3,client,0,200007,0,3,V1_RFRAG_FIRST_FINAL_ACK,1,0,first_fragment,receiver_after_channel,0,768,MLKEM768,1,server,200007,3,V1_RFRAG_FIRST_FINAL_ACK,first_fragment,receiver_after_channel,768,MLKEM768,1385,0,0,1,0,1,1,10327,1,0,0,768,0,1,0,0,2,2,0,1,1,server,200007,0,3,server,200007,0,3,V1_RFRAG_FIRST_FINAL_ACK
B-kem768-gilbert-prr0p90-L5-loss1-rep14-seed200014-v3,B-kem768-gilbert-prr0p90-L5-loss1-rep14-seed200014,B-kem768-gilbert-prr0p90-L5-loss1-rep14-seed200014,V1,B_V1_V2_FIRST_LOSS,2026-08-19T02:33:49+00:00,COOJA_SIMULATION,gilbert,0.9,5.0,0.0222222222,0.2,first_fragment,1,receiver_after_channel,1,2,1,0,12,96,3,V1_RFRAG_INITIAL_FINAL_ACK,768,200014,14,360,0,0,runs/B-kem768-gilbert-prr0p90-L5-loss1-rep14-seed200014-v3/cooja.log,5464300fbcc7ab6f809703f60b72db3fb9bd47a53609ac7de50a010e35727fa0,16127,155,155,end_of_log,success,FAILED_PROTOCOL,client_reported_failure,,1,True,0,0,0,0,0,0,0,0,0,both_motes,4,5,0,1,1,17,0,17,both_motes,1,1,1,applied_after_channel,valid,0,1,final_application_timeout,1184,1088,13,12,1,0,1,0,0,0,120000,120000,1,0,17,0,1550,0,4,0,1,5,0,1,0,server_fallback_no_completion,0,0,0,0,0,0,0,0,2,0,204,0,1,0,0,0,0,1,0,190000,first_fragment,receiver_after_channel,0,768,MLKEM768,0,1,client,60000,200014,3,V1_RFRAG_FIRST_FINAL_ACK,0,first_fragment,receiver_after_channel,768,MLKEM768,0,0,0,0,0,0,0,0,0,0,768,0,0,0,client,200014,0,3,client,0,200014,0,3,V1_RFRAG_FIRST_FINAL_ACK,1,0,first_fragment,receiver_after_channel,0,768,MLKEM768,1,server,200014,3,V1_RFRAG_FIRST_FINAL_ACK,first_fragment,receiver_after_channel,768,MLKEM768,0,0,0,1,0,0,1,20060,0,1,0,768,0,0,0,0,1,1,0,0,0,server,200014,0,3,server,200014,0,3,V1_RFRAG_FIRST_FINAL_ACK
B-kem768-gilbert-prr0p90-L5-loss1-rep15-seed200015-v4,B-kem768-gilbert-prr0p90-L5-loss1-rep15-seed200015,B-kem768-gilbert-prr0p90-L5-loss1-rep15-seed200015,V2,B_V1_V2_FIRST_LOSS,2026-08-19T02:33:49+00:00,COOJA_SIMULATION,gilbert,0.9,5.0,0.0222222222,0.2,first_fragment,1,receiver_after_channel,1,2,1,0,12,96,4,V2_RFRAG_FINAL_ACK_APP_RETRY,768,200015,15,360,0,1,runs/B-kem768-gilbert-prr0p90-L5-loss1-rep15-seed200015-v4/cooja.log,722b3d861356c7b8c8d1f03cdc6d0ae6b071ae3b51719ef0b49bdda8367bdb24,24463,253,253,end_of_log,success,FAILED_PROTOCOL,client_reported_failure,,1,True,0,0,0,0,0,0,0,0,0,both_motes,0,0,1,0,1,13,0,13,both_motes,1,1,1,applied_after_channel,valid,0,1,route_acquisition_timeout,1184,1088,13,12,1,0,1,0,0,0,125000,125000,1,0,13,0,1280,0,0,0,1,0,1,0,0,server_fallback_no_completion,0,0,0,0,0,0,0,0,12,0,1178,0,1,0,0,0,0,0,1,310000,first_fragment,receiver_after_channel,0,768,MLKEM768,1,1,client,60000,200015,4,V2_RFRAG_FINAL_ACK_APP_RETRY,0,first_fragment,receiver_after_channel,768,MLKEM768,0,0,0,0,0,0,0,0,0,0,768,0,0,0,client,200015,0,4,client,0,200015,0,4,V2_RFRAG_FINAL_ACK_APP_RETRY,0,1,first_fragment,receiver_after_channel,0,768,MLKEM768,1,server,200015,4,V2_RFRAG_FINAL_ACK_APP_RETRY,first_fragment,receiver_after_channel,768,MLKEM768,0,0,0,0,0,0,0,0,0,0,0,768,0,0,0,0,1,1,0,0,0,server,200015,0,4,server,200015,0,4,V2_RFRAG_FINAL_ACK_APP_RETRY
B-kem768-gilbert-prr0p90-L5-loss1-rep20-seed200020-v3,B-kem768-gilbert-prr0p90-L5-loss1-rep20-seed200020,B-kem768-gilbert-prr0p90-L5-loss1-rep20-seed200020,V1,B_V1_V2_FIRST_LOSS,2026-08-19T02:33:49+00:00,COOJA_SIMULATION,gilbert,0.9,5.0,0.0222222222,0.2,first_fragment,1,receiver_after_channel,1,2,1,0,12,96,3,V1_RFRAG_INITIAL_FINAL_ACK,768,200020,20,360,0,0,runs/B-kem768-gilbert-prr0p90-L5-loss1-rep20-seed200020-v3/cooja.log,320c9e42386c84e6bc0d1140845f25e7e8aa45cce48e969e73df2e7123d8bae2,24673,249,249,end_of_log,success,FAILED_PROTOCOL,client_reported_failure,,1,True,0,0,0,0,0,0,0,0,0,both_motes,4,5,0,1,1,17,0,17,both_motes,1,1,1,applied_after_channel,valid,0,1,final_application_timeout,1184,1088,13,12,1,0,1,0,0,0,120000,120000,1,0,17,0,1550,0,4,0,1,5,0,1,0,server_fallback_no_completion,0,0,0,0,0,0,0,0,11,0,1122,0,1,0,0,0,0,1,0,190000,first_fragment,receiver_after_channel,0,768,MLKEM768,0,1,client,60000,200020,3,V1_RFRAG_FIRST_FINAL_ACK,0,first_fragment,receiver_after_channel,768,MLKEM768,0,0,0,0,0,0,0,0,0,0,768,0,0,0,client,200020,0,3,client,0,200020,0,3,V1_RFRAG_FIRST_FINAL_ACK,1,0,first_fragment,receiver_after_channel,0,768,MLKEM768,1,server,200020,3,V1_RFRAG_FIRST_FINAL_ACK,first_fragment,receiver_after_channel,768,MLKEM768,0,0,0,1,0,0,1,20286,0,1,0,768,0,0,0,0,1,1,0,0,0,server,200020,0,3,server,200020,0,3,V1_RFRAG_FIRST_FINAL_ACK
B-kem768-gilbert-prr0p90-L5-loss1-rep20-seed200020-v4,B-kem768-gilbert-prr0p90-L5-loss1-rep20-seed200020,B-kem768-gilbert-prr0p90-L5-loss1-rep20-seed200020,V2,B_V1_V2_FIRST_LOSS,2026-08-19T02:33:49+00:00,COOJA_SIMULATION,gilbert,0.9,5.0,0.0222222222,0.2,first_fragment,1,receiver_after_channel,1,2,1,0,12,96,4,V2_RFRAG_FINAL_ACK_APP_RETRY,768,200020,20,360,0,1,runs/B-kem768-gilbert-prr0p90-L5-loss1-rep20-seed200020-v4/cooja.log,6654620a64b85491a46763043015930a11e8d306cda387de067ed14e291011df,20351,207,207,end_of_log,success,FAILED_PROTOCOL,client_reported_failure,,1,True,0,0,0,0,0,0,0,1,0,both_motes,0,0,2,0,2,26,0,26,both_motes,1,1,1,applied_after_channel,valid,0,1,final_application_timeout,1184,1088,13,12,2,1,2,0,0,0,240000,240000,2,0,26,0,2560,0,0,0,2,0,2,0,0,server_fallback_no_completion,0,0,0,0,0,0,0,0,23,0,2254,0,2,0,0,1,0,0,1,310000,first_fragment,receiver_after_channel,0,768,MLKEM768,1,1,client,60000,200020,4,V2_RFRAG_FINAL_ACK_APP_RETRY,0,first_fragment,receiver_after_channel,768,MLKEM768,0,0,0,0,0,0,0,0,0,0,768,0,0,0,client,200020,0,4,client,0,200020,0,4,V2_RFRAG_FINAL_ACK_APP_RETRY,0,1,first_fragment,receiver_after_channel,0,768,MLKEM768,1,server,200020,4,V2_RFRAG_FINAL_ACK_APP_RETRY,first_fragment,receiver_after_channel,768,MLKEM768,0,0,0,0,0,0,0,0,0,0,0,768,0,0,0,0,2,1,0,0,0,server,200020,0,4,server,200020,0,4,V2_RFRAG_FINAL_ACK_APP_RETRY
B-kem768-gilbert-prr0p90-L5-loss1-rep25-seed200025-v3,B-kem768-gilbert-prr0p90-L5-loss1-rep25-seed200025,B-kem768-gilbert-prr0p90-L5-loss1-rep25-seed200025,V1,B_V1_V2_FIRST_LOSS,2026-08-19T02:33:49+00:00,COOJA_SIMULATION,gilbert,0.9,5.0,0.0222222222,0.2,first_fragment,1,receiver_after_channel,1,2,1,0,12,96,3,V1_RFRAG_INITIAL_FINAL_ACK,768,200025,25,360,0,0,runs/B-kem768-gilbert-prr0p90-L5-loss1-rep25-seed200025-v3/cooja.log,f5adf198e701df9043e630a6aed497ce5d339a074319a749c8dc21bfd7a19b23,18334,178,178,end_of_log,success,FAILED_PROTOCOL,client_reported_failure,,1,True,0,0,0,0,0,0,0,0,0,both_motes,3,4,0,0,0,4,0,4,both_motes,1,1,1,applied_after_channel,valid,0,1,final_application_timeout,1184,1088,13,12,1,0,1,0,0,0,120000,120000,1,0,4,0,408,0,3,0,0,4,0,0,0,server_fallback_no_completion,0,0,0,0,0,0,0,0,0,0,0,0,0,0,0,0,0,1,0,190000,first_fragment,receiver_after_channel,0,768,MLKEM768,0,1,client,60000,200025,3,V1_RFRAG_FIRST_FINAL_ACK,0,first_fragment,receiver_after_channel,768,MLKEM768,0,0,0,0,0,0,0,0,0,0,768,0,0,0,client,200025,0,3,client,0,200025,0,3,V1_RFRAG_FIRST_FINAL_ACK,1,0,first_fragment,receiver_after_channel,0,768,MLKEM768,1,server,200025,3,V1_RFRAG_FIRST_FINAL_ACK,first_fragment,receiver_after_channel,768,MLKEM768,0,0,0,0,0,0,0,0,0,0,0,768,0,0,0,0,0,0,0,0,0,server,200025,0,3,server,200025,0,3,V1_RFRAG_FIRST_FINAL_ACK
B-kem768-gilbert-prr0p90-L5-loss1-rep25-seed200025-v4,B-kem768-gilbert-prr0p90-L5-loss1-rep25-seed200025,B-kem768-gilbert-prr0p90-L5-loss1-rep25-seed200025,V2,B_V1_V2_FIRST_LOSS,2026-08-19T02:33:49+00:00,COOJA_SIMULATION,gilbert,0.9,5.0,0.0222222222,0.2,first_fragment,1,receiver_after_channel,1,2,1,0,12,96,4,V2_RFRAG_FINAL_ACK_APP_RETRY,768,200025,25,360,0,1,runs/B-kem768-gilbert-prr0p90-L5-loss1-rep25-seed200025-v4/cooja.log,953341a25b2e610b474fae53f774805b8c2c512be7e6a9065cb931783cabe7d2,16508,161,161,end_of_log,success,FAILED_PROTOCOL,client_reported_failure,,1,True,0,0,0,0,0,0,0,0,0,both_motes,0,0,1,0,1,13,0,13,both_motes,1,1,1,applied_after_channel,valid,0,1,route_acquisition_timeout,1184,1088,13,12,1,0,1,0,0,0,125000,125000,1,0,13,0,1280,0,0,0,1,0,1,0,0,server_fallback_no_completion,0,0,0,0,0,0,0,0,3,0,260,0,1,0,0,0,0,0,1,310000,first_fragment,receiver_after_channel,0,768,MLKEM768,1,1,client,60000,200025,4,V2_RFRAG_FINAL_ACK_APP_RETRY,0,first_fragment,receiver_after_channel,768,MLKEM768,0,0,0,0,0,0,0,0,0,0,768,0,0,0,client,200025,0,4,client,0,200025,0,4,V2_RFRAG_FINAL_ACK_APP_RETRY,0,1,first_fragment,receiver_after_channel,0,768,MLKEM768,1,server,200025,4,V2_RFRAG_FINAL_ACK_APP_RETRY,first_fragment,receiver_after_channel,768,MLKEM768,0,0,0,0,0,0,0,0,0,0,0,768,0,0,0,0,1,1,0,0,0,server,200025,0,4,server,200025,0,4,V2_RFRAG_FINAL_ACK_APP_RETRY
B-kem768-gilbert-prr0p90-L5-loss1-rep28-seed200028-v4,B-kem768-gilbert-prr0p90-L5-loss1-rep28-seed200028,B-kem768-gilbert-prr0p90-L5-loss1-rep28-seed200028,V2,B_V1_V2_FIRST_LOSS,2026-08-19T02:33:49+00:00,COOJA_SIMULATION,gilbert,0.9,5.0,0.0222222222,0.2,first_fragment,1,receiver_after_channel,1,2,1,0,12,96,4,V2_RFRAG_FINAL_ACK_APP_RETRY,768,200028,28,360,0,1,runs/B-kem768-gilbert-prr0p90-L5-loss1-rep28-seed200028-v4/cooja.log,088d3f61e9e273dd962ef1e4e9df49e80cd145f0dc8b9ad06dbc2541c5db11c1,20950,208,208,end_of_log,success,FAILED_PROTOCOL,client_reported_failure,,1,True,0,0,0,0,0,0,0,1,0,both_motes,3,4,1,0,1,29,0,29,both_motes,1,1,1,applied_after_channel,valid,0,1,final_application_timeout,1184,1088,13,12,2,1,2,0,0,0,240000,240000,2,0,29,0,2728,0,3,0,1,4,1,0,0,server_fallback_no_completion,0,0,0,0,0,0,0,0,23,0,2300,0,1,0,0,1,0,0,1,310000,first_fragment,receiver_after_channel,0,768,MLKEM768,1,1,client,60000,200028,4,V2_RFRAG_FINAL_ACK_APP_RETRY,0,first_fragment,receiver_after_channel,768,MLKEM768,0,0,0,0,0,0,0,0,0,0,768,0,0,0,client,200028,0,4,client,0,200028,0,4,V2_RFRAG_FINAL_ACK_APP_RETRY,0,1,first_fragment,receiver_after_channel,0,768,MLKEM768,1,server,200028,4,V2_RFRAG_FINAL_ACK_APP_RETRY,first_fragment,receiver_after_channel,768,MLKEM768,0,0,0,1,0,0,1,20310,0,1,0,768,0,0,0,0,1,1,0,0,0,server,200028,0,4,server,200028,0,4,V2_RFRAG_FINAL_ACK_APP_RETRY
B-kem768-gilbert-prr0p90-L5-loss1-rep29-seed200029-v4,B-kem768-gilbert-prr0p90-L5-loss1-rep29-seed200029,B-kem768-gilbert-prr0p90-L5-loss1-rep29-seed200029,V2,B_V1_V2_FIRST_LOSS,2026-08-19T02:33:49+00:00,COOJA_SIMULATION,gilbert,0.9,5.0,0.0222222222,0.2,first_fragment,1,receiver_after_channel,1,2,1,0,12,96,4,V2_RFRAG_FINAL_ACK_APP_RETRY,768,200029,29,360,0,1,runs/B-kem768-gilbert-prr0p90-L5-loss1-rep29-seed200029-v4/cooja.log,4f1b91317092e6cb8fe16d5a85adc1e65affc0f286450cb65752bdfcdfa6fabf,15541,150,150,end_of_log,success,FAILED_PROTOCOL,client_reported_failure,,1,True,0,0,0,0,0,0,0,0,0,both_motes,3,4,0,0,0,16,0,16,both_motes,1,1,1,applied_after_channel,valid,0,1,route_acquisition_timeout,1184,1088,13,12,1,0,1,0,0,0,125000,125000,1,0,16,0,1448,0,3,0,0,4,0,0,0,server_fallback_no_completion,0,0,0,0,0,0,0,0,4,0,408,0,0,0,0,0,0,0,1,310000,first_fragment,receiver_after_channel,0,768,MLKEM768,1,1,client,60000,200029,4,V2_RFRAG_FINAL_ACK_APP_RETRY,0,first_fragment,receiver_after_channel,768,MLKEM768,0,0,0,0,0,0,0,0,0,0,768,0,0,0,client,200029,0,4,client,0,200029,0,4,V2_RFRAG_FINAL_ACK_APP_RETRY,0,1,first_fragment,receiver_after_channel,0,768,MLKEM768,1,server,200029,4,V2_RFRAG_FINAL_ACK_APP_RETRY,first_fragment,receiver_after_channel,768,MLKEM768,0,0,0,0,0,0,0,0,0,0,0,768,0,0,0,0,0,0,0,0,0,server,200029,0,4,server,200029,0,4,V2_RFRAG_FINAL_ACK_APP_RETRY
B-kem768-gilbert-prr0p90-L10-loss1-rep04-seed200004-v4,B-kem768-gilbert-prr0p90-L10-loss1-rep04-seed200004,B-kem768-gilbert-prr0p90-L10-loss1-rep04-seed200004,V2,B_V1_V2_FIRST_LOSS,2026-08-19T02:33:49+00:00,COOJA_SIMULATION,gilbert,0.9,10.0,0.0111111111,0.1,first_fragment,1,receiver_after_channel,1,2,1,0,12,96,4,V2_RFRAG_FINAL_ACK_APP_RETRY,768,200004,4,360,0,1,runs/B-kem768-gilbert-prr0p90-L10-loss1-rep04-seed200004-v4/cooja.log,e813e2c8826484a5f56f583be5cbe6e36368da4c50acb526bfd803f22af4397f,19839,198,198,end_of_log,success,FAILED_PROTOCOL,client_reported_failure,,1,True,0,0,0,0,0,0,0,1,0,both_motes,3,4,1,0,1,29,0,29,both_motes,1,1,1,applied_after_channel,valid,0,1,final_application_timeout,1184,1088,13,12,2,1,2,0,0,0,240000,240000,2,0,29,0,2728,0,3,0,1,4,1,0,0,server_fallback_no_completion,0,0,0,0,0,0,0,0,15,0,1484,0,1,0,0,1,0,0,1,310000,first_fragment,receiver_after_channel,0,768,MLKEM768,1,1,client,60000,200004,4,V2_RFRAG_FINAL_ACK_APP_RETRY,0,first_fragment,receiver_after_channel,768,MLKEM768,0,0,0,0,0,0,0,0,0,0,768,0,0,0,client,200004,0,4,client,0,200004,0,4,V2_RFRAG_FINAL_ACK_APP_RETRY,0,1,first_fragment,receiver_after_channel,0,768,MLKEM768,1,server,200004,4,V2_RFRAG_FINAL_ACK_APP_RETRY,first_fragment,receiver_after_channel,768,MLKEM768,0,0,0,1,0,0,1,20069,0,1,0,768,0,0,0,0,1,1,0,0,0,server,200004,0,4,server,200004,0,4,V2_RFRAG_FINAL_ACK_APP_RETRY
B-kem768-gilbert-prr0p90-L10-loss1-rep06-seed200006-v3,B-kem768-gilbert-prr0p90-L10-loss1-rep06-seed200006,B-kem768-gilbert-prr0p90-L10-loss1-rep06-seed200006,V1,B_V1_V2_FIRST_LOSS,2026-08-19T02:33:49+00:00,COOJA_SIMULATION,gilbert,0.9,10.0,0.0111111111,0.1,first_fragment,1,receiver_after_channel,1,2,1,0,12,96,3,V1_RFRAG_INITIAL_FINAL_ACK,768,200006,6,360,0,0,runs/B-kem768-gilbert-prr0p90-L10-loss1-rep06-seed200006-v3/cooja.log,4a336d7e081bb11dab537eabfa5ea3a836f6579b8bf4465698ae3ebbfd0e7d25,31332,322,322,end_of_log,success,FAILED_PROTOCOL,client_reported_failure,,1,True,0,0,0,0,0,0,0,0,3,both_motes,7,5,0,3,4,17,15,32,both_motes,1,1,1,applied_after_channel,valid,0,1,final_application_timeout,1184,1088,13,12,1,0,1,0,0,0,120000,120000,1,0,17,5,1688,510,4,1,3,1,0,2,1,ct_transport_completion_timeout,1,0,0,1,1457,1,1,15,13,1346,1280,3,3,1,4,0,0,1,0,190000,first_fragment,receiver_after_channel,0,768,MLKEM768,0,1,client,60000,200006,3,V1_RFRAG_FIRST_FINAL_ACK,0,first_fragment,receiver_after_channel,768,MLKEM768,0,0,1,0,0,1,20188,0,1,0,768,1,0,0,client,200006,3,3,client,0,200006,0,3,V1_RFRAG_FIRST_FINAL_ACK,1,0,first_fragment,receiver_after_channel,0,768,MLKEM768,1,server,200006,3,V1_RFRAG_FIRST_FINAL_ACK,first_fragment,receiver_after_channel,768,MLKEM768,1457,0,0,1,0,1,1,10431,1,0,0,768,0,1,0,0,3,3,0,1,1,server,200006,0,3,server,200006,0,3,V1_RFRAG_FIRST_FINAL_ACK
B-kem768-gilbert-prr0p90-L10-loss1-rep06-seed200006-v4,B-kem768-gilbert-prr0p90-L10-loss1-rep06-seed200006,B-kem768-gilbert-prr0p90-L10-loss1-rep06-seed200006,V2,B_V1_V2_FIRST_LOSS,2026-08-19T02:33:49+00:00,COOJA_SIMULATION,gilbert,0.9,10.0,0.0111111111,0.1,first_fragment,1,receiver_after_channel,1,2,1,0,12,96,4,V2_RFRAG_FINAL_ACK_APP_RETRY,768,200006,6,360,0,1,runs/B-kem768-gilbert-prr0p90-L10-loss1-rep06-seed200006-v4/cooja.log,7b55fbda64ef98b7a5e8a24ac96fbb7b245f47763c5b65e5ed7b3008fdc0472d,30990,322,322,end_of_log,success,FAILED_PROTOCOL,client_reported_failure,,1,True,0,0,0,0,0,0,0,1,0,both_motes,3,3,2,0,4,29,12,41,both_motes,1,1,1,applied_after_channel,valid,0,1,final_application_timeout,1184,1088,13,12,2,1,2,0,0,0,240000,240000,2,0,29,8,2728,770,3,1,2,3,1,0,1,server_fallback_no_completion,1,0,0,1,120391,1,1,12,25,1178,2412,0,3,1,0,1,0,0,1,310000,first_fragment,receiver_after_channel,0,768,MLKEM768,1,1,client,60000,200006,4,V2_RFRAG_FINAL_ACK_APP_RETRY,0,first_fragment,receiver_after_channel,768,MLKEM768,0,0,0,0,0,0,0,0,0,0,768,1,0,0,client,200006,0,4,client,0,200006,0,4,V2_RFRAG_FINAL_ACK_APP_RETRY,0,1,first_fragment,receiver_after_channel,0,768,MLKEM768,1,server,200006,4,V2_RFRAG_FINAL_ACK_APP_RETRY,first_fragment,receiver_after_channel,768,MLKEM768,120391,0,0,1,0,1,1,10346,1,0,0,768,1,0,0,0,3,2,0,2,1,server,200006,0,4,server,200006,0,4,V2_RFRAG_FINAL_ACK_APP_RETRY
B-kem768-gilbert-prr0p90-L10-loss1-rep10-seed200010-v3,B-kem768-gilbert-prr0p90-L10-loss1-rep10-seed200010,B-kem768-gilbert-prr0p90-L10-loss1-rep10-seed200010,V1,B_V1_V2_FIRST_LOSS,2026-08-19T02:33:49+00:00,COOJA_SIMULATION,gilbert,0.9,10.0,0.0111111111,0.1,first_fragment,1,receiver_after_channel,1,2,1,0,12,96,3,V1_RFRAG_INITIAL_FINAL_ACK,768,200010,10,360,0,0,runs/B-kem768-gilbert-prr0p90-L10-loss1-rep10-seed200010-v3/cooja.log,2731c69e0134fa297dbbb75adc85ad07d015572d1dc1c9ef40cd44ad1fde5f0a,20443,200,200,end_of_log,success,FAILED_PROTOCOL,client_reported_failure,,1,True,0,0,0,0,0,0,0,0,0,both_motes,4,5,0,2,3,14,15,29,both_motes,1,1,1,applied_after_channel,valid,0,1,final_application_timeout,1184,1088,13,12,1,0,1,0,0,0,120000,120000,1,0,14,4,1382,408,1,1,2,1,0,1,1,ct_transport_completion_timeout,1,0,0,1,1393,1,1,15,13,1346,1280,3,2,1,4,0,0,1,0,190000,first_fragment,receiver_after_channel,0,768,MLKEM768,0,1,client,60000,200010,3,V1_RFRAG_FIRST_FINAL_ACK,0,first_fragment,receiver_after_channel,768,MLKEM768,0,0,1,0,0,1,20115,0,1,0,768,1,0,0,client,200010,0,3,client,0,200010,0,3,V1_RFRAG_FIRST_FINAL_ACK,1,0,first_fragment,receiver_after_channel,0,768,MLKEM768,1,server,200010,3,V1_RFRAG_FIRST_FINAL_ACK,first_fragment,receiver_after_channel,768,MLKEM768,1393,0,0,1,0,1,1,10358,1,0,0,768,0,1,0,0,2,2,0,1,1,server,200010,0,3,server,200010,0,3,V1_RFRAG_FIRST_FINAL_ACK
B-kem768-gilbert-prr0p90-L10-loss1-rep10-seed200010-v4,B-kem768-gilbert-prr0p90-L10-loss1-rep10-seed200010,B-kem768-gilbert-prr0p90-L10-loss1-rep10-seed200010,V2,B_V1_V2_FIRST_LOSS,2026-08-19T02:33:49+00:00,COOJA_SIMULATION,gilbert,0.9,10.0,0.0111111111,0.1,first_fragment,1,receiver_after_channel,1,2,1,0,12,96,4,V2_RFRAG_FINAL_ACK_APP_RETRY,768,200010,10,360,0,1,runs/B-kem768-gilbert-prr0p90-L10-loss1-rep10-seed200010-v4/cooja.log,ced884fc92682dd7c5ca8cdc17004656730eab52dd4e662d6a7774543df48691,29821,306,306,end_of_log,success,FAILED_PROTOCOL,client_reported_failure,,1,True,0,0,0,0,0,0,0,1,0,both_motes,6,8,1,0,5,29,15,44,both_motes,1,1,1,applied_after_channel,valid,0,1,final_application_timeout,1184,1088,13,12,2,1,2,0,0,0,240000,240000,2,0,29,0,2728,0,3,0,1,4,1,0,0,server_fallback_no_completion,1,0,0,1,120356,1,1,15,28,1346,2626,3,5,0,4,1,0,0,1,310000,first_fragment,receiver_after_channel,0,768,MLKEM768,1,1,client,60000,200010,4,V2_RFRAG_FINAL_ACK_APP_RETRY,0,first_fragment,receiver_after_channel,768,MLKEM768,0,0,0,0,0,0,0,0,0,0,768,0,0,0,client,200010,0,4,client,0,200010,0,4,V2_RFRAG_FINAL_ACK_APP_RETRY,0,1,first_fragment,receiver_after_channel,0,768,MLKEM768,1,server,200010,4,V2_RFRAG_FINAL_ACK_APP_RETRY,first_fragment,receiver_after_channel,768,MLKEM768,120356,0,0,1,0,1,1,10347,1,0,0,768,0,0,0,0,5,1,0,4,0,server,200010,0,4,server,200010,0,4,V2_RFRAG_FINAL_ACK_APP_RETRY
B-kem768-gilbert-prr0p90-L10-loss1-rep14-seed200014-v4,B-kem768-gilbert-prr0p90-L10-loss1-rep14-seed200014,B-kem768-gilbert-prr0p90-L10-loss1-rep14-seed200014,V2,B_V1_V2_FIRST_LOSS,2026-08-19T02:33:49+00:00,COOJA_SIMULATION,gilbert,0.9,10.0,0.0111111111,0.1,first_fragment,1,receiver_after_channel,1,2,1,0,12,96,4,V2_RFRAG_FINAL_ACK_APP_RETRY,768,200014,14,360,0,1,runs/B-kem768-gilbert-prr0p90-L10-loss1-rep14-seed200014-v4/cooja.log,7b2b0e1b884ff2f28a47af683018a86ba8967263182788beabbdcc3d9df68e1d,20723,206,206,end_of_log,success,FAILED_PROTOCOL,client_reported_failure,,1,True,0,0,0,0,0,0,0,1,0,both_motes,3,4,1,0,1,29,0,29,both_motes,1,1,1,applied_after_channel,valid,0,1,final_application_timeout,1184,1088,13,12,2,1,2,0,0,0,240000,240000,2,0,29,0,2728,0,3,0,1,4,1,0,0,server_fallback_no_completion,0,0,0,0,0,0,0,0,21,0,2096,0,1,0,0,1,0,0,1,310000,first_fragment,receiver_after_channel,0,768,MLKEM768,1,1,client,60000,200014,4,V2_RFRAG_FINAL_ACK_APP_RETRY,0,first_fragment,receiver_after_channel,768,MLKEM768,0,0,0,0,0,0,0,0,0,0,768,0,0,0,client,200014,0,4,client,0,200014,0,4,V2_RFRAG_FINAL_ACK_APP_RETRY,0,1,first_fragment,receiver_after_channel,0,768,MLKEM768,1,server,200014,4,V2_RFRAG_FINAL_ACK_APP_RETRY,first_fragment,receiver_after_channel,768,MLKEM768,0,0,0,1,0,0,1,20289,0,1,0,768,0,0,0,0,1,1,0,0,0,server,200014,0,4,server,200014,0,4,V2_RFRAG_FINAL_ACK_APP_RETRY
B-kem768-gilbert-prr0p90-L10-loss1-rep15-seed200015-v4,B-kem768-gilbert-prr0p90-L10-loss1-rep15-seed200015,B-kem768-gilbert-prr0p90-L10-loss1-rep15-seed200015,V2,B_V1_V2_FIRST_LOSS,2026-08-19T02:33:49+00:00,COOJA_SIMULATION,gilbert,0.9,10.0,0.0111111111,0.1,first_fragment,1,receiver_after_channel,1,2,1,0,12,96,4,V2_RFRAG_FINAL_ACK_APP_RETRY,768,200015,15,360,0,1,runs/B-kem768-gilbert-prr0p90-L10-loss1-rep15-seed200015-v4/cooja.log,0a9ac64954b11bcb9031880d4a9b068311539b7ae0e95670034f621bce8ccf4c,25683,267,267,end_of_log,success,FAILED_PROTOCOL,client_reported_failure,,1,True,0,0,0,0,0,0,0,0,0,both_motes,0,0,1,0,1,13,0,13,both_motes,1,1,1,applied_after_channel,valid,0,1,route_acquisition_timeout,1184,1088,13,12,1,0,1,0,0,0,125000,125000,1,0,13,0,1280,0,0,0,1,0,1,0,0,server_fallback_no_completion,0,0,0,0,0,0,0,0,12,0,1178,0,1,0,0,0,0,0,1,310000,first_fragment,receiver_after_channel,0,768,MLKEM768,1,1,client,60000,200015,4,V2_RFRAG_FINAL_ACK_APP_RETRY,0,first_fragment,receiver_after_channel,768,MLKEM768,0,0,0,0,0,0,0,0,0,0,768,0,0,0,client,200015,0,4,client,0,200015,0,4,V2_RFRAG_FINAL_ACK_APP_RETRY,0,1,first_fragment,receiver_after_channel,0,768,MLKEM768,1,server,200015,4,V2_RFRAG_FINAL_ACK_APP_RETRY,first_fragment,receiver_after_channel,768,MLKEM768,0,0,0,0,0,0,0,0,0,0,0,768,0,0,0,0,1,1,0,0,0,server,200015,0,4,server,200015,0,4,V2_RFRAG_FINAL_ACK_APP_RETRY
B-kem768-gilbert-prr0p90-L10-loss1-rep20-seed200020-v3,B-kem768-gilbert-prr0p90-L10-loss1-rep20-seed200020,B-kem768-gilbert-prr0p90-L10-loss1-rep20-seed200020,V1,B_V1_V2_FIRST_LOSS,2026-08-19T02:33:49+00:00,COOJA_SIMULATION,gilbert,0.9,10.0,0.0111111111,0.1,first_fragment,1,receiver_after_channel,1,2,1,0,12,96,3,V1_RFRAG_INITIAL_FINAL_ACK,768,200020,20,360,0,0,runs/B-kem768-gilbert-prr0p90-L10-loss1-rep20-seed200020-v3/cooja.log,f2cc7afa16c3f27c85577b7377761f8a29e9bc1725a1243ef59c3c1955f7270f,24898,252,252,end_of_log,success,FAILED_PROTOCOL,client_reported_failure,,1,True,0,0,0,0,0,0,0,0,0,both_motes,4,5,0,1,1,17,0,17,both_motes,1,1,1,applied_after_channel,valid,0,1,final_application_timeout,1184,1088,13,12,1,0,1,0,0,0,120000,120000,1,0,17,0,1550,0,4,0,1,5,0,1,0,server_fallback_no_completion,0,0,0,0,0,0,0,0,11,0,1122,0,1,0,0,0,0,1,0,190000,first_fragment,receiver_after_channel,0,768,MLKEM768,0,1,client,60000,200020,3,V1_RFRAG_FIRST_FINAL_ACK,0,first_fragment,receiver_after_channel,768,MLKEM768,0,0,0,0,0,0,0,0,0,0,768,0,0,0,client,200020,0,3,client,0,200020,0,3,V1_RFRAG_FIRST_FINAL_ACK,1,0,first_fragment,receiver_after_channel,0,768,MLKEM768,1,server,200020,3,V1_RFRAG_FIRST_FINAL_ACK,first_fragment,receiver_after_channel,768,MLKEM768,0,0,0,1,0,0,1,20286,0,1,0,768,0,0,0,0,1,1,0,0,0,server,200020,0,3,server,200020,0,3,V1_RFRAG_FIRST_FINAL_ACK
B-kem768-gilbert-prr0p90-L10-loss1-rep20-seed200020-v4,B-kem768-gilbert-prr0p90-L10-loss1-rep20-seed200020,B-kem768-gilbert-prr0p90-L10-loss1-rep20-seed200020,V2,B_V1_V2_FIRST_LOSS,2026-08-19T02:33:49+00:00,COOJA_SIMULATION,gilbert,0.9,10.0,0.0111111111,0.1,first_fragment,1,receiver_after_channel,1,2,1,0,12,96,4,V2_RFRAG_FINAL_ACK_APP_RETRY,768,200020,20,360,0,1,runs/B-kem768-gilbert-prr0p90-L10-loss1-rep20-seed200020-v4/cooja.log,df1afbfff303cbd950e3bdc47bc5b0318f365a980fd65f698d5cab839f3c83bd,18822,190,190,end_of_log,success,FAILED_PROTOCOL,client_reported_failure,,1,True,0,0,0,0,0,0,0,1,0,both_motes,0,0,2,0,2,26,0,26,both_motes,1,1,1,applied_after_channel,valid,0,1,final_application_timeout,1184,1088,13,12,2,1,2,0,0,0,240000,240000,2,0,26,0,2560,0,0,0,2,0,2,0,0,server_fallback_no_completion,0,0,0,0,0,0,0,0,23,0,2254,0,2,0,0,1,0,0,1,310000,first_fragment,receiver_after_channel,0,768,MLKEM768,1,1,client,60000,200020,4,V2_RFRAG_FINAL_ACK_APP_RETRY,0,first_fragment,receiver_after_channel,768,MLKEM768,0,0,0,0,0,0,0,0,0,0,768,0,0,0,client,200020,0,4,client,0,200020,0,4,V2_RFRAG_FINAL_ACK_APP_RETRY,0,1,first_fragment,receiver_after_channel,0,768,MLKEM768,1,server,200020,4,V2_RFRAG_FINAL_ACK_APP_RETRY,first_fragment,receiver_after_channel,768,MLKEM768,0,0,0,0,0,0,0,0,0,0,0,768,0,0,0,0,2,1,0,0,0,server,200020,0,4,server,200020,0,4,V2_RFRAG_FINAL_ACK_APP_RETRY
B-kem768-gilbert-prr0p90-L10-loss1-rep28-seed200028-v4,B-kem768-gilbert-prr0p90-L10-loss1-rep28-seed200028,B-kem768-gilbert-prr0p90-L10-loss1-rep28-seed200028,V2,B_V1_V2_FIRST_LOSS,2026-08-19T02:33:49+00:00,COOJA_SIMULATION,gilbert,0.9,10.0,0.0111111111,0.1,first_fragment,1,receiver_after_channel,1,2,1,0,12,96,4,V2_RFRAG_FINAL_ACK_APP_RETRY,768,200028,28,360,0,1,runs/B-kem768-gilbert-prr0p90-L10-loss1-rep28-seed200028-v4/cooja.log,088d3f61e9e273dd962ef1e4e9df49e80cd145f0dc8b9ad06dbc2541c5db11c1,20950,208,208,end_of_log,success,FAILED_PROTOCOL,client_reported_failure,,1,True,0,0,0,0,0,0,0,1,0,both_motes,3,4,1,0,1,29,0,29,both_motes,1,1,1,applied_after_channel,valid,0,1,final_application_timeout,1184,1088,13,12,2,1,2,0,0,0,240000,240000,2,0,29,0,2728,0,3,0,1,4,1,0,0,server_fallback_no_completion,0,0,0,0,0,0,0,0,23,0,2300,0,1,0,0,1,0,0,1,310000,first_fragment,receiver_after_channel,0,768,MLKEM768,1,1,client,60000,200028,4,V2_RFRAG_FINAL_ACK_APP_RETRY,0,first_fragment,receiver_after_channel,768,MLKEM768,0,0,0,0,0,0,0,0,0,0,768,0,0,0,client,200028,0,4,client,0,200028,0,4,V2_RFRAG_FINAL_ACK_APP_RETRY,0,1,first_fragment,receiver_after_channel,0,768,MLKEM768,1,server,200028,4,V2_RFRAG_FINAL_ACK_APP_RETRY,first_fragment,receiver_after_channel,768,MLKEM768,0,0,0,1,0,0,1,20310,0,1,0,768,0,0,0,0,1,1,0,0,0,server,200028,0,4,server,200028,0,4,V2_RFRAG_FINAL_ACK_APP_RETRY
B-kem768-gilbert-prr0p90-L10-loss1-rep29-seed200029-v4,B-kem768-gilbert-prr0p90-L10-loss1-rep29-seed200029,B-kem768-gilbert-prr0p90-L10-loss1-rep29-seed200029,V2,B_V1_V2_FIRST_LOSS,2026-08-19T02:33:49+00:00,COOJA_SIMULATION,gilbert,0.9,10.0,0.0111111111,0.1,first_fragment,1,receiver_after_channel,1,2,1,0,12,96,4,V2_RFRAG_FINAL_ACK_APP_RETRY,768,200029,29,360,0,1,runs/B-kem768-gilbert-prr0p90-L10-loss1-rep29-seed200029-v4/cooja.log,a8665a5efc8e4efc2ea2d8483f5d21b3f531fa34c21486e4083d38b1ad7ad98a,16114,156,156,end_of_log,success,FAILED_PROTOCOL,client_reported_failure,,1,True,0,0,0,0,0,0,0,0,0,both_motes,3,4,0,0,0,16,0,16,both_motes,1,1,1,applied_after_channel,valid,0,1,route_acquisition_timeout,1184,1088,13,12,1,0,1,0,0,0,125000,125000,1,0,16,0,1448,0,3,0,0,4,0,0,0,server_fallback_no_completion,0,0,0,0,0,0,0,0,4,0,408,0,0,0,0,0,0,0,1,310000,first_fragment,receiver_after_channel,0,768,MLKEM768,1,1,client,60000,200029,4,V2_RFRAG_FINAL_ACK_APP_RETRY,0,first_fragment,receiver_after_channel,768,MLKEM768,0,0,0,0,0,0,0,0,0,0,768,0,0,0,client,200029,0,4,client,0,200029,0,4,V2_RFRAG_FINAL_ACK_APP_RETRY,0,1,first_fragment,receiver_after_channel,0,768,MLKEM768,1,server,200029,4,V2_RFRAG_FINAL_ACK_APP_RETRY,first_fragment,receiver_after_channel,768,MLKEM768,0,0,0,0,0,0,0,0,0,0,0,768,0,0,0,0,0,0,0,0,0,server,200029,0,4,server,200029,0,4,V2_RFRAG_FINAL_ACK_APP_RETRY
B-kem768-gilbert-prr0p90-L10-loss1-rep30-seed200030-v4,B-kem768-gilbert-prr0p90-L10-loss1-rep30-seed200030,B-kem768-gilbert-prr0p90-L10-loss1-rep30-seed200030,V2,B_V1_V2_FIRST_LOSS,2026-08-19T02:33:49+00:00,COOJA_SIMULATION,gilbert,0.9,10.0,0.0111111111,0.1,first_fragment,1,receiver_after_channel,1,2,1,0,12,96,4,V2_RFRAG_FINAL_ACK_APP_RETRY,768,200030,30,360,0,1,runs/B-kem768-gilbert-prr0p90-L10-loss1-rep30-seed200030-v4/cooja.log,9eb1bb341cfa3bd4a790a1b8654eb9409c2b92c31675c8163e484b7a24f5d43e,23684,238,238,end_of_log,success,FAILED_PROTOCOL,client_reported_failure,,1,True,0,0,0,0,0,0,0,1,0,both_motes,3,4,1,0,2,26,15,41,both_motes,1,1,1,applied_after_channel,valid,0,1,final_application_timeout,1184,1088,13,12,2,1,2,0,0,0,240000,240000,2,0,26,1,2560,102,0,0,2,0,1,0,1,server_fallback_no_completion,1,0,0,1,120378,1,1,15,25,1346,2458,3,2,0,4,1,0,0,1,310000,first_fragment,receiver_after_channel,0,768,MLKEM768,1,1,client,60000,200030,4,V2_RFRAG_FINAL_ACK_APP_RETRY,0,first_fragment,receiver_after_channel,768,MLKEM768,0,0,1,0,0,1,20000,0,1,0,768,0,0,0,client,200030,0,4,client,0,200030,0,4,V2_RFRAG_FINAL_ACK_APP_RETRY,0,1,first_fragment,receiver_after_channel,0,768,MLKEM768,1,server,200030,4,V2_RFRAG_FINAL_ACK_APP_RETRY,first_fragment,receiver_after_channel,768,MLKEM768,120378,0,0,1,0,1,1,10349,1,0,0,768,0,0,0,0,2,2,0,1,1,server,200030,0,4,server,200030,0,4,V2_RFRAG_FINAL_ACK_APP_RETRY
B-kem768-gilbert-prr0p95-L2-loss1-rep04-seed200004-v4,B-kem768-gilbert-prr0p95-L2-loss1-rep04-seed200004,B-kem768-gilbert-prr0p95-L2-loss1-rep04-seed200004,V2,B_V1_V2_FIRST_LOSS,2026-08-19T02:33:49+00:00,COOJA_SIMULATION,gilbert,0.95,2.0,0.0263157895,0.5,first_fragment,1,receiver_after_channel,1,2,1,0,12,96,4,V2_RFRAG_FINAL_ACK_APP_RETRY,768,200004,4,360,0,1,runs/B-kem768-gilbert-prr0p95-L2-loss1-rep04-seed200004-v4/cooja.log,4964c35b6c7997145e6563c616a9bdb57036f4834e450f3d63d17d0fb1f93d5c,27122,283,283,end_of_log,success,FAILED_PROTOCOL,client_reported_failure,,1,True,0,0,0,0,0,0,0,0,0,both_motes,1,1,1,0,2,14,0,14,both_motes,1,1,1,applied_after_channel,valid,0,1,route_acquisition_timeout,1184,1088,13,12,1,0,1,0,0,0,125000,125000,1,0,14,0,1336,0,1,0,1,1,1,0,0,server_fallback_no_completion,0,0,0,0,0,0,0,0,11,0,1030,0,2,0,0,0,0,0,1,310000,first_fragment,receiver_after_channel,0,768,MLKEM768,1,1,client,60000,200004,4,V2_RFRAG_FINAL_ACK_APP_RETRY,0,first_fragment,receiver_after_channel,768,MLKEM768,0,0,0,0,0,0,0,0,0,0,768,0,0,0,client,200004,0,4,client,0,200004,0,4,V2_RFRAG_FINAL_ACK_APP_RETRY,0,1,first_fragment,receiver_after_channel,0,768,MLKEM768,1,server,200004,4,V2_RFRAG_FINAL_ACK_APP_RETRY,first_fragment,receiver_after_channel,768,MLKEM768,0,0,0,0,0,0,0,0,0,0,0,768,0,0,0,0,2,1,0,0,0,server,200004,0,4,server,200004,0,4,V2_RFRAG_FINAL_ACK_APP_RETRY
B-kem768-gilbert-prr0p95-L2-loss1-rep20-seed200020-v4,B-kem768-gilbert-prr0p95-L2-loss1-rep20-seed200020,B-kem768-gilbert-prr0p95-L2-loss1-rep20-seed200020,V2,B_V1_V2_FIRST_LOSS,2026-08-19T02:33:49+00:00,COOJA_SIMULATION,gilbert,0.95,2.0,0.0263157895,0.5,first_fragment,1,receiver_after_channel,1,2,1,0,12,96,4,V2_RFRAG_FINAL_ACK_APP_RETRY,768,200020,20,360,0,1,runs/B-kem768-gilbert-prr0p95-L2-loss1-rep20-seed200020-v4/cooja.log,30ff0e907a5739212e8d972e763fd3fcf867ee24fc0dc4e1fbe595f2df337fef,24905,249,249,end_of_log,success,FAILED_PROTOCOL,client_reported_failure,,1,True,0,0,0,0,0,0,0,1,0,both_motes,3,4,1,0,2,26,15,41,both_motes,1,1,1,applied_after_channel,valid,0,1,final_application_timeout,1184,1088,13,12,2,1,2,0,0,0,240000,240000,2,0,26,11,2560,1122,0,0,2,0,1,0,1,server_fallback_no_completion,1,0,0,1,120309,1,1,15,25,1346,2458,3,2,0,4,1,0,0,1,310000,first_fragment,receiver_after_channel,0,768,MLKEM768,1,1,client,60000,200020,4,V2_RFRAG_FINAL_ACK_APP_RETRY,0,first_fragment,receiver_after_channel,768,MLKEM768,0,0,1,0,0,1,20320,0,1,0,768,0,0,0,client,200020,0,4,client,0,200020,0,4,V2_RFRAG_FINAL_ACK_APP_RETRY,0,1,first_fragment,receiver_after_channel,0,768,MLKEM768,1,server,200020,4,V2_RFRAG_FINAL_ACK_APP_RETRY,first_fragment,receiver_after_channel,768,MLKEM768,120309,0,0,1,0,1,1,10289,1,0,0,768,0,0,0,0,2,1,0,1,1,server,200020,0,4,server,200020,0,4,V2_RFRAG_FINAL_ACK_APP_RETRY
B-kem768-gilbert-prr0p95-L2-loss1-rep25-seed200025-v4,B-kem768-gilbert-prr0p95-L2-loss1-rep25-seed200025,B-kem768-gilbert-prr0p95-L2-loss1-rep25-seed200025,V2,B_V1_V2_FIRST_LOSS,2026-08-19T02:33:49+00:00,COOJA_SIMULATION,gilbert,0.95,2.0,0.0263157895,0.5,first_fragment,1,receiver_after_channel,1,2,1,0,12,96,4,V2_RFRAG_FINAL_ACK_APP_RETRY,768,200025,25,360,0,1,runs/B-kem768-gilbert-prr0p95-L2-loss1-rep25-seed200025-v4/cooja.log,b01c8c474de364830534cae4a4a3c681f0a3619d719a876d84638e15d363e2c7,25097,260,260,end_of_log,success,FAILED_PROTOCOL,client_reported_failure,,1,True,0,0,0,0,0,0,0,0,0,both_motes,3,3,1,0,1,16,0,16,both_motes,1,1,1,applied_after_channel,valid,0,1,route_acquisition_timeout,1184,1088,13,12,1,0,1,0,0,0,125000,125000,1,0,16,0,1448,0,3,0,1,3,1,0,0,server_fallback_no_completion,0,0,0,0,0,0,0,0,10,0,974,0,1,0,0,0,0,0,1,310000,first_fragment,receiver_after_channel,0,768,MLKEM768,1,1,client,60000,200025,4,V2_RFRAG_FINAL_ACK_APP_RETRY,0,first_fragment,receiver_after_channel,768,MLKEM768,0,0,0,0,0,0,0,0,0,0,768,0,0,0,client,200025,0,4,client,0,200025,0,4,V2_RFRAG_FINAL_ACK_APP_RETRY,0,1,first_fragment,receiver_after_channel,0,768,MLKEM768,1,server,200025,4,V2_RFRAG_FINAL_ACK_APP_RETRY,first_fragment,receiver_after_channel,768,MLKEM768,0,0,0,0,0,0,0,0,0,0,0,768,0,0,0,0,1,1,0,0,0,server,200025,0,4,server,200025,0,4,V2_RFRAG_FINAL_ACK_APP_RETRY
B-kem768-gilbert-prr0p95-L5-loss1-rep15-seed200015-v4,B-kem768-gilbert-prr0p95-L5-loss1-rep15-seed200015,B-kem768-gilbert-prr0p95-L5-loss1-rep15-seed200015,V2,B_V1_V2_FIRST_LOSS,2026-08-19T02:33:49+00:00,COOJA_SIMULATION,gilbert,0.95,5.0,0.0105263158,0.2,first_fragment,1,receiver_after_channel,1,2,1,0,12,96,4,V2_RFRAG_FINAL_ACK_APP_RETRY,768,200015,15,360,0,1,runs/B-kem768-gilbert-prr0p95-L5-loss1-rep15-seed200015-v4/cooja.log,0a9ac64954b11bcb9031880d4a9b068311539b7ae0e95670034f621bce8ccf4c,25683,267,267,end_of_log,success,FAILED_PROTOCOL,client_reported_failure,,1,True,0,0,0,0,0,0,0,0,0,both_motes,0,0,1,0,1,13,0,13,both_motes,1,1,1,applied_after_channel,valid,0,1,route_acquisition_timeout,1184,1088,13,12,1,0,1,0,0,0,125000,125000,1,0,13,0,1280,0,0,0,1,0,1,0,0,server_fallback_no_completion,0,0,0,0,0,0,0,0,12,0,1178,0,1,0,0,0,0,0,1,310000,first_fragment,receiver_after_channel,0,768,MLKEM768,1,1,client,60000,200015,4,V2_RFRAG_FINAL_ACK_APP_RETRY,0,first_fragment,receiver_after_channel,768,MLKEM768,0,0,0,0,0,0,0,0,0,0,768,0,0,0,client,200015,0,4,client,0,200015,0,4,V2_RFRAG_FINAL_ACK_APP_RETRY,0,1,first_fragment,receiver_after_channel,0,768,MLKEM768,1,server,200015,4,V2_RFRAG_FINAL_ACK_APP_RETRY,first_fragment,receiver_after_channel,768,MLKEM768,0,0,0,0,0,0,0,0,0,0,0,768,0,0,0,0,1,1,0,0,0,server,200015,0,4,server,200015,0,4,V2_RFRAG_FINAL_ACK_APP_RETRY
B-kem768-gilbert-prr0p95-L5-loss1-rep20-seed200020-v3,B-kem768-gilbert-prr0p95-L5-loss1-rep20-seed200020,B-kem768-gilbert-prr0p95-L5-loss1-rep20-seed200020,V1,B_V1_V2_FIRST_LOSS,2026-08-19T02:33:49+00:00,COOJA_SIMULATION,gilbert,0.95,5.0,0.0105263158,0.2,first_fragment,1,receiver_after_channel,1,2,1,0,12,96,3,V1_RFRAG_INITIAL_FINAL_ACK,768,200020,20,360,0,0,runs/B-kem768-gilbert-prr0p95-L5-loss1-rep20-seed200020-v3/cooja.log,f2cc7afa16c3f27c85577b7377761f8a29e9bc1725a1243ef59c3c1955f7270f,24898,252,252,end_of_log,success,FAILED_PROTOCOL,client_reported_failure,,1,True,0,0,0,0,0,0,0,0,0,both_motes,4,5,0,1,1,17,0,17,both_motes,1,1,1,applied_after_channel,valid,0,1,final_application_timeout,1184,1088,13,12,1,0,1,0,0,0,120000,120000,1,0,17,0,1550,0,4,0,1,5,0,1,0,server_fallback_no_completion,0,0,0,0,0,0,0,0,11,0,1122,0,1,0,0,0,0,1,0,190000,first_fragment,receiver_after_channel,0,768,MLKEM768,0,1,client,60000,200020,3,V1_RFRAG_FIRST_FINAL_ACK,0,first_fragment,receiver_after_channel,768,MLKEM768,0,0,0,0,0,0,0,0,0,0,768,0,0,0,client,200020,0,3,client,0,200020,0,3,V1_RFRAG_FIRST_FINAL_ACK,1,0,first_fragment,receiver_after_channel,0,768,MLKEM768,1,server,200020,3,V1_RFRAG_FIRST_FINAL_ACK,first_fragment,receiver_after_channel,768,MLKEM768,0,0,0,1,0,0,1,20286,0,1,0,768,0,0,0,0,1,1,0,0,0,server,200020,0,3,server,200020,0,3,V1_RFRAG_FIRST_FINAL_ACK
B-kem768-gilbert-prr0p95-L5-loss1-rep20-seed200020-v4,B-kem768-gilbert-prr0p95-L5-loss1-rep20-seed200020,B-kem768-gilbert-prr0p95-L5-loss1-rep20-seed200020,V2,B_V1_V2_FIRST_LOSS,2026-08-19T02:33:49+00:00,COOJA_SIMULATION,gilbert,0.95,5.0,0.0105263158,0.2,first_fragment,1,receiver_after_channel,1,2,1,0,12,96,4,V2_RFRAG_FINAL_ACK_APP_RETRY,768,200020,20,360,0,1,runs/B-kem768-gilbert-prr0p95-L5-loss1-rep20-seed200020-v4/cooja.log,df1afbfff303cbd950e3bdc47bc5b0318f365a980fd65f698d5cab839f3c83bd,18822,190,190,end_of_log,success,FAILED_PROTOCOL,client_reported_failure,,1,True,0,0,0,0,0,0,0,1,0,both_motes,0,0,2,0,2,26,0,26,both_motes,1,1,1,applied_after_channel,valid,0,1,final_application_timeout,1184,1088,13,12,2,1,2,0,0,0,240000,240000,2,0,26,0,2560,0,0,0,2,0,2,0,0,server_fallback_no_completion,0,0,0,0,0,0,0,0,23,0,2254,0,2,0,0,1,0,0,1,310000,first_fragment,receiver_after_channel,0,768,MLKEM768,1,1,client,60000,200020,4,V2_RFRAG_FINAL_ACK_APP_RETRY,0,first_fragment,receiver_after_channel,768,MLKEM768,0,0,0,0,0,0,0,0,0,0,768,0,0,0,client,200020,0,4,client,0,200020,0,4,V2_RFRAG_FINAL_ACK_APP_RETRY,0,1,first_fragment,receiver_after_channel,0,768,MLKEM768,1,server,200020,4,V2_RFRAG_FINAL_ACK_APP_RETRY,first_fragment,receiver_after_channel,768,MLKEM768,0,0,0,0,0,0,0,0,0,0,0,768,0,0,0,0,2,1,0,0,0,server,200020,0,4,server,200020,0,4,V2_RFRAG_FINAL_ACK_APP_RETRY
B-kem768-gilbert-prr0p95-L5-loss1-rep28-seed200028-v4,B-kem768-gilbert-prr0p95-L5-loss1-rep28-seed200028,B-kem768-gilbert-prr0p95-L5-loss1-rep28-seed200028,V2,B_V1_V2_FIRST_LOSS,2026-08-19T02:33:49+00:00,COOJA_SIMULATION,gilbert,0.95,5.0,0.0105263158,0.2,first_fragment,1,receiver_after_channel,1,2,1,0,12,96,4,V2_RFRAG_FINAL_ACK_APP_RETRY,768,200028,28,360,0,1,runs/B-kem768-gilbert-prr0p95-L5-loss1-rep28-seed200028-v4/cooja.log,088d3f61e9e273dd962ef1e4e9df49e80cd145f0dc8b9ad06dbc2541c5db11c1,20950,208,208,end_of_log,success,FAILED_PROTOCOL,client_reported_failure,,1,True,0,0,0,0,0,0,0,1,0,both_motes,3,4,1,0,1,29,0,29,both_motes,1,1,1,applied_after_channel,valid,0,1,final_application_timeout,1184,1088,13,12,2,1,2,0,0,0,240000,240000,2,0,29,0,2728,0,3,0,1,4,1,0,0,server_fallback_no_completion,0,0,0,0,0,0,0,0,23,0,2300,0,1,0,0,1,0,0,1,310000,first_fragment,receiver_after_channel,0,768,MLKEM768,1,1,client,60000,200028,4,V2_RFRAG_FINAL_ACK_APP_RETRY,0,first_fragment,receiver_after_channel,768,MLKEM768,0,0,0,0,0,0,0,0,0,0,768,0,0,0,client,200028,0,4,client,0,200028,0,4,V2_RFRAG_FINAL_ACK_APP_RETRY,0,1,first_fragment,receiver_after_channel,0,768,MLKEM768,1,server,200028,4,V2_RFRAG_FINAL_ACK_APP_RETRY,first_fragment,receiver_after_channel,768,MLKEM768,0,0,0,1,0,0,1,20310,0,1,0,768,0,0,0,0,1,1,0,0,0,server,200028,0,4,server,200028,0,4,V2_RFRAG_FINAL_ACK_APP_RETRY
B-kem768-gilbert-prr0p95-L5-loss1-rep29-seed200029-v3,B-kem768-gilbert-prr0p95-L5-loss1-rep29-seed200029,B-kem768-gilbert-prr0p95-L5-loss1-rep29-seed200029,V1,B_V1_V2_FIRST_LOSS,2026-08-19T02:33:49+00:00,COOJA_SIMULATION,gilbert,0.95,5.0,0.0105263158,0.2,first_fragment,1,receiver_after_channel,1,2,1,0,12,96,3,V1_RFRAG_INITIAL_FINAL_ACK,768,200029,29,360,0,0,runs/B-kem768-gilbert-prr0p95-L5-loss1-rep29-seed200029-v3/cooja.log,785ab7990ce4b65a4d58b9b83e7f1bc5870e52bb547855cbbd8659464b8cff36,16697,161,161,end_of_log,success,FAILED_PROTOCOL,client_reported_failure,,1,True,0,0,0,0,0,0,0,0,0,both_motes,4,5,0,1,1,17,0,17,both_motes,1,1,1,applied_after_channel,valid,0,1,final_application_timeout,1184,1088,13,12,1,0,1,0,0,0,120000,120000,1,0,17,0,1550,0,4,0,1,5,0,1,0,server_fallback_no_completion,0,0,0,0,0,0,0,0,3,0,306,0,1,0,0,0,0,1,0,190000,first_fragment,receiver_after_channel,0,768,MLKEM768,0,1,client,60000,200029,3,V1_RFRAG_FIRST_FINAL_ACK,0,first_fragment,receiver_after_channel,768,MLKEM768,0,0,0,0,0,0,0,0,0,0,768,0,0,0,client,200029,0,3,client,0,200029,0,3,V1_RFRAG_FIRST_FINAL_ACK,1,0,first_fragment,receiver_after_channel,0,768,MLKEM768,1,server,200029,3,V1_RFRAG_FIRST_FINAL_ACK,first_fragment,receiver_after_channel,768,MLKEM768,0,0,0,1,0,0,1,20041,0,1,0,768,0,0,0,0,1,1,0,0,0,server,200029,0,3,server,200029,0,3,V1_RFRAG_FIRST_FINAL_ACK
B-kem768-gilbert-prr0p95-L5-loss1-rep29-seed200029-v4,B-kem768-gilbert-prr0p95-L5-loss1-rep29-seed200029,B-kem768-gilbert-prr0p95-L5-loss1-rep29-seed200029,V2,B_V1_V2_FIRST_LOSS,2026-08-19T02:33:49+00:00,COOJA_SIMULATION,gilbert,0.95,5.0,0.0105263158,0.2,first_fragment,1,receiver_after_channel,1,2,1,0,12,96,4,V2_RFRAG_FINAL_ACK_APP_RETRY,768,200029,29,360,0,1,runs/B-kem768-gilbert-prr0p95-L5-loss1-rep29-seed200029-v4/cooja.log,6b9f3d91025e1f8c8d3432f469444d0c473ce571550634ebcb180245a47abd9c,15615,151,151,end_of_log,success,FAILED_PROTOCOL,client_reported_failure,,1,True,0,0,0,0,0,0,0,0,0,both_motes,3,4,0,0,0,16,0,16,both_motes,1,1,1,applied_after_channel,valid,0,1,route_acquisition_timeout,1184,1088,13,12,1,0,1,0,0,0,125000,125000,1,0,16,0,1448,0,3,0,0,4,0,0,0,server_fallback_no_completion,0,0,0,0,0,0,0,0,4,0,408,0,0,0,0,0,0,0,1,310000,first_fragment,receiver_after_channel,0,768,MLKEM768,1,1,client,60000,200029,4,V2_RFRAG_FINAL_ACK_APP_RETRY,0,first_fragment,receiver_after_channel,768,MLKEM768,0,0,0,0,0,0,0,0,0,0,768,0,0,0,client,200029,0,4,client,0,200029,0,4,V2_RFRAG_FINAL_ACK_APP_RETRY,0,1,first_fragment,receiver_after_channel,0,768,MLKEM768,1,server,200029,4,V2_RFRAG_FINAL_ACK_APP_RETRY,first_fragment,receiver_after_channel,768,MLKEM768,0,0,0,0,0,0,0,0,0,0,0,768,0,0,0,0,0,0,0,0,0,server,200029,0,4,server,200029,0,4,V2_RFRAG_FINAL_ACK_APP_RETRY
B-kem768-gilbert-prr0p95-L10-loss1-rep06-seed200006-v3,B-kem768-gilbert-prr0p95-L10-loss1-rep06-seed200006,B-kem768-gilbert-prr0p95-L10-loss1-rep06-seed200006,V1,B_V1_V2_FIRST_LOSS,2026-08-19T02:33:49+00:00,COOJA_SIMULATION,gilbert,0.95,10.0,0.0052631579,0.1,first_fragment,1,receiver_after_channel,1,2,1,0,12,96,3,V1_RFRAG_INITIAL_FINAL_ACK,768,200006,6,360,0,0,runs/B-kem768-gilbert-prr0p95-L10-loss1-rep06-seed200006-v3/cooja.log,4a336d7e081bb11dab537eabfa5ea3a836f6579b8bf4465698ae3ebbfd0e7d25,31332,322,322,end_of_log,success,FAILED_PROTOCOL,client_reported_failure,,1,True,0,0,0,0,0,0,0,0,3,both_motes,7,5,0,3,4,17,15,32,both_motes,1,1,1,applied_after_channel,valid,0,1,final_application_timeout,1184,1088,13,12,1,0,1,0,0,0,120000,120000,1,0,17,5,1688,510,4,1,3,1,0,2,1,ct_transport_completion_timeout,1,0,0,1,1457,1,1,15,13,1346,1280,3,3,1,4,0,0,1,0,190000,first_fragment,receiver_after_channel,0,768,MLKEM768,0,1,client,60000,200006,3,V1_RFRAG_FIRST_FINAL_ACK,0,first_fragment,receiver_after_channel,768,MLKEM768,0,0,1,0,0,1,20188,0,1,0,768,1,0,0,client,200006,3,3,client,0,200006,0,3,V1_RFRAG_FIRST_FINAL_ACK,1,0,first_fragment,receiver_after_channel,0,768,MLKEM768,1,server,200006,3,V1_RFRAG_FIRST_FINAL_ACK,first_fragment,receiver_after_channel,768,MLKEM768,1457,0,0,1,0,1,1,10431,1,0,0,768,0,1,0,0,3,3,0,1,1,server,200006,0,3,server,200006,0,3,V1_RFRAG_FIRST_FINAL_ACK
B-kem768-gilbert-prr0p95-L10-loss1-rep06-seed200006-v4,B-kem768-gilbert-prr0p95-L10-loss1-rep06-seed200006,B-kem768-gilbert-prr0p95-L10-loss1-rep06-seed200006,V2,B_V1_V2_FIRST_LOSS,2026-08-19T02:33:49+00:00,COOJA_SIMULATION,gilbert,0.95,10.0,0.0052631579,0.1,first_fragment,1,receiver_after_channel,1,2,1,0,12,96,4,V2_RFRAG_FINAL_ACK_APP_RETRY,768,200006,6,360,0,1,runs/B-kem768-gilbert-prr0p95-L10-loss1-rep06-seed200006-v4/cooja.log,7b55fbda64ef98b7a5e8a24ac96fbb7b245f47763c5b65e5ed7b3008fdc0472d,30990,322,322,end_of_log,success,FAILED_PROTOCOL,client_reported_failure,,1,True,0,0,0,0,0,0,0,1,0,both_motes,3,3,2,0,4,29,12,41,both_motes,1,1,1,applied_after_channel,valid,0,1,final_application_timeout,1184,1088,13,12,2,1,2,0,0,0,240000,240000,2,0,29,8,2728,770,3,1,2,3,1,0,1,server_fallback_no_completion,1,0,0,1,120391,1,1,12,25,1178,2412,0,3,1,0,1,0,0,1,310000,first_fragment,receiver_after_channel,0,768,MLKEM768,1,1,client,60000,200006,4,V2_RFRAG_FINAL_ACK_APP_RETRY,0,first_fragment,receiver_after_channel,768,MLKEM768,0,0,0,0,0,0,0,0,0,0,768,1,0,0,client,200006,0,4,client,0,200006,0,4,V2_RFRAG_FINAL_ACK_APP_RETRY,0,1,first_fragment,receiver_after_channel,0,768,MLKEM768,1,server,200006,4,V2_RFRAG_FINAL_ACK_APP_RETRY,first_fragment,receiver_after_channel,768,MLKEM768,120391,0,0,1,0,1,1,10346,1,0,0,768,1,0,0,0,3,2,0,2,1,server,200006,0,4,server,200006,0,4,V2_RFRAG_FINAL_ACK_APP_RETRY
B-kem768-gilbert-prr0p95-L10-loss1-rep10-seed200010-v3,B-kem768-gilbert-prr0p95-L10-loss1-rep10-seed200010,B-kem768-gilbert-prr0p95-L10-loss1-rep10-seed200010,V1,B_V1_V2_FIRST_LOSS,2026-08-19T02:33:49+00:00,COOJA_SIMULATION,gilbert,0.95,10.0,0.0052631579,0.1,first_fragment,1,receiver_after_channel,1,2,1,0,12,96,3,V1_RFRAG_INITIAL_FINAL_ACK,768,200010,10,360,0,0,runs/B-kem768-gilbert-prr0p95-L10-loss1-rep10-seed200010-v3/cooja.log,2731c69e0134fa297dbbb75adc85ad07d015572d1dc1c9ef40cd44ad1fde5f0a,20443,200,200,end_of_log,success,FAILED_PROTOCOL,client_reported_failure,,1,True,0,0,0,0,0,0,0,0,0,both_motes,4,5,0,2,3,14,15,29,both_motes,1,1,1,applied_after_channel,valid,0,1,final_application_timeout,1184,1088,13,12,1,0,1,0,0,0,120000,120000,1,0,14,4,1382,408,1,1,2,1,0,1,1,ct_transport_completion_timeout,1,0,0,1,1393,1,1,15,13,1346,1280,3,2,1,4,0,0,1,0,190000,first_fragment,receiver_after_channel,0,768,MLKEM768,0,1,client,60000,200010,3,V1_RFRAG_FIRST_FINAL_ACK,0,first_fragment,receiver_after_channel,768,MLKEM768,0,0,1,0,0,1,20115,0,1,0,768,1,0,0,client,200010,0,3,client,0,200010,0,3,V1_RFRAG_FIRST_FINAL_ACK,1,0,first_fragment,receiver_after_channel,0,768,MLKEM768,1,server,200010,3,V1_RFRAG_FIRST_FINAL_ACK,first_fragment,receiver_after_channel,768,MLKEM768,1393,0,0,1,0,1,1,10358,1,0,0,768,0,1,0,0,2,2,0,1,1,server,200010,0,3,server,200010,0,3,V1_RFRAG_FIRST_FINAL_ACK
B-kem768-gilbert-prr0p95-L10-loss1-rep10-seed200010-v4,B-kem768-gilbert-prr0p95-L10-loss1-rep10-seed200010,B-kem768-gilbert-prr0p95-L10-loss1-rep10-seed200010,V2,B_V1_V2_FIRST_LOSS,2026-08-19T02:33:49+00:00,COOJA_SIMULATION,gilbert,0.95,10.0,0.0052631579,0.1,first_fragment,1,receiver_after_channel,1,2,1,0,12,96,4,V2_RFRAG_FINAL_ACK_APP_RETRY,768,200010,10,360,0,1,runs/B-kem768-gilbert-prr0p95-L10-loss1-rep10-seed200010-v4/cooja.log,ced884fc92682dd7c5ca8cdc17004656730eab52dd4e662d6a7774543df48691,29821,306,306,end_of_log,success,FAILED_PROTOCOL,client_reported_failure,,1,True,0,0,0,0,0,0,0,1,0,both_motes,6,8,1,0,5,29,15,44,both_motes,1,1,1,applied_after_channel,valid,0,1,final_application_timeout,1184,1088,13,12,2,1,2,0,0,0,240000,240000,2,0,29,0,2728,0,3,0,1,4,1,0,0,server_fallback_no_completion,1,0,0,1,120356,1,1,15,28,1346,2626,3,5,0,4,1,0,0,1,310000,first_fragment,receiver_after_channel,0,768,MLKEM768,1,1,client,60000,200010,4,V2_RFRAG_FINAL_ACK_APP_RETRY,0,first_fragment,receiver_after_channel,768,MLKEM768,0,0,0,0,0,0,0,0,0,0,768,0,0,0,client,200010,0,4,client,0,200010,0,4,V2_RFRAG_FINAL_ACK_APP_RETRY,0,1,first_fragment,receiver_after_channel,0,768,MLKEM768,1,server,200010,4,V2_RFRAG_FINAL_ACK_APP_RETRY,first_fragment,receiver_after_channel,768,MLKEM768,120356,0,0,1,0,1,1,10347,1,0,0,768,0,0,0,0,5,1,0,4,0,server,200010,0,4,server,200010,0,4,V2_RFRAG_FINAL_ACK_APP_RETRY
B-kem768-gilbert-prr0p95-L10-loss1-rep14-seed200014-v4,B-kem768-gilbert-prr0p95-L10-loss1-rep14-seed200014,B-kem768-gilbert-prr0p95-L10-loss1-rep14-seed200014,V2,B_V1_V2_FIRST_LOSS,2026-08-19T02:33:49+00:00,COOJA_SIMULATION,gilbert,0.95,10.0,0.0052631579,0.1,first_fragment,1,receiver_after_channel,1,2,1,0,12,96,4,V2_RFRAG_FINAL_ACK_APP_RETRY,768,200014,14,360,0,1,runs/B-kem768-gilbert-prr0p95-L10-loss1-rep14-seed200014-v4/cooja.log,7b2b0e1b884ff2f28a47af683018a86ba8967263182788beabbdcc3d9df68e1d,20723,206,206,end_of_log,success,FAILED_PROTOCOL,client_reported_failure,,1,True,0,0,0,0,0,0,0,1,0,both_motes,3,4,1,0,1,29,0,29,both_motes,1,1,1,applied_after_channel,valid,0,1,final_application_timeout,1184,1088,13,12,2,1,2,0,0,0,240000,240000,2,0,29,0,2728,0,3,0,1,4,1,0,0,server_fallback_no_completion,0,0,0,0,0,0,0,0,21,0,2096,0,1,0,0,1,0,0,1,310000,first_fragment,receiver_after_channel,0,768,MLKEM768,1,1,client,60000,200014,4,V2_RFRAG_FINAL_ACK_APP_RETRY,0,first_fragment,receiver_after_channel,768,MLKEM768,0,0,0,0,0,0,0,0,0,0,768,0,0,0,client,200014,0,4,client,0,200014,0,4,V2_RFRAG_FINAL_ACK_APP_RETRY,0,1,first_fragment,receiver_after_channel,0,768,MLKEM768,1,server,200014,4,V2_RFRAG_FINAL_ACK_APP_RETRY,first_fragment,receiver_after_channel,768,MLKEM768,0,0,0,1,0,0,1,20289,0,1,0,768,0,0,0,0,1,1,0,0,0,server,200014,0,4,server,200014,0,4,V2_RFRAG_FINAL_ACK_APP_RETRY
B-kem768-gilbert-prr0p95-L10-loss1-rep15-seed200015-v4,B-kem768-gilbert-prr0p95-L10-loss1-rep15-seed200015,B-kem768-gilbert-prr0p95-L10-loss1-rep15-seed200015,V2,B_V1_V2_FIRST_LOSS,2026-08-19T02:33:49+00:00,COOJA_SIMULATION,gilbert,0.95,10.0,0.0052631579,0.1,first_fragment,1,receiver_after_channel,1,2,1,0,12,96,4,V2_RFRAG_FINAL_ACK_APP_RETRY,768,200015,15,360,0,1,runs/B-kem768-gilbert-prr0p95-L10-loss1-rep15-seed200015-v4/cooja.log,02605930b6eec2bd5e6001f7bf63af0626d1b3f6c511c8163aa2332c45a6ac5b,25833,269,269,end_of_log,success,FAILED_PROTOCOL,client_reported_failure,,1,True,0,0,0,0,0,0,0,0,0,both_motes,0,0,1,0,1,13,0,13,both_motes,1,1,1,applied_after_channel,valid,0,1,route_acquisition_timeout,1184,1088,13,12,1,0,1,0,0,0,125000,125000,1,0,13,0,1280,0,0,0,1,0,1,0,0,server_fallback_no_completion,0,0,0,0,0,0,0,0,12,0,1178,0,1,0,0,0,0,0,1,310000,first_fragment,receiver_after_channel,0,768,MLKEM768,1,1,client,60000,200015,4,V2_RFRAG_FINAL_ACK_APP_RETRY,0,first_fragment,receiver_after_channel,768,MLKEM768,0,0,0,0,0,0,0,0,0,0,768,0,0,0,client,200015,0,4,client,0,200015,0,4,V2_RFRAG_FINAL_ACK_APP_RETRY,0,1,first_fragment,receiver_after_channel,0,768,MLKEM768,1,server,200015,4,V2_RFRAG_FINAL_ACK_APP_RETRY,first_fragment,receiver_after_channel,768,MLKEM768,0,0,0,0,0,0,0,0,0,0,0,768,0,0,0,0,1,1,0,0,0,server,200015,0,4,server,200015,0,4,V2_RFRAG_FINAL_ACK_APP_RETRY
B-kem768-gilbert-prr0p95-L10-loss1-rep29-seed200029-v3,B-kem768-gilbert-prr0p95-L10-loss1-rep29-seed200029,B-kem768-gilbert-prr0p95-L10-loss1-rep29-seed200029,V1,B_V1_V2_FIRST_LOSS,2026-08-19T02:33:49+00:00,COOJA_SIMULATION,gilbert,0.95,10.0,0.0052631579,0.1,first_fragment,1,receiver_after_channel,1,2,1,0,12,96,3,V1_RFRAG_INITIAL_FINAL_ACK,768,200029,29,360,0,0,runs/B-kem768-gilbert-prr0p95-L10-loss1-rep29-seed200029-v3/cooja.log,785ab7990ce4b65a4d58b9b83e7f1bc5870e52bb547855cbbd8659464b8cff36,16697,161,161,end_of_log,success,FAILED_PROTOCOL,client_reported_failure,,1,True,0,0,0,0,0,0,0,0,0,both_motes,4,5,0,1,1,17,0,17,both_motes,1,1,1,applied_after_channel,valid,0,1,final_application_timeout,1184,1088,13,12,1,0,1,0,0,0,120000,120000,1,0,17,0,1550,0,4,0,1,5,0,1,0,server_fallback_no_completion,0,0,0,0,0,0,0,0,3,0,306,0,1,0,0,0,0,1,0,190000,first_fragment,receiver_after_channel,0,768,MLKEM768,0,1,client,60000,200029,3,V1_RFRAG_FIRST_FINAL_ACK,0,first_fragment,receiver_after_channel,768,MLKEM768,0,0,0,0,0,0,0,0,0,0,768,0,0,0,client,200029,0,3,client,0,200029,0,3,V1_RFRAG_FIRST_FINAL_ACK,1,0,first_fragment,receiver_after_channel,0,768,MLKEM768,1,server,200029,3,V1_RFRAG_FIRST_FINAL_ACK,first_fragment,receiver_after_channel,768,MLKEM768,0,0,0,1,0,0,1,20041,0,1,0,768,0,0,0,0,1,1,0,0,0,server,200029,0,3,server,200029,0,3,V1_RFRAG_FIRST_FINAL_ACK
B-kem768-gilbert-prr0p95-L10-loss1-rep29-seed200029-v4,B-kem768-gilbert-prr0p95-L10-loss1-rep29-seed200029,B-kem768-gilbert-prr0p95-L10-loss1-rep29-seed200029,V2,B_V1_V2_FIRST_LOSS,2026-08-19T02:33:49+00:00,COOJA_SIMULATION,gilbert,0.95,10.0,0.0052631579,0.1,first_fragment,1,receiver_after_channel,1,2,1,0,12,96,4,V2_RFRAG_FINAL_ACK_APP_RETRY,768,200029,29,360,0,1,runs/B-kem768-gilbert-prr0p95-L10-loss1-rep29-seed200029-v4/cooja.log,6b9f3d91025e1f8c8d3432f469444d0c473ce571550634ebcb180245a47abd9c,15615,151,151,end_of_log,success,FAILED_PROTOCOL,client_reported_failure,,1,True,0,0,0,0,0,0,0,0,0,both_motes,3,4,0,0,0,16,0,16,both_motes,1,1,1,applied_after_channel,valid,0,1,route_acquisition_timeout,1184,1088,13,12,1,0,1,0,0,0,125000,125000,1,0,16,0,1448,0,3,0,0,4,0,0,0,server_fallback_no_completion,0,0,0,0,0,0,0,0,4,0,408,0,0,0,0,0,0,0,1,310000,first_fragment,receiver_after_channel,0,768,MLKEM768,1,1,client,60000,200029,4,V2_RFRAG_FINAL_ACK_APP_RETRY,0,first_fragment,receiver_after_channel,768,MLKEM768,0,0,0,0,0,0,0,0,0,0,768,0,0,0,client,200029,0,4,client,0,200029,0,4,V2_RFRAG_FINAL_ACK_APP_RETRY,0,1,first_fragment,receiver_after_channel,0,768,MLKEM768,1,server,200029,4,V2_RFRAG_FINAL_ACK_APP_RETRY,first_fragment,receiver_after_channel,768,MLKEM768,0,0,0,0,0,0,0,0,0,0,0,768,0,0,0,0,0,0,0,0,0,server,200029,0,4,server,200029,0,4,V2_RFRAG_FINAL_ACK_APP_RETRY
B-kem768-gilbert-prr0p95-L10-loss1-rep30-seed200030-v4,B-kem768-gilbert-prr0p95-L10-loss1-rep30-seed200030,B-kem768-gilbert-prr0p95-L10-loss1-rep30-seed200030,V2,B_V1_V2_FIRST_LOSS,2026-08-19T02:33:49+00:00,COOJA_SIMULATION,gilbert,0.95,10.0,0.0052631579,0.1,first_fragment,1,receiver_after_channel,1,2,1,0,12,96,4,V2_RFRAG_FINAL_ACK_APP_RETRY,768,200030,30,360,0,1,runs/B-kem768-gilbert-prr0p95-L10-loss1-rep30-seed200030-v4/cooja.log,9eb1bb341cfa3bd4a790a1b8654eb9409c2b92c31675c8163e484b7a24f5d43e,23684,238,238,end_of_log,success,FAILED_PROTOCOL,client_reported_failure,,1,True,0,0,0,0,0,0,0,1,0,both_motes,3,4,1,0,2,26,15,41,both_motes,1,1,1,applied_after_channel,valid,0,1,final_application_timeout,1184,1088,13,12,2,1,2,0,0,0,240000,240000,2,0,26,1,2560,102,0,0,2,0,1,0,1,server_fallback_no_completion,1,0,0,1,120378,1,1,15,25,1346,2458,3,2,0,4,1,0,0,1,310000,first_fragment,receiver_after_channel,0,768,MLKEM768,1,1,client,60000,200030,4,V2_RFRAG_FINAL_ACK_APP_RETRY,0,first_fragment,receiver_after_channel,768,MLKEM768,0,0,1,0,0,1,20000,0,1,0,768,0,0,0,client,200030,0,4,client,0,200030,0,4,V2_RFRAG_FINAL_ACK_APP_RETRY,0,1,first_fragment,receiver_after_channel,0,768,MLKEM768,1,server,200030,4,V2_RFRAG_FINAL_ACK_APP_RETRY,first_fragment,receiver_after_channel,768,MLKEM768,120378,0,0,1,0,1,1,10349,1,0,0,768,0,0,0,0,2,2,0,1,1,server,200030,0,4,server,200030,0,4,V2_RFRAG_FINAL_ACK_APP_RETRY
B-kem1024-fixed-prr0p50-loss1-rep06-seed200006-v4,B-kem1024-fixed-prr0p50-loss1-rep06-seed200006,B-kem1024-fixed-prr0p50-loss1-rep06-seed200006,V2,B_V1_V2_FIRST_LOSS,2026-08-19T02:33:50+00:00,COOJA_SIMULATION,fixed,0.5,,,,first_fragment,1,receiver_after_channel,1,2,1,0,16,96,4,V2_RFRAG_FINAL_ACK_APP_RETRY,1024,200006,6,360,0,1,runs/B-kem1024-fixed-prr0p50-loss1-rep06-seed200006-v4/cooja.log,6fc32dd5a89d0bddb88c37682447ad630fb89aa3b101d1287366f56763801ba2,23229,239,239,end_of_log,success,FAILED_PROTOCOL,client_reported_failure,,1,True,0,0,0,0,0,0,0,0,0,both_motes,0,0,1,0,1,17,0,17,both_motes,1,1,1,applied_after_channel,valid,0,1,route_acquisition_timeout,1568,1568,17,17,1,0,1,0,0,0,125000,125000,1,0,17,0,1688,0,0,0,1,0,1,0,0,server_fallback_no_completion,0,0,0,0,0,0,0,0,14,0,1382,0,1,0,0,0,0,0,1,310000,first_fragment,receiver_after_channel,0,1024,MLKEM1024,1,1,client,60000,200006,4,V2_RFRAG_FINAL_ACK_APP_RETRY,0,first_fragment,receiver_after_channel,1024,MLKEM1024,0,0,0,0,0,0,0,0,0,0,1024,0,0,0,client,200006,0,4,client,0,200006,0,4,V2_RFRAG_FINAL_ACK_APP_RETRY,0,1,first_fragment,receiver_after_channel,0,1024,MLKEM1024,1,server,200006,4,V2_RFRAG_FINAL_ACK_APP_RETRY,first_fragment,receiver_after_channel,1024,MLKEM1024,0,0,0,0,0,0,0,0,0,0,0,1024,0,0,0,0,1,1,0,0,0,server,200006,0,4,server,200006,0,4,V2_RFRAG_FINAL_ACK_APP_RETRY
B-kem1024-fixed-prr0p50-loss1-rep17-seed200017-v4,B-kem1024-fixed-prr0p50-loss1-rep17-seed200017,B-kem1024-fixed-prr0p50-loss1-rep17-seed200017,V2,B_V1_V2_FIRST_LOSS,2026-08-19T02:33:50+00:00,COOJA_SIMULATION,fixed,0.5,,,,first_fragment,1,receiver_after_channel,1,2,1,0,16,96,4,V2_RFRAG_FINAL_ACK_APP_RETRY,1024,200017,17,360,0,1,runs/B-kem1024-fixed-prr0p50-loss1-rep17-seed200017-v4/cooja.log,05f435f94db02b10d06d3f78a4886ccd4a556d1999175a15ea19482ebec11b00,24439,253,253,end_of_log,success,FAILED_PROTOCOL,client_reported_failure,,1,True,0,0,0,0,0,0,0,0,0,both_motes,2,2,1,0,1,19,0,19,both_motes,1,1,1,applied_after_channel,valid,0,1,route_acquisition_timeout,1568,1568,17,17,1,0,1,0,0,0,125000,125000,1,0,19,0,1800,0,2,0,1,2,1,0,0,server_fallback_no_completion,0,0,0,0,0,0,0,0,13,0,1280,0,1,0,0,0,0,0,1,310000,first_fragment,receiver_after_channel,0,1024,MLKEM1024,1,1,client,60000,200017,4,V2_RFRAG_FINAL_ACK_APP_RETRY,0,first_fragment,receiver_after_channel,1024,MLKEM1024,0,0,0,0,0,0,0,0,0,0,1024,0,0,0,client,200017,0,4,client,0,200017,0,4,V2_RFRAG_FINAL_ACK_APP_RETRY,0,1,first_fragment,receiver_after_channel,0,1024,MLKEM1024,1,server,200017,4,V2_RFRAG_FINAL_ACK_APP_RETRY,first_fragment,receiver_after_channel,1024,MLKEM1024,0,0,0,0,0,0,0,0,0,0,0,1024,0,0,0,0,1,1,0,0,0,server,200017,0,4,server,200017,0,4,V2_RFRAG_FINAL_ACK_APP_RETRY
B-kem1024-fixed-prr0p50-loss1-rep19-seed200019-v4,B-kem1024-fixed-prr0p50-loss1-rep19-seed200019,B-kem1024-fixed-prr0p50-loss1-rep19-seed200019,V2,B_V1_V2_FIRST_LOSS,2026-08-19T02:33:50+00:00,COOJA_SIMULATION,fixed,0.5,,,,first_fragment,1,receiver_after_channel,1,2,1,0,16,96,4,V2_RFRAG_FINAL_ACK_APP_RETRY,1024,200019,19,360,0,1,runs/B-kem1024-fixed-prr0p50-loss1-rep19-seed200019-v4/cooja.log,3ab885183a0cf38181a56cd2ee46c6775581fbe17eff1ff7160bc40ad32361d1,25656,266,266,end_of_log,success,FAILED_PROTOCOL,client_reported_failure,,1,True,0,0,0,0,0,0,0,0,0,both_motes,1,1,1,0,1,18,0,18,both_motes,1,1,1,applied_after_channel,valid,0,1,route_acquisition_timeout,1568,1568,17,17,1,0,1,0,0,0,125000,125000,1,0,18,0,1744,0,1,0,1,1,1,0,0,server_fallback_no_completion,0,0,0,0,0,0,0,0,14,0,1382,0,1,0,0,0,0,0,1,310000,first_fragment,receiver_after_channel,0,1024,MLKEM1024,1,1,client,60000,200019,4,V2_RFRAG_FINAL_ACK_APP_RETRY,0,first_fragment,receiver_after_channel,1024,MLKEM1024,0,0,0,0,0,0,0,0,0,0,1024,0,0,0,client,200019,0,4,client,0,200019,0,4,V2_RFRAG_FINAL_ACK_APP_RETRY,0,1,first_fragment,receiver_after_channel,0,1024,MLKEM1024,1,server,200019,4,V2_RFRAG_FINAL_ACK_APP_RETRY,first_fragment,receiver_after_channel,1024,MLKEM1024,0,0,0,0,0,0,0,0,0,0,0,1024,0,0,0,0,1,0,0,0,0,server,200019,0,4,server,200019,0,4,V2_RFRAG_FINAL_ACK_APP_RETRY
B-kem1024-fixed-prr0p50-loss1-rep20-seed200020-v4,B-kem1024-fixed-prr0p50-loss1-rep20-seed200020,B-kem1024-fixed-prr0p50-loss1-rep20-seed200020,V2,B_V1_V2_FIRST_LOSS,2026-08-19T02:33:50+00:00,COOJA_SIMULATION,fixed,0.5,,,,first_fragment,1,receiver_after_channel,1,2,1,0,16,96,4,V2_RFRAG_FINAL_ACK_APP_RETRY,1024,200020,20,360,0,1,runs/B-kem1024-fixed-prr0p50-loss1-rep20-seed200020-v4/cooja.log,1ebbb162ff45c1e508fb3560aee97e6f73d99872dfa79c9ad60e7744e3af2a14,29636,309,309,end_of_log,success_with_warnings,FAILED_PROTOCOL,client_reported_failure,"perte ciblée armée, mais le canal/radio a perdu la trame avant le hook receiver",1,True,0,0,0,0,0,0,0,1,2,both_motes,2,0,2,1,4,36,17,53,both_motes,1,1,0,radio_preempted,valid,0,1,final_application_timeout,1568,1568,17,17,2,1,2,0,0,0,240000,240000,2,0,36,14,3580,1382,2,1,3,0,1,1,1,server_fallback_no_completion,1,0,0,1,120566,1,1,17,31,1688,3070,0,3,1,0,1,0,0,1,310000,first_fragment,receiver_after_channel,0,1024,MLKEM1024,1,1,client,60000,200020,4,V2_RFRAG_FINAL_ACK_APP_RETRY,0,first_fragment,receiver_after_channel,1024,MLKEM1024,0,0,0,0,0,0,0,0,0,0,1024,1,0,0,client,200020,2,4,client,0,200020,0,4,V2_RFRAG_FINAL_ACK_APP_RETRY,0,1,first_fragment,receiver_after_channel,0,1024,MLKEM1024,1,server,200020,4,V2_RFRAG_FINAL_ACK_APP_RETRY,first_fragment,receiver_after_channel,1024,MLKEM1024,120566,0,0,1,0,1,1,10518,1,0,0,1024,1,0,0,0,3,3,0,1,1,server,200020,0,4,server,200020,0,4,V2_RFRAG_FINAL_ACK_APP_RETRY
B-kem1024-fixed-prr0p85-loss1-rep11-seed200011-v4,B-kem1024-fixed-prr0p85-loss1-rep11-seed200011,B-kem1024-fixed-prr0p85-loss1-rep11-seed200011,V2,B_V1_V2_FIRST_LOSS,2026-08-19T02:33:50+00:00,COOJA_SIMULATION,fixed,0.85,,,,first_fragment,1,receiver_after_channel,1,2,1,0,16,96,4,V2_RFRAG_FINAL_ACK_APP_RETRY,1024,200011,11,360,0,1,runs/B-kem1024-fixed-prr0p85-loss1-rep11-seed200011-v4/cooja.log,4084fcfe2263d00d950fbda3c912541a07c9f21ddd198cf379db4fc97e9a51fc,28172,293,293,end_of_log,success,FAILED_PROTOCOL,client_reported_failure,,1,True,0,0,0,0,0,0,0,1,0,both_motes,1,1,2,0,4,35,17,52,both_motes,1,1,1,applied_after_channel,valid,0,1,final_application_timeout,1568,1568,17,17,2,1,2,0,0,0,240000,240000,2,0,35,16,3432,1586,1,1,2,1,1,0,1,server_fallback_no_completion,1,0,0,1,120481,1,1,17,34,1688,3330,0,3,1,0,1,0,0,1,310000,first_fragment,receiver_after_channel,0,1024,MLKEM1024,1,1,client,60000,200011,4,V2_RFRAG_FINAL_ACK_APP_RETRY,0,first_fragment,receiver_after_channel,1024,MLKEM1024,0,0,0,0,0,0,0,0,0,0,1024,1,0,0,client,200011,0,4,client,0,200011,0,4,V2_RFRAG_FINAL_ACK_APP_RETRY,0,1,first_fragment,receiver_after_channel,0,1024,MLKEM1024,1,server,200011,4,V2_RFRAG_FINAL_ACK_APP_RETRY,first_fragment,receiver_after_channel,1024,MLKEM1024,120481,0,0,1,0,1,1,10450,1,0,0,1024,1,0,0,0,3,2,0,1,1,server,200011,0,4,server,200011,0,4,V2_RFRAG_FINAL_ACK_APP_RETRY
B-kem1024-fixed-prr0p85-loss1-rep30-seed200030-v4,B-kem1024-fixed-prr0p85-loss1-rep30-seed200030,B-kem1024-fixed-prr0p85-loss1-rep30-seed200030,V2,B_V1_V2_FIRST_LOSS,2026-08-19T02:33:50+00:00,COOJA_SIMULATION,fixed,0.85,,,,first_fragment,1,receiver_after_channel,1,2,1,0,16,96,4,V2_RFRAG_FINAL_ACK_APP_RETRY,1024,200030,30,360,0,1,runs/B-kem1024-fixed-prr0p85-loss1-rep30-seed200030-v4/cooja.log,2c143d12f66769985a8e4a442b4a599a70438dd7d87fde418ddd88256a5e0d35,29338,305,305,end_of_log,success,FAILED_PROTOCOL,client_reported_failure,,1,True,0,0,0,0,0,0,0,1,1,both_motes,2,1,2,1,4,36,17,53,both_motes,1,1,1,applied_after_channel,valid,0,1,final_application_timeout,1568,1568,17,17,2,1,2,0,0,0,240000,240000,2,0,36,14,3534,1382,2,1,3,1,1,1,1,server_fallback_no_completion,1,0,0,1,121633,1,1,17,32,1688,3172,0,3,1,0,1,0,0,1,310000,first_fragment,receiver_after_channel,0,1024,MLKEM1024,1,1,client,60000,200030,4,V2_RFRAG_FINAL_ACK_APP_RETRY,0,first_fragment,receiver_after_channel,1024,MLKEM1024,0,0,0,0,0,0,0,0,0,0,1024,1,0,0,client,200030,1,4,client,0,200030,0,4,V2_RFRAG_FINAL_ACK_APP_RETRY,0,1,first_fragment,receiver_after_channel,0,1024,MLKEM1024,1,server,200030,4,V2_RFRAG_FINAL_ACK_APP_RETRY,first_fragment,receiver_after_channel,1024,MLKEM1024,121633,0,0,1,0,1,1,11625,1,0,0,1024,1,0,0,0,3,2,0,1,1,server,200030,0,4,server,200030,0,4,V2_RFRAG_FINAL_ACK_APP_RETRY
B-kem1024-fixed-prr0p90-loss1-rep28-seed200028-v4,B-kem1024-fixed-prr0p90-loss1-rep28-seed200028,B-kem1024-fixed-prr0p90-loss1-rep28-seed200028,V2,B_V1_V2_FIRST_LOSS,2026-08-19T02:33:50+00:00,COOJA_SIMULATION,fixed,0.9,,,,first_fragment,1,receiver_after_channel,1,2,1,0,16,96,4,V2_RFRAG_FINAL_ACK_APP_RETRY,1024,200028,28,360,0,1,runs/B-kem1024-fixed-prr0p90-loss1-rep28-seed200028-v4/cooja.log,2ba0346111495c0c6850584e280017b8ade76c957890f39d0917afc4cc40e759,28287,294,294,end_of_log,success,FAILED_PROTOCOL,client_reported_failure,,1,True,0,0,0,0,0,0,0,1,1,both_motes,2,1,2,1,5,35,18,53,both_motes,1,1,1,applied_after_channel,valid,0,1,final_application_timeout,1568,1568,17,17,2,1,2,0,0,0,240000,240000,2,0,35,17,3478,1642,1,2,3,0,1,1,1,server_fallback_no_completion,1,0,0,1,120549,1,1,18,33,1744,3274,1,3,1,1,1,0,0,1,310000,first_fragment,receiver_after_channel,0,1024,MLKEM1024,1,1,client,60000,200028,4,V2_RFRAG_FINAL_ACK_APP_RETRY,0,first_fragment,receiver_after_channel,1024,MLKEM1024,0,0,0,0,0,0,0,0,0,0,1024,1,0,0,client,200028,1,4,client,0,200028,0,4,V2_RFRAG_FINAL_ACK_APP_RETRY,0,1,first_fragment,receiver_after_channel,0,1024,MLKEM1024,1,server,200028,4,V2_RFRAG_FINAL_ACK_APP_RETRY,first_fragment,receiver_after_channel,1024,MLKEM1024,120549,0,0,1,0,1,1,10513,1,0,0,1024,1,0,0,0,3,3,0,1,1,server,200028,0,4,server,200028,0,4,V2_RFRAG_FINAL_ACK_APP_RETRY
B-kem1024-gilbert-prr0p50-L5-loss1-rep29-seed200029-v3,B-kem1024-gilbert-prr0p50-L5-loss1-rep29-seed200029,B-kem1024-gilbert-prr0p50-L5-loss1-rep29-seed200029,V1,B_V1_V2_FIRST_LOSS,2026-08-19T02:33:51+00:00,COOJA_SIMULATION,gilbert,0.5,5.0,0.2,0.2,first_fragment,1,receiver_after_channel,1,2,1,0,16,96,3,V1_RFRAG_INITIAL_FINAL_ACK,1024,200029,29,360,0,0,runs/B-kem1024-gilbert-prr0p50-L5-loss1-rep29-seed200029-v3/cooja.log,d7dc50a8d6ae00d9ac0d627dc83cf321dc42f6095e4524f2a4c142501b75068d,13547,124,124,end_of_log,success,FAILED_PROTOCOL,client_reported_failure,,1,True,0,0,0,0,0,0,0,0,0,both_motes,3,4,0,0,2,4,0,4,both_motes,1,1,1,applied_after_channel,valid,0,1,final_application_timeout,1568,1568,17,17,1,0,1,0,0,0,120000,120000,1,0,4,0,408,0,3,0,0,4,0,0,0,server_fallback_no_completion,0,0,0,0,0,0,0,0,2,0,204,0,2,0,0,0,0,1,0,190000,first_fragment,receiver_after_channel,0,1024,MLKEM1024,0,1,client,60000,200029,3,V1_RFRAG_FIRST_FINAL_ACK,0,first_fragment,receiver_after_channel,1024,MLKEM1024,0,0,0,0,0,0,0,0,0,0,1024,0,0,0,client,200029,0,3,client,0,200029,0,3,V1_RFRAG_FIRST_FINAL_ACK,1,0,first_fragment,receiver_after_channel,0,1024,MLKEM1024,1,server,200029,3,V1_RFRAG_FIRST_FINAL_ACK,first_fragment,receiver_after_channel,1024,MLKEM1024,0,0,0,1,0,0,1,22034,0,1,0,1024,0,0,0,0,2,0,0,0,0,server,200029,0,3,server,200029,0,3,V1_RFRAG_FIRST_FINAL_ACK
B-kem1024-gilbert-prr0p50-L5-loss1-rep29-seed200029-v4,B-kem1024-gilbert-prr0p50-L5-loss1-rep29-seed200029,B-kem1024-gilbert-prr0p50-L5-loss1-rep29-seed200029,V2,B_V1_V2_FIRST_LOSS,2026-08-19T02:33:51+00:00,COOJA_SIMULATION,gilbert,0.5,5.0,0.2,0.2,first_fragment,1,receiver_after_channel,1,2,1,0,16,96,4,V2_RFRAG_FINAL_ACK_APP_RETRY,1024,200029,29,360,0,1,runs/B-kem1024-gilbert-prr0p50-L5-loss1-rep29-seed200029-v4/cooja.log,e496aa115702e43128a7f5c1cf8aa28b763f10013299f8f2f00923eca289f6c0,17702,174,174,end_of_log,success,FAILED_PROTOCOL,client_reported_failure,,1,True,0,0,0,0,0,0,0,0,0,both_motes,3,4,0,0,0,20,0,20,both_motes,1,1,1,applied_after_channel,valid,0,1,route_acquisition_timeout,1568,1568,17,17,1,0,1,0,0,0,125000,125000,1,0,20,0,1856,0,3,0,0,4,0,0,0,server_fallback_no_completion,0,0,0,0,0,0,0,0,3,0,306,0,0,0,0,0,0,0,1,310000,first_fragment,receiver_after_channel,0,1024,MLKEM1024,1,1,client,60000,200029,4,V2_RFRAG_FINAL_ACK_APP_RETRY,0,first_fragment,receiver_after_channel,1024,MLKEM1024,0,0,0,0,0,0,0,0,0,0,1024,0,0,0,client,200029,0,4,client,0,200029,0,4,V2_RFRAG_FINAL_ACK_APP_RETRY,0,1,first_fragment,receiver_after_channel,0,1024,MLKEM1024,1,server,200029,4,V2_RFRAG_FINAL_ACK_APP_RETRY,first_fragment,receiver_after_channel,1024,MLKEM1024,0,0,0,0,0,0,0,0,0,0,0,1024,0,0,0,0,0,0,0,0,0,server,200029,0,4,server,200029,0,4,V2_RFRAG_FINAL_ACK_APP_RETRY
B-kem1024-gilbert-prr0p50-L10-loss1-rep04-seed200004-v3,B-kem1024-gilbert-prr0p50-L10-loss1-rep04-seed200004,B-kem1024-gilbert-prr0p50-L10-loss1-rep04-seed200004,V1,B_V1_V2_FIRST_LOSS,2026-08-19T02:33:51+00:00,COOJA_SIMULATION,gilbert,0.5,10.0,0.1,0.1,first_fragment,1,receiver_after_channel,1,2,1,0,16,96,3,V1_RFRAG_INITIAL_FINAL_ACK,1024,200004,4,360,0,0,runs/B-kem1024-gilbert-prr0p50-L10-loss1-rep04-seed200004-v3/cooja.log,21a82492a2ab9c3e5581944764d990088ef8b05fd9b9c3e3370399ba4baa6f4e,13268,122,122,end_of_log,success,FAILED_PROTOCOL,client_reported_failure,,1,True,0,0,0,0,0,0,0,0,0,both_motes,3,4,0,0,0,4,0,4,both_motes,1,1,1,applied_after_channel,valid,0,1,final_application_timeout,1568,1568,17,17,1,0,1,0,0,0,120000,120000,1,0,4,0,408,0,3,0,0,4,0,0,0,server_fallback_no_completion,0,0,0,0,0,0,0,0,0,0,0,0,0,0,0,0,0,1,0,190000,first_fragment,receiver_after_channel,0,1024,MLKEM1024,0,1,client,60000,200004,3,V1_RFRAG_FIRST_FINAL_ACK,0,first_fragment,receiver_after_channel,1024,MLKEM1024,0,0,0,0,0,0,0,0,0,0,1024,0,0,0,client,200004,0,3,client,0,200004,0,3,V1_RFRAG_FIRST_FINAL_ACK,1,0,first_fragment,receiver_after_channel,0,1024,MLKEM1024,1,server,200004,3,V1_RFRAG_FIRST_FINAL_ACK,first_fragment,receiver_after_channel,1024,MLKEM1024,0,0,0,0,0,0,0,0,0,0,0,1024,0,0,0,0,0,0,0,0,0,server,200004,0,3,server,200004,0,3,V1_RFRAG_FIRST_FINAL_ACK
B-kem1024-gilbert-prr0p50-L10-loss1-rep04-seed200004-v4,B-kem1024-gilbert-prr0p50-L10-loss1-rep04-seed200004,B-kem1024-gilbert-prr0p50-L10-loss1-rep04-seed200004,V2,B_V1_V2_FIRST_LOSS,2026-08-19T02:33:51+00:00,COOJA_SIMULATION,gilbert,0.5,10.0,0.1,0.1,first_fragment,1,receiver_after_channel,1,2,1,0,16,96,4,V2_RFRAG_FINAL_ACK_APP_RETRY,1024,200004,4,360,0,1,runs/B-kem1024-gilbert-prr0p50-L10-loss1-rep04-seed200004-v4/cooja.log,871d247dde2ade9b03234299ada65dd2f25072f772110e0f7fe5fc5c783d97ef,23041,233,233,end_of_log,success,FAILED_PROTOCOL,client_reported_failure,,1,True,0,0,0,0,0,0,0,0,0,both_motes,1,1,1,0,1,18,0,18,both_motes,1,1,1,applied_after_channel,valid,0,1,route_acquisition_timeout,1568,1568,17,17,1,0,1,0,0,0,125000,125000,1,0,18,0,1744,0,1,0,1,1,1,0,0,server_fallback_no_completion,0,0,0,0,0,0,0,0,1,0,56,0,1,0,0,0,0,0,1,310000,first_fragment,receiver_after_channel,0,1024,MLKEM1024,1,1,client,60000,200004,4,V2_RFRAG_FINAL_ACK_APP_RETRY,0,first_fragment,receiver_after_channel,1024,MLKEM1024,0,0,0,0,0,0,0,0,0,0,1024,0,0,0,client,200004,0,4,client,0,200004,0,4,V2_RFRAG_FINAL_ACK_APP_RETRY,0,1,first_fragment,receiver_after_channel,0,1024,MLKEM1024,1,server,200004,4,V2_RFRAG_FINAL_ACK_APP_RETRY,first_fragment,receiver_after_channel,1024,MLKEM1024,0,0,0,0,0,0,0,0,0,0,0,1024,0,0,0,0,1,1,0,0,0,server,200004,0,4,server,200004,0,4,V2_RFRAG_FINAL_ACK_APP_RETRY
B-kem1024-gilbert-prr0p50-L10-loss1-rep06-seed200006-v3,B-kem1024-gilbert-prr0p50-L10-loss1-rep06-seed200006,B-kem1024-gilbert-prr0p50-L10-loss1-rep06-seed200006,V1,B_V1_V2_FIRST_LOSS,2026-08-19T02:33:51+00:00,COOJA_SIMULATION,gilbert,0.5,10.0,0.1,0.1,first_fragment,1,receiver_after_channel,1,2,1,0,16,96,3,V1_RFRAG_INITIAL_FINAL_ACK,1024,200006,6,360,0,0,runs/B-kem1024-gilbert-prr0p50-L10-loss1-rep06-seed200006-v3/cooja.log,4a6b5881d442f33c3b21e5dc431cf0d4ba7736120ac4f0d2b22808abbb498f79,20967,211,211,end_of_log,success,FAILED_PROTOCOL,client_reported_failure,,1,True,0,0,0,0,0,0,0,0,15,both_motes,18,4,0,2,2,35,0,35,both_motes,1,1,1,applied_after_channel,valid,0,1,final_application_timeout,1568,1568,17,17,1,0,1,0,0,0,120000,120000,1,0,35,0,3524,0,18,0,2,4,0,2,0,server_fallback_no_completion,0,0,0,0,0,0,0,0,4,0,362,0,2,0,0,0,0,1,0,190000,first_fragment,receiver_after_channel,0,1024,MLKEM1024,0,1,client,60000,200006,3,V1_RFRAG_FIRST_FINAL_ACK,0,first_fragment,receiver_after_channel,1024,MLKEM1024,0,0,0,0,0,0,0,0,0,0,1024,0,0,0,client,200006,15,3,client,0,200006,0,3,V1_RFRAG_FIRST_FINAL_ACK,1,0,first_fragment,receiver_after_channel,0,1024,MLKEM1024,1,server,200006,3,V1_RFRAG_FIRST_FINAL_ACK,first_fragment,receiver_after_channel,1024,MLKEM1024,0,0,0,1,0,0,1,20955,0,1,0,1024,0,0,0,0,2,1,0,0,0,server,200006,0,3,server,200006,0,3,V1_RFRAG_FIRST_FINAL_ACK
B-kem1024-gilbert-prr0p50-L10-loss1-rep06-seed200006-v4,B-kem1024-gilbert-prr0p50-L10-loss1-rep06-seed200006,B-kem1024-gilbert-prr0p50-L10-loss1-rep06-seed200006,V2,B_V1_V2_FIRST_LOSS,2026-08-19T02:33:51+00:00,COOJA_SIMULATION,gilbert,0.5,10.0,0.1,0.1,first_fragment,1,receiver_after_channel,1,2,1,0,16,96,4,V2_RFRAG_FINAL_ACK_APP_RETRY,1024,200006,6,360,0,1,runs/B-kem1024-gilbert-prr0p50-L10-loss1-rep06-seed200006-v4/cooja.log,013cf9e9d783e0850467b966476202234ee7caf391582fa1e9e2f1e32afca1bc,19014,189,189,end_of_log,success,FAILED_PROTOCOL,client_reported_failure,,1,True,0,0,0,0,0,0,0,0,0,both_motes,3,3,1,0,1,20,0,20,both_motes,1,1,1,applied_after_channel,valid,0,1,route_acquisition_timeout,1568,1568,17,17,1,0,1,0,0,0,125000,125000,1,0,20,0,1856,0,3,0,1,3,1,0,0,server_fallback_no_completion,0,0,0,0,0,0,0,0,2,0,158,0,1,0,0,0,0,0,1,310000,first_fragment,receiver_after_channel,0,1024,MLKEM1024,1,1,client,60000,200006,4,V2_RFRAG_FINAL_ACK_APP_RETRY,0,first_fragment,receiver_after_channel,1024,MLKEM1024,0,0,0,0,0,0,0,0,0,0,1024,0,0,0,client,200006,0,4,client,0,200006,0,4,V2_RFRAG_FINAL_ACK_APP_RETRY,0,1,first_fragment,receiver_after_channel,0,1024,MLKEM1024,1,server,200006,4,V2_RFRAG_FINAL_ACK_APP_RETRY,first_fragment,receiver_after_channel,1024,MLKEM1024,0,0,0,0,0,0,0,0,0,0,0,1024,0,0,0,0,1,1,0,0,0,server,200006,0,4,server,200006,0,4,V2_RFRAG_FINAL_ACK_APP_RETRY
B-kem1024-gilbert-prr0p50-L10-loss1-rep19-seed200019-v3,B-kem1024-gilbert-prr0p50-L10-loss1-rep19-seed200019,B-kem1024-gilbert-prr0p50-L10-loss1-rep19-seed200019,V1,B_V1_V2_FIRST_LOSS,2026-08-19T02:33:51+00:00,COOJA_SIMULATION,gilbert,0.5,10.0,0.1,0.1,first_fragment,1,receiver_after_channel,1,2,1,0,16,96,3,V1_RFRAG_INITIAL_FINAL_ACK,1024,200019,19,360,0,0,runs/B-kem1024-gilbert-prr0p50-L10-loss1-rep19-seed200019-v3/cooja.log,49d064c2f6f3fd943a11ea9147d01fe66e0e0fd0b6c1ffbe9a6d3c0ab7206d09,27169,275,275,end_of_log,success_with_warnings,FAILED_PROTOCOL,client_reported_failure,"perte ciblée armée, mais le canal/radio a perdu la trame avant le hook receiver",1,True,0,0,0,0,0,0,0,0,2,both_motes,8,7,0,3,4,22,20,42,both_motes,1,1,0,radio_preempted,valid,0,1,final_application_timeout,1568,1568,17,17,1,0,1,0,0,0,120000,120000,1,0,22,1,2198,102,5,1,3,3,0,2,1,ct_transport_completion_timeout,1,0,0,1,7765,1,1,20,17,1856,1688,3,3,1,4,0,0,1,0,190000,first_fragment,receiver_after_channel,0,1024,MLKEM1024,0,1,client,60000,200019,3,V1_RFRAG_FIRST_FINAL_ACK,0,first_fragment,receiver_after_channel,1024,MLKEM1024,0,0,1,0,0,1,20000,0,1,0,1024,1,0,0,client,200019,2,3,client,0,200019,0,3,V1_RFRAG_FIRST_FINAL_ACK,1,0,first_fragment,receiver_after_channel,0,1024,MLKEM1024,1,server,200019,3,V1_RFRAG_FIRST_FINAL_ACK,first_fragment,receiver_after_channel,1024,MLKEM1024,7765,0,0,1,0,1,1,10637,1,0,0,1024,0,1,0,0,3,3,0,1,1,server,200019,0,3,server,200019,0,3,V1_RFRAG_FIRST_FINAL_ACK
B-kem1024-gilbert-prr0p50-L10-loss1-rep19-seed200019-v4,B-kem1024-gilbert-prr0p50-L10-loss1-rep19-seed200019,B-kem1024-gilbert-prr0p50-L10-loss1-rep19-seed200019,V2,B_V1_V2_FIRST_LOSS,2026-08-19T02:33:51+00:00,COOJA_SIMULATION,gilbert,0.5,10.0,0.1,0.1,first_fragment,1,receiver_after_channel,1,2,1,0,16,96,4,V2_RFRAG_FINAL_ACK_APP_RETRY,1024,200019,19,360,0,1,runs/B-kem1024-gilbert-prr0p50-L10-loss1-rep19-seed200019-v4/cooja.log,19bb60499b2a725eeafd1156a5089572fbfecfa2f001644beec8695210a98322,23238,237,237,end_of_log,success_with_warnings,FAILED_PROTOCOL,client_reported_failure,"perte ciblée armée, mais le canal/radio a perdu la trame avant le hook receiver",1,True,0,0,0,0,0,0,0,1,0,both_motes,3,4,1,0,1,37,0,37,both_motes,1,1,0,radio_preempted,valid,0,1,final_application_timeout,1568,1568,17,17,2,1,2,0,0,0,240000,240000,2,0,37,0,3544,0,3,0,1,4,1,0,0,server_fallback_no_completion,0,0,0,0,0,0,0,0,16,0,1586,0,1,0,0,1,0,0,1,310000,first_fragment,receiver_after_channel,0,1024,MLKEM1024,1,1,client,60000,200019,4,V2_RFRAG_FINAL_ACK_APP_RETRY,0,first_fragment,receiver_after_channel,1024,MLKEM1024,0,0,0,0,0,0,0,0,0,0,1024,0,0,0,client,200019,0,4,client,0,200019,0,4,V2_RFRAG_FINAL_ACK_APP_RETRY,0,1,first_fragment,receiver_after_channel,0,1024,MLKEM1024,1,server,200019,4,V2_RFRAG_FINAL_ACK_APP_RETRY,first_fragment,receiver_after_channel,1024,MLKEM1024,0,0,0,1,0,0,1,20046,0,1,0,1024,0,0,0,0,1,1,0,0,0,server,200019,0,4,server,200019,0,4,V2_RFRAG_FINAL_ACK_APP_RETRY
B-kem1024-gilbert-prr0p50-L10-loss1-rep29-seed200029-v3,B-kem1024-gilbert-prr0p50-L10-loss1-rep29-seed200029,B-kem1024-gilbert-prr0p50-L10-loss1-rep29-seed200029,V1,B_V1_V2_FIRST_LOSS,2026-08-19T02:33:51+00:00,COOJA_SIMULATION,gilbert,0.5,10.0,0.1,0.1,first_fragment,1,receiver_after_channel,1,2,1,0,16,96,3,V1_RFRAG_INITIAL_FINAL_ACK,1024,200029,29,360,0,0,runs/B-kem1024-gilbert-prr0p50-L10-loss1-rep29-seed200029-v3/cooja.log,5dc9d66906fa5bf7d89f6670be33b7f973c8aeb9ba60c044cd05c54d1e4e38e3,17700,172,172,end_of_log,success,FAILED_PROTOCOL,client_reported_failure,,1,True,0,0,0,0,0,0,0,0,0,both_motes,5,6,0,1,2,22,0,22,both_motes,1,1,1,applied_after_channel,valid,0,1,final_application_timeout,1568,1568,17,17,1,0,1,0,0,0,120000,120000,1,0,22,0,2060,0,5,0,1,6,0,1,0,server_fallback_no_completion,0,0,0,0,0,0,0,0,3,0,306,0,2,0,0,0,0,1,0,190000,first_fragment,receiver_after_channel,0,1024,MLKEM1024,0,1,client,60000,200029,3,V1_RFRAG_FIRST_FINAL_ACK,0,first_fragment,receiver_after_channel,1024,MLKEM1024,0,0,0,0,0,0,0,0,0,0,1024,0,0,0,client,200029,0,3,client,0,200029,0,3,V1_RFRAG_FIRST_FINAL_ACK,1,0,first_fragment,receiver_after_channel,0,1024,MLKEM1024,1,server,200029,3,V1_RFRAG_FIRST_FINAL_ACK,first_fragment,receiver_after_channel,1024,MLKEM1024,0,0,0,1,0,0,1,22047,0,1,0,1024,0,0,0,0,2,0,0,0,0,server,200029,0,3,server,200029,0,3,V1_RFRAG_FIRST_FINAL_ACK
B-kem1024-gilbert-prr0p50-L10-loss1-rep29-seed200029-v4,B-kem1024-gilbert-prr0p50-L10-loss1-rep29-seed200029,B-kem1024-gilbert-prr0p50-L10-loss1-rep29-seed200029,V2,B_V1_V2_FIRST_LOSS,2026-08-19T02:33:51+00:00,COOJA_SIMULATION,gilbert,0.5,10.0,0.1,0.1,first_fragment,1,receiver_after_channel,1,2,1,0,16,96,4,V2_RFRAG_FINAL_ACK_APP_RETRY,1024,200029,29,360,0,1,runs/B-kem1024-gilbert-prr0p50-L10-loss1-rep29-seed200029-v4/cooja.log,2913e0cd414a40febf935e10302972bfbf584f7207de6569be1cf68cf42b743e,16176,157,157,end_of_log,success,FAILED_PROTOCOL,client_reported_failure,,1,True,0,0,0,0,0,0,0,0,0,both_motes,3,4,0,0,0,20,0,20,both_motes,1,1,1,applied_after_channel,valid,0,1,route_acquisition_timeout,1568,1568,17,17,1,0,1,0,0,0,125000,125000,1,0,20,0,1856,0,3,0,0,4,0,0,0,server_fallback_no_completion,0,0,0,0,0,0,0,0,4,0,408,0,0,0,0,0,0,0,1,310000,first_fragment,receiver_after_channel,0,1024,MLKEM1024,1,1,client,60000,200029,4,V2_RFRAG_FINAL_ACK_APP_RETRY,0,first_fragment,receiver_after_channel,1024,MLKEM1024,0,0,0,0,0,0,0,0,0,0,1024,0,0,0,client,200029,0,4,client,0,200029,0,4,V2_RFRAG_FINAL_ACK_APP_RETRY,0,1,first_fragment,receiver_after_channel,0,1024,MLKEM1024,1,server,200029,4,V2_RFRAG_FINAL_ACK_APP_RETRY,first_fragment,receiver_after_channel,1024,MLKEM1024,0,0,0,0,0,0,0,0,0,0,0,1024,0,0,0,0,0,0,0,0,0,server,200029,0,4,server,200029,0,4,V2_RFRAG_FINAL_ACK_APP_RETRY
B-kem1024-gilbert-prr0p85-L2-loss1-rep01-seed200001-v4,B-kem1024-gilbert-prr0p85-L2-loss1-rep01-seed200001,B-kem1024-gilbert-prr0p85-L2-loss1-rep01-seed200001,V2,B_V1_V2_FIRST_LOSS,2026-08-19T02:33:51+00:00,COOJA_SIMULATION,gilbert,0.85,2.0,0.0882352941,0.5,first_fragment,1,receiver_after_channel,1,2,1,0,16,96,4,V2_RFRAG_FINAL_ACK_APP_RETRY,1024,200001,1,360,0,1,runs/B-kem1024-gilbert-prr0p85-L2-loss1-rep01-seed200001-v4/cooja.log,97140200c962c1eeca47bc00133623aa22e7898fac0b5ece725c559f6c558903,25573,261,261,end_of_log,success_with_warnings,FAILED_PROTOCOL,client_reported_failure,"perte ciblée armée, mais le canal/radio a perdu la trame avant le hook receiver",1,True,0,0,0,0,0,0,0,1,2,both_motes,4,3,1,1,2,38,0,38,both_motes,1,1,0,radio_preempted,valid,0,1,final_application_timeout,1568,1568,17,17,2,1,2,0,0,0,240000,240000,2,0,38,0,3784,0,4,0,2,3,1,1,0,server_fallback_no_completion,0,0,0,0,0,0,0,0,30,0,2968,0,2,0,0,1,0,0,1,310000,first_fragment,receiver_after_channel,0,1024,MLKEM1024,1,1,client,60000,200001,4,V2_RFRAG_FINAL_ACK_APP_RETRY,0,first_fragment,receiver_after_channel,1024,MLKEM1024,0,0,0,0,0,0,0,0,0,0,1024,0,0,0,client,200001,2,4,client,0,200001,0,4,V2_RFRAG_FINAL_ACK_APP_RETRY,0,1,first_fragment,receiver_after_channel,0,1024,MLKEM1024,1,server,200001,4,V2_RFRAG_FINAL_ACK_APP_RETRY,first_fragment,receiver_after_channel,1024,MLKEM1024,0,0,0,1,0,0,1,20504,0,1,0,1024,0,0,0,0,2,1,0,0,0,server,200001,0,4,server,200001,0,4,V2_RFRAG_FINAL_ACK_APP_RETRY
B-kem1024-gilbert-prr0p85-L2-loss1-rep04-seed200004-v3,B-kem1024-gilbert-prr0p85-L2-loss1-rep04-seed200004,B-kem1024-gilbert-prr0p85-L2-loss1-rep04-seed200004,V1,B_V1_V2_FIRST_LOSS,2026-08-19T02:33:51+00:00,COOJA_SIMULATION,gilbert,0.85,2.0,0.0882352941,0.5,first_fragment,1,receiver_after_channel,1,2,1,0,16,96,3,V1_RFRAG_INITIAL_FINAL_ACK,1024,200004,4,360,0,0,runs/B-kem1024-gilbert-prr0p85-L2-loss1-rep04-seed200004-v3/cooja.log,272489f64be414dfb71704de58a80f88f5bbe409be06866341e10eb4fa3a7e4d,33654,344,344,end_of_log,success,FAILED_PROTOCOL,client_reported_failure,,1,True,0,0,0,0,0,0,0,0,5,both_motes,10,6,0,4,7,21,23,44,both_motes,1,1,1,applied_after_channel,valid,0,1,final_application_timeout,1568,1568,17,17,1,0,1,0,0,0,120000,120000,1,0,21,17,2096,1688,4,4,3,3,0,2,1,ct_transport_completion_timeout,1,0,0,1,7617,1,1,23,17,2300,1688,6,3,2,3,0,0,1,0,190000,first_fragment,receiver_after_channel,0,1024,MLKEM1024,0,1,client,60000,200004,3,V1_RFRAG_FIRST_FINAL_ACK,0,first_fragment,receiver_after_channel,1024,MLKEM1024,0,0,1,0,0,1,23680,0,1,0,1024,2,0,0,client,200004,1,3,client,0,200004,0,3,V1_RFRAG_FIRST_FINAL_ACK,1,0,first_fragment,receiver_after_channel,0,1024,MLKEM1024,1,server,200004,3,V1_RFRAG_FIRST_FINAL_ACK,first_fragment,receiver_after_channel,1024,MLKEM1024,7617,0,0,1,0,1,1,10539,1,0,0,1024,0,2,0,0,3,2,0,1,1,server,200004,4,3,server,200004,0,3,V1_RFRAG_FIRST_FINAL_ACK
B-kem1024-gilbert-prr0p85-L2-loss1-rep04-seed200004-v4,B-kem1024-gilbert-prr0p85-L2-loss1-rep04-seed200004,B-kem1024-gilbert-prr0p85-L2-loss1-rep04-seed200004,V2,B_V1_V2_FIRST_LOSS,2026-08-19T02:33:51+00:00,COOJA_SIMULATION,gilbert,0.85,2.0,0.0882352941,0.5,first_fragment,1,receiver_after_channel,1,2,1,0,16,96,4,V2_RFRAG_FINAL_ACK_APP_RETRY,1024,200004,4,360,0,1,runs/B-kem1024-gilbert-prr0p85-L2-loss1-rep04-seed200004-v4/cooja.log,dab635d39e146ab2a6e8ef83594bbe9e9ccac385f4e8373c7e171472bdf04425,27384,286,286,end_of_log,success,FAILED_PROTOCOL,client_reported_failure,,1,True,0,0,0,0,0,0,0,0,0,both_motes,0,0,1,0,1,17,0,17,both_motes,1,1,1,applied_after_channel,valid,0,1,route_acquisition_timeout,1568,1568,17,17,1,0,1,0,0,0,125000,125000,1,0,17,0,1688,0,0,0,1,0,1,0,0,server_fallback_no_completion,0,0,0,0,0,0,0,0,13,0,1280,0,1,0,0,0,0,0,1,310000,first_fragment,receiver_after_channel,0,1024,MLKEM1024,1,1,client,60000,200004,4,V2_RFRAG_FINAL_ACK_APP_RETRY,0,first_fragment,receiver_after_channel,1024,MLKEM1024,0,0,0,0,0,0,0,0,0,0,1024,0,0,0,client,200004,0,4,client,0,200004,0,4,V2_RFRAG_FINAL_ACK_APP_RETRY,0,1,first_fragment,receiver_after_channel,0,1024,MLKEM1024,1,server,200004,4,V2_RFRAG_FINAL_ACK_APP_RETRY,first_fragment,receiver_after_channel,1024,MLKEM1024,0,0,0,0,0,0,0,0,0,0,0,1024,0,0,0,0,1,1,0,0,0,server,200004,0,4,server,200004,0,4,V2_RFRAG_FINAL_ACK_APP_RETRY
B-kem1024-gilbert-prr0p85-L2-loss1-rep06-seed200006-v4,B-kem1024-gilbert-prr0p85-L2-loss1-rep06-seed200006,B-kem1024-gilbert-prr0p85-L2-loss1-rep06-seed200006,V2,B_V1_V2_FIRST_LOSS,2026-08-19T02:33:51+00:00,COOJA_SIMULATION,gilbert,0.85,2.0,0.0882352941,0.5,first_fragment,1,receiver_after_channel,1,2,1,0,16,96,4,V2_RFRAG_FINAL_ACK_APP_RETRY,1024,200006,6,360,0,1,runs/B-kem1024-gilbert-prr0p85-L2-loss1-rep06-seed200006-v4/cooja.log,d211f192542f5e99101c6e8bc6ad291dadb0f6c16190130a38e76ac7ecb61c5f,24582,256,256,end_of_log,success,FAILED_PROTOCOL,client_reported_failure,,1,True,0,0,0,0,0,0,0,1,0,both_motes,3,4,1,0,2,37,0,37,both_motes,1,1,1,applied_after_channel,valid,0,1,final_application_timeout,1568,1568,17,17,2,1,2,0,0,0,240000,240000,2,0,37,0,3544,0,3,0,1,4,1,0,0,server_fallback_no_completion,0,0,0,0,0,0,0,0,30,0,2968,0,2,0,0,1,0,0,1,310000,first_fragment,receiver_after_channel,0,1024,MLKEM1024,1,1,client,60000,200006,4,V2_RFRAG_FINAL_ACK_APP_RETRY,0,first_fragment,receiver_after_channel,1024,MLKEM1024,0,0,0,0,0,0,0,0,0,0,1024,0,0,0,client,200006,0,4,client,0,200006,0,4,V2_RFRAG_FINAL_ACK_APP_RETRY,0,1,first_fragment,receiver_after_channel,0,1024,MLKEM1024,1,server,200006,4,V2_RFRAG_FINAL_ACK_APP_RETRY,first_fragment,receiver_after_channel,1024,MLKEM1024,0,0,0,0,0,0,0,0,0,0,0,1024,0,0,0,0,2,1,0,0,0,server,200006,0,4,server,200006,0,4,V2_RFRAG_FINAL_ACK_APP_RETRY
B-kem1024-gilbert-prr0p85-L2-loss1-rep07-seed200007-v4,B-kem1024-gilbert-prr0p85-L2-loss1-rep07-seed200007,B-kem1024-gilbert-prr0p85-L2-loss1-rep07-seed200007,V2,B_V1_V2_FIRST_LOSS,2026-08-19T02:33:51+00:00,COOJA_SIMULATION,gilbert,0.85,2.0,0.0882352941,0.5,first_fragment,1,receiver_after_channel,1,2,1,0,16,96,4,V2_RFRAG_FINAL_ACK_APP_RETRY,1024,200007,7,360,0,1,runs/B-kem1024-gilbert-prr0p85-L2-loss1-rep07-seed200007-v4/cooja.log,3249a17f66b3e43d88b6ba767e6f4c584ebd418583c8cc4250d381925f55cfea,34226,360,360,end_of_log,success,FAILED_PROTOCOL,client_reported_failure,,1,True,0,0,0,0,0,0,0,1,4,both_motes,6,2,2,1,4,40,17,57,both_motes,1,1,1,applied_after_channel,valid,0,1,final_application_timeout,1568,1568,17,17,2,1,2,0,0,0,240000,240000,2,0,40,11,3896,1076,6,1,3,2,1,1,1,server_fallback_no_completion,1,0,0,1,123670,1,1,17,33,1688,3274,0,3,1,0,1,0,0,1,310000,first_fragment,receiver_after_channel,0,1024,MLKEM1024,1,1,client,60000,200007,4,V2_RFRAG_FINAL_ACK_APP_RETRY,0,first_fragment,receiver_after_channel,1024,MLKEM1024,0,0,0,0,0,0,0,0,0,0,1024,1,0,0,client,200007,4,4,client,0,200007,0,4,V2_RFRAG_FINAL_ACK_APP_RETRY,0,1,first_fragment,receiver_after_channel,0,1024,MLKEM1024,1,server,200007,4,V2_RFRAG_FINAL_ACK_APP_RETRY,first_fragment,receiver_after_channel,1024,MLKEM1024,123670,0,0,1,0,1,1,13636,1,0,0,1024,1,0,0,0,3,3,0,1,1,server,200007,0,4,server,200007,0,4,V2_RFRAG_FINAL_ACK_APP_RETRY
B-kem1024-gilbert-prr0p85-L2-loss1-rep09-seed200009-v4,B-kem1024-gilbert-prr0p85-L2-loss1-rep09-seed200009,B-kem1024-gilbert-prr0p85-L2-loss1-rep09-seed200009,V2,B_V1_V2_FIRST_LOSS,2026-08-19T02:33:51+00:00,COOJA_SIMULATION,gilbert,0.85,2.0,0.0882352941,0.5,first_fragment,1,receiver_after_channel,1,2,1,0,16,96,4,V2_RFRAG_FINAL_ACK_APP_RETRY,1024,200009,9,360,0,1,runs/B-kem1024-gilbert-prr0p85-L2-loss1-rep09-seed200009-v4/cooja.log,57c1391c595013d4ece228f5d8bd4911010dada1d8b224c4451cee4dbbe956a1,23423,242,242,end_of_log,success_with_warnings,FAILED_PROTOCOL,client_reported_failure,"perte ciblée armée, mais le canal/radio a perdu la trame avant le hook receiver",1,True,0,0,0,0,0,0,0,0,0,both_motes,3,4,0,0,2,20,0,20,both_motes,1,1,0,radio_preempted,valid,0,1,route_acquisition_timeout,1568,1568,17,17,1,0,1,0,0,0,125000,125000,1,0,20,0,1856,0,3,0,0,4,0,0,0,server_fallback_no_completion,0,0,0,0,0,0,0,0,11,0,1030,0,2,0,0,0,0,0,1,310000,first_fragment,receiver_after_channel,0,1024,MLKEM1024,1,1,client,60000,200009,4,V2_RFRAG_FINAL_ACK_APP_RETRY,0,first_fragment,receiver_after_channel,1024,MLKEM1024,0,0,0,0,0,0,0,0,0,0,1024,0,0,0,client,200009,0,4,client,0,200009,0,4,V2_RFRAG_FINAL_ACK_APP_RETRY,0,1,first_fragment,receiver_after_channel,0,1024,MLKEM1024,1,server,200009,4,V2_RFRAG_FINAL_ACK_APP_RETRY,first_fragment,receiver_after_channel,1024,MLKEM1024,0,0,0,0,0,0,0,0,0,0,0,1024,0,0,0,0,2,0,0,0,0,server,200009,0,4,server,200009,0,4,V2_RFRAG_FINAL_ACK_APP_RETRY
B-kem1024-gilbert-prr0p85-L2-loss1-rep10-seed200010-v4,B-kem1024-gilbert-prr0p85-L2-loss1-rep10-seed200010,B-kem1024-gilbert-prr0p85-L2-loss1-rep10-seed200010,V2,B_V1_V2_FIRST_LOSS,2026-08-19T02:33:51+00:00,COOJA_SIMULATION,gilbert,0.85,2.0,0.0882352941,0.5,first_fragment,1,receiver_after_channel,1,2,1,0,16,96,4,V2_RFRAG_FINAL_ACK_APP_RETRY,1024,200010,10,360,0,1,runs/B-kem1024-gilbert-prr0p85-L2-loss1-rep10-seed200010-v4/cooja.log,8dc2b381995ff8645f31bd50cbc92b2ec17e241ad45484f4105dd2a0ffe23aa8,26316,275,275,end_of_log,success,FAILED_PROTOCOL,client_reported_failure,,1,True,0,0,0,0,0,0,0,0,0,both_motes,3,4,0,0,4,20,0,20,both_motes,1,1,1,applied_after_channel,valid,0,1,route_acquisition_timeout,1568,1568,17,17,1,0,1,0,0,0,125000,125000,1,0,20,0,1856,0,3,0,0,4,0,0,0,server_fallback_no_completion,0,0,0,0,0,0,0,0,17,0,1550,0,4,0,0,0,0,0,1,310000,first_fragment,receiver_after_channel,0,1024,MLKEM1024,1,1,client,60000,200010,4,V2_RFRAG_FINAL_ACK_APP_RETRY,0,first_fragment,receiver_after_channel,1024,MLKEM1024,0,0,0,0,0,0,0,0,0,0,1024,0,0,0,client,200010,0,4,client,0,200010,0,4,V2_RFRAG_FINAL_ACK_APP_RETRY,0,1,first_fragment,receiver_after_channel,0,1024,MLKEM1024,1,server,200010,4,V2_RFRAG_FINAL_ACK_APP_RETRY,first_fragment,receiver_after_channel,1024,MLKEM1024,0,0,0,0,0,0,0,0,0,0,0,1024,0,0,0,0,4,0,0,0,0,server,200010,0,4,server,200010,0,4,V2_RFRAG_FINAL_ACK_APP_RETRY
B-kem1024-gilbert-prr0p85-L2-loss1-rep13-seed200013-v4,B-kem1024-gilbert-prr0p85-L2-loss1-rep13-seed200013,B-kem1024-gilbert-prr0p85-L2-loss1-rep13-seed200013,V2,B_V1_V2_FIRST_LOSS,2026-08-19T02:33:51+00:00,COOJA_SIMULATION,gilbert,0.85,2.0,0.0882352941,0.5,first_fragment,1,receiver_after_channel,1,2,1,0,16,96,4,V2_RFRAG_FINAL_ACK_APP_RETRY,1024,200013,13,360,0,1,runs/B-kem1024-gilbert-prr0p85-L2-loss1-rep13-seed200013-v4/cooja.log,82514e4444edef13ab68ed61882c9fe8665c204e1f2d332923a13351ee8cafd0,28811,299,299,end_of_log,success,FAILED_PROTOCOL,client_reported_failure,,1,True,0,0,0,0,0,0,0,1,0,both_motes,0,0,2,0,3,34,17,51,both_motes,1,1,1,applied_after_channel,valid,0,1,final_application_timeout,1568,1568,17,17,2,1,2,0,0,0,240000,240000,2,0,34,12,3376,1178,0,1,2,0,1,0,1,server_fallback_no_completion,1,0,0,1,120544,1,1,17,33,1688,3274,0,2,1,0,1,0,0,1,310000,first_fragment,receiver_after_channel,0,1024,MLKEM1024,1,1,client,60000,200013,4,V2_RFRAG_FINAL_ACK_APP_RETRY,0,first_fragment,receiver_after_channel,1024,MLKEM1024,0,0,0,0,0,0,0,0,0,0,1024,1,0,0,client,200013,0,4,client,0,200013,0,4,V2_RFRAG_FINAL_ACK_APP_RETRY,0,1,first_fragment,receiver_after_channel,0,1024,MLKEM1024,1,server,200013,4,V2_RFRAG_FINAL_ACK_APP_RETRY,first_fragment,receiver_after_channel,1024,MLKEM1024,120544,0,0,1,0,1,1,10524,1,0,0,1024,1,0,0,0,2,2,0,1,1,server,200013,0,4,server,200013,0,4,V2_RFRAG_FINAL_ACK_APP_RETRY
B-kem1024-gilbert-prr0p85-L2-loss1-rep14-seed200014-v4,B-kem1024-gilbert-prr0p85-L2-loss1-rep14-seed200014,B-kem1024-gilbert-prr0p85-L2-loss1-rep14-seed200014,V2,B_V1_V2_FIRST_LOSS,2026-08-19T02:33:51+00:00,COOJA_SIMULATION,gilbert,0.85,2.0,0.0882352941,0.5,first_fragment,1,receiver_after_channel,1,2,1,0,16,96,4,V2_RFRAG_FINAL_ACK_APP_RETRY,1024,200014,14,360,0,1,runs/B-kem1024-gilbert-prr0p85-L2-loss1-rep14-seed200014-v4/cooja.log,ecc6ac2b973843c33b70141f6f5b6e3f283d3ca7aa866b13fd9d27fc5a123074,21050,214,214,end_of_log,success,FAILED_PROTOCOL,client_reported_failure,,1,True,0,0,0,0,0,0,0,0,0,both_motes,3,3,1,0,1,20,0,20,both_motes,1,1,1,applied_after_channel,valid,0,1,route_acquisition_timeout,1568,1568,17,17,1,0,1,0,0,0,125000,125000,1,0,20,0,1856,0,3,0,1,3,1,0,0,server_fallback_no_completion,0,0,0,0,0,0,0,0,12,0,1178,0,1,0,0,0,0,0,1,310000,first_fragment,receiver_after_channel,0,1024,MLKEM1024,1,1,client,60000,200014,4,V2_RFRAG_FINAL_ACK_APP_RETRY,0,first_fragment,receiver_after_channel,1024,MLKEM1024,0,0,0,0,0,0,0,0,0,0,1024,0,0,0,client,200014,0,4,client,0,200014,0,4,V2_RFRAG_FINAL_ACK_APP_RETRY,0,1,first_fragment,receiver_after_channel,0,1024,MLKEM1024,1,server,200014,4,V2_RFRAG_FINAL_ACK_APP_RETRY,first_fragment,receiver_after_channel,1024,MLKEM1024,0,0,0,0,0,0,0,0,0,0,0,1024,0,0,0,0,1,1,0,0,0,server,200014,0,4,server,200014,0,4,V2_RFRAG_FINAL_ACK_APP_RETRY
B-kem1024-gilbert-prr0p85-L2-loss1-rep19-seed200019-v4,B-kem1024-gilbert-prr0p85-L2-loss1-rep19-seed200019,B-kem1024-gilbert-prr0p85-L2-loss1-rep19-seed200019,V2,B_V1_V2_FIRST_LOSS,2026-08-19T02:33:51+00:00,COOJA_SIMULATION,gilbert,0.85,2.0,0.0882352941,0.5,first_fragment,1,receiver_after_channel,1,2,1,0,16,96,4,V2_RFRAG_FINAL_ACK_APP_RETRY,1024,200019,19,360,0,1,runs/B-kem1024-gilbert-prr0p85-L2-loss1-rep19-seed200019-v4/cooja.log,f9c24f2d12c4780d34abbb9b37dea4d411b5dd922e95787aac9110d9954313a7,35103,369,369,end_of_log,success,FAILED_PROTOCOL,client_reported_failure,,1,True,0,0,0,0,0,0,0,1,5,both_motes,6,1,2,2,5,40,17,57,both_motes,1,1,1,applied_after_channel,valid,0,1,final_application_timeout,1568,1568,17,17,2,1,2,0,0,0,240000,240000,2,0,40,12,3988,1178,6,1,4,1,1,2,1,server_fallback_no_completion,1,0,0,1,121684,1,1,17,29,1688,2866,0,4,1,0,1,0,0,1,310000,first_fragment,receiver_after_channel,0,1024,MLKEM1024,1,1,client,60000,200019,4,V2_RFRAG_FINAL_ACK_APP_RETRY,0,first_fragment,receiver_after_channel,1024,MLKEM1024,0,0,0,0,0,0,0,0,0,0,1024,0,0,0,client,200019,5,4,client,0,200019,0,4,V2_RFRAG_FINAL_ACK_APP_RETRY,0,1,first_fragment,receiver_after_channel,0,1024,MLKEM1024,1,server,200019,4,V2_RFRAG_FINAL_ACK_APP_RETRY,first_fragment,receiver_after_channel,1024,MLKEM1024,121684,0,0,1,0,1,1,11656,1,0,0,1024,1,0,0,0,4,3,0,1,0,server,200019,0,4,server,200019,0,4,V2_RFRAG_FINAL_ACK_APP_RETRY
B-kem1024-gilbert-prr0p85-L2-loss1-rep24-seed200024-v4,B-kem1024-gilbert-prr0p85-L2-loss1-rep24-seed200024,B-kem1024-gilbert-prr0p85-L2-loss1-rep24-seed200024,V2,B_V1_V2_FIRST_LOSS,2026-08-19T02:33:51+00:00,COOJA_SIMULATION,gilbert,0.85,2.0,0.0882352941,0.5,first_fragment,1,receiver_after_channel,1,2,1,0,16,96,4,V2_RFRAG_FINAL_ACK_APP_RETRY,1024,200024,24,360,0,1,runs/B-kem1024-gilbert-prr0p85-L2-loss1-rep24-seed200024-v4/cooja.log,e4716c7d1352668341eaa8e39428994020d6fb1bad145784ba7213ff9a43042a,24934,259,259,end_of_log,success,FAILED_PROTOCOL,client_reported_failure,,1,True,0,0,0,0,0,0,0,0,0,both_motes,1,1,1,0,2,18,0,18,both_motes,1,1,1,applied_after_channel,valid,0,1,route_acquisition_timeout,1568,1568,17,17,1,0,1,0,0,0,125000,125000,1,0,18,0,1744,0,1,0,1,1,1,0,0,server_fallback_no_completion,0,0,0,0,0,0,0,0,15,0,1438,0,2,0,0,0,0,0,1,310000,first_fragment,receiver_after_channel,0,1024,MLKEM1024,1,1,client,60000,200024,4,V2_RFRAG_FINAL_ACK_APP_RETRY,0,first_fragment,receiver_after_channel,1024,MLKEM1024,0,0,0,0,0,0,0,0,0,0,1024,0,0,0,client,200024,0,4,client,0,200024,0,4,V2_RFRAG_FINAL_ACK_APP_RETRY,0,1,first_fragment,receiver_after_channel,0,1024,MLKEM1024,1,server,200024,4,V2_RFRAG_FINAL_ACK_APP_RETRY,first_fragment,receiver_after_channel,1024,MLKEM1024,0,0,0,0,0,0,0,0,0,0,0,1024,0,0,0,0,2,1,0,0,0,server,200024,0,4,server,200024,0,4,V2_RFRAG_FINAL_ACK_APP_RETRY
B-kem1024-gilbert-prr0p85-L2-loss1-rep30-seed200030-v4,B-kem1024-gilbert-prr0p85-L2-loss1-rep30-seed200030,B-kem1024-gilbert-prr0p85-L2-loss1-rep30-seed200030,V2,B_V1_V2_FIRST_LOSS,2026-08-19T02:33:51+00:00,COOJA_SIMULATION,gilbert,0.85,2.0,0.0882352941,0.5,first_fragment,1,receiver_after_channel,1,2,1,0,16,96,4,V2_RFRAG_FINAL_ACK_APP_RETRY,1024,200030,30,360,0,1,runs/B-kem1024-gilbert-prr0p85-L2-loss1-rep30-seed200030-v4/cooja.log,6c53df0d52ce448659fc88f4e820d80e759a45bfdb1212bab5fb75801921e4a6,22378,229,229,end_of_log,success,FAILED_PROTOCOL,client_reported_failure,,1,True,0,0,0,0,0,0,0,0,0,both_motes,1,1,1,0,1,18,0,18,both_motes,1,1,1,applied_after_channel,valid,0,1,route_acquisition_timeout,1568,1568,17,17,1,0,1,0,0,0,125000,125000,1,0,18,0,1744,0,1,0,1,1,1,0,0,server_fallback_no_completion,0,0,0,0,0,0,0,0,13,0,1280,0,1,0,0,0,0,0,1,310000,first_fragment,receiver_after_channel,0,1024,MLKEM1024,1,1,client,60000,200030,4,V2_RFRAG_FINAL_ACK_APP_RETRY,0,first_fragment,receiver_after_channel,1024,MLKEM1024,0,0,0,0,0,0,0,0,0,0,1024,0,0,0,client,200030,0,4,client,0,200030,0,4,V2_RFRAG_FINAL_ACK_APP_RETRY,0,1,first_fragment,receiver_after_channel,0,1024,MLKEM1024,1,server,200030,4,V2_RFRAG_FINAL_ACK_APP_RETRY,first_fragment,receiver_after_channel,1024,MLKEM1024,0,0,0,0,0,0,0,0,0,0,0,1024,0,0,0,0,1,1,0,0,0,server,200030,0,4,server,200030,0,4,V2_RFRAG_FINAL_ACK_APP_RETRY
B-kem1024-gilbert-prr0p85-L5-loss1-rep01-seed200001-v4,B-kem1024-gilbert-prr0p85-L5-loss1-rep01-seed200001,B-kem1024-gilbert-prr0p85-L5-loss1-rep01-seed200001,V2,B_V1_V2_FIRST_LOSS,2026-08-19T02:33:51+00:00,COOJA_SIMULATION,gilbert,0.85,5.0,0.0352941176,0.2,first_fragment,1,receiver_after_channel,1,2,1,0,16,96,4,V2_RFRAG_FINAL_ACK_APP_RETRY,1024,200001,1,360,0,1,runs/B-kem1024-gilbert-prr0p85-L5-loss1-rep01-seed200001-v4/cooja.log,1b4034d1b6f245d2e64df449b5d077eb45f4dfb35058de0f703f34f52cab456c,29545,303,303,end_of_log,success,FAILED_PROTOCOL,client_reported_failure,,1,True,0,0,0,0,0,0,0,1,0,both_motes,3,4,1,0,5,37,0,37,both_motes,1,1,1,applied_after_channel,valid,0,1,final_application_timeout,1568,1568,17,17,2,1,2,0,0,0,240000,240000,2,0,37,0,3544,0,3,0,1,4,1,0,0,server_fallback_no_completion,0,0,0,0,0,0,0,0,35,0,3340,0,5,0,0,1,0,0,1,310000,first_fragment,receiver_after_channel,0,1024,MLKEM1024,1,1,client,60000,200001,4,V2_RFRAG_FINAL_ACK_APP_RETRY,0,first_fragment,receiver_after_channel,1024,MLKEM1024,0,0,0,0,0,0,0,0,0,0,1024,0,0,0,client,200001,0,4,client,0,200001,0,4,V2_RFRAG_FINAL_ACK_APP_RETRY,0,1,first_fragment,receiver_after_channel,0,1024,MLKEM1024,1,server,200001,4,V2_RFRAG_FINAL_ACK_APP_RETRY,first_fragment,receiver_after_channel,1024,MLKEM1024,0,0,0,1,0,0,1,27607,0,1,0,1024,0,0,0,0,5,1,0,0,0,server,200001,0,4,server,200001,0,4,V2_RFRAG_FINAL_ACK_APP_RETRY
B-kem1024-gilbert-prr0p85-L5-loss1-rep04-seed200004-v4,B-kem1024-gilbert-prr0p85-L5-loss1-rep04-seed200004,B-kem1024-gilbert-prr0p85-L5-loss1-rep04-seed200004,V2,B_V1_V2_FIRST_LOSS,2026-08-19T02:33:51+00:00,COOJA_SIMULATION,gilbert,0.85,5.0,0.0352941176,0.2,first_fragment,1,receiver_after_channel,1,2,1,0,16,96,4,V2_RFRAG_FINAL_ACK_APP_RETRY,1024,200004,4,360,0,1,runs/B-kem1024-gilbert-prr0p85-L5-loss1-rep04-seed200004-v4/cooja.log,ab7fb7679912de17dcaacf875d42d77b55e3d0ca47dcebf8ebcfebc41d024eb1,21432,219,219,end_of_log,success,FAILED_PROTOCOL,client_reported_failure,,1,True,0,0,0,0,0,0,0,0,0,both_motes,0,0,1,0,1,17,0,17,both_motes,1,1,1,applied_after_channel,valid,0,1,route_acquisition_timeout,1568,1568,17,17,1,0,1,0,0,0,125000,125000,1,0,17,0,1688,0,0,0,1,0,1,0,0,server_fallback_no_completion,0,0,0,0,0,0,0,0,14,0,1382,0,1,0,0,0,0,0,1,310000,first_fragment,receiver_after_channel,0,1024,MLKEM1024,1,1,client,60000,200004,4,V2_RFRAG_FINAL_ACK_APP_RETRY,0,first_fragment,receiver_after_channel,1024,MLKEM1024,0,0,0,0,0,0,0,0,0,0,1024,0,0,0,client,200004,0,4,client,0,200004,0,4,V2_RFRAG_FINAL_ACK_APP_RETRY,0,1,first_fragment,receiver_after_channel,0,1024,MLKEM1024,1,server,200004,4,V2_RFRAG_FINAL_ACK_APP_RETRY,first_fragment,receiver_after_channel,1024,MLKEM1024,0,0,0,0,0,0,0,0,0,0,0,1024,0,0,0,0,1,1,0,0,0,server,200004,0,4,server,200004,0,4,V2_RFRAG_FINAL_ACK_APP_RETRY
B-kem1024-gilbert-prr0p85-L5-loss1-rep10-seed200010-v3,B-kem1024-gilbert-prr0p85-L5-loss1-rep10-seed200010,B-kem1024-gilbert-prr0p85-L5-loss1-rep10-seed200010,V1,B_V1_V2_FIRST_LOSS,2026-08-19T02:33:51+00:00,COOJA_SIMULATION,gilbert,0.85,5.0,0.0352941176,0.2,first_fragment,1,receiver_after_channel,1,2,1,0,16,96,3,V1_RFRAG_INITIAL_FINAL_ACK,1024,200010,10,360,0,0,runs/B-kem1024-gilbert-prr0p85-L5-loss1-rep10-seed200010-v3/cooja.log,4a9c6762ad68177f452991855fadf12e914f5755c9d6b1c6ef9bba5498e65b10,24096,238,238,end_of_log,success,FAILED_PROTOCOL,client_reported_failure,,1,True,0,0,0,0,0,0,0,0,2,both_motes,5,4,0,3,4,18,21,39,both_motes,1,1,1,applied_after_channel,valid,0,1,final_application_timeout,1568,1568,17,17,1,0,1,0,0,0,120000,120000,1,0,18,15,1790,1484,1,2,2,1,0,1,1,ct_transport_completion_timeout,1,0,0,1,1535,1,1,21,17,2096,1688,4,2,2,3,0,0,1,0,190000,first_fragment,receiver_after_channel,0,1024,MLKEM1024,0,1,client,60000,200010,3,V1_RFRAG_FIRST_FINAL_ACK,0,first_fragment,receiver_after_channel,1024,MLKEM1024,0,0,1,0,0,1,20482,0,1,0,1024,0,0,0,client,200010,0,3,client,0,200010,0,3,V1_RFRAG_FIRST_FINAL_ACK,1,0,first_fragment,receiver_after_channel,0,1024,MLKEM1024,1,server,200010,3,V1_RFRAG_FIRST_FINAL_ACK,first_fragment,receiver_after_channel,1024,MLKEM1024,1535,0,0,1,0,1,1,10500,1,0,0,1024,0,2,0,0,2,2,0,1,1,server,200010,2,3,server,200010,0,3,V1_RFRAG_FIRST_FINAL_ACK
B-kem1024-gilbert-prr0p85-L5-loss1-rep10-seed200010-v4,B-kem1024-gilbert-prr0p85-L5-loss1-rep10-seed200010,B-kem1024-gilbert-prr0p85-L5-loss1-rep10-seed200010,V2,B_V1_V2_FIRST_LOSS,2026-08-19T02:33:51+00:00,COOJA_SIMULATION,gilbert,0.85,5.0,0.0352941176,0.2,first_fragment,1,receiver_after_channel,1,2,1,0,16,96,4,V2_RFRAG_FINAL_ACK_APP_RETRY,1024,200010,10,360,0,1,runs/B-kem1024-gilbert-prr0p85-L5-loss1-rep10-seed200010-v4/cooja.log,0540ca9b9104859b6c491f73999b1daa88873210c551d5a88517802ce5d42ab8,22068,228,228,end_of_log,success,FAILED_PROTOCOL,client_reported_failure,,1,True,0,0,0,0,0,0,0,1,0,both_motes,0,0,2,0,2,34,0,34,both_motes,1,1,1,applied_after_channel,valid,0,1,final_application_timeout,1568,1568,17,17,2,1,2,0,0,0,240000,240000,2,0,34,0,3376,0,0,0,2,0,2,0,0,server_fallback_no_completion,0,0,0,0,0,0,0,0,28,0,2764,0,2,0,0,1,0,0,1,310000,first_fragment,receiver_after_channel,0,1024,MLKEM1024,1,1,client,60000,200010,4,V2_RFRAG_FINAL_ACK_APP_RETRY,0,first_fragment,receiver_after_channel,1024,MLKEM1024,0,0,0,0,0,0,0,0,0,0,1024,0,0,0,client,200010,0,4,client,0,200010,0,4,V2_RFRAG_FINAL_ACK_APP_RETRY,0,1,first_fragment,receiver_after_channel,0,1024,MLKEM1024,1,server,200010,4,V2_RFRAG_FINAL_ACK_APP_RETRY,first_fragment,receiver_after_channel,1024,MLKEM1024,0,0,0,0,0,0,0,0,0,0,0,1024,0,0,0,0,2,2,0,0,0,server,200010,0,4,server,200010,0,4,V2_RFRAG_FINAL_ACK_APP_RETRY
B-kem1024-gilbert-prr0p85-L5-loss1-rep13-seed200013-v4,B-kem1024-gilbert-prr0p85-L5-loss1-rep13-seed200013,B-kem1024-gilbert-prr0p85-L5-loss1-rep13-seed200013,V2,B_V1_V2_FIRST_LOSS,2026-08-19T02:33:51+00:00,COOJA_SIMULATION,gilbert,0.85,5.0,0.0352941176,0.2,first_fragment,1,receiver_after_channel,1,2,1,0,16,96,4,V2_RFRAG_FINAL_ACK_APP_RETRY,1024,200013,13,360,0,1,runs/B-kem1024-gilbert-prr0p85-L5-loss1-rep13-seed200013-v4/cooja.log,e584e07f82176012f908af0abac69b1c3ccf9890c3395a85d7b3b2867ee77925,29549,301,301,end_of_log,success,FAILED_PROTOCOL,client_reported_failure,,1,True,0,0,0,0,0,0,0,1,5,both_motes,7,3,1,1,4,34,24,58,both_motes,1,1,1,applied_after_channel,valid,0,1,final_application_timeout,1568,1568,17,17,2,1,2,0,0,0,240000,240000,2,0,34,15,3376,1484,0,2,2,0,1,0,1,server_fallback_no_completion,1,0,0,1,120544,1,1,24,33,2402,3274,7,2,1,3,1,0,0,1,310000,first_fragment,receiver_after_channel,0,1024,MLKEM1024,1,1,client,60000,200013,4,V2_RFRAG_FINAL_ACK_APP_RETRY,0,first_fragment,receiver_after_channel,1024,MLKEM1024,0,0,1,0,0,1,23699,0,1,0,1024,1,0,0,client,200013,0,4,client,0,200013,0,4,V2_RFRAG_FINAL_ACK_APP_RETRY,0,1,first_fragment,receiver_after_channel,0,1024,MLKEM1024,1,server,200013,4,V2_RFRAG_FINAL_ACK_APP_RETRY,first_fragment,receiver_after_channel,1024,MLKEM1024,120544,0,0,1,0,1,1,10524,1,0,0,1024,0,1,0,0,2,2,0,1,1,server,200013,5,4,server,200013,0,4,V2_RFRAG_FINAL_ACK_APP_RETRY
B-kem1024-gilbert-prr0p85-L5-loss1-rep14-seed200014-v3,B-kem1024-gilbert-prr0p85-L5-loss1-rep14-seed200014,B-kem1024-gilbert-prr0p85-L5-loss1-rep14-seed200014,V1,B_V1_V2_FIRST_LOSS,2026-08-19T02:33:51+00:00,COOJA_SIMULATION,gilbert,0.85,5.0,0.0352941176,0.2,first_fragment,1,receiver_after_channel,1,2,1,0,16,96,3,V1_RFRAG_INITIAL_FINAL_ACK,1024,200014,14,360,0,0,runs/B-kem1024-gilbert-prr0p85-L5-loss1-rep14-seed200014-v3/cooja.log,5d6d91e35841314736362d24ec1171d7198bcfdea5c819f548e60d53d56839d0,24737,251,251,end_of_log,success,FAILED_PROTOCOL,client_reported_failure,,1,True,0,0,0,0,0,0,0,0,0,both_motes,4,5,0,1,4,21,0,21,both_motes,1,1,1,applied_after_channel,valid,0,1,final_application_timeout,1568,1568,17,17,1,0,1,0,0,0,120000,120000,1,0,21,0,1958,0,4,0,1,5,0,1,0,server_fallback_no_completion,0,0,0,0,0,0,0,0,5,0,372,0,4,0,0,0,0,1,0,190000,first_fragment,receiver_after_channel,0,1024,MLKEM1024,0,1,client,60000,200014,3,V1_RFRAG_FIRST_FINAL_ACK,0,first_fragment,receiver_after_channel,1024,MLKEM1024,0,0,0,0,0,0,0,0,0,0,1024,0,0,0,client,200014,0,3,client,0,200014,0,3,V1_RFRAG_FIRST_FINAL_ACK,1,0,first_fragment,receiver_after_channel,0,1024,MLKEM1024,1,server,200014,3,V1_RFRAG_FIRST_FINAL_ACK,first_fragment,receiver_after_channel,1024,MLKEM1024,0,0,0,1,0,0,1,27604,0,1,0,1024,0,0,0,0,4,1,0,0,0,server,200014,0,3,server,200014,0,3,V1_RFRAG_FIRST_FINAL_ACK
B-kem1024-gilbert-prr0p85-L5-loss1-rep14-seed200014-v4,B-kem1024-gilbert-prr0p85-L5-loss1-rep14-seed200014,B-kem1024-gilbert-prr0p85-L5-loss1-rep14-seed200014,V2,B_V1_V2_FIRST_LOSS,2026-08-19T02:33:51+00:00,COOJA_SIMULATION,gilbert,0.85,5.0,0.0352941176,0.2,first_fragment,1,receiver_after_channel,1,2,1,0,16,96,4,V2_RFRAG_FINAL_ACK_APP_RETRY,1024,200014,14,360,0,1,runs/B-kem1024-gilbert-prr0p85-L5-loss1-rep14-seed200014-v4/cooja.log,514e9aee80bcabc05d37ed35ff02049345e6f09d8f1ae0aca4173c1321919a81,23058,232,232,end_of_log,success,FAILED_PROTOCOL,client_reported_failure,,1,True,0,0,0,0,0,0,0,1,0,both_motes,3,4,1,0,1,37,0,37,both_motes,1,1,1,applied_after_channel,valid,0,1,final_application_timeout,1568,1568,17,17,2,1,2,0,0,0,240000,240000,2,0,37,0,3544,0,3,0,1,4,1,0,0,server_fallback_no_completion,0,0,0,0,0,0,0,0,29,0,2912,0,1,0,0,1,0,0,1,310000,first_fragment,receiver_after_channel,0,1024,MLKEM1024,1,1,client,60000,200014,4,V2_RFRAG_FINAL_ACK_APP_RETRY,0,first_fragment,receiver_after_channel,1024,MLKEM1024,0,0,0,0,0,0,0,0,0,0,1024,0,0,0,client,200014,0,4,client,0,200014,0,4,V2_RFRAG_FINAL_ACK_APP_RETRY,0,1,first_fragment,receiver_after_channel,0,1024,MLKEM1024,1,server,200014,4,V2_RFRAG_FINAL_ACK_APP_RETRY,first_fragment,receiver_after_channel,1024,MLKEM1024,0,0,0,1,0,0,1,20363,0,1,0,1024,0,0,0,0,1,1,0,0,0,server,200014,0,4,server,200014,0,4,V2_RFRAG_FINAL_ACK_APP_RETRY
B-kem1024-gilbert-prr0p85-L5-loss1-rep15-seed200015-v4,B-kem1024-gilbert-prr0p85-L5-loss1-rep15-seed200015,B-kem1024-gilbert-prr0p85-L5-loss1-rep15-seed200015,V2,B_V1_V2_FIRST_LOSS,2026-08-19T02:33:51+00:00,COOJA_SIMULATION,gilbert,0.85,5.0,0.0352941176,0.2,first_fragment,1,receiver_after_channel,1,2,1,0,16,96,4,V2_RFRAG_FINAL_ACK_APP_RETRY,1024,200015,15,360,0,1,runs/B-kem1024-gilbert-prr0p85-L5-loss1-rep15-seed200015-v4/cooja.log,96a06d3553b239cf070b2b92074046e7a6c7fae9beb3e524aa279ded5c310b3b,25216,261,261,end_of_log,success,FAILED_PROTOCOL,client_reported_failure,,1,True,0,0,0,0,0,0,0,0,0,both_motes,0,0,1,0,1,17,0,17,both_motes,1,1,1,applied_after_channel,valid,0,1,route_acquisition_timeout,1568,1568,17,17,1,0,1,0,0,0,125000,125000,1,0,17,0,1688,0,0,0,1,0,1,0,0,server_fallback_no_completion,0,0,0,0,0,0,0,0,6,0,566,0,1,0,0,0,0,0,1,310000,first_fragment,receiver_after_channel,0,1024,MLKEM1024,1,1,client,60000,200015,4,V2_RFRAG_FINAL_ACK_APP_RETRY,0,first_fragment,receiver_after_channel,1024,MLKEM1024,0,0,0,0,0,0,0,0,0,0,1024,0,0,0,client,200015,0,4,client,0,200015,0,4,V2_RFRAG_FINAL_ACK_APP_RETRY,0,1,first_fragment,receiver_after_channel,0,1024,MLKEM1024,1,server,200015,4,V2_RFRAG_FINAL_ACK_APP_RETRY,first_fragment,receiver_after_channel,1024,MLKEM1024,0,0,0,0,0,0,0,0,0,0,0,1024,0,0,0,0,1,1,0,0,0,server,200015,0,4,server,200015,0,4,V2_RFRAG_FINAL_ACK_APP_RETRY
B-kem1024-gilbert-prr0p85-L5-loss1-rep19-seed200019-v3,B-kem1024-gilbert-prr0p85-L5-loss1-rep19-seed200019,B-kem1024-gilbert-prr0p85-L5-loss1-rep19-seed200019,V1,B_V1_V2_FIRST_LOSS,2026-08-19T02:33:51+00:00,COOJA_SIMULATION,gilbert,0.85,5.0,0.0352941176,0.2,first_fragment,1,receiver_after_channel,1,2,1,0,16,96,3,V1_RFRAG_INITIAL_FINAL_ACK,1024,200019,19,360,0,0,runs/B-kem1024-gilbert-prr0p85-L5-loss1-rep19-seed200019-v3/cooja.log,cbca796193f2adb9f08f88f0d386b42ccbe1e11818fc306f3012cf6a83caca28,22661,225,225,end_of_log,success,FAILED_PROTOCOL,client_reported_failure,,1,True,0,0,0,0,0,0,0,0,0,both_motes,4,5,0,2,3,18,20,38,both_motes,1,1,1,applied_after_channel,valid,0,1,final_application_timeout,1568,1568,17,17,1,0,1,0,0,0,120000,120000,1,0,18,5,1790,510,1,1,2,1,0,1,1,ct_transport_completion_timeout,1,0,0,1,1612,1,1,20,17,1856,1688,3,2,1,4,0,0,1,0,190000,first_fragment,receiver_after_channel,0,1024,MLKEM1024,0,1,client,60000,200019,3,V1_RFRAG_FIRST_FINAL_ACK,0,first_fragment,receiver_after_channel,1024,MLKEM1024,0,0,1,0,0,1,20204,0,1,0,1024,1,0,0,client,200019,0,3,client,0,200019,0,3,V1_RFRAG_FIRST_FINAL_ACK,1,0,first_fragment,receiver_after_channel,0,1024,MLKEM1024,1,server,200019,3,V1_RFRAG_FIRST_FINAL_ACK,first_fragment,receiver_after_channel,1024,MLKEM1024,1612,0,0,1,0,1,1,10564,1,0,0,1024,0,1,0,0,2,2,0,1,1,server,200019,0,3,server,200019,0,3,V1_RFRAG_FIRST_FINAL_ACK
B-kem1024-gilbert-prr0p85-L5-loss1-rep20-seed200020-v3,B-kem1024-gilbert-prr0p85-L5-loss1-rep20-seed200020,B-kem1024-gilbert-prr0p85-L5-loss1-rep20-seed200020,V1,B_V1_V2_FIRST_LOSS,2026-08-19T02:33:51+00:00,COOJA_SIMULATION,gilbert,0.85,5.0,0.0352941176,0.2,first_fragment,1,receiver_after_channel,1,2,1,0,16,96,3,V1_RFRAG_INITIAL_FINAL_ACK,1024,200020,20,360,0,0,runs/B-kem1024-gilbert-prr0p85-L5-loss1-rep20-seed200020-v3/cooja.log,99f77ba5a0e3e416d138fe5597ff6fec0f8eb3e01511715a6527f4a84ff0c444,33983,349,349,end_of_log,success,FAILED_PROTOCOL,client_reported_failure,,1,True,0,0,0,0,0,0,0,0,6,both_motes,10,5,0,4,5,24,20,44,both_motes,1,1,1,applied_after_channel,valid,0,1,final_application_timeout,1568,1568,17,17,1,0,1,0,0,0,120000,120000,1,0,24,16,2356,1586,7,2,3,2,0,2,1,ct_transport_completion_timeout,1,0,0,1,2674,1,1,20,17,1994,1688,3,3,2,3,0,0,1,0,190000,first_fragment,receiver_after_channel,0,1024,MLKEM1024,0,1,client,60000,200020,3,V1_RFRAG_FIRST_FINAL_ACK,0,first_fragment,receiver_after_channel,1024,MLKEM1024,0,0,1,0,0,1,20476,0,1,0,1024,1,0,0,client,200020,5,3,client,0,200020,0,3,V1_RFRAG_FIRST_FINAL_ACK,1,0,first_fragment,receiver_after_channel,0,1024,MLKEM1024,1,server,200020,3,V1_RFRAG_FIRST_FINAL_ACK,first_fragment,receiver_after_channel,1024,MLKEM1024,2674,0,0,1,0,1,1,11606,1,0,0,1024,0,2,0,0,3,3,0,1,1,server,200020,1,3,server,200020,0,3,V1_RFRAG_FIRST_FINAL_ACK
B-kem1024-gilbert-prr0p85-L5-loss1-rep20-seed200020-v4,B-kem1024-gilbert-prr0p85-L5-loss1-rep20-seed200020,B-kem1024-gilbert-prr0p85-L5-loss1-rep20-seed200020,V2,B_V1_V2_FIRST_LOSS,2026-08-19T02:33:51+00:00,COOJA_SIMULATION,gilbert,0.85,5.0,0.0352941176,0.2,first_fragment,1,receiver_after_channel,1,2,1,0,16,96,4,V2_RFRAG_FINAL_ACK_APP_RETRY,1024,200020,20,360,0,1,runs/B-kem1024-gilbert-prr0p85-L5-loss1-rep20-seed200020-v4/cooja.log,d64d2e6894f7ae71947a0a5aaab04b2a18e6e1a6f4ae355b21ca49792abb73c5,27443,287,287,end_of_log,success,FAILED_PROTOCOL,client_reported_failure,,1,True,0,0,0,0,0,0,0,0,0,both_motes,3,3,1,0,1,20,0,20,both_motes,1,1,1,applied_after_channel,valid,0,1,route_acquisition_timeout,1568,1568,17,17,1,0,1,0,0,0,125000,125000,1,0,20,0,1856,0,3,0,1,3,1,0,0,server_fallback_no_completion,0,0,0,0,0,0,0,0,13,0,1280,0,1,0,0,0,0,0,1,310000,first_fragment,receiver_after_channel,0,1024,MLKEM1024,1,1,client,60000,200020,4,V2_RFRAG_FINAL_ACK_APP_RETRY,0,first_fragment,receiver_after_channel,1024,MLKEM1024,0,0,0,0,0,0,0,0,0,0,1024,0,0,0,client,200020,0,4,client,0,200020,0,4,V2_RFRAG_FINAL_ACK_APP_RETRY,0,1,first_fragment,receiver_after_channel,0,1024,MLKEM1024,1,server,200020,4,V2_RFRAG_FINAL_ACK_APP_RETRY,first_fragment,receiver_after_channel,1024,MLKEM1024,0,0,0,0,0,0,0,0,0,0,0,1024,0,0,0,0,1,1,0,0,0,server,200020,0,4,server,200020,0,4,V2_RFRAG_FINAL_ACK_APP_RETRY
B-kem1024-gilbert-prr0p85-L5-loss1-rep21-seed200021-v4,B-kem1024-gilbert-prr0p85-L5-loss1-rep21-seed200021,B-kem1024-gilbert-prr0p85-L5-loss1-rep21-seed200021,V2,B_V1_V2_FIRST_LOSS,2026-08-19T02:33:51+00:00,COOJA_SIMULATION,gilbert,0.85,5.0,0.0352941176,0.2,first_fragment,1,receiver_after_channel,1,2,1,0,16,96,4,V2_RFRAG_FINAL_ACK_APP_RETRY,1024,200021,21,360,0,1,runs/B-kem1024-gilbert-prr0p85-L5-loss1-rep21-seed200021-v4/cooja.log,33e874ec4bc7dbfc29c1983ce032f28b7385c18f242c2bb1155875173d0fc926,29866,306,306,end_of_log,success,FAILED_PROTOCOL,client_reported_failure,,1,True,0,0,0,0,0,0,0,1,9,both_motes,12,4,1,1,3,34,29,63,both_motes,1,1,1,applied_after_channel,valid,0,1,final_application_timeout,1568,1568,17,17,2,1,2,0,0,0,240000,240000,2,0,34,13,3376,1280,0,1,2,0,1,0,1,server_fallback_no_completion,1,0,0,1,120490,1,1,29,33,2866,3274,12,2,1,4,1,0,0,1,310000,first_fragment,receiver_after_channel,0,1024,MLKEM1024,1,1,client,60000,200021,4,V2_RFRAG_FINAL_ACK_APP_RETRY,0,first_fragment,receiver_after_channel,1024,MLKEM1024,0,0,1,0,0,1,21628,0,1,0,1024,1,0,0,client,200021,0,4,client,0,200021,0,4,V2_RFRAG_FINAL_ACK_APP_RETRY,0,1,first_fragment,receiver_after_channel,0,1024,MLKEM1024,1,server,200021,4,V2_RFRAG_FINAL_ACK_APP_RETRY,first_fragment,receiver_after_channel,1024,MLKEM1024,120490,0,0,1,0,1,1,10450,1,0,0,1024,0,1,0,0,2,2,0,1,1,server,200021,9,4,server,200021,0,4,V2_RFRAG_FINAL_ACK_APP_RETRY
B-kem1024-gilbert-prr0p85-L5-loss1-rep24-seed200024-v3,B-kem1024-gilbert-prr0p85-L5-loss1-rep24-seed200024,B-kem1024-gilbert-prr0p85-L5-loss1-rep24-seed200024,V1,B_V1_V2_FIRST_LOSS,2026-08-19T02:33:51+00:00,COOJA_SIMULATION,gilbert,0.85,5.0,0.0352941176,0.2,first_fragment,1,receiver_after_channel,1,2,1,0,16,96,3,V1_RFRAG_INITIAL_FINAL_ACK,1024,200024,24,360,0,0,runs/B-kem1024-gilbert-prr0p85-L5-loss1-rep24-seed200024-v3/cooja.log,67fe02f80e6cb27813519eac0ec2a31d059ea36f11a522b8a33bfaeff0b58399,29917,305,305,end_of_log,success,FAILED_PROTOCOL,client_reported_failure,,1,True,0,0,0,0,0,0,0,0,0,both_motes,4,5,0,1,5,21,0,21,both_motes,1,1,1,applied_after_channel,valid,0,1,final_application_timeout,1568,1568,17,17,1,0,1,0,0,0,120000,120000,1,0,21,0,1958,0,4,0,1,5,0,1,0,server_fallback_no_completion,0,0,0,0,0,0,0,0,16,0,1448,0,5,0,0,0,0,1,0,190000,first_fragment,receiver_after_channel,0,1024,MLKEM1024,0,1,client,60000,200024,3,V1_RFRAG_FIRST_FINAL_ACK,0,first_fragment,receiver_after_channel,1024,MLKEM1024,0,0,0,0,0,0,0,0,0,0,1024,0,0,0,client,200024,0,3,client,0,200024,0,3,V1_RFRAG_FIRST_FINAL_ACK,1,0,first_fragment,receiver_after_channel,0,1024,MLKEM1024,1,server,200024,3,V1_RFRAG_FIRST_FINAL_ACK,first_fragment,receiver_after_channel,1024,MLKEM1024,0,0,0,1,0,0,1,27509,0,1,0,1024,0,0,0,0,5,1,0,0,0,server,200024,0,3,server,200024,0,3,V1_RFRAG_FIRST_FINAL_ACK
B-kem1024-gilbert-prr0p85-L5-loss1-rep24-seed200024-v4,B-kem1024-gilbert-prr0p85-L5-loss1-rep24-seed200024,B-kem1024-gilbert-prr0p85-L5-loss1-rep24-seed200024,V2,B_V1_V2_FIRST_LOSS,2026-08-19T02:33:51+00:00,COOJA_SIMULATION,gilbert,0.85,5.0,0.0352941176,0.2,first_fragment,1,receiver_after_channel,1,2,1,0,16,96,4,V2_RFRAG_FINAL_ACK_APP_RETRY,1024,200024,24,360,0,1,runs/B-kem1024-gilbert-prr0p85-L5-loss1-rep24-seed200024-v4/cooja.log,acaff09b7daad2063f75faf061db3ec7a4acba8d68be67427993b4e6f448db9d,25458,265,265,end_of_log,success,FAILED_PROTOCOL,client_reported_failure,,1,True,0,0,0,0,0,0,0,0,0,both_motes,1,1,1,0,2,18,0,18,both_motes,1,1,1,applied_after_channel,valid,0,1,route_acquisition_timeout,1568,1568,17,17,1,0,1,0,0,0,125000,125000,1,0,18,0,1744,0,1,0,1,1,1,0,0,server_fallback_no_completion,0,0,0,0,0,0,0,0,13,0,1234,0,2,0,0,0,0,0,1,310000,first_fragment,receiver_after_channel,0,1024,MLKEM1024,1,1,client,60000,200024,4,V2_RFRAG_FINAL_ACK_APP_RETRY,0,first_fragment,receiver_after_channel,1024,MLKEM1024,0,0,0,0,0,0,0,0,0,0,1024,0,0,0,client,200024,0,4,client,0,200024,0,4,V2_RFRAG_FINAL_ACK_APP_RETRY,0,1,first_fragment,receiver_after_channel,0,1024,MLKEM1024,1,server,200024,4,V2_RFRAG_FINAL_ACK_APP_RETRY,first_fragment,receiver_after_channel,1024,MLKEM1024,0,0,0,0,0,0,0,0,0,0,0,1024,0,0,0,0,2,1,0,0,0,server,200024,0,4,server,200024,0,4,V2_RFRAG_FINAL_ACK_APP_RETRY
B-kem1024-gilbert-prr0p85-L5-loss1-rep25-seed200025-v3,B-kem1024-gilbert-prr0p85-L5-loss1-rep25-seed200025,B-kem1024-gilbert-prr0p85-L5-loss1-rep25-seed200025,V1,B_V1_V2_FIRST_LOSS,2026-08-19T02:33:51+00:00,COOJA_SIMULATION,gilbert,0.85,5.0,0.0352941176,0.2,first_fragment,1,receiver_after_channel,1,2,1,0,16,96,3,V1_RFRAG_INITIAL_FINAL_ACK,1024,200025,25,360,0,0,runs/B-kem1024-gilbert-prr0p85-L5-loss1-rep25-seed200025-v3/cooja.log,8f400a177ee7e13f132fd89084a17132d8e4194da01c3e9c220036d442c64aff,18351,178,178,end_of_log,success,FAILED_PROTOCOL,client_reported_failure,,1,True,0,0,0,0,0,0,0,0,0,both_motes,3,4,0,0,0,4,0,4,both_motes,1,1,1,applied_after_channel,valid,0,1,final_application_timeout,1568,1568,17,17,1,0,1,0,0,0,120000,120000,1,0,4,0,408,0,3,0,0,4,0,0,0,server_fallback_no_completion,0,0,0,0,0,0,0,0,0,0,0,0,0,0,0,0,0,1,0,190000,first_fragment,receiver_after_channel,0,1024,MLKEM1024,0,1,client,60000,200025,3,V1_RFRAG_FIRST_FINAL_ACK,0,first_fragment,receiver_after_channel,1024,MLKEM1024,0,0,0,0,0,0,0,0,0,0,1024,0,0,0,client,200025,0,3,client,0,200025,0,3,V1_RFRAG_FIRST_FINAL_ACK,1,0,first_fragment,receiver_after_channel,0,1024,MLKEM1024,1,server,200025,3,V1_RFRAG_FIRST_FINAL_ACK,first_fragment,receiver_after_channel,1024,MLKEM1024,0,0,0,0,0,0,0,0,0,0,0,1024,0,0,0,0,0,0,0,0,0,server,200025,0,3,server,200025,0,3,V1_RFRAG_FIRST_FINAL_ACK
B-kem1024-gilbert-prr0p85-L5-loss1-rep25-seed200025-v4,B-kem1024-gilbert-prr0p85-L5-loss1-rep25-seed200025,B-kem1024-gilbert-prr0p85-L5-loss1-rep25-seed200025,V2,B_V1_V2_FIRST_LOSS,2026-08-19T02:33:51+00:00,COOJA_SIMULATION,gilbert,0.85,5.0,0.0352941176,0.2,first_fragment,1,receiver_after_channel,1,2,1,0,16,96,4,V2_RFRAG_FINAL_ACK_APP_RETRY,1024,200025,25,360,0,1,runs/B-kem1024-gilbert-prr0p85-L5-loss1-rep25-seed200025-v4/cooja.log,885e4ac9218522c3f53abf8f8c29ca5a443e46f88e9353f522106cf9b64f7d6d,16542,162,162,end_of_log,success,FAILED_PROTOCOL,client_reported_failure,,1,True,0,0,0,0,0,0,0,0,0,both_motes,3,4,0,0,0,20,0,20,both_motes,1,1,1,applied_after_channel,valid,0,1,route_acquisition_timeout,1568,1568,17,17,1,0,1,0,0,0,125000,125000,1,0,20,0,1856,0,3,0,0,4,0,0,0,server_fallback_no_completion,0,0,0,0,0,0,0,0,5,0,510,0,0,0,0,0,0,0,1,310000,first_fragment,receiver_after_channel,0,1024,MLKEM1024,1,1,client,60000,200025,4,V2_RFRAG_FINAL_ACK_APP_RETRY,0,first_fragment,receiver_after_channel,1024,MLKEM1024,0,0,0,0,0,0,0,0,0,0,1024,0,0,0,client,200025,0,4,client,0,200025,0,4,V2_RFRAG_FINAL_ACK_APP_RETRY,0,1,first_fragment,receiver_after_channel,0,1024,MLKEM1024,1,server,200025,4,V2_RFRAG_FINAL_ACK_APP_RETRY,first_fragment,receiver_after_channel,1024,MLKEM1024,0,0,0,0,0,0,0,0,0,0,0,1024,0,0,0,0,0,0,0,0,0,server,200025,0,4,server,200025,0,4,V2_RFRAG_FINAL_ACK_APP_RETRY
B-kem1024-gilbert-prr0p85-L5-loss1-rep26-seed200026-v3,B-kem1024-gilbert-prr0p85-L5-loss1-rep26-seed200026,B-kem1024-gilbert-prr0p85-L5-loss1-rep26-seed200026,V1,B_V1_V2_FIRST_LOSS,2026-08-19T02:33:51+00:00,COOJA_SIMULATION,gilbert,0.85,5.0,0.0352941176,0.2,first_fragment,1,receiver_after_channel,1,2,1,0,16,96,3,V1_RFRAG_INITIAL_FINAL_ACK,1024,200026,26,360,0,0,runs/B-kem1024-gilbert-prr0p85-L5-loss1-rep26-seed200026-v3/cooja.log,feef758d7ac32bb2ab5d7be917fb4370d8478526176b4f1c03645a7e5d8d19d5,25067,254,254,end_of_log,success,FAILED_PROTOCOL,client_reported_failure,,1,True,0,0,0,0,0,0,0,0,0,both_motes,3,4,0,0,3,4,0,4,both_motes,1,1,1,applied_after_channel,valid,0,1,final_application_timeout,1568,1568,17,17,1,0,1,0,0,0,120000,120000,1,0,4,0,408,0,3,0,0,4,0,0,0,server_fallback_no_completion,0,0,0,0,0,0,0,0,3,0,306,0,3,0,0,0,0,1,0,190000,first_fragment,receiver_after_channel,0,1024,MLKEM1024,0,1,client,60000,200026,3,V1_RFRAG_FIRST_FINAL_ACK,0,first_fragment,receiver_after_channel,1024,MLKEM1024,0,0,0,0,0,0,0,0,0,0,1024,0,0,0,client,200026,0,3,client,0,200026,0,3,V1_RFRAG_FIRST_FINAL_ACK,1,0,first_fragment,receiver_after_channel,0,1024,MLKEM1024,1,server,200026,3,V1_RFRAG_FIRST_FINAL_ACK,first_fragment,receiver_after_channel,1024,MLKEM1024,0,0,0,1,0,0,1,26052,0,1,0,1024,0,0,0,0,3,0,0,0,0,server,200026,0,3,server,200026,0,3,V1_RFRAG_FIRST_FINAL_ACK
B-kem1024-gilbert-prr0p85-L5-loss1-rep26-seed200026-v4,B-kem1024-gilbert-prr0p85-L5-loss1-rep26-seed200026,B-kem1024-gilbert-prr0p85-L5-loss1-rep26-seed200026,V2,B_V1_V2_FIRST_LOSS,2026-08-19T02:33:51+00:00,COOJA_SIMULATION,gilbert,0.85,5.0,0.0352941176,0.2,first_fragment,1,receiver_after_channel,1,2,1,0,16,96,4,V2_RFRAG_FINAL_ACK_APP_RETRY,1024,200026,26,360,0,1,runs/B-kem1024-gilbert-prr0p85-L5-loss1-rep26-seed200026-v4/cooja.log,03504f577a48ce0c5d9a4083ffc9259e7a9ff37bb8fe617c4b6ee9509fa04cb8,26118,273,273,end_of_log,success,FAILED_PROTOCOL,client_reported_failure,,1,True,0,0,0,0,0,0,0,0,0,both_motes,0,0,1,0,1,17,0,17,both_motes,1,1,1,applied_after_channel,valid,0,1,route_acquisition_timeout,1568,1568,17,17,1,0,1,0,0,0,125000,125000,1,0,17,0,1688,0,0,0,1,0,1,0,0,server_fallback_no_completion,0,0,0,0,0,0,0,0,16,0,1586,0,1,0,0,0,0,0,1,310000,first_fragment,receiver_after_channel,0,1024,MLKEM1024,1,1,client,60000,200026,4,V2_RFRAG_FINAL_ACK_APP_RETRY,0,first_fragment,receiver_after_channel,1024,MLKEM1024,0,0,0,0,0,0,0,0,0,0,1024,0,0,0,client,200026,0,4,client,0,200026,0,4,V2_RFRAG_FINAL_ACK_APP_RETRY,0,1,first_fragment,receiver_after_channel,0,1024,MLKEM1024,1,server,200026,4,V2_RFRAG_FINAL_ACK_APP_RETRY,first_fragment,receiver_after_channel,1024,MLKEM1024,0,0,0,0,0,0,0,0,0,0,0,1024,0,0,0,0,1,1,0,0,0,server,200026,0,4,server,200026,0,4,V2_RFRAG_FINAL_ACK_APP_RETRY
B-kem1024-gilbert-prr0p85-L5-loss1-rep28-seed200028-v4,B-kem1024-gilbert-prr0p85-L5-loss1-rep28-seed200028,B-kem1024-gilbert-prr0p85-L5-loss1-rep28-seed200028,V2,B_V1_V2_FIRST_LOSS,2026-08-19T02:33:51+00:00,COOJA_SIMULATION,gilbert,0.85,5.0,0.0352941176,0.2,first_fragment,1,receiver_after_channel,1,2,1,0,16,96,4,V2_RFRAG_FINAL_ACK_APP_RETRY,1024,200028,28,360,0,1,runs/B-kem1024-gilbert-prr0p85-L5-loss1-rep28-seed200028-v4/cooja.log,d54829b9785279e91dc07aac27619656579d5dee825020e2c9a9949e0b06d55b,33766,354,354,end_of_log,success_with_warnings,FAILED_PROTOCOL,client_reported_failure,"perte ciblée armée, mais le canal/radio a perdu la trame avant le hook receiver",1,True,0,0,0,0,0,0,0,1,0,both_motes,6,8,1,0,3,37,20,57,both_motes,1,1,0,radio_preempted,valid,0,1,final_application_timeout,1568,1568,17,17,2,1,2,0,0,0,240000,240000,2,0,37,7,3544,714,3,0,1,4,1,0,0,server_fallback_no_completion,1,0,0,1,123532,1,1,20,34,1856,3330,3,3,0,4,1,0,0,1,310000,first_fragment,receiver_after_channel,0,1024,MLKEM1024,1,1,client,60000,200028,4,V2_RFRAG_FINAL_ACK_APP_RETRY,0,first_fragment,receiver_after_channel,1024,MLKEM1024,0,0,0,0,0,0,0,0,0,0,1024,0,0,0,client,200028,0,4,client,0,200028,0,4,V2_RFRAG_FINAL_ACK_APP_RETRY,0,1,first_fragment,receiver_after_channel,0,1024,MLKEM1024,1,server,200028,4,V2_RFRAG_FINAL_ACK_APP_RETRY,first_fragment,receiver_after_channel,1024,MLKEM1024,123532,0,0,1,0,1,1,13496,1,0,0,1024,0,0,0,0,3,1,0,2,0,server,200028,0,4,server,200028,0,4,V2_RFRAG_FINAL_ACK_APP_RETRY
B-kem1024-gilbert-prr0p85-L5-loss1-rep29-seed200029-v4,B-kem1024-gilbert-prr0p85-L5-loss1-rep29-seed200029,B-kem1024-gilbert-prr0p85-L5-loss1-rep29-seed200029,V2,B_V1_V2_FIRST_LOSS,2026-08-19T02:33:51+00:00,COOJA_SIMULATION,gilbert,0.85,5.0,0.0352941176,0.2,first_fragment,1,receiver_after_channel,1,2,1,0,16,96,4,V2_RFRAG_FINAL_ACK_APP_RETRY,1024,200029,29,360,0,1,runs/B-kem1024-gilbert-prr0p85-L5-loss1-rep29-seed200029-v4/cooja.log,fc82d16c21d85d0528f68b239b352c294179833037f96d7c8d517e4c286af94b,18082,179,179,end_of_log,success,FAILED_PROTOCOL,client_reported_failure,,1,True,0,0,0,0,0,0,0,0,0,both_motes,3,4,0,0,0,20,0,20,both_motes,1,1,1,applied_after_channel,valid,0,1,route_acquisition_timeout,1568,1568,17,17,1,0,1,0,0,0,125000,125000,1,0,20,0,1856,0,3,0,0,4,0,0,0,server_fallback_no_completion,0,0,0,0,0,0,0,0,4,0,408,0,0,0,0,0,0,0,1,310000,first_fragment,receiver_after_channel,0,1024,MLKEM1024,1,1,client,60000,200029,4,V2_RFRAG_FINAL_ACK_APP_RETRY,0,first_fragment,receiver_after_channel,1024,MLKEM1024,0,0,0,0,0,0,0,0,0,0,1024,0,0,0,client,200029,0,4,client,0,200029,0,4,V2_RFRAG_FINAL_ACK_APP_RETRY,0,1,first_fragment,receiver_after_channel,0,1024,MLKEM1024,1,server,200029,4,V2_RFRAG_FINAL_ACK_APP_RETRY,first_fragment,receiver_after_channel,1024,MLKEM1024,0,0,0,0,0,0,0,0,0,0,0,1024,0,0,0,0,0,0,0,0,0,server,200029,0,4,server,200029,0,4,V2_RFRAG_FINAL_ACK_APP_RETRY
B-kem1024-gilbert-prr0p85-L10-loss1-rep04-seed200004-v3,B-kem1024-gilbert-prr0p85-L10-loss1-rep04-seed200004,B-kem1024-gilbert-prr0p85-L10-loss1-rep04-seed200004,V1,B_V1_V2_FIRST_LOSS,2026-08-19T02:33:51+00:00,COOJA_SIMULATION,gilbert,0.85,10.0,0.0176470588,0.1,first_fragment,1,receiver_after_channel,1,2,1,0,16,96,3,V1_RFRAG_INITIAL_FINAL_ACK,1024,200004,4,360,0,0,runs/B-kem1024-gilbert-prr0p85-L10-loss1-rep04-seed200004-v3/cooja.log,6f16b0e8908de180b4b16a97c937bf902a2bb3da90b1f7676a2f466e8e72e727,28622,289,289,end_of_log,success,FAILED_PROTOCOL,client_reported_failure,,1,True,0,0,0,0,0,0,0,0,0,both_motes,7,9,0,1,5,21,4,25,both_motes,1,1,1,applied_after_channel,valid,0,1,final_application_timeout,1568,1568,17,17,1,0,1,0,0,0,120000,120000,1,0,21,0,1958,0,4,0,1,5,0,1,0,ct_transport_completion_timeout,1,0,0,1,1500,1,1,4,20,408,1856,3,5,0,4,0,0,1,0,190000,first_fragment,receiver_after_channel,0,1024,MLKEM1024,0,1,client,60000,200004,3,V1_RFRAG_FIRST_FINAL_ACK,0,first_fragment,receiver_after_channel,1024,MLKEM1024,0,0,0,0,0,0,0,0,0,0,1024,0,0,0,client,200004,0,3,client,0,200004,0,3,V1_RFRAG_FIRST_FINAL_ACK,1,0,first_fragment,receiver_after_channel,0,1024,MLKEM1024,1,server,200004,3,V1_RFRAG_FIRST_FINAL_ACK,first_fragment,receiver_after_channel,1024,MLKEM1024,1500,0,0,1,0,1,1,10454,1,0,0,1024,0,0,0,0,5,1,0,4,0,server,200004,0,3,server,200004,0,3,V1_RFRAG_FIRST_FINAL_ACK
B-kem1024-gilbert-prr0p85-L10-loss1-rep04-seed200004-v4,B-kem1024-gilbert-prr0p85-L10-loss1-rep04-seed200004,B-kem1024-gilbert-prr0p85-L10-loss1-rep04-seed200004,V2,B_V1_V2_FIRST_LOSS,2026-08-19T02:33:51+00:00,COOJA_SIMULATION,gilbert,0.85,10.0,0.0176470588,0.1,first_fragment,1,receiver_after_channel,1,2,1,0,16,96,4,V2_RFRAG_FINAL_ACK_APP_RETRY,1024,200004,4,360,0,1,runs/B-kem1024-gilbert-prr0p85-L10-loss1-rep04-seed200004-v4/cooja.log,9a9e0754c4a192f4ef272d40487644517c792e8adea43d5a5d7520a70098499b,33420,351,351,end_of_log,success,FAILED_PROTOCOL,client_reported_failure,,1,True,0,0,0,0,0,0,0,1,0,both_motes,1,1,2,0,4,35,17,52,both_motes,1,1,1,applied_after_channel,valid,0,1,final_application_timeout,1568,1568,17,17,2,1,2,0,0,0,240000,240000,2,0,35,12,3432,1178,1,1,2,1,1,0,1,server_fallback_no_completion,1,0,0,1,120438,1,1,17,34,1688,3330,0,3,1,0,1,0,0,1,310000,first_fragment,receiver_after_channel,0,1024,MLKEM1024,1,1,client,60000,200004,4,V2_RFRAG_FINAL_ACK_APP_RETRY,0,first_fragment,receiver_after_channel,1024,MLKEM1024,0,0,0,0,0,0,0,0,0,0,1024,1,0,0,client,200004,0,4,client,0,200004,0,4,V2_RFRAG_FINAL_ACK_APP_RETRY,0,1,first_fragment,receiver_after_channel,0,1024,MLKEM1024,1,server,200004,4,V2_RFRAG_FINAL_ACK_APP_RETRY,first_fragment,receiver_after_channel,1024,MLKEM1024,120438,0,0,1,0,1,1,10419,1,0,0,1024,1,0,0,0,3,2,0,2,1,server,200004,0,4,server,200004,0,4,V2_RFRAG_FINAL_ACK_APP_RETRY
B-kem1024-gilbert-prr0p85-L10-loss1-rep07-seed200007-v4,B-kem1024-gilbert-prr0p85-L10-loss1-rep07-seed200007,B-kem1024-gilbert-prr0p85-L10-loss1-rep07-seed200007,V2,B_V1_V2_FIRST_LOSS,2026-08-19T02:33:51+00:00,COOJA_SIMULATION,gilbert,0.85,10.0,0.0176470588,0.1,first_fragment,1,receiver_after_channel,1,2,1,0,16,96,4,V2_RFRAG_FINAL_ACK_APP_RETRY,1024,200007,7,360,0,1,runs/B-kem1024-gilbert-prr0p85-L10-loss1-rep07-seed200007-v4/cooja.log,593f79134d87b84a4c03342f94a433dc87c78b71aa9eb61a391454e638d059f4,33265,349,349,end_of_log,success,FAILED_PROTOCOL,client_reported_failure,,1,True,0,0,0,0,0,0,0,1,0,both_motes,1,1,2,0,4,35,17,52,both_motes,1,1,1,applied_after_channel,valid,0,1,final_application_timeout,1568,1568,17,17,2,1,2,0,0,0,240000,240000,2,0,35,9,3432,872,1,1,2,1,1,0,1,server_fallback_no_completion,1,0,0,1,120452,1,1,17,34,1688,3330,0,3,1,0,1,0,0,1,310000,first_fragment,receiver_after_channel,0,1024,MLKEM1024,1,1,client,60000,200007,4,V2_RFRAG_FINAL_ACK_APP_RETRY,0,first_fragment,receiver_after_channel,1024,MLKEM1024,0,0,0,0,0,0,0,0,0,0,1024,1,0,0,client,200007,0,4,client,0,200007,0,4,V2_RFRAG_FINAL_ACK_APP_RETRY,0,1,first_fragment,receiver_after_channel,0,1024,MLKEM1024,1,server,200007,4,V2_RFRAG_FINAL_ACK_APP_RETRY,first_fragment,receiver_after_channel,1024,MLKEM1024,120452,0,0,1,0,1,1,10418,1,0,0,1024,1,0,0,0,3,2,0,2,1,server,200007,0,4,server,200007,0,4,V2_RFRAG_FINAL_ACK_APP_RETRY
B-kem1024-gilbert-prr0p85-L10-loss1-rep10-seed200010-v3,B-kem1024-gilbert-prr0p85-L10-loss1-rep10-seed200010,B-kem1024-gilbert-prr0p85-L10-loss1-rep10-seed200010,V1,B_V1_V2_FIRST_LOSS,2026-08-19T02:33:51+00:00,COOJA_SIMULATION,gilbert,0.85,10.0,0.0176470588,0.1,first_fragment,1,receiver_after_channel,1,2,1,0,16,96,3,V1_RFRAG_INITIAL_FINAL_ACK,1024,200010,10,360,0,0,runs/B-kem1024-gilbert-prr0p85-L10-loss1-rep10-seed200010-v3/cooja.log,d7d03cef04be0f19c92f6701c4062c0e36c122861468d7a0077165fc1400bcf5,21018,203,203,end_of_log,success,FAILED_PROTOCOL,client_reported_failure,,1,True,0,0,0,0,0,0,0,0,0,both_motes,7,9,0,1,3,21,4,25,both_motes,1,1,1,applied_after_channel,valid,0,1,final_application_timeout,1568,1568,17,17,1,0,1,0,0,0,120000,120000,1,0,21,0,1958,0,4,0,1,5,0,1,0,ct_transport_completion_timeout,1,0,0,1,1553,1,1,4,18,408,1744,3,3,0,4,0,0,1,0,190000,first_fragment,receiver_after_channel,0,1024,MLKEM1024,0,1,client,60000,200010,3,V1_RFRAG_FIRST_FINAL_ACK,0,first_fragment,receiver_after_channel,1024,MLKEM1024,0,0,0,0,0,0,0,0,0,0,1024,0,0,0,client,200010,0,3,client,0,200010,0,3,V1_RFRAG_FIRST_FINAL_ACK,1,0,first_fragment,receiver_after_channel,0,1024,MLKEM1024,1,server,200010,3,V1_RFRAG_FIRST_FINAL_ACK,first_fragment,receiver_after_channel,1024,MLKEM1024,1553,0,0,1,0,1,1,10518,1,0,0,1024,0,0,0,0,3,1,0,2,0,server,200010,0,3,server,200010,0,3,V1_RFRAG_FIRST_FINAL_ACK
B-kem1024-gilbert-prr0p85-L10-loss1-rep10-seed200010-v4,B-kem1024-gilbert-prr0p85-L10-loss1-rep10-seed200010,B-kem1024-gilbert-prr0p85-L10-loss1-rep10-seed200010,V2,B_V1_V2_FIRST_LOSS,2026-08-19T02:33:51+00:00,COOJA_SIMULATION,gilbert,0.85,10.0,0.0176470588,0.1,first_fragment,1,receiver_after_channel,1,2,1,0,16,96,4,V2_RFRAG_FINAL_ACK_APP_RETRY,1024,200010,10,360,0,1,runs/B-kem1024-gilbert-prr0p85-L10-loss1-rep10-seed200010-v4/cooja.log,642b3a9555925c1c417a2ff10a562020883a516744a8b5ebd715d36885be5a12,25584,266,266,end_of_log,success,FAILED_PROTOCOL,client_reported_failure,,1,True,0,0,0,0,0,0,0,0,0,both_motes,3,3,1,0,4,20,0,20,both_motes,1,1,1,applied_after_channel,valid,0,1,route_acquisition_timeout,1568,1568,17,17,1,0,1,0,0,0,125000,125000,1,0,20,0,1856,0,3,0,1,3,1,0,0,server_fallback_no_completion,0,0,0,0,0,0,0,0,19,0,1754,0,4,0,0,0,0,0,1,310000,first_fragment,receiver_after_channel,0,1024,MLKEM1024,1,1,client,60000,200010,4,V2_RFRAG_FINAL_ACK_APP_RETRY,0,first_fragment,receiver_after_channel,1024,MLKEM1024,0,0,0,0,0,0,0,0,0,0,1024,0,0,0,client,200010,0,4,client,0,200010,0,4,V2_RFRAG_FINAL_ACK_APP_RETRY,0,1,first_fragment,receiver_after_channel,0,1024,MLKEM1024,1,server,200010,4,V2_RFRAG_FINAL_ACK_APP_RETRY,first_fragment,receiver_after_channel,1024,MLKEM1024,0,0,0,0,0,0,0,0,0,0,0,1024,0,0,0,0,4,1,0,0,0,server,200010,0,4,server,200010,0,4,V2_RFRAG_FINAL_ACK_APP_RETRY
B-kem1024-gilbert-prr0p85-L10-loss1-rep11-seed200011-v4,B-kem1024-gilbert-prr0p85-L10-loss1-rep11-seed200011,B-kem1024-gilbert-prr0p85-L10-loss1-rep11-seed200011,V2,B_V1_V2_FIRST_LOSS,2026-08-19T02:33:51+00:00,COOJA_SIMULATION,gilbert,0.85,10.0,0.0176470588,0.1,first_fragment,1,receiver_after_channel,1,2,1,0,16,96,4,V2_RFRAG_FINAL_ACK_APP_RETRY,1024,200011,11,360,0,1,runs/B-kem1024-gilbert-prr0p85-L10-loss1-rep11-seed200011-v4/cooja.log,a15737f4c709ad3109335e81af3b2e8655ceb4f4ffdf778632a3165c20a28f0c,27577,284,284,end_of_log,success,FAILED_PROTOCOL,client_reported_failure,,1,True,0,0,0,0,0,0,0,1,0,both_motes,1,1,2,0,4,35,17,52,both_motes,1,1,1,applied_after_channel,valid,0,1,final_application_timeout,1568,1568,17,17,2,1,2,0,0,0,240000,240000,2,0,35,4,3432,362,1,1,2,1,1,0,1,server_fallback_no_completion,1,0,0,1,120481,1,1,17,34,1688,3330,0,3,1,0,1,0,0,1,310000,first_fragment,receiver_after_channel,0,1024,MLKEM1024,1,1,client,60000,200011,4,V2_RFRAG_FINAL_ACK_APP_RETRY,0,first_fragment,receiver_after_channel,1024,MLKEM1024,0,0,0,0,0,0,0,0,0,0,1024,1,0,0,client,200011,0,4,client,0,200011,0,4,V2_RFRAG_FINAL_ACK_APP_RETRY,0,1,first_fragment,receiver_after_channel,0,1024,MLKEM1024,1,server,200011,4,V2_RFRAG_FINAL_ACK_APP_RETRY,first_fragment,receiver_after_channel,1024,MLKEM1024,120481,0,0,1,0,1,1,10461,1,0,0,1024,1,0,0,0,3,2,0,2,1,server,200011,0,4,server,200011,0,4,V2_RFRAG_FINAL_ACK_APP_RETRY
B-kem1024-gilbert-prr0p85-L10-loss1-rep14-seed200014-v3,B-kem1024-gilbert-prr0p85-L10-loss1-rep14-seed200014,B-kem1024-gilbert-prr0p85-L10-loss1-rep14-seed200014,V1,B_V1_V2_FIRST_LOSS,2026-08-19T02:33:51+00:00,COOJA_SIMULATION,gilbert,0.85,10.0,0.0176470588,0.1,first_fragment,1,receiver_after_channel,1,2,1,0,16,96,3,V1_RFRAG_INITIAL_FINAL_ACK,1024,200014,14,360,0,0,runs/B-kem1024-gilbert-prr0p85-L10-loss1-rep14-seed200014-v3/cooja.log,2c79468a2a4b33ff7953727cd7a0df5887481fed7e014d77764c2165f8145a46,23301,233,233,end_of_log,success,FAILED_PROTOCOL,client_reported_failure,,1,True,0,0,0,0,0,0,0,0,0,both_motes,4,5,0,1,4,21,0,21,both_motes,1,1,1,applied_after_channel,valid,0,1,final_application_timeout,1568,1568,17,17,1,0,1,0,0,0,120000,120000,1,0,21,0,1958,0,4,0,1,5,0,1,0,server_fallback_no_completion,0,0,0,0,0,0,0,0,5,0,372,0,4,0,0,0,0,1,0,190000,first_fragment,receiver_after_channel,0,1024,MLKEM1024,0,1,client,60000,200014,3,V1_RFRAG_FIRST_FINAL_ACK,0,first_fragment,receiver_after_channel,1024,MLKEM1024,0,0,0,0,0,0,0,0,0,0,1024,0,0,0,client,200014,0,3,client,0,200014,0,3,V1_RFRAG_FIRST_FINAL_ACK,1,0,first_fragment,receiver_after_channel,0,1024,MLKEM1024,1,server,200014,3,V1_RFRAG_FIRST_FINAL_ACK,first_fragment,receiver_after_channel,1024,MLKEM1024,0,0,0,1,0,0,1,27604,0,1,0,1024,0,0,0,0,4,1,0,0,0,server,200014,0,3,server,200014,0,3,V1_RFRAG_FIRST_FINAL_ACK
B-kem1024-gilbert-prr0p85-L10-loss1-rep14-seed200014-v4,B-kem1024-gilbert-prr0p85-L10-loss1-rep14-seed200014,B-kem1024-gilbert-prr0p85-L10-loss1-rep14-seed200014,V2,B_V1_V2_FIRST_LOSS,2026-08-19T02:33:51+00:00,COOJA_SIMULATION,gilbert,0.85,10.0,0.0176470588,0.1,first_fragment,1,receiver_after_channel,1,2,1,0,16,96,4,V2_RFRAG_FINAL_ACK_APP_RETRY,1024,200014,14,360,0,1,runs/B-kem1024-gilbert-prr0p85-L10-loss1-rep14-seed200014-v4/cooja.log,7e079a852c3d4681c7bb0a9c8b343a5cb0a307e1f2cb6eab7a6c83db215a5263,25091,254,254,end_of_log,success,FAILED_PROTOCOL,client_reported_failure,,1,True,0,0,0,0,0,0,0,1,0,both_motes,3,4,1,0,1,37,0,37,both_motes,1,1,1,applied_after_channel,valid,0,1,final_application_timeout,1568,1568,17,17,2,1,2,0,0,0,240000,240000,2,0,37,0,3544,0,3,0,1,4,1,0,0,server_fallback_no_completion,0,0,0,0,0,0,0,0,29,0,2912,0,1,0,0,1,0,0,1,310000,first_fragment,receiver_after_channel,0,1024,MLKEM1024,1,1,client,60000,200014,4,V2_RFRAG_FINAL_ACK_APP_RETRY,0,first_fragment,receiver_after_channel,1024,MLKEM1024,0,0,0,0,0,0,0,0,0,0,1024,0,0,0,client,200014,0,4,client,0,200014,0,4,V2_RFRAG_FINAL_ACK_APP_RETRY,0,1,first_fragment,receiver_after_channel,0,1024,MLKEM1024,1,server,200014,4,V2_RFRAG_FINAL_ACK_APP_RETRY,first_fragment,receiver_after_channel,1024,MLKEM1024,0,0,0,1,0,0,1,20399,0,1,0,1024,0,0,0,0,1,1,0,0,0,server,200014,0,4,server,200014,0,4,V2_RFRAG_FINAL_ACK_APP_RETRY
B-kem1024-gilbert-prr0p85-L10-loss1-rep15-seed200015-v3,B-kem1024-gilbert-prr0p85-L10-loss1-rep15-seed200015,B-kem1024-gilbert-prr0p85-L10-loss1-rep15-seed200015,V1,B_V1_V2_FIRST_LOSS,2026-08-19T02:33:51+00:00,COOJA_SIMULATION,gilbert,0.85,10.0,0.0176470588,0.1,first_fragment,1,receiver_after_channel,1,2,1,0,16,96,3,V1_RFRAG_INITIAL_FINAL_ACK,1024,200015,15,360,0,0,runs/B-kem1024-gilbert-prr0p85-L10-loss1-rep15-seed200015-v3/cooja.log,c150b0572f3cc4b2d38d2d298ff24602d7a640b17733bc6027b1256beee34922,33516,345,345,end_of_log,success,FAILED_PROTOCOL,client_reported_failure,,1,True,0,0,0,0,0,0,0,0,4,both_motes,9,6,0,3,5,22,21,43,both_motes,1,1,1,applied_after_channel,valid,0,1,final_application_timeout,1568,1568,17,17,1,0,1,0,0,0,120000,120000,1,0,22,5,2198,510,5,2,3,1,0,2,1,ct_transport_completion_timeout,1,0,0,1,1687,1,1,21,17,1958,1688,4,3,1,5,0,0,1,0,190000,first_fragment,receiver_after_channel,0,1024,MLKEM1024,0,1,client,60000,200015,3,V1_RFRAG_FIRST_FINAL_ACK,0,first_fragment,receiver_after_channel,1024,MLKEM1024,0,0,1,0,0,1,21170,0,1,0,1024,1,0,0,client,200015,4,3,client,0,200015,0,3,V1_RFRAG_FIRST_FINAL_ACK,1,0,first_fragment,receiver_after_channel,0,1024,MLKEM1024,1,server,200015,3,V1_RFRAG_FIRST_FINAL_ACK,first_fragment,receiver_after_channel,1024,MLKEM1024,1687,0,0,1,0,1,1,10629,1,0,0,1024,0,1,0,0,3,3,0,1,1,server,200015,0,3,server,200015,0,3,V1_RFRAG_FIRST_FINAL_ACK
B-kem1024-gilbert-prr0p85-L10-loss1-rep15-seed200015-v4,B-kem1024-gilbert-prr0p85-L10-loss1-rep15-seed200015,B-kem1024-gilbert-prr0p85-L10-loss1-rep15-seed200015,V2,B_V1_V2_FIRST_LOSS,2026-08-19T02:33:51+00:00,COOJA_SIMULATION,gilbert,0.85,10.0,0.0176470588,0.1,first_fragment,1,receiver_after_channel,1,2,1,0,16,96,4,V2_RFRAG_FINAL_ACK_APP_RETRY,1024,200015,15,360,0,1,runs/B-kem1024-gilbert-prr0p85-L10-loss1-rep15-seed200015-v4/cooja.log,80a9941e0fbf774938a095cc27a818ec78cd44ea4a6e42a039956c78fedb71c1,22186,228,228,end_of_log,success,FAILED_PROTOCOL,client_reported_failure,,1,True,0,0,0,0,0,0,0,0,0,both_motes,0,0,1,0,1,17,0,17,both_motes,1,1,1,applied_after_channel,valid,0,1,route_acquisition_timeout,1568,1568,17,17,1,0,1,0,0,0,125000,125000,1,0,17,0,1688,0,0,0,1,0,1,0,0,server_fallback_no_completion,0,0,0,0,0,0,0,0,16,0,1586,0,1,0,0,0,0,0,1,310000,first_fragment,receiver_after_channel,0,1024,MLKEM1024,1,1,client,60000,200015,4,V2_RFRAG_FINAL_ACK_APP_RETRY,0,first_fragment,receiver_after_channel,1024,MLKEM1024,0,0,0,0,0,0,0,0,0,0,1024,0,0,0,client,200015,0,4,client,0,200015,0,4,V2_RFRAG_FINAL_ACK_APP_RETRY,0,1,first_fragment,receiver_after_channel,0,1024,MLKEM1024,1,server,200015,4,V2_RFRAG_FINAL_ACK_APP_RETRY,first_fragment,receiver_after_channel,1024,MLKEM1024,0,0,0,0,0,0,0,0,0,0,0,1024,0,0,0,0,1,1,0,0,0,server,200015,0,4,server,200015,0,4,V2_RFRAG_FINAL_ACK_APP_RETRY
B-kem1024-gilbert-prr0p85-L10-loss1-rep20-seed200020-v3,B-kem1024-gilbert-prr0p85-L10-loss1-rep20-seed200020,B-kem1024-gilbert-prr0p85-L10-loss1-rep20-seed200020,V1,B_V1_V2_FIRST_LOSS,2026-08-19T02:33:51+00:00,COOJA_SIMULATION,gilbert,0.85,10.0,0.0176470588,0.1,first_fragment,1,receiver_after_channel,1,2,1,0,16,96,3,V1_RFRAG_INITIAL_FINAL_ACK,1024,200020,20,360,0,0,runs/B-kem1024-gilbert-prr0p85-L10-loss1-rep20-seed200020-v3/cooja.log,985ff75045b0b776b56ce1314cda62c9c8b43d128c180bbc5a347381a9daa7a7,34475,351,351,end_of_log,success,FAILED_PROTOCOL,client_reported_failure,,1,True,0,0,0,0,0,0,0,0,6,both_motes,10,5,0,4,5,24,20,44,both_motes,1,1,1,applied_after_channel,valid,0,1,final_application_timeout,1568,1568,17,17,1,0,1,0,0,0,120000,120000,1,0,24,16,2356,1586,7,2,3,2,0,2,1,ct_transport_completion_timeout,1,0,0,1,2674,1,1,20,17,1994,1688,3,3,2,3,0,0,1,0,190000,first_fragment,receiver_after_channel,0,1024,MLKEM1024,0,1,client,60000,200020,3,V1_RFRAG_FIRST_FINAL_ACK,0,first_fragment,receiver_after_channel,1024,MLKEM1024,0,0,1,0,0,1,20476,0,1,0,1024,1,0,0,client,200020,5,3,client,0,200020,0,3,V1_RFRAG_FIRST_FINAL_ACK,1,0,first_fragment,receiver_after_channel,0,1024,MLKEM1024,1,server,200020,3,V1_RFRAG_FIRST_FINAL_ACK,first_fragment,receiver_after_channel,1024,MLKEM1024,2674,0,0,1,0,1,1,11606,1,0,0,1024,0,2,0,0,3,3,0,1,1,server,200020,1,3,server,200020,0,3,V1_RFRAG_FIRST_FINAL_ACK
B-kem1024-gilbert-prr0p85-L10-loss1-rep20-seed200020-v4,B-kem1024-gilbert-prr0p85-L10-loss1-rep20-seed200020,B-kem1024-gilbert-prr0p85-L10-loss1-rep20-seed200020,V2,B_V1_V2_FIRST_LOSS,2026-08-19T02:33:51+00:00,COOJA_SIMULATION,gilbert,0.85,10.0,0.0176470588,0.1,first_fragment,1,receiver_after_channel,1,2,1,0,16,96,4,V2_RFRAG_FINAL_ACK_APP_RETRY,1024,200020,20,360,0,1,runs/B-kem1024-gilbert-prr0p85-L10-loss1-rep20-seed200020-v4/cooja.log,9b42b3c0333bf0e28a7c749dc7a3bbce6e803cd4ee61ee86f803631797ae9f24,27369,286,286,end_of_log,success,FAILED_PROTOCOL,client_reported_failure,,1,True,0,0,0,0,0,0,0,0,0,both_motes,3,3,1,0,1,20,0,20,both_motes,1,1,1,applied_after_channel,valid,0,1,route_acquisition_timeout,1568,1568,17,17,1,0,1,0,0,0,125000,125000,1,0,20,0,1856,0,3,0,1,3,1,0,0,server_fallback_no_completion,0,0,0,0,0,0,0,0,13,0,1280,0,1,0,0,0,0,0,1,310000,first_fragment,receiver_after_channel,0,1024,MLKEM1024,1,1,client,60000,200020,4,V2_RFRAG_FINAL_ACK_APP_RETRY,0,first_fragment,receiver_after_channel,1024,MLKEM1024,0,0,0,0,0,0,0,0,0,0,1024,0,0,0,client,200020,0,4,client,0,200020,0,4,V2_RFRAG_FINAL_ACK_APP_RETRY,0,1,first_fragment,receiver_after_channel,0,1024,MLKEM1024,1,server,200020,4,V2_RFRAG_FINAL_ACK_APP_RETRY,first_fragment,receiver_after_channel,1024,MLKEM1024,0,0,0,0,0,0,0,0,0,0,0,1024,0,0,0,0,1,1,0,0,0,server,200020,0,4,server,200020,0,4,V2_RFRAG_FINAL_ACK_APP_RETRY
B-kem1024-gilbert-prr0p85-L10-loss1-rep24-seed200024-v4,B-kem1024-gilbert-prr0p85-L10-loss1-rep24-seed200024,B-kem1024-gilbert-prr0p85-L10-loss1-rep24-seed200024,V2,B_V1_V2_FIRST_LOSS,2026-08-19T02:33:51+00:00,COOJA_SIMULATION,gilbert,0.85,10.0,0.0176470588,0.1,first_fragment,1,receiver_after_channel,1,2,1,0,16,96,4,V2_RFRAG_FINAL_ACK_APP_RETRY,1024,200024,24,360,0,1,runs/B-kem1024-gilbert-prr0p85-L10-loss1-rep24-seed200024-v4/cooja.log,2cb8b17344325be9e50dff2ac81068c84f9ca2f708ca4abfba5a0eebd064af89,26264,275,275,end_of_log,success,FAILED_PROTOCOL,client_reported_failure,,1,True,0,0,0,0,0,0,0,0,0,both_motes,0,0,1,0,1,17,0,17,both_motes,1,1,1,applied_after_channel,valid,0,1,route_acquisition_timeout,1568,1568,17,17,1,0,1,0,0,0,125000,125000,1,0,17,0,1688,0,0,0,1,0,1,0,0,server_fallback_no_completion,0,0,0,0,0,0,0,0,16,0,1586,0,1,0,0,0,0,0,1,310000,first_fragment,receiver_after_channel,0,1024,MLKEM1024,1,1,client,60000,200024,4,V2_RFRAG_FINAL_ACK_APP_RETRY,0,first_fragment,receiver_after_channel,1024,MLKEM1024,0,0,0,0,0,0,0,0,0,0,1024,0,0,0,client,200024,0,4,client,0,200024,0,4,V2_RFRAG_FINAL_ACK_APP_RETRY,0,1,first_fragment,receiver_after_channel,0,1024,MLKEM1024,1,server,200024,4,V2_RFRAG_FINAL_ACK_APP_RETRY,first_fragment,receiver_after_channel,1024,MLKEM1024,0,0,0,0,0,0,0,0,0,0,0,1024,0,0,0,0,1,1,0,0,0,server,200024,0,4,server,200024,0,4,V2_RFRAG_FINAL_ACK_APP_RETRY
B-kem1024-gilbert-prr0p85-L10-loss1-rep25-seed200025-v3,B-kem1024-gilbert-prr0p85-L10-loss1-rep25-seed200025,B-kem1024-gilbert-prr0p85-L10-loss1-rep25-seed200025,V1,B_V1_V2_FIRST_LOSS,2026-08-19T02:33:51+00:00,COOJA_SIMULATION,gilbert,0.85,10.0,0.0176470588,0.1,first_fragment,1,receiver_after_channel,1,2,1,0,16,96,3,V1_RFRAG_INITIAL_FINAL_ACK,1024,200025,25,360,0,0,runs/B-kem1024-gilbert-prr0p85-L10-loss1-rep25-seed200025-v3/cooja.log,208a15f772fc060243c8ba557ed025438dd6737e69b06fbf182f1c37590ce3ca,29981,305,305,end_of_log,success,FAILED_PROTOCOL,client_reported_failure,,1,True,0,0,0,0,0,0,0,0,0,both_motes,7,9,0,1,5,21,4,25,both_motes,1,1,1,applied_after_channel,valid,0,1,final_application_timeout,1568,1568,17,17,1,0,1,0,0,0,120000,120000,1,0,21,0,1958,0,4,0,1,5,0,1,0,ct_transport_completion_timeout,1,0,0,1,1570,1,1,4,20,408,1856,3,5,0,4,0,0,1,0,190000,first_fragment,receiver_after_channel,0,1024,MLKEM1024,0,1,client,60000,200025,3,V1_RFRAG_FIRST_FINAL_ACK,0,first_fragment,receiver_after_channel,1024,MLKEM1024,0,0,0,0,0,0,0,0,0,0,1024,0,0,0,client,200025,0,3,client,0,200025,0,3,V1_RFRAG_FIRST_FINAL_ACK,1,0,first_fragment,receiver_after_channel,0,1024,MLKEM1024,1,server,200025,3,V1_RFRAG_FIRST_FINAL_ACK,first_fragment,receiver_after_channel,1024,MLKEM1024,1570,0,0,1,0,1,1,10495,1,0,0,1024,0,0,0,0,5,1,0,4,0,server,200025,0,3,server,200025,0,3,V1_RFRAG_FIRST_FINAL_ACK
B-kem1024-gilbert-prr0p85-L10-loss1-rep25-seed200025-v4,B-kem1024-gilbert-prr0p85-L10-loss1-rep25-seed200025,B-kem1024-gilbert-prr0p85-L10-loss1-rep25-seed200025,V2,B_V1_V2_FIRST_LOSS,2026-08-19T02:33:51+00:00,COOJA_SIMULATION,gilbert,0.85,10.0,0.0176470588,0.1,first_fragment,1,receiver_after_channel,1,2,1,0,16,96,4,V2_RFRAG_FINAL_ACK_APP_RETRY,1024,200025,25,360,0,1,runs/B-kem1024-gilbert-prr0p85-L10-loss1-rep25-seed200025-v4/cooja.log,eb3fe58007ae60c2425ab016b19950b4f773deb99ce0331d47daf4b10503786b,26728,279,279,end_of_log,success,FAILED_PROTOCOL,client_reported_failure,,1,True,0,0,0,0,0,0,0,0,0,both_motes,3,4,0,0,4,20,0,20,both_motes,1,1,1,applied_after_channel,valid,0,1,route_acquisition_timeout,1568,1568,17,17,1,0,1,0,0,0,125000,125000,1,0,20,0,1856,0,3,0,0,4,0,0,0,server_fallback_no_completion,0,0,0,0,0,0,0,0,19,0,1754,0,4,0,0,0,0,0,1,310000,first_fragment,receiver_after_channel,0,1024,MLKEM1024,1,1,client,60000,200025,4,V2_RFRAG_FINAL_ACK_APP_RETRY,0,first_fragment,receiver_after_channel,1024,MLKEM1024,0,0,0,0,0,0,0,0,0,0,1024,0,0,0,client,200025,0,4,client,0,200025,0,4,V2_RFRAG_FINAL_ACK_APP_RETRY,0,1,first_fragment,receiver_after_channel,0,1024,MLKEM1024,1,server,200025,4,V2_RFRAG_FINAL_ACK_APP_RETRY,first_fragment,receiver_after_channel,1024,MLKEM1024,0,0,0,0,0,0,0,0,0,0,0,1024,0,0,0,0,4,0,0,0,0,server,200025,0,4,server,200025,0,4,V2_RFRAG_FINAL_ACK_APP_RETRY
B-kem1024-gilbert-prr0p85-L10-loss1-rep28-seed200028-v3,B-kem1024-gilbert-prr0p85-L10-loss1-rep28-seed200028,B-kem1024-gilbert-prr0p85-L10-loss1-rep28-seed200028,V1,B_V1_V2_FIRST_LOSS,2026-08-19T02:33:51+00:00,COOJA_SIMULATION,gilbert,0.85,10.0,0.0176470588,0.1,first_fragment,1,receiver_after_channel,1,2,1,0,16,96,3,V1_RFRAG_INITIAL_FINAL_ACK,1024,200028,28,360,0,0,runs/B-kem1024-gilbert-prr0p85-L10-loss1-rep28-seed200028-v3/cooja.log,bdf536835731664813f897642fba6fc3b349d9c217ffed7e7d7171bc294a0fd6,23367,229,229,end_of_log,success,FAILED_PROTOCOL,client_reported_failure,,1,True,0,0,0,0,0,0,0,0,0,both_motes,4,5,0,2,3,18,20,38,both_motes,1,1,1,applied_after_channel,valid,0,1,final_application_timeout,1568,1568,17,17,1,0,1,0,0,0,120000,120000,1,0,18,15,1790,1530,1,1,2,1,0,1,1,ct_transport_completion_timeout,1,0,0,1,1442,1,1,20,17,1856,1688,3,2,1,4,0,0,1,0,190000,first_fragment,receiver_after_channel,0,1024,MLKEM1024,0,1,client,60000,200028,3,V1_RFRAG_FIRST_FINAL_ACK,0,first_fragment,receiver_after_channel,1024,MLKEM1024,0,0,1,0,0,1,20458,0,1,0,1024,1,0,0,client,200028,0,3,client,0,200028,0,3,V1_RFRAG_FIRST_FINAL_ACK,1,0,first_fragment,receiver_after_channel,0,1024,MLKEM1024,1,server,200028,3,V1_RFRAG_FIRST_FINAL_ACK,first_fragment,receiver_after_channel,1024,MLKEM1024,1442,0,0,1,0,1,1,10399,1,0,0,1024,0,1,0,0,2,2,0,1,1,server,200028,0,3,server,200028,0,3,V1_RFRAG_FIRST_FINAL_ACK
B-kem1024-gilbert-prr0p85-L10-loss1-rep28-seed200028-v4,B-kem1024-gilbert-prr0p85-L10-loss1-rep28-seed200028,B-kem1024-gilbert-prr0p85-L10-loss1-rep28-seed200028,V2,B_V1_V2_FIRST_LOSS,2026-08-19T02:33:51+00:00,COOJA_SIMULATION,gilbert,0.85,10.0,0.0176470588,0.1,first_fragment,1,receiver_after_channel,1,2,1,0,16,96,4,V2_RFRAG_FINAL_ACK_APP_RETRY,1024,200028,28,360,0,1,runs/B-kem1024-gilbert-prr0p85-L10-loss1-rep28-seed200028-v4/cooja.log,6f3bb5131297fb6cbbadd4c8b9b83c581cc61cbb865a426615c9be99c515d09d,24854,255,255,end_of_log,success,FAILED_PROTOCOL,client_reported_failure,,1,True,0,0,0,0,0,0,0,1,9,both_motes,14,6,1,1,2,48,0,48,both_motes,1,1,1,applied_after_channel,valid,0,1,final_application_timeout,1568,1568,17,17,2,1,2,0,0,0,240000,240000,2,0,48,0,4666,0,14,0,2,6,1,1,0,server_fallback_no_completion,0,0,0,0,0,0,0,0,24,0,2356,0,2,0,0,1,0,0,1,310000,first_fragment,receiver_after_channel,0,1024,MLKEM1024,1,1,client,60000,200028,4,V2_RFRAG_FINAL_ACK_APP_RETRY,0,first_fragment,receiver_after_channel,1024,MLKEM1024,0,0,0,0,0,0,0,0,0,0,1024,0,0,0,client,200028,9,4,client,0,200028,0,4,V2_RFRAG_FINAL_ACK_APP_RETRY,0,1,first_fragment,receiver_after_channel,0,1024,MLKEM1024,1,server,200028,4,V2_RFRAG_FINAL_ACK_APP_RETRY,first_fragment,receiver_after_channel,1024,MLKEM1024,0,0,0,1,0,0,1,27525,0,1,0,1024,0,0,0,0,2,2,0,0,0,server,200028,0,4,server,200028,0,4,V2_RFRAG_FINAL_ACK_APP_RETRY
B-kem1024-gilbert-prr0p85-L10-loss1-rep29-seed200029-v4,B-kem1024-gilbert-prr0p85-L10-loss1-rep29-seed200029,B-kem1024-gilbert-prr0p85-L10-loss1-rep29-seed200029,V2,B_V1_V2_FIRST_LOSS,2026-08-19T02:33:51+00:00,COOJA_SIMULATION,gilbert,0.85,10.0,0.0176470588,0.1,first_fragment,1,receiver_after_channel,1,2,1,0,16,96,4,V2_RFRAG_FINAL_ACK_APP_RETRY,1024,200029,29,360,0,1,runs/B-kem1024-gilbert-prr0p85-L10-loss1-rep29-seed200029-v4/cooja.log,3337a0c84c7efba4e5326f563c2f98773dd551e291c052a31b3452039deb2b32,16400,160,160,end_of_log,success,FAILED_PROTOCOL,client_reported_failure,,1,True,0,0,0,0,0,0,0,0,0,both_motes,3,4,0,0,0,20,0,20,both_motes,1,1,1,applied_after_channel,valid,0,1,route_acquisition_timeout,1568,1568,17,17,1,0,1,0,0,0,125000,125000,1,0,20,0,1856,0,3,0,0,4,0,0,0,server_fallback_no_completion,0,0,0,0,0,0,0,0,4,0,408,0,0,0,0,0,0,0,1,310000,first_fragment,receiver_after_channel,0,1024,MLKEM1024,1,1,client,60000,200029,4,V2_RFRAG_FINAL_ACK_APP_RETRY,0,first_fragment,receiver_after_channel,1024,MLKEM1024,0,0,0,0,0,0,0,0,0,0,1024,0,0,0,client,200029,0,4,client,0,200029,0,4,V2_RFRAG_FINAL_ACK_APP_RETRY,0,1,first_fragment,receiver_after_channel,0,1024,MLKEM1024,1,server,200029,4,V2_RFRAG_FINAL_ACK_APP_RETRY,first_fragment,receiver_after_channel,1024,MLKEM1024,0,0,0,0,0,0,0,0,0,0,0,1024,0,0,0,0,0,0,0,0,0,server,200029,0,4,server,200029,0,4,V2_RFRAG_FINAL_ACK_APP_RETRY
B-kem1024-gilbert-prr0p85-L10-loss1-rep30-seed200030-v4,B-kem1024-gilbert-prr0p85-L10-loss1-rep30-seed200030,B-kem1024-gilbert-prr0p85-L10-loss1-rep30-seed200030,V2,B_V1_V2_FIRST_LOSS,2026-08-19T02:33:51+00:00,COOJA_SIMULATION,gilbert,0.85,10.0,0.0176470588,0.1,first_fragment,1,receiver_after_channel,1,2,1,0,16,96,4,V2_RFRAG_FINAL_ACK_APP_RETRY,1024,200030,30,360,0,1,runs/B-kem1024-gilbert-prr0p85-L10-loss1-rep30-seed200030-v4/cooja.log,efaf606b3a3f9f935f8c62ed6606227b22d72b820fa2a42de1e52de136ca4a80,22969,232,232,end_of_log,success,FAILED_PROTOCOL,client_reported_failure,,1,True,0,0,0,0,0,0,0,1,0,both_motes,3,4,1,0,1,37,0,37,both_motes,1,1,1,applied_after_channel,valid,0,1,final_application_timeout,1568,1568,17,17,2,1,2,0,0,0,240000,240000,2,0,37,0,3544,0,3,0,1,4,1,0,0,server_fallback_no_completion,0,0,0,0,0,0,0,0,27,0,2708,0,1,0,0,1,0,0,1,310000,first_fragment,receiver_after_channel,0,1024,MLKEM1024,1,1,client,60000,200030,4,V2_RFRAG_FINAL_ACK_APP_RETRY,0,first_fragment,receiver_after_channel,1024,MLKEM1024,0,0,0,0,0,0,0,0,0,0,1024,0,0,0,client,200030,0,4,client,0,200030,0,4,V2_RFRAG_FINAL_ACK_APP_RETRY,0,1,first_fragment,receiver_after_channel,0,1024,MLKEM1024,1,server,200030,4,V2_RFRAG_FINAL_ACK_APP_RETRY,first_fragment,receiver_after_channel,1024,MLKEM1024,0,0,0,1,0,0,1,20329,0,1,0,1024,0,0,0,0,1,1,0,0,0,server,200030,0,4,server,200030,0,4,V2_RFRAG_FINAL_ACK_APP_RETRY
B-kem1024-gilbert-prr0p90-L2-loss1-rep04-seed200004-v4,B-kem1024-gilbert-prr0p90-L2-loss1-rep04-seed200004,B-kem1024-gilbert-prr0p90-L2-loss1-rep04-seed200004,V2,B_V1_V2_FIRST_LOSS,2026-08-19T02:33:51+00:00,COOJA_SIMULATION,gilbert,0.9,2.0,0.0555555556,0.5,first_fragment,1,receiver_after_channel,1,2,1,0,16,96,4,V2_RFRAG_FINAL_ACK_APP_RETRY,1024,200004,4,360,0,1,runs/B-kem1024-gilbert-prr0p90-L2-loss1-rep04-seed200004-v4/cooja.log,018efafce997491907a24077d344f98d25d0d45a27c265b5296f64ced78e6d1f,26769,280,280,end_of_log,success,FAILED_PROTOCOL,client_reported_failure,,1,True,0,0,0,0,0,0,0,0,0,both_motes,0,0,1,0,1,17,0,17,both_motes,1,1,1,applied_after_channel,valid,0,1,route_acquisition_timeout,1568,1568,17,17,1,0,1,0,0,0,125000,125000,1,0,17,0,1688,0,0,0,1,0,1,0,0,server_fallback_no_completion,0,0,0,0,0,0,0,0,14,0,1382,0,1,0,0,0,0,0,1,310000,first_fragment,receiver_after_channel,0,1024,MLKEM1024,1,1,client,60000,200004,4,V2_RFRAG_FINAL_ACK_APP_RETRY,0,first_fragment,receiver_after_channel,1024,MLKEM1024,0,0,0,0,0,0,0,0,0,0,1024,0,0,0,client,200004,0,4,client,0,200004,0,4,V2_RFRAG_FINAL_ACK_APP_RETRY,0,1,first_fragment,receiver_after_channel,0,1024,MLKEM1024,1,server,200004,4,V2_RFRAG_FINAL_ACK_APP_RETRY,first_fragment,receiver_after_channel,1024,MLKEM1024,0,0,0,0,0,0,0,0,0,0,0,1024,0,0,0,0,1,1,0,0,0,server,200004,0,4,server,200004,0,4,V2_RFRAG_FINAL_ACK_APP_RETRY
B-kem1024-gilbert-prr0p90-L2-loss1-rep06-seed200006-v4,B-kem1024-gilbert-prr0p90-L2-loss1-rep06-seed200006,B-kem1024-gilbert-prr0p90-L2-loss1-rep06-seed200006,V2,B_V1_V2_FIRST_LOSS,2026-08-19T02:33:51+00:00,COOJA_SIMULATION,gilbert,0.9,2.0,0.0555555556,0.5,first_fragment,1,receiver_after_channel,1,2,1,0,16,96,4,V2_RFRAG_FINAL_ACK_APP_RETRY,1024,200006,6,360,0,1,runs/B-kem1024-gilbert-prr0p90-L2-loss1-rep06-seed200006-v4/cooja.log,0f5c143c5b3ec683b0176716010813b33bd028b36066cb99a0c47177c402bc02,27427,284,284,end_of_log,success,FAILED_PROTOCOL,client_reported_failure,,1,True,0,0,0,0,0,0,0,1,0,both_motes,1,1,2,0,4,35,17,52,both_motes,1,1,1,applied_after_channel,valid,0,1,final_application_timeout,1568,1568,17,17,2,1,2,0,0,0,240000,240000,2,0,35,14,3432,1382,1,1,2,1,1,0,1,server_fallback_no_completion,1,0,0,1,120547,1,1,17,33,1688,3228,0,3,1,0,1,0,0,1,310000,first_fragment,receiver_after_channel,0,1024,MLKEM1024,1,1,client,60000,200006,4,V2_RFRAG_FINAL_ACK_APP_RETRY,0,first_fragment,receiver_after_channel,1024,MLKEM1024,0,0,0,0,0,0,0,0,0,0,1024,1,0,0,client,200006,0,4,client,0,200006,0,4,V2_RFRAG_FINAL_ACK_APP_RETRY,0,1,first_fragment,receiver_after_channel,0,1024,MLKEM1024,1,server,200006,4,V2_RFRAG_FINAL_ACK_APP_RETRY,first_fragment,receiver_after_channel,1024,MLKEM1024,120547,0,0,1,0,1,1,10518,1,0,0,1024,1,0,0,0,3,2,0,2,1,server,200006,0,4,server,200006,0,4,V2_RFRAG_FINAL_ACK_APP_RETRY
B-kem1024-gilbert-prr0p90-L2-loss1-rep09-seed200009-v4,B-kem1024-gilbert-prr0p90-L2-loss1-rep09-seed200009,B-kem1024-gilbert-prr0p90-L2-loss1-rep09-seed200009,V2,B_V1_V2_FIRST_LOSS,2026-08-19T02:33:51+00:00,COOJA_SIMULATION,gilbert,0.9,2.0,0.0555555556,0.5,first_fragment,1,receiver_after_channel,1,2,1,0,16,96,4,V2_RFRAG_FINAL_ACK_APP_RETRY,1024,200009,9,360,0,1,runs/B-kem1024-gilbert-prr0p90-L2-loss1-rep09-seed200009-v4/cooja.log,83d5edcd3580d9b5a34bb544e2e69482912568e00f5be15e5805ef2b6097a3d6,26407,276,276,end_of_log,success_with_warnings,FAILED_PROTOCOL,client_reported_failure,"perte ciblée armée, mais le canal/radio a perdu la trame avant le hook receiver",1,True,0,0,0,0,0,0,0,0,0,both_motes,2,2,1,0,2,19,0,19,both_motes,1,1,0,radio_preempted,valid,0,1,route_acquisition_timeout,1568,1568,17,17,1,0,1,0,0,0,125000,125000,1,0,19,0,1800,0,2,0,1,2,1,0,0,server_fallback_no_completion,0,0,0,0,0,0,0,0,11,0,1030,0,2,0,0,0,0,0,1,310000,first_fragment,receiver_after_channel,0,1024,MLKEM1024,1,1,client,60000,200009,4,V2_RFRAG_FINAL_ACK_APP_RETRY,0,first_fragment,receiver_after_channel,1024,MLKEM1024,0,0,0,0,0,0,0,0,0,0,1024,0,0,0,client,200009,0,4,client,0,200009,0,4,V2_RFRAG_FINAL_ACK_APP_RETRY,0,1,first_fragment,receiver_after_channel,0,1024,MLKEM1024,1,server,200009,4,V2_RFRAG_FINAL_ACK_APP_RETRY,first_fragment,receiver_after_channel,1024,MLKEM1024,0,0,0,0,0,0,0,0,0,0,0,1024,0,0,0,0,2,1,0,0,0,server,200009,0,4,server,200009,0,4,V2_RFRAG_FINAL_ACK_APP_RETRY
B-kem1024-gilbert-prr0p90-L2-loss1-rep10-seed200010-v4,B-kem1024-gilbert-prr0p90-L2-loss1-rep10-seed200010,B-kem1024-gilbert-prr0p90-L2-loss1-rep10-seed200010,V2,B_V1_V2_FIRST_LOSS,2026-08-19T02:33:51+00:00,COOJA_SIMULATION,gilbert,0.9,2.0,0.0555555556,0.5,first_fragment,1,receiver_after_channel,1,2,1,0,16,96,4,V2_RFRAG_FINAL_ACK_APP_RETRY,1024,200010,10,360,0,1,runs/B-kem1024-gilbert-prr0p90-L2-loss1-rep10-seed200010-v4/cooja.log,49859767069c6f836193a83badcca8972bbde4039cfd0be5f28db9c6ba600668,20989,217,217,end_of_log,success,FAILED_PROTOCOL,client_reported_failure,,1,True,0,0,0,0,0,0,0,1,0,both_motes,0,0,2,0,2,34,0,34,both_motes,1,1,1,applied_after_channel,valid,0,1,final_application_timeout,1568,1568,17,17,2,1,2,0,0,0,240000,240000,2,0,34,0,3376,0,0,0,2,0,2,0,0,server_fallback_no_completion,0,0,0,0,0,0,0,0,32,0,3172,0,2,0,0,1,0,0,1,310000,first_fragment,receiver_after_channel,0,1024,MLKEM1024,1,1,client,60000,200010,4,V2_RFRAG_FINAL_ACK_APP_RETRY,0,first_fragment,receiver_after_channel,1024,MLKEM1024,0,0,0,0,0,0,0,0,0,0,1024,0,0,0,client,200010,0,4,client,0,200010,0,4,V2_RFRAG_FINAL_ACK_APP_RETRY,0,1,first_fragment,receiver_after_channel,0,1024,MLKEM1024,1,server,200010,4,V2_RFRAG_FINAL_ACK_APP_RETRY,first_fragment,receiver_after_channel,1024,MLKEM1024,0,0,0,0,0,0,0,0,0,0,0,1024,0,0,0,0,2,1,0,0,0,server,200010,0,4,server,200010,0,4,V2_RFRAG_FINAL_ACK_APP_RETRY
B-kem1024-gilbert-prr0p90-L2-loss1-rep13-seed200013-v4,B-kem1024-gilbert-prr0p90-L2-loss1-rep13-seed200013,B-kem1024-gilbert-prr0p90-L2-loss1-rep13-seed200013,V2,B_V1_V2_FIRST_LOSS,2026-08-19T02:33:51+00:00,COOJA_SIMULATION,gilbert,0.9,2.0,0.0555555556,0.5,first_fragment,1,receiver_after_channel,1,2,1,0,16,96,4,V2_RFRAG_FINAL_ACK_APP_RETRY,1024,200013,13,360,0,1,runs/B-kem1024-gilbert-prr0p90-L2-loss1-rep13-seed200013-v4/cooja.log,1060bc2b90f5f1a924f97560c2d4aa20bc1e7296b0cd5e08f4bb89c6af7c1901,26899,278,278,end_of_log,success,FAILED_PROTOCOL,client_reported_failure,,1,True,0,0,0,0,0,0,0,1,0,both_motes,0,0,2,0,3,34,17,51,both_motes,1,1,1,applied_after_channel,valid,0,1,final_application_timeout,1568,1568,17,17,2,1,2,0,0,0,240000,240000,2,0,34,12,3376,1178,0,1,2,0,1,0,1,server_fallback_no_completion,1,0,0,1,120545,1,1,17,33,1688,3274,0,2,1,0,1,0,0,1,310000,first_fragment,receiver_after_channel,0,1024,MLKEM1024,1,1,client,60000,200013,4,V2_RFRAG_FINAL_ACK_APP_RETRY,0,first_fragment,receiver_after_channel,1024,MLKEM1024,0,0,0,0,0,0,0,0,0,0,1024,1,0,0,client,200013,0,4,client,0,200013,0,4,V2_RFRAG_FINAL_ACK_APP_RETRY,0,1,first_fragment,receiver_after_channel,0,1024,MLKEM1024,1,server,200013,4,V2_RFRAG_FINAL_ACK_APP_RETRY,first_fragment,receiver_after_channel,1024,MLKEM1024,120545,0,0,1,0,1,1,10525,1,0,0,1024,1,0,0,0,2,2,0,1,1,server,200013,0,4,server,200013,0,4,V2_RFRAG_FINAL_ACK_APP_RETRY
B-kem1024-gilbert-prr0p90-L2-loss1-rep14-seed200014-v4,B-kem1024-gilbert-prr0p90-L2-loss1-rep14-seed200014,B-kem1024-gilbert-prr0p90-L2-loss1-rep14-seed200014,V2,B_V1_V2_FIRST_LOSS,2026-08-19T02:33:51+00:00,COOJA_SIMULATION,gilbert,0.9,2.0,0.0555555556,0.5,first_fragment,1,receiver_after_channel,1,2,1,0,16,96,4,V2_RFRAG_FINAL_ACK_APP_RETRY,1024,200014,14,360,0,1,runs/B-kem1024-gilbert-prr0p90-L2-loss1-rep14-seed200014-v4/cooja.log,076a5555817daa14913466f0718fd36af2c342e44608e90dffb6304b0fb293fa,23955,248,248,end_of_log,success,FAILED_PROTOCOL,client_reported_failure,,1,True,0,0,0,0,0,0,0,0,0,both_motes,0,0,1,0,1,17,0,17,both_motes,1,1,1,applied_after_channel,valid,0,1,route_acquisition_timeout,1568,1568,17,17,1,0,1,0,0,0,125000,125000,1,0,17,0,1688,0,0,0,1,0,1,0,0,server_fallback_no_completion,0,0,0,0,0,0,0,0,15,0,1484,0,1,0,0,0,0,0,1,310000,first_fragment,receiver_after_channel,0,1024,MLKEM1024,1,1,client,60000,200014,4,V2_RFRAG_FINAL_ACK_APP_RETRY,0,first_fragment,receiver_after_channel,1024,MLKEM1024,0,0,0,0,0,0,0,0,0,0,1024,0,0,0,client,200014,0,4,client,0,200014,0,4,V2_RFRAG_FINAL_ACK_APP_RETRY,0,1,first_fragment,receiver_after_channel,0,1024,MLKEM1024,1,server,200014,4,V2_RFRAG_FINAL_ACK_APP_RETRY,first_fragment,receiver_after_channel,1024,MLKEM1024,0,0,0,0,0,0,0,0,0,0,0,1024,0,0,0,0,1,1,0,0,0,server,200014,0,4,server,200014,0,4,V2_RFRAG_FINAL_ACK_APP_RETRY
B-kem1024-gilbert-prr0p90-L2-loss1-rep19-seed200019-v4,B-kem1024-gilbert-prr0p90-L2-loss1-rep19-seed200019,B-kem1024-gilbert-prr0p90-L2-loss1-rep19-seed200019,V2,B_V1_V2_FIRST_LOSS,2026-08-19T02:33:51+00:00,COOJA_SIMULATION,gilbert,0.9,2.0,0.0555555556,0.5,first_fragment,1,receiver_after_channel,1,2,1,0,16,96,4,V2_RFRAG_FINAL_ACK_APP_RETRY,1024,200019,19,360,0,1,runs/B-kem1024-gilbert-prr0p90-L2-loss1-rep19-seed200019-v4/cooja.log,746a0cd93cb6649cf412fc39b1e57eba7d19a835d42d6ebf53127815376cffe8,35447,373,373,end_of_log,success,FAILED_PROTOCOL,client_reported_failure,,1,True,0,0,0,0,0,0,0,1,5,both_motes,6,1,2,2,5,40,17,57,both_motes,1,1,1,applied_after_channel,valid,0,1,final_application_timeout,1568,1568,17,17,2,1,2,0,0,0,240000,240000,2,0,40,12,3988,1178,6,1,4,1,1,2,1,server_fallback_no_completion,1,0,0,1,121684,1,1,17,29,1688,2866,0,4,1,0,1,0,0,1,310000,first_fragment,receiver_after_channel,0,1024,MLKEM1024,1,1,client,60000,200019,4,V2_RFRAG_FINAL_ACK_APP_RETRY,0,first_fragment,receiver_after_channel,1024,MLKEM1024,0,0,0,0,0,0,0,0,0,0,1024,0,0,0,client,200019,5,4,client,0,200019,0,4,V2_RFRAG_FINAL_ACK_APP_RETRY,0,1,first_fragment,receiver_after_channel,0,1024,MLKEM1024,1,server,200019,4,V2_RFRAG_FINAL_ACK_APP_RETRY,first_fragment,receiver_after_channel,1024,MLKEM1024,121684,0,0,1,0,1,1,11675,1,0,0,1024,1,0,0,0,4,4,0,1,1,server,200019,0,4,server,200019,0,4,V2_RFRAG_FINAL_ACK_APP_RETRY
B-kem1024-gilbert-prr0p90-L2-loss1-rep21-seed200021-v4,B-kem1024-gilbert-prr0p90-L2-loss1-rep21-seed200021,B-kem1024-gilbert-prr0p90-L2-loss1-rep21-seed200021,V2,B_V1_V2_FIRST_LOSS,2026-08-19T02:33:51+00:00,COOJA_SIMULATION,gilbert,0.9,2.0,0.0555555556,0.5,first_fragment,1,receiver_after_channel,1,2,1,0,16,96,4,V2_RFRAG_FINAL_ACK_APP_RETRY,1024,200021,21,360,0,1,runs/B-kem1024-gilbert-prr0p90-L2-loss1-rep21-seed200021-v4/cooja.log,df81cfb2d82b2497aaef1c6e0a9962f2eb0554560570c4c69eebf9e0d214f909,26664,279,279,end_of_log,success,FAILED_PROTOCOL,client_reported_failure,,1,True,0,0,0,0,0,0,0,0,0,both_motes,1,1,1,0,1,18,0,18,both_motes,1,1,1,applied_after_channel,valid,0,1,route_acquisition_timeout,1568,1568,17,17,1,0,1,0,0,0,125000,125000,1,0,18,0,1744,0,1,0,1,1,1,0,0,server_fallback_no_completion,0,0,0,0,0,0,0,0,14,0,1382,0,1,0,0,0,0,0,1,310000,first_fragment,receiver_after_channel,0,1024,MLKEM1024,1,1,client,60000,200021,4,V2_RFRAG_FINAL_ACK_APP_RETRY,0,first_fragment,receiver_after_channel,1024,MLKEM1024,0,0,0,0,0,0,0,0,0,0,1024,0,0,0,client,200021,0,4,client,0,200021,0,4,V2_RFRAG_FINAL_ACK_APP_RETRY,0,1,first_fragment,receiver_after_channel,0,1024,MLKEM1024,1,server,200021,4,V2_RFRAG_FINAL_ACK_APP_RETRY,first_fragment,receiver_after_channel,1024,MLKEM1024,0,0,0,0,0,0,0,0,0,0,0,1024,0,0,0,0,1,1,0,0,0,server,200021,0,4,server,200021,0,4,V2_RFRAG_FINAL_ACK_APP_RETRY
B-kem1024-gilbert-prr0p90-L2-loss1-rep23-seed200023-v4,B-kem1024-gilbert-prr0p90-L2-loss1-rep23-seed200023,B-kem1024-gilbert-prr0p90-L2-loss1-rep23-seed200023,V2,B_V1_V2_FIRST_LOSS,2026-08-19T02:33:51+00:00,COOJA_SIMULATION,gilbert,0.9,2.0,0.0555555556,0.5,first_fragment,1,receiver_after_channel,1,2,1,0,16,96,4,V2_RFRAG_FINAL_ACK_APP_RETRY,1024,200023,23,360,0,1,runs/B-kem1024-gilbert-prr0p90-L2-loss1-rep23-seed200023-v4/cooja.log,442b21950e31b9c9748dfca9c62c38cd6c030cf82a15afbd74e3363642a49055,29232,304,304,end_of_log,success,FAILED_PROTOCOL,client_reported_failure,,1,True,0,0,0,0,0,0,0,1,2,both_motes,4,2,2,1,4,36,19,55,both_motes,1,1,1,applied_after_channel,valid,0,1,final_application_timeout,1568,1568,17,17,2,1,2,0,0,0,240000,240000,2,0,36,16,3580,1586,2,1,3,0,1,1,1,server_fallback_no_completion,1,0,0,1,120556,1,1,19,30,1800,2968,2,3,1,2,1,0,0,1,310000,first_fragment,receiver_after_channel,0,1024,MLKEM1024,1,1,client,60000,200023,4,V2_RFRAG_FINAL_ACK_APP_RETRY,0,first_fragment,receiver_after_channel,1024,MLKEM1024,0,0,0,0,0,0,0,0,0,0,1024,1,0,0,client,200023,2,4,client,0,200023,0,4,V2_RFRAG_FINAL_ACK_APP_RETRY,0,1,first_fragment,receiver_after_channel,0,1024,MLKEM1024,1,server,200023,4,V2_RFRAG_FINAL_ACK_APP_RETRY,first_fragment,receiver_after_channel,1024,MLKEM1024,120556,0,0,1,0,1,1,10521,1,0,0,1024,1,0,0,0,3,3,0,1,1,server,200023,0,4,server,200023,0,4,V2_RFRAG_FINAL_ACK_APP_RETRY
B-kem1024-gilbert-prr0p90-L2-loss1-rep24-seed200024-v4,B-kem1024-gilbert-prr0p90-L2-loss1-rep24-seed200024,B-kem1024-gilbert-prr0p90-L2-loss1-rep24-seed200024,V2,B_V1_V2_FIRST_LOSS,2026-08-19T02:33:51+00:00,COOJA_SIMULATION,gilbert,0.9,2.0,0.0555555556,0.5,first_fragment,1,receiver_after_channel,1,2,1,0,16,96,4,V2_RFRAG_FINAL_ACK_APP_RETRY,1024,200024,24,360,0,1,runs/B-kem1024-gilbert-prr0p90-L2-loss1-rep24-seed200024-v4/cooja.log,2f5c81c106294739c678f897fdabf6484ab88dc0223776546c89eedee7dca6dd,25009,260,260,end_of_log,success,FAILED_PROTOCOL,client_reported_failure,,1,True,0,0,0,0,0,0,0,0,0,both_motes,1,1,1,0,2,18,0,18,both_motes,1,1,1,applied_after_channel,valid,0,1,route_acquisition_timeout,1568,1568,17,17,1,0,1,0,0,0,125000,125000,1,0,18,0,1744,0,1,0,1,1,1,0,0,server_fallback_no_completion,0,0,0,0,0,0,0,0,15,0,1438,0,2,0,0,0,0,0,1,310000,first_fragment,receiver_after_channel,0,1024,MLKEM1024,1,1,client,60000,200024,4,V2_RFRAG_FINAL_ACK_APP_RETRY,0,first_fragment,receiver_after_channel,1024,MLKEM1024,0,0,0,0,0,0,0,0,0,0,1024,0,0,0,client,200024,0,4,client,0,200024,0,4,V2_RFRAG_FINAL_ACK_APP_RETRY,0,1,first_fragment,receiver_after_channel,0,1024,MLKEM1024,1,server,200024,4,V2_RFRAG_FINAL_ACK_APP_RETRY,first_fragment,receiver_after_channel,1024,MLKEM1024,0,0,0,0,0,0,0,0,0,0,0,1024,0,0,0,0,2,1,0,0,0,server,200024,0,4,server,200024,0,4,V2_RFRAG_FINAL_ACK_APP_RETRY
B-kem1024-gilbert-prr0p90-L2-loss1-rep25-seed200025-v4,B-kem1024-gilbert-prr0p90-L2-loss1-rep25-seed200025,B-kem1024-gilbert-prr0p90-L2-loss1-rep25-seed200025,V2,B_V1_V2_FIRST_LOSS,2026-08-19T02:33:51+00:00,COOJA_SIMULATION,gilbert,0.9,2.0,0.0555555556,0.5,first_fragment,1,receiver_after_channel,1,2,1,0,16,96,4,V2_RFRAG_FINAL_ACK_APP_RETRY,1024,200025,25,360,0,1,runs/B-kem1024-gilbert-prr0p90-L2-loss1-rep25-seed200025-v4/cooja.log,5ea3e2f9678c3d4af67e499c3d5556066f7ddadc76887b9779a7693e86581203,24908,258,258,end_of_log,success,FAILED_PROTOCOL,client_reported_failure,,1,True,0,0,0,0,0,0,0,0,0,both_motes,0,0,1,0,1,17,0,17,both_motes,1,1,1,applied_after_channel,valid,0,1,route_acquisition_timeout,1568,1568,17,17,1,0,1,0,0,0,125000,125000,1,0,17,0,1688,0,0,0,1,0,1,0,0,server_fallback_no_completion,0,0,0,0,0,0,0,0,11,0,1076,0,1,0,0,0,0,0,1,310000,first_fragment,receiver_after_channel,0,1024,MLKEM1024,1,1,client,60000,200025,4,V2_RFRAG_FINAL_ACK_APP_RETRY,0,first_fragment,receiver_after_channel,1024,MLKEM1024,0,0,0,0,0,0,0,0,0,0,1024,0,0,0,client,200025,0,4,client,0,200025,0,4,V2_RFRAG_FINAL_ACK_APP_RETRY,0,1,first_fragment,receiver_after_channel,0,1024,MLKEM1024,1,server,200025,4,V2_RFRAG_FINAL_ACK_APP_RETRY,first_fragment,receiver_after_channel,1024,MLKEM1024,0,0,0,0,0,0,0,0,0,0,0,1024,0,0,0,0,1,1,0,0,0,server,200025,0,4,server,200025,0,4,V2_RFRAG_FINAL_ACK_APP_RETRY
B-kem1024-gilbert-prr0p90-L5-loss1-rep10-seed200010-v3,B-kem1024-gilbert-prr0p90-L5-loss1-rep10-seed200010,B-kem1024-gilbert-prr0p90-L5-loss1-rep10-seed200010,V1,B_V1_V2_FIRST_LOSS,2026-08-19T02:33:51+00:00,COOJA_SIMULATION,gilbert,0.9,5.0,0.0222222222,0.2,first_fragment,1,receiver_after_channel,1,2,1,0,16,96,3,V1_RFRAG_INITIAL_FINAL_ACK,1024,200010,10,360,0,0,runs/B-kem1024-gilbert-prr0p90-L5-loss1-rep10-seed200010-v3/cooja.log,fc8ff7f9c628370ed1818d6fde73f08bb317d7e55c3546a4c46d8ebda1c68d18,24096,238,238,end_of_log,success,FAILED_PROTOCOL,client_reported_failure,,1,True,0,0,0,0,0,0,0,0,2,both_motes,5,4,0,3,4,18,21,39,both_motes,1,1,1,applied_after_channel,valid,0,1,final_application_timeout,1568,1568,17,17,1,0,1,0,0,0,120000,120000,1,0,18,15,1790,1484,1,2,2,1,0,1,1,ct_transport_completion_timeout,1,0,0,1,1535,1,1,21,17,2096,1688,4,2,2,3,0,0,1,0,190000,first_fragment,receiver_after_channel,0,1024,MLKEM1024,0,1,client,60000,200010,3,V1_RFRAG_FIRST_FINAL_ACK,0,first_fragment,receiver_after_channel,1024,MLKEM1024,0,0,1,0,0,1,20482,0,1,0,1024,0,0,0,client,200010,0,3,client,0,200010,0,3,V1_RFRAG_FIRST_FINAL_ACK,1,0,first_fragment,receiver_after_channel,0,1024,MLKEM1024,1,server,200010,3,V1_RFRAG_FIRST_FINAL_ACK,first_fragment,receiver_after_channel,1024,MLKEM1024,1535,0,0,1,0,1,1,10500,1,0,0,1024,0,2,0,0,2,2,0,1,1,server,200010,2,3,server,200010,0,3,V1_RFRAG_FIRST_FINAL_ACK
B-kem1024-gilbert-prr0p90-L5-loss1-rep10-seed200010-v4,B-kem1024-gilbert-prr0p90-L5-loss1-rep10-seed200010,B-kem1024-gilbert-prr0p90-L5-loss1-rep10-seed200010,V2,B_V1_V2_FIRST_LOSS,2026-08-19T02:33:51+00:00,COOJA_SIMULATION,gilbert,0.9,5.0,0.0222222222,0.2,first_fragment,1,receiver_after_channel,1,2,1,0,16,96,4,V2_RFRAG_FINAL_ACK_APP_RETRY,1024,200010,10,360,0,1,runs/B-kem1024-gilbert-prr0p90-L5-loss1-rep10-seed200010-v4/cooja.log,fa2e58fa3467e3a58bd69c6d7e9b640dd2b7a6ab511610a50ca0a381d1cd43dc,22068,228,228,end_of_log,success,FAILED_PROTOCOL,client_reported_failure,,1,True,0,0,0,0,0,0,0,1,0,both_motes,0,0,2,0,2,34,0,34,both_motes,1,1,1,applied_after_channel,valid,0,1,final_application_timeout,1568,1568,17,17,2,1,2,0,0,0,240000,240000,2,0,34,0,3376,0,0,0,2,0,2,0,0,server_fallback_no_completion,0,0,0,0,0,0,0,0,28,0,2764,0,2,0,0,1,0,0,1,310000,first_fragment,receiver_after_channel,0,1024,MLKEM1024,1,1,client,60000,200010,4,V2_RFRAG_FINAL_ACK_APP_RETRY,0,first_fragment,receiver_after_channel,1024,MLKEM1024,0,0,0,0,0,0,0,0,0,0,1024,0,0,0,client,200010,0,4,client,0,200010,0,4,V2_RFRAG_FINAL_ACK_APP_RETRY,0,1,first_fragment,receiver_after_channel,0,1024,MLKEM1024,1,server,200010,4,V2_RFRAG_FINAL_ACK_APP_RETRY,first_fragment,receiver_after_channel,1024,MLKEM1024,0,0,0,0,0,0,0,0,0,0,0,1024,0,0,0,0,2,2,0,0,0,server,200010,0,4,server,200010,0,4,V2_RFRAG_FINAL_ACK_APP_RETRY
B-kem1024-gilbert-prr0p90-L5-loss1-rep14-seed200014-v3,B-kem1024-gilbert-prr0p90-L5-loss1-rep14-seed200014,B-kem1024-gilbert-prr0p90-L5-loss1-rep14-seed200014,V1,B_V1_V2_FIRST_LOSS,2026-08-19T02:33:51+00:00,COOJA_SIMULATION,gilbert,0.9,5.0,0.0222222222,0.2,first_fragment,1,receiver_after_channel,1,2,1,0,16,96,3,V1_RFRAG_INITIAL_FINAL_ACK,1024,200014,14,360,0,0,runs/B-kem1024-gilbert-prr0p90-L5-loss1-rep14-seed200014-v3/cooja.log,5d6d91e35841314736362d24ec1171d7198bcfdea5c819f548e60d53d56839d0,24737,251,251,end_of_log,success,FAILED_PROTOCOL,client_reported_failure,,1,True,0,0,0,0,0,0,0,0,0,both_motes,4,5,0,1,4,21,0,21,both_motes,1,1,1,applied_after_channel,valid,0,1,final_application_timeout,1568,1568,17,17,1,0,1,0,0,0,120000,120000,1,0,21,0,1958,0,4,0,1,5,0,1,0,server_fallback_no_completion,0,0,0,0,0,0,0,0,5,0,372,0,4,0,0,0,0,1,0,190000,first_fragment,receiver_after_channel,0,1024,MLKEM1024,0,1,client,60000,200014,3,V1_RFRAG_FIRST_FINAL_ACK,0,first_fragment,receiver_after_channel,1024,MLKEM1024,0,0,0,0,0,0,0,0,0,0,1024,0,0,0,client,200014,0,3,client,0,200014,0,3,V1_RFRAG_FIRST_FINAL_ACK,1,0,first_fragment,receiver_after_channel,0,1024,MLKEM1024,1,server,200014,3,V1_RFRAG_FIRST_FINAL_ACK,first_fragment,receiver_after_channel,1024,MLKEM1024,0,0,0,1,0,0,1,27604,0,1,0,1024,0,0,0,0,4,1,0,0,0,server,200014,0,3,server,200014,0,3,V1_RFRAG_FIRST_FINAL_ACK
B-kem1024-gilbert-prr0p90-L5-loss1-rep14-seed200014-v4,B-kem1024-gilbert-prr0p90-L5-loss1-rep14-seed200014,B-kem1024-gilbert-prr0p90-L5-loss1-rep14-seed200014,V2,B_V1_V2_FIRST_LOSS,2026-08-19T02:33:51+00:00,COOJA_SIMULATION,gilbert,0.9,5.0,0.0222222222,0.2,first_fragment,1,receiver_after_channel,1,2,1,0,16,96,4,V2_RFRAG_FINAL_ACK_APP_RETRY,1024,200014,14,360,0,1,runs/B-kem1024-gilbert-prr0p90-L5-loss1-rep14-seed200014-v4/cooja.log,514e9aee80bcabc05d37ed35ff02049345e6f09d8f1ae0aca4173c1321919a81,23058,232,232,end_of_log,success,FAILED_PROTOCOL,client_reported_failure,,1,True,0,0,0,0,0,0,0,1,0,both_motes,3,4,1,0,1,37,0,37,both_motes,1,1,1,applied_after_channel,valid,0,1,final_application_timeout,1568,1568,17,17,2,1,2,0,0,0,240000,240000,2,0,37,0,3544,0,3,0,1,4,1,0,0,server_fallback_no_completion,0,0,0,0,0,0,0,0,29,0,2912,0,1,0,0,1,0,0,1,310000,first_fragment,receiver_after_channel,0,1024,MLKEM1024,1,1,client,60000,200014,4,V2_RFRAG_FINAL_ACK_APP_RETRY,0,first_fragment,receiver_after_channel,1024,MLKEM1024,0,0,0,0,0,0,0,0,0,0,1024,0,0,0,client,200014,0,4,client,0,200014,0,4,V2_RFRAG_FINAL_ACK_APP_RETRY,0,1,first_fragment,receiver_after_channel,0,1024,MLKEM1024,1,server,200014,4,V2_RFRAG_FINAL_ACK_APP_RETRY,first_fragment,receiver_after_channel,1024,MLKEM1024,0,0,0,1,0,0,1,20363,0,1,0,1024,0,0,0,0,1,1,0,0,0,server,200014,0,4,server,200014,0,4,V2_RFRAG_FINAL_ACK_APP_RETRY
B-kem1024-gilbert-prr0p90-L5-loss1-rep15-seed200015-v4,B-kem1024-gilbert-prr0p90-L5-loss1-rep15-seed200015,B-kem1024-gilbert-prr0p90-L5-loss1-rep15-seed200015,V2,B_V1_V2_FIRST_LOSS,2026-08-19T02:33:51+00:00,COOJA_SIMULATION,gilbert,0.9,5.0,0.0222222222,0.2,first_fragment,1,receiver_after_channel,1,2,1,0,16,96,4,V2_RFRAG_FINAL_ACK_APP_RETRY,1024,200015,15,360,0,1,runs/B-kem1024-gilbert-prr0p90-L5-loss1-rep15-seed200015-v4/cooja.log,4d222bb5ac2bdea3398dda8236aa1365b76f711ffe2e5c4a72fc04e9b870fa8f,22186,228,228,end_of_log,success,FAILED_PROTOCOL,client_reported_failure,,1,True,0,0,0,0,0,0,0,0,0,both_motes,0,0,1,0,1,17,0,17,both_motes,1,1,1,applied_after_channel,valid,0,1,route_acquisition_timeout,1568,1568,17,17,1,0,1,0,0,0,125000,125000,1,0,17,0,1688,0,0,0,1,0,1,0,0,server_fallback_no_completion,0,0,0,0,0,0,0,0,16,0,1586,0,1,0,0,0,0,0,1,310000,first_fragment,receiver_after_channel,0,1024,MLKEM1024,1,1,client,60000,200015,4,V2_RFRAG_FINAL_ACK_APP_RETRY,0,first_fragment,receiver_after_channel,1024,MLKEM1024,0,0,0,0,0,0,0,0,0,0,1024,0,0,0,client,200015,0,4,client,0,200015,0,4,V2_RFRAG_FINAL_ACK_APP_RETRY,0,1,first_fragment,receiver_after_channel,0,1024,MLKEM1024,1,server,200015,4,V2_RFRAG_FINAL_ACK_APP_RETRY,first_fragment,receiver_after_channel,1024,MLKEM1024,0,0,0,0,0,0,0,0,0,0,0,1024,0,0,0,0,1,1,0,0,0,server,200015,0,4,server,200015,0,4,V2_RFRAG_FINAL_ACK_APP_RETRY
B-kem1024-gilbert-prr0p90-L5-loss1-rep18-seed200018-v4,B-kem1024-gilbert-prr0p90-L5-loss1-rep18-seed200018,B-kem1024-gilbert-prr0p90-L5-loss1-rep18-seed200018,V2,B_V1_V2_FIRST_LOSS,2026-08-19T02:33:51+00:00,COOJA_SIMULATION,gilbert,0.9,5.0,0.0222222222,0.2,first_fragment,1,receiver_after_channel,1,2,1,0,16,96,4,V2_RFRAG_FINAL_ACK_APP_RETRY,1024,200018,18,360,0,1,runs/B-kem1024-gilbert-prr0p90-L5-loss1-rep18-seed200018-v4/cooja.log,d870fce617bbf5472d9723d2279ee40cdd1f5718801b2279ef7d0c86adfb9862,28205,285,285,end_of_log,success,FAILED_PROTOCOL,client_reported_failure,,1,True,0,0,0,0,0,0,0,1,0,both_motes,3,4,1,0,2,34,20,54,both_motes,1,1,1,applied_after_channel,valid,0,1,final_application_timeout,1568,1568,17,17,2,1,2,0,0,0,240000,240000,2,0,34,16,3376,1632,0,0,2,0,1,0,1,server_fallback_no_completion,1,0,0,1,120477,1,1,20,31,1856,3070,3,2,0,4,1,0,0,1,310000,first_fragment,receiver_after_channel,0,1024,MLKEM1024,1,1,client,60000,200018,4,V2_RFRAG_FINAL_ACK_APP_RETRY,0,first_fragment,receiver_after_channel,1024,MLKEM1024,0,0,1,0,0,1,20455,0,1,0,1024,0,0,0,client,200018,0,4,client,0,200018,0,4,V2_RFRAG_FINAL_ACK_APP_RETRY,0,1,first_fragment,receiver_after_channel,0,1024,MLKEM1024,1,server,200018,4,V2_RFRAG_FINAL_ACK_APP_RETRY,first_fragment,receiver_after_channel,1024,MLKEM1024,120477,0,0,1,0,1,1,10447,1,0,0,1024,0,0,0,0,2,2,0,1,1,server,200018,0,4,server,200018,0,4,V2_RFRAG_FINAL_ACK_APP_RETRY
B-kem1024-gilbert-prr0p90-L5-loss1-rep20-seed200020-v3,B-kem1024-gilbert-prr0p90-L5-loss1-rep20-seed200020,B-kem1024-gilbert-prr0p90-L5-loss1-rep20-seed200020,V1,B_V1_V2_FIRST_LOSS,2026-08-19T02:33:51+00:00,COOJA_SIMULATION,gilbert,0.9,5.0,0.0222222222,0.2,first_fragment,1,receiver_after_channel,1,2,1,0,16,96,3,V1_RFRAG_INITIAL_FINAL_ACK,1024,200020,20,360,0,0,runs/B-kem1024-gilbert-prr0p90-L5-loss1-rep20-seed200020-v3/cooja.log,99f77ba5a0e3e416d138fe5597ff6fec0f8eb3e01511715a6527f4a84ff0c444,33983,349,349,end_of_log,success,FAILED_PROTOCOL,client_reported_failure,,1,True,0,0,0,0,0,0,0,0,6,both_motes,10,5,0,4,5,24,20,44,both_motes,1,1,1,applied_after_channel,valid,0,1,final_application_timeout,1568,1568,17,17,1,0,1,0,0,0,120000,120000,1,0,24,16,2356,1586,7,2,3,2,0,2,1,ct_transport_completion_timeout,1,0,0,1,2674,1,1,20,17,1994,1688,3,3,2,3,0,0,1,0,190000,first_fragment,receiver_after_channel,0,1024,MLKEM1024,0,1,client,60000,200020,3,V1_RFRAG_FIRST_FINAL_ACK,0,first_fragment,receiver_after_channel,1024,MLKEM1024,0,0,1,0,0,1,20476,0,1,0,1024,1,0,0,client,200020,5,3,client,0,200020,0,3,V1_RFRAG_FIRST_FINAL_ACK,1,0,first_fragment,receiver_after_channel,0,1024,MLKEM1024,1,server,200020,3,V1_RFRAG_FIRST_FINAL_ACK,first_fragment,receiver_after_channel,1024,MLKEM1024,2674,0,0,1,0,1,1,11606,1,0,0,1024,0,2,0,0,3,3,0,1,1,server,200020,1,3,server,200020,0,3,V1_RFRAG_FIRST_FINAL_ACK
B-kem1024-gilbert-prr0p90-L5-loss1-rep20-seed200020-v4,B-kem1024-gilbert-prr0p90-L5-loss1-rep20-seed200020,B-kem1024-gilbert-prr0p90-L5-loss1-rep20-seed200020,V2,B_V1_V2_FIRST_LOSS,2026-08-19T02:33:51+00:00,COOJA_SIMULATION,gilbert,0.9,5.0,0.0222222222,0.2,first_fragment,1,receiver_after_channel,1,2,1,0,16,96,4,V2_RFRAG_FINAL_ACK_APP_RETRY,1024,200020,20,360,0,1,runs/B-kem1024-gilbert-prr0p90-L5-loss1-rep20-seed200020-v4/cooja.log,d64d2e6894f7ae71947a0a5aaab04b2a18e6e1a6f4ae355b21ca49792abb73c5,27443,287,287,end_of_log,success,FAILED_PROTOCOL,client_reported_failure,,1,True,0,0,0,0,0,0,0,0,0,both_motes,3,3,1,0,1,20,0,20,both_motes,1,1,1,applied_after_channel,valid,0,1,route_acquisition_timeout,1568,1568,17,17,1,0,1,0,0,0,125000,125000,1,0,20,0,1856,0,3,0,1,3,1,0,0,server_fallback_no_completion,0,0,0,0,0,0,0,0,13,0,1280,0,1,0,0,0,0,0,1,310000,first_fragment,receiver_after_channel,0,1024,MLKEM1024,1,1,client,60000,200020,4,V2_RFRAG_FINAL_ACK_APP_RETRY,0,first_fragment,receiver_after_channel,1024,MLKEM1024,0,0,0,0,0,0,0,0,0,0,1024,0,0,0,client,200020,0,4,client,0,200020,0,4,V2_RFRAG_FINAL_ACK_APP_RETRY,0,1,first_fragment,receiver_after_channel,0,1024,MLKEM1024,1,server,200020,4,V2_RFRAG_FINAL_ACK_APP_RETRY,first_fragment,receiver_after_channel,1024,MLKEM1024,0,0,0,0,0,0,0,0,0,0,0,1024,0,0,0,0,1,1,0,0,0,server,200020,0,4,server,200020,0,4,V2_RFRAG_FINAL_ACK_APP_RETRY
B-kem1024-gilbert-prr0p90-L5-loss1-rep25-seed200025-v3,B-kem1024-gilbert-prr0p90-L5-loss1-rep25-seed200025,B-kem1024-gilbert-prr0p90-L5-loss1-rep25-seed200025,V1,B_V1_V2_FIRST_LOSS,2026-08-19T02:33:51+00:00,COOJA_SIMULATION,gilbert,0.9,5.0,0.0222222222,0.2,first_fragment,1,receiver_after_channel,1,2,1,0,16,96,3,V1_RFRAG_INITIAL_FINAL_ACK,1024,200025,25,360,0,0,runs/B-kem1024-gilbert-prr0p90-L5-loss1-rep25-seed200025-v3/cooja.log,8f400a177ee7e13f132fd89084a17132d8e4194da01c3e9c220036d442c64aff,18351,178,178,end_of_log,success,FAILED_PROTOCOL,client_reported_failure,,1,True,0,0,0,0,0,0,0,0,0,both_motes,3,4,0,0,0,4,0,4,both_motes,1,1,1,applied_after_channel,valid,0,1,final_application_timeout,1568,1568,17,17,1,0,1,0,0,0,120000,120000,1,0,4,0,408,0,3,0,0,4,0,0,0,server_fallback_no_completion,0,0,0,0,0,0,0,0,0,0,0,0,0,0,0,0,0,1,0,190000,first_fragment,receiver_after_channel,0,1024,MLKEM1024,0,1,client,60000,200025,3,V1_RFRAG_FIRST_FINAL_ACK,0,first_fragment,receiver_after_channel,1024,MLKEM1024,0,0,0,0,0,0,0,0,0,0,1024,0,0,0,client,200025,0,3,client,0,200025,0,3,V1_RFRAG_FIRST_FINAL_ACK,1,0,first_fragment,receiver_after_channel,0,1024,MLKEM1024,1,server,200025,3,V1_RFRAG_FIRST_FINAL_ACK,first_fragment,receiver_after_channel,1024,MLKEM1024,0,0,0,0,0,0,0,0,0,0,0,1024,0,0,0,0,0,0,0,0,0,server,200025,0,3,server,200025,0,3,V1_RFRAG_FIRST_FINAL_ACK
B-kem1024-gilbert-prr0p90-L5-loss1-rep25-seed200025-v4,B-kem1024-gilbert-prr0p90-L5-loss1-rep25-seed200025,B-kem1024-gilbert-prr0p90-L5-loss1-rep25-seed200025,V2,B_V1_V2_FIRST_LOSS,2026-08-19T02:33:51+00:00,COOJA_SIMULATION,gilbert,0.9,5.0,0.0222222222,0.2,first_fragment,1,receiver_after_channel,1,2,1,0,16,96,4,V2_RFRAG_FINAL_ACK_APP_RETRY,1024,200025,25,360,0,1,runs/B-kem1024-gilbert-prr0p90-L5-loss1-rep25-seed200025-v4/cooja.log,885e4ac9218522c3f53abf8f8c29ca5a443e46f88e9353f522106cf9b64f7d6d,16542,162,162,end_of_log,success,FAILED_PROTOCOL,client_reported_failure,,1,True,0,0,0,0,0,0,0,0,0,both_motes,3,4,0,0,0,20,0,20,both_motes,1,1,1,applied_after_channel,valid,0,1,route_acquisition_timeout,1568,1568,17,17,1,0,1,0,0,0,125000,125000,1,0,20,0,1856,0,3,0,0,4,0,0,0,server_fallback_no_completion,0,0,0,0,0,0,0,0,5,0,510,0,0,0,0,0,0,0,1,310000,first_fragment,receiver_after_channel,0,1024,MLKEM1024,1,1,client,60000,200025,4,V2_RFRAG_FINAL_ACK_APP_RETRY,0,first_fragment,receiver_after_channel,1024,MLKEM1024,0,0,0,0,0,0,0,0,0,0,1024,0,0,0,client,200025,0,4,client,0,200025,0,4,V2_RFRAG_FINAL_ACK_APP_RETRY,0,1,first_fragment,receiver_after_channel,0,1024,MLKEM1024,1,server,200025,4,V2_RFRAG_FINAL_ACK_APP_RETRY,first_fragment,receiver_after_channel,1024,MLKEM1024,0,0,0,0,0,0,0,0,0,0,0,1024,0,0,0,0,0,0,0,0,0,server,200025,0,4,server,200025,0,4,V2_RFRAG_FINAL_ACK_APP_RETRY
B-kem1024-gilbert-prr0p90-L5-loss1-rep28-seed200028-v3,B-kem1024-gilbert-prr0p90-L5-loss1-rep28-seed200028,B-kem1024-gilbert-prr0p90-L5-loss1-rep28-seed200028,V1,B_V1_V2_FIRST_LOSS,2026-08-19T02:33:51+00:00,COOJA_SIMULATION,gilbert,0.9,5.0,0.0222222222,0.2,first_fragment,1,receiver_after_channel,1,2,1,0,16,96,3,V1_RFRAG_INITIAL_FINAL_ACK,1024,200028,28,360,0,0,runs/B-kem1024-gilbert-prr0p90-L5-loss1-rep28-seed200028-v3/cooja.log,1217d1d4c42a27d599d3429f31f97fefae099a3c00465eb7ba227bc9b2ba4c1f,32782,334,334,end_of_log,success,FAILED_PROTOCOL,client_reported_failure,,1,True,0,0,0,0,0,0,0,0,0,both_motes,4,5,0,2,6,18,20,38,both_motes,1,1,1,applied_after_channel,valid,0,1,final_application_timeout,1568,1568,17,17,1,0,1,0,0,0,120000,120000,1,0,18,18,1790,1698,1,4,2,1,0,1,1,ct_transport_completion_timeout,1,0,0,1,1442,1,1,20,17,1856,1688,3,2,1,4,0,0,1,0,190000,first_fragment,receiver_after_channel,0,1024,MLKEM1024,0,1,client,60000,200028,3,V1_RFRAG_FIRST_FINAL_ACK,0,first_fragment,receiver_after_channel,1024,MLKEM1024,0,0,1,0,0,1,27623,0,1,0,1024,1,0,0,client,200028,0,3,client,0,200028,0,3,V1_RFRAG_FIRST_FINAL_ACK,1,0,first_fragment,receiver_after_channel,0,1024,MLKEM1024,1,server,200028,3,V1_RFRAG_FIRST_FINAL_ACK,first_fragment,receiver_after_channel,1024,MLKEM1024,1442,0,0,1,0,1,1,10399,1,0,0,1024,0,1,0,0,2,2,0,1,1,server,200028,0,3,server,200028,0,3,V1_RFRAG_FIRST_FINAL_ACK
B-kem1024-gilbert-prr0p90-L5-loss1-rep29-seed200029-v4,B-kem1024-gilbert-prr0p90-L5-loss1-rep29-seed200029,B-kem1024-gilbert-prr0p90-L5-loss1-rep29-seed200029,V2,B_V1_V2_FIRST_LOSS,2026-08-19T02:33:51+00:00,COOJA_SIMULATION,gilbert,0.9,5.0,0.0222222222,0.2,first_fragment,1,receiver_after_channel,1,2,1,0,16,96,4,V2_RFRAG_FINAL_ACK_APP_RETRY,1024,200029,29,360,0,1,runs/B-kem1024-gilbert-prr0p90-L5-loss1-rep29-seed200029-v4/cooja.log,35b4be26e8299dde13cb7d577fefc06e8fc8d47788cd983be65b887a9b64d160,18082,179,179,end_of_log,success,FAILED_PROTOCOL,client_reported_failure,,1,True,0,0,0,0,0,0,0,0,0,both_motes,3,4,0,0,0,20,0,20,both_motes,1,1,1,applied_after_channel,valid,0,1,route_acquisition_timeout,1568,1568,17,17,1,0,1,0,0,0,125000,125000,1,0,20,0,1856,0,3,0,0,4,0,0,0,server_fallback_no_completion,0,0,0,0,0,0,0,0,4,0,408,0,0,0,0,0,0,0,1,310000,first_fragment,receiver_after_channel,0,1024,MLKEM1024,1,1,client,60000,200029,4,V2_RFRAG_FINAL_ACK_APP_RETRY,0,first_fragment,receiver_after_channel,1024,MLKEM1024,0,0,0,0,0,0,0,0,0,0,1024,0,0,0,client,200029,0,4,client,0,200029,0,4,V2_RFRAG_FINAL_ACK_APP_RETRY,0,1,first_fragment,receiver_after_channel,0,1024,MLKEM1024,1,server,200029,4,V2_RFRAG_FINAL_ACK_APP_RETRY,first_fragment,receiver_after_channel,1024,MLKEM1024,0,0,0,0,0,0,0,0,0,0,0,1024,0,0,0,0,0,0,0,0,0,server,200029,0,4,server,200029,0,4,V2_RFRAG_FINAL_ACK_APP_RETRY
B-kem1024-gilbert-prr0p90-L10-loss1-rep04-seed200004-v3,B-kem1024-gilbert-prr0p90-L10-loss1-rep04-seed200004,B-kem1024-gilbert-prr0p90-L10-loss1-rep04-seed200004,V1,B_V1_V2_FIRST_LOSS,2026-08-19T02:33:51+00:00,COOJA_SIMULATION,gilbert,0.9,10.0,0.0111111111,0.1,first_fragment,1,receiver_after_channel,1,2,1,0,16,96,3,V1_RFRAG_INITIAL_FINAL_ACK,1024,200004,4,360,0,0,runs/B-kem1024-gilbert-prr0p90-L10-loss1-rep04-seed200004-v3/cooja.log,0e1085d5bd486f41f50acbf09986acf5dc775c6b1d4f66ce79f63a879bba9fdb,29616,300,300,end_of_log,success,FAILED_PROTOCOL,client_reported_failure,,1,True,0,0,0,0,0,0,0,0,0,both_motes,7,9,0,1,5,21,4,25,both_motes,1,1,1,applied_after_channel,valid,0,1,final_application_timeout,1568,1568,17,17,1,0,1,0,0,0,120000,120000,1,0,21,0,1958,0,4,0,1,5,0,1,0,ct_transport_completion_timeout,1,0,0,1,1500,1,1,4,20,408,1856,3,5,0,4,0,0,1,0,190000,first_fragment,receiver_after_channel,0,1024,MLKEM1024,0,1,client,60000,200004,3,V1_RFRAG_FIRST_FINAL_ACK,0,first_fragment,receiver_after_channel,1024,MLKEM1024,0,0,0,0,0,0,0,0,0,0,1024,0,0,0,client,200004,0,3,client,0,200004,0,3,V1_RFRAG_FIRST_FINAL_ACK,1,0,first_fragment,receiver_after_channel,0,1024,MLKEM1024,1,server,200004,3,V1_RFRAG_FIRST_FINAL_ACK,first_fragment,receiver_after_channel,1024,MLKEM1024,1500,0,0,1,0,1,1,10454,1,0,0,1024,0,0,0,0,5,1,0,4,0,server,200004,0,3,server,200004,0,3,V1_RFRAG_FIRST_FINAL_ACK
B-kem1024-gilbert-prr0p90-L10-loss1-rep04-seed200004-v4,B-kem1024-gilbert-prr0p90-L10-loss1-rep04-seed200004,B-kem1024-gilbert-prr0p90-L10-loss1-rep04-seed200004,V2,B_V1_V2_FIRST_LOSS,2026-08-19T02:33:51+00:00,COOJA_SIMULATION,gilbert,0.9,10.0,0.0111111111,0.1,first_fragment,1,receiver_after_channel,1,2,1,0,16,96,4,V2_RFRAG_FINAL_ACK_APP_RETRY,1024,200004,4,360,0,1,runs/B-kem1024-gilbert-prr0p90-L10-loss1-rep04-seed200004-v4/cooja.log,ee2e927baa7382f876bccad8931a4d037ba67f5c502bb11d73bf66f8e7a9b7fd,29906,310,310,end_of_log,success,FAILED_PROTOCOL,client_reported_failure,,1,True,0,0,0,0,0,0,0,1,0,both_motes,6,8,1,0,6,37,20,57,both_motes,1,1,1,applied_after_channel,valid,0,1,final_application_timeout,1568,1568,17,17,2,1,2,0,0,0,240000,240000,2,0,37,15,3544,1346,3,4,1,4,1,0,0,server_fallback_no_completion,1,0,0,1,120438,1,1,20,33,1856,3274,3,2,0,4,1,0,0,1,310000,first_fragment,receiver_after_channel,0,1024,MLKEM1024,1,1,client,60000,200004,4,V2_RFRAG_FINAL_ACK_APP_RETRY,0,first_fragment,receiver_after_channel,1024,MLKEM1024,0,0,0,0,0,0,0,0,0,0,1024,0,0,0,client,200004,0,4,client,0,200004,0,4,V2_RFRAG_FINAL_ACK_APP_RETRY,0,1,first_fragment,receiver_after_channel,0,1024,MLKEM1024,1,server,200004,4,V2_RFRAG_FINAL_ACK_APP_RETRY,first_fragment,receiver_after_channel,1024,MLKEM1024,120438,0,0,1,0,1,1,10419,1,0,0,1024,0,0,0,0,2,1,0,1,0,server,200004,0,4,server,200004,0,4,V2_RFRAG_FINAL_ACK_APP_RETRY
B-kem1024-gilbert-prr0p90-L10-loss1-rep10-seed200010-v3,B-kem1024-gilbert-prr0p90-L10-loss1-rep10-seed200010,B-kem1024-gilbert-prr0p90-L10-loss1-rep10-seed200010,V1,B_V1_V2_FIRST_LOSS,2026-08-19T02:33:51+00:00,COOJA_SIMULATION,gilbert,0.9,10.0,0.0111111111,0.1,first_fragment,1,receiver_after_channel,1,2,1,0,16,96,3,V1_RFRAG_INITIAL_FINAL_ACK,1024,200010,10,360,0,0,runs/B-kem1024-gilbert-prr0p90-L10-loss1-rep10-seed200010-v3/cooja.log,55ae5cd38d30ab920b11a8e859c9a111eb0d48466f40b02da58299d66479485b,22055,219,219,end_of_log,success,FAILED_PROTOCOL,client_reported_failure,,1,True,0,0,0,0,0,0,0,0,0,both_motes,4,5,0,2,3,18,20,38,both_motes,1,1,1,applied_after_channel,valid,0,1,final_application_timeout,1568,1568,17,17,1,0,1,0,0,0,120000,120000,1,0,18,1,1790,102,1,1,2,1,0,1,1,ct_transport_completion_timeout,1,0,0,1,1534,1,1,20,17,1856,1688,3,2,1,4,0,0,1,0,190000,first_fragment,receiver_after_channel,0,1024,MLKEM1024,0,1,client,60000,200010,3,V1_RFRAG_FIRST_FINAL_ACK,0,first_fragment,receiver_after_channel,1024,MLKEM1024,0,0,1,0,0,1,20000,0,1,0,1024,0,0,0,client,200010,0,3,client,0,200010,0,3,V1_RFRAG_FIRST_FINAL_ACK,1,0,first_fragment,receiver_after_channel,0,1024,MLKEM1024,1,server,200010,3,V1_RFRAG_FIRST_FINAL_ACK,first_fragment,receiver_after_channel,1024,MLKEM1024,1534,0,0,1,0,1,1,10499,1,0,0,1024,0,1,0,0,2,2,0,1,1,server,200010,0,3,server,200010,0,3,V1_RFRAG_FIRST_FINAL_ACK
B-kem1024-gilbert-prr0p90-L10-loss1-rep10-seed200010-v4,B-kem1024-gilbert-prr0p90-L10-loss1-rep10-seed200010,B-kem1024-gilbert-prr0p90-L10-loss1-rep10-seed200010,V2,B_V1_V2_FIRST_LOSS,2026-08-19T02:33:51+00:00,COOJA_SIMULATION,gilbert,0.9,10.0,0.0111111111,0.1,first_fragment,1,receiver_after_channel,1,2,1,0,16,96,4,V2_RFRAG_FINAL_ACK_APP_RETRY,1024,200010,10,360,0,1,runs/B-kem1024-gilbert-prr0p90-L10-loss1-rep10-seed200010-v4/cooja.log,4dd1ee61b4c490b9f0f9ff4d89df1fd94cbb3e63914cbc583d5df82844b522e1,21400,218,218,end_of_log,success,FAILED_PROTOCOL,client_reported_failure,,1,True,0,0,0,0,0,0,0,1,0,both_motes,3,4,1,0,1,37,0,37,both_motes,1,1,1,applied_after_channel,valid,0,1,final_application_timeout,1568,1568,17,17,2,1,2,0,0,0,240000,240000,2,0,37,0,3544,0,3,0,1,4,1,0,0,server_fallback_no_completion,0,0,0,0,0,0,0,0,16,0,1586,0,1,0,0,1,0,0,1,310000,first_fragment,receiver_after_channel,0,1024,MLKEM1024,1,1,client,60000,200010,4,V2_RFRAG_FINAL_ACK_APP_RETRY,0,first_fragment,receiver_after_channel,1024,MLKEM1024,0,0,0,0,0,0,0,0,0,0,1024,0,0,0,client,200010,0,4,client,0,200010,0,4,V2_RFRAG_FINAL_ACK_APP_RETRY,0,1,first_fragment,receiver_after_channel,0,1024,MLKEM1024,1,server,200010,4,V2_RFRAG_FINAL_ACK_APP_RETRY,first_fragment,receiver_after_channel,1024,MLKEM1024,0,0,0,0,0,0,0,0,0,0,0,1024,0,0,0,0,1,1,0,0,0,server,200010,0,4,server,200010,0,4,V2_RFRAG_FINAL_ACK_APP_RETRY
B-kem1024-gilbert-prr0p90-L10-loss1-rep14-seed200014-v3,B-kem1024-gilbert-prr0p90-L10-loss1-rep14-seed200014,B-kem1024-gilbert-prr0p90-L10-loss1-rep14-seed200014,V1,B_V1_V2_FIRST_LOSS,2026-08-19T02:33:51+00:00,COOJA_SIMULATION,gilbert,0.9,10.0,0.0111111111,0.1,first_fragment,1,receiver_after_channel,1,2,1,0,16,96,3,V1_RFRAG_INITIAL_FINAL_ACK,1024,200014,14,360,0,0,runs/B-kem1024-gilbert-prr0p90-L10-loss1-rep14-seed200014-v3/cooja.log,947e6884434cc7c29bda09497b8e9e43407b9df96ca33f43ae2c6f050ff29896,23286,229,229,end_of_log,success,FAILED_PROTOCOL,client_reported_failure,,1,True,0,0,0,0,0,0,0,0,0,both_motes,4,5,0,2,3,18,20,38,both_motes,1,1,1,applied_after_channel,valid,0,1,final_application_timeout,1568,1568,17,17,1,0,1,0,0,0,120000,120000,1,0,18,13,1790,1326,1,1,2,1,0,1,1,ct_transport_completion_timeout,1,0,0,1,1618,1,1,20,17,1856,1688,3,2,1,4,0,0,1,0,190000,first_fragment,receiver_after_channel,0,1024,MLKEM1024,0,1,client,60000,200014,3,V1_RFRAG_FIRST_FINAL_ACK,0,first_fragment,receiver_after_channel,1024,MLKEM1024,0,0,1,0,0,1,20371,0,1,0,1024,1,0,0,client,200014,0,3,client,0,200014,0,3,V1_RFRAG_FIRST_FINAL_ACK,1,0,first_fragment,receiver_after_channel,0,1024,MLKEM1024,1,server,200014,3,V1_RFRAG_FIRST_FINAL_ACK,first_fragment,receiver_after_channel,1024,MLKEM1024,1618,0,0,1,0,1,1,10555,1,0,0,1024,0,1,0,0,2,2,0,1,1,server,200014,0,3,server,200014,0,3,V1_RFRAG_FIRST_FINAL_ACK
B-kem1024-gilbert-prr0p90-L10-loss1-rep14-seed200014-v4,B-kem1024-gilbert-prr0p90-L10-loss1-rep14-seed200014,B-kem1024-gilbert-prr0p90-L10-loss1-rep14-seed200014,V2,B_V1_V2_FIRST_LOSS,2026-08-19T02:33:51+00:00,COOJA_SIMULATION,gilbert,0.9,10.0,0.0111111111,0.1,first_fragment,1,receiver_after_channel,1,2,1,0,16,96,4,V2_RFRAG_FINAL_ACK_APP_RETRY,1024,200014,14,360,0,1,runs/B-kem1024-gilbert-prr0p90-L10-loss1-rep14-seed200014-v4/cooja.log,ca39769e81514a52028b6d802ec4fee7540af7390595b8825eaed54d62299f88,26281,272,272,end_of_log,success,FAILED_PROTOCOL,client_reported_failure,,1,True,0,0,0,0,0,0,0,1,0,both_motes,3,4,1,0,1,37,0,37,both_motes,1,1,1,applied_after_channel,valid,0,1,final_application_timeout,1568,1568,17,17,2,1,2,0,0,0,240000,240000,2,0,37,0,3544,0,3,0,1,4,1,0,0,server_fallback_no_completion,0,0,0,0,0,0,0,0,21,0,2096,0,1,0,0,1,0,0,1,310000,first_fragment,receiver_after_channel,0,1024,MLKEM1024,1,1,client,60000,200014,4,V2_RFRAG_FINAL_ACK_APP_RETRY,0,first_fragment,receiver_after_channel,1024,MLKEM1024,0,0,0,0,0,0,0,0,0,0,1024,0,0,0,client,200014,0,4,client,0,200014,0,4,V2_RFRAG_FINAL_ACK_APP_RETRY,0,1,first_fragment,receiver_after_channel,0,1024,MLKEM1024,1,server,200014,4,V2_RFRAG_FINAL_ACK_APP_RETRY,first_fragment,receiver_after_channel,1024,MLKEM1024,0,0,0,1,0,0,1,20127,0,1,0,1024,0,0,0,0,1,1,0,0,0,server,200014,0,4,server,200014,0,4,V2_RFRAG_FINAL_ACK_APP_RETRY
B-kem1024-gilbert-prr0p90-L10-loss1-rep15-seed200015-v4,B-kem1024-gilbert-prr0p90-L10-loss1-rep15-seed200015,B-kem1024-gilbert-prr0p90-L10-loss1-rep15-seed200015,V2,B_V1_V2_FIRST_LOSS,2026-08-19T02:33:51+00:00,COOJA_SIMULATION,gilbert,0.9,10.0,0.0111111111,0.1,first_fragment,1,receiver_after_channel,1,2,1,0,16,96,4,V2_RFRAG_FINAL_ACK_APP_RETRY,1024,200015,15,360,0,1,runs/B-kem1024-gilbert-prr0p90-L10-loss1-rep15-seed200015-v4/cooja.log,c51565b4bfe1f0cc2cf8dbc62fb3dfaaa42c27a225caa16c5d0424f8d2ac1748,26915,282,282,end_of_log,success,FAILED_PROTOCOL,client_reported_failure,,1,True,0,0,0,0,0,0,0,0,0,both_motes,0,0,1,0,1,17,0,17,both_motes,1,1,1,applied_after_channel,valid,0,1,route_acquisition_timeout,1568,1568,17,17,1,0,1,0,0,0,125000,125000,1,0,17,0,1688,0,0,0,1,0,1,0,0,server_fallback_no_completion,0,0,0,0,0,0,0,0,16,0,1586,0,1,0,0,0,0,0,1,310000,first_fragment,receiver_after_channel,0,1024,MLKEM1024,1,1,client,60000,200015,4,V2_RFRAG_FINAL_ACK_APP_RETRY,0,first_fragment,receiver_after_channel,1024,MLKEM1024,0,0,0,0,0,0,0,0,0,0,1024,0,0,0,client,200015,0,4,client,0,200015,0,4,V2_RFRAG_FINAL_ACK_APP_RETRY,0,1,first_fragment,receiver_after_channel,0,1024,MLKEM1024,1,server,200015,4,V2_RFRAG_FINAL_ACK_APP_RETRY,first_fragment,receiver_after_channel,1024,MLKEM1024,0,0,0,0,0,0,0,0,0,0,0,1024,0,0,0,0,1,1,0,0,0,server,200015,0,4,server,200015,0,4,V2_RFRAG_FINAL_ACK_APP_RETRY
B-kem1024-gilbert-prr0p90-L10-loss1-rep18-seed200018-v4,B-kem1024-gilbert-prr0p90-L10-loss1-rep18-seed200018,B-kem1024-gilbert-prr0p90-L10-loss1-rep18-seed200018,V2,B_V1_V2_FIRST_LOSS,2026-08-19T02:33:51+00:00,COOJA_SIMULATION,gilbert,0.9,10.0,0.0111111111,0.1,first_fragment,1,receiver_after_channel,1,2,1,0,16,96,4,V2_RFRAG_FINAL_ACK_APP_RETRY,1024,200018,18,360,0,1,runs/B-kem1024-gilbert-prr0p90-L10-loss1-rep18-seed200018-v4/cooja.log,46a1a5101f0148987e7dfb267ef37f5a8ae16c0b12dc8f771c5e7f21760b0a1e,28235,286,286,end_of_log,success,FAILED_PROTOCOL,client_reported_failure,,1,True,0,0,0,0,0,0,0,1,0,both_motes,3,4,1,0,2,34,20,54,both_motes,1,1,1,applied_after_channel,valid,0,1,final_application_timeout,1568,1568,17,17,2,1,2,0,0,0,240000,240000,2,0,34,15,3376,1530,0,0,2,0,1,0,1,server_fallback_no_completion,1,0,0,1,120477,1,1,20,33,1856,3274,3,2,0,4,1,0,0,1,310000,first_fragment,receiver_after_channel,0,1024,MLKEM1024,1,1,client,60000,200018,4,V2_RFRAG_FINAL_ACK_APP_RETRY,0,first_fragment,receiver_after_channel,1024,MLKEM1024,0,0,1,0,0,1,20415,0,1,0,1024,0,0,0,client,200018,0,4,client,0,200018,0,4,V2_RFRAG_FINAL_ACK_APP_RETRY,0,1,first_fragment,receiver_after_channel,0,1024,MLKEM1024,1,server,200018,4,V2_RFRAG_FINAL_ACK_APP_RETRY,first_fragment,receiver_after_channel,1024,MLKEM1024,120477,0,0,1,0,1,1,10447,1,0,0,1024,0,0,0,0,2,2,0,1,1,server,200018,0,4,server,200018,0,4,V2_RFRAG_FINAL_ACK_APP_RETRY
B-kem1024-gilbert-prr0p90-L10-loss1-rep20-seed200020-v3,B-kem1024-gilbert-prr0p90-L10-loss1-rep20-seed200020,B-kem1024-gilbert-prr0p90-L10-loss1-rep20-seed200020,V1,B_V1_V2_FIRST_LOSS,2026-08-19T02:33:51+00:00,COOJA_SIMULATION,gilbert,0.9,10.0,0.0111111111,0.1,first_fragment,1,receiver_after_channel,1,2,1,0,16,96,3,V1_RFRAG_INITIAL_FINAL_ACK,1024,200020,20,360,0,0,runs/B-kem1024-gilbert-prr0p90-L10-loss1-rep20-seed200020-v3/cooja.log,985ff75045b0b776b56ce1314cda62c9c8b43d128c180bbc5a347381a9daa7a7,34475,351,351,end_of_log,success,FAILED_PROTOCOL,client_reported_failure,,1,True,0,0,0,0,0,0,0,0,6,both_motes,10,5,0,4,5,24,20,44,both_motes,1,1,1,applied_after_channel,valid,0,1,final_application_timeout,1568,1568,17,17,1,0,1,0,0,0,120000,120000,1,0,24,16,2356,1586,7,2,3,2,0,2,1,ct_transport_completion_timeout,1,0,0,1,2674,1,1,20,17,1994,1688,3,3,2,3,0,0,1,0,190000,first_fragment,receiver_after_channel,0,1024,MLKEM1024,0,1,client,60000,200020,3,V1_RFRAG_FIRST_FINAL_ACK,0,first_fragment,receiver_after_channel,1024,MLKEM1024,0,0,1,0,0,1,20476,0,1,0,1024,1,0,0,client,200020,5,3,client,0,200020,0,3,V1_RFRAG_FIRST_FINAL_ACK,1,0,first_fragment,receiver_after_channel,0,1024,MLKEM1024,1,server,200020,3,V1_RFRAG_FIRST_FINAL_ACK,first_fragment,receiver_after_channel,1024,MLKEM1024,2674,0,0,1,0,1,1,11606,1,0,0,1024,0,2,0,0,3,3,0,1,1,server,200020,1,3,server,200020,0,3,V1_RFRAG_FIRST_FINAL_ACK
B-kem1024-gilbert-prr0p90-L10-loss1-rep20-seed200020-v4,B-kem1024-gilbert-prr0p90-L10-loss1-rep20-seed200020,B-kem1024-gilbert-prr0p90-L10-loss1-rep20-seed200020,V2,B_V1_V2_FIRST_LOSS,2026-08-19T02:33:51+00:00,COOJA_SIMULATION,gilbert,0.9,10.0,0.0111111111,0.1,first_fragment,1,receiver_after_channel,1,2,1,0,16,96,4,V2_RFRAG_FINAL_ACK_APP_RETRY,1024,200020,20,360,0,1,runs/B-kem1024-gilbert-prr0p90-L10-loss1-rep20-seed200020-v4/cooja.log,9b42b3c0333bf0e28a7c749dc7a3bbce6e803cd4ee61ee86f803631797ae9f24,27369,286,286,end_of_log,success,FAILED_PROTOCOL,client_reported_failure,,1,True,0,0,0,0,0,0,0,0,0,both_motes,3,3,1,0,1,20,0,20,both_motes,1,1,1,applied_after_channel,valid,0,1,route_acquisition_timeout,1568,1568,17,17,1,0,1,0,0,0,125000,125000,1,0,20,0,1856,0,3,0,1,3,1,0,0,server_fallback_no_completion,0,0,0,0,0,0,0,0,13,0,1280,0,1,0,0,0,0,0,1,310000,first_fragment,receiver_after_channel,0,1024,MLKEM1024,1,1,client,60000,200020,4,V2_RFRAG_FINAL_ACK_APP_RETRY,0,first_fragment,receiver_after_channel,1024,MLKEM1024,0,0,0,0,0,0,0,0,0,0,1024,0,0,0,client,200020,0,4,client,0,200020,0,4,V2_RFRAG_FINAL_ACK_APP_RETRY,0,1,first_fragment,receiver_after_channel,0,1024,MLKEM1024,1,server,200020,4,V2_RFRAG_FINAL_ACK_APP_RETRY,first_fragment,receiver_after_channel,1024,MLKEM1024,0,0,0,0,0,0,0,0,0,0,0,1024,0,0,0,0,1,1,0,0,0,server,200020,0,4,server,200020,0,4,V2_RFRAG_FINAL_ACK_APP_RETRY
B-kem1024-gilbert-prr0p90-L10-loss1-rep25-seed200025-v4,B-kem1024-gilbert-prr0p90-L10-loss1-rep25-seed200025,B-kem1024-gilbert-prr0p90-L10-loss1-rep25-seed200025,V2,B_V1_V2_FIRST_LOSS,2026-08-19T02:33:51+00:00,COOJA_SIMULATION,gilbert,0.9,10.0,0.0111111111,0.1,first_fragment,1,receiver_after_channel,1,2,1,0,16,96,4,V2_RFRAG_FINAL_ACK_APP_RETRY,1024,200025,25,360,0,1,runs/B-kem1024-gilbert-prr0p90-L10-loss1-rep25-seed200025-v4/cooja.log,55e874f32fce519e4baf261987e85417383fd77f54b1d65ef9236fa4a81c0be8,27996,284,284,end_of_log,success,FAILED_PROTOCOL,client_reported_failure,,1,True,0,0,0,0,0,0,0,1,0,both_motes,3,4,1,0,2,34,20,54,both_motes,1,1,1,applied_after_channel,valid,0,1,final_application_timeout,1568,1568,17,17,2,1,2,0,0,0,240000,240000,2,0,34,13,3376,1326,0,0,2,0,1,0,1,server_fallback_no_completion,1,0,0,1,120516,1,1,20,33,1856,3274,3,2,0,4,1,0,0,1,310000,first_fragment,receiver_after_channel,0,1024,MLKEM1024,1,1,client,60000,200025,4,V2_RFRAG_FINAL_ACK_APP_RETRY,0,first_fragment,receiver_after_channel,1024,MLKEM1024,0,0,1,0,0,1,20359,0,1,0,1024,0,0,0,client,200025,0,4,client,0,200025,0,4,V2_RFRAG_FINAL_ACK_APP_RETRY,0,1,first_fragment,receiver_after_channel,0,1024,MLKEM1024,1,server,200025,4,V2_RFRAG_FINAL_ACK_APP_RETRY,first_fragment,receiver_after_channel,1024,MLKEM1024,120516,0,0,1,0,1,1,10507,1,0,0,1024,0,0,0,0,2,2,0,1,1,server,200025,0,4,server,200025,0,4,V2_RFRAG_FINAL_ACK_APP_RETRY
B-kem1024-gilbert-prr0p90-L10-loss1-rep28-seed200028-v3,B-kem1024-gilbert-prr0p90-L10-loss1-rep28-seed200028,B-kem1024-gilbert-prr0p90-L10-loss1-rep28-seed200028,V1,B_V1_V2_FIRST_LOSS,2026-08-19T02:33:51+00:00,COOJA_SIMULATION,gilbert,0.9,10.0,0.0111111111,0.1,first_fragment,1,receiver_after_channel,1,2,1,0,16,96,3,V1_RFRAG_INITIAL_FINAL_ACK,1024,200028,28,360,0,0,runs/B-kem1024-gilbert-prr0p90-L10-loss1-rep28-seed200028-v3/cooja.log,bdf536835731664813f897642fba6fc3b349d9c217ffed7e7d7171bc294a0fd6,23367,229,229,end_of_log,success,FAILED_PROTOCOL,client_reported_failure,,1,True,0,0,0,0,0,0,0,0,0,both_motes,4,5,0,2,3,18,20,38,both_motes,1,1,1,applied_after_channel,valid,0,1,final_application_timeout,1568,1568,17,17,1,0,1,0,0,0,120000,120000,1,0,18,15,1790,1530,1,1,2,1,0,1,1,ct_transport_completion_timeout,1,0,0,1,1442,1,1,20,17,1856,1688,3,2,1,4,0,0,1,0,190000,first_fragment,receiver_after_channel,0,1024,MLKEM1024,0,1,client,60000,200028,3,V1_RFRAG_FIRST_FINAL_ACK,0,first_fragment,receiver_after_channel,1024,MLKEM1024,0,0,1,0,0,1,20458,0,1,0,1024,1,0,0,client,200028,0,3,client,0,200028,0,3,V1_RFRAG_FIRST_FINAL_ACK,1,0,first_fragment,receiver_after_channel,0,1024,MLKEM1024,1,server,200028,3,V1_RFRAG_FIRST_FINAL_ACK,first_fragment,receiver_after_channel,1024,MLKEM1024,1442,0,0,1,0,1,1,10399,1,0,0,1024,0,1,0,0,2,2,0,1,1,server,200028,0,3,server,200028,0,3,V1_RFRAG_FIRST_FINAL_ACK
B-kem1024-gilbert-prr0p90-L10-loss1-rep28-seed200028-v4,B-kem1024-gilbert-prr0p90-L10-loss1-rep28-seed200028,B-kem1024-gilbert-prr0p90-L10-loss1-rep28-seed200028,V2,B_V1_V2_FIRST_LOSS,2026-08-19T02:33:51+00:00,COOJA_SIMULATION,gilbert,0.9,10.0,0.0111111111,0.1,first_fragment,1,receiver_after_channel,1,2,1,0,16,96,4,V2_RFRAG_FINAL_ACK_APP_RETRY,1024,200028,28,360,0,1,runs/B-kem1024-gilbert-prr0p90-L10-loss1-rep28-seed200028-v4/cooja.log,6f3bb5131297fb6cbbadd4c8b9b83c581cc61cbb865a426615c9be99c515d09d,24854,255,255,end_of_log,success,FAILED_PROTOCOL,client_reported_failure,,1,True,0,0,0,0,0,0,0,1,9,both_motes,14,6,1,1,2,48,0,48,both_motes,1,1,1,applied_after_channel,valid,0,1,final_application_timeout,1568,1568,17,17,2,1,2,0,0,0,240000,240000,2,0,48,0,4666,0,14,0,2,6,1,1,0,server_fallback_no_completion,0,0,0,0,0,0,0,0,24,0,2356,0,2,0,0,1,0,0,1,310000,first_fragment,receiver_after_channel,0,1024,MLKEM1024,1,1,client,60000,200028,4,V2_RFRAG_FINAL_ACK_APP_RETRY,0,first_fragment,receiver_after_channel,1024,MLKEM1024,0,0,0,0,0,0,0,0,0,0,1024,0,0,0,client,200028,9,4,client,0,200028,0,4,V2_RFRAG_FINAL_ACK_APP_RETRY,0,1,first_fragment,receiver_after_channel,0,1024,MLKEM1024,1,server,200028,4,V2_RFRAG_FINAL_ACK_APP_RETRY,first_fragment,receiver_after_channel,1024,MLKEM1024,0,0,0,1,0,0,1,27525,0,1,0,1024,0,0,0,0,2,2,0,0,0,server,200028,0,4,server,200028,0,4,V2_RFRAG_FINAL_ACK_APP_RETRY
B-kem1024-gilbert-prr0p90-L10-loss1-rep29-seed200029-v4,B-kem1024-gilbert-prr0p90-L10-loss1-rep29-seed200029,B-kem1024-gilbert-prr0p90-L10-loss1-rep29-seed200029,V2,B_V1_V2_FIRST_LOSS,2026-08-19T02:33:51+00:00,COOJA_SIMULATION,gilbert,0.9,10.0,0.0111111111,0.1,first_fragment,1,receiver_after_channel,1,2,1,0,16,96,4,V2_RFRAG_FINAL_ACK_APP_RETRY,1024,200029,29,360,0,1,runs/B-kem1024-gilbert-prr0p90-L10-loss1-rep29-seed200029-v4/cooja.log,9d612ab3938ae03937f14c38dd718f46533ab0b374854c8105b1a603beee6c8f,16782,164,164,end_of_log,success,FAILED_PROTOCOL,client_reported_failure,,1,True,0,0,0,0,0,0,0,0,0,both_motes,3,4,0,0,0,20,0,20,both_motes,1,1,1,applied_after_channel,valid,0,1,route_acquisition_timeout,1568,1568,17,17,1,0,1,0,0,0,125000,125000,1,0,20,0,1856,0,3,0,0,4,0,0,0,server_fallback_no_completion,0,0,0,0,0,0,0,0,4,0,408,0,0,0,0,0,0,0,1,310000,first_fragment,receiver_after_channel,0,1024,MLKEM1024,1,1,client,60000,200029,4,V2_RFRAG_FINAL_ACK_APP_RETRY,0,first_fragment,receiver_after_channel,1024,MLKEM1024,0,0,0,0,0,0,0,0,0,0,1024,0,0,0,client,200029,0,4,client,0,200029,0,4,V2_RFRAG_FINAL_ACK_APP_RETRY,0,1,first_fragment,receiver_after_channel,0,1024,MLKEM1024,1,server,200029,4,V2_RFRAG_FINAL_ACK_APP_RETRY,first_fragment,receiver_after_channel,1024,MLKEM1024,0,0,0,0,0,0,0,0,0,0,0,1024,0,0,0,0,0,0,0,0,0,server,200029,0,4,server,200029,0,4,V2_RFRAG_FINAL_ACK_APP_RETRY
B-kem1024-gilbert-prr0p90-L10-loss1-rep30-seed200030-v4,B-kem1024-gilbert-prr0p90-L10-loss1-rep30-seed200030,B-kem1024-gilbert-prr0p90-L10-loss1-rep30-seed200030,V2,B_V1_V2_FIRST_LOSS,2026-08-19T02:33:51+00:00,COOJA_SIMULATION,gilbert,0.9,10.0,0.0111111111,0.1,first_fragment,1,receiver_after_channel,1,2,1,0,16,96,4,V2_RFRAG_FINAL_ACK_APP_RETRY,1024,200030,30,360,0,1,runs/B-kem1024-gilbert-prr0p90-L10-loss1-rep30-seed200030-v4/cooja.log,efaf606b3a3f9f935f8c62ed6606227b22d72b820fa2a42de1e52de136ca4a80,22969,232,232,end_of_log,success,FAILED_PROTOCOL,client_reported_failure,,1,True,0,0,0,0,0,0,0,1,0,both_motes,3,4,1,0,1,37,0,37,both_motes,1,1,1,applied_after_channel,valid,0,1,final_application_timeout,1568,1568,17,17,2,1,2,0,0,0,240000,240000,2,0,37,0,3544,0,3,0,1,4,1,0,0,server_fallback_no_completion,0,0,0,0,0,0,0,0,27,0,2708,0,1,0,0,1,0,0,1,310000,first_fragment,receiver_after_channel,0,1024,MLKEM1024,1,1,client,60000,200030,4,V2_RFRAG_FINAL_ACK_APP_RETRY,0,first_fragment,receiver_after_channel,1024,MLKEM1024,0,0,0,0,0,0,0,0,0,0,1024,0,0,0,client,200030,0,4,client,0,200030,0,4,V2_RFRAG_FINAL_ACK_APP_RETRY,0,1,first_fragment,receiver_after_channel,0,1024,MLKEM1024,1,server,200030,4,V2_RFRAG_FINAL_ACK_APP_RETRY,first_fragment,receiver_after_channel,1024,MLKEM1024,0,0,0,1,0,0,1,20329,0,1,0,1024,0,0,0,0,1,1,0,0,0,server,200030,0,4,server,200030,0,4,V2_RFRAG_FINAL_ACK_APP_RETRY
B-kem1024-gilbert-prr0p95-L2-loss1-rep04-seed200004-v4,B-kem1024-gilbert-prr0p95-L2-loss1-rep04-seed200004,B-kem1024-gilbert-prr0p95-L2-loss1-rep04-seed200004,V2,B_V1_V2_FIRST_LOSS,2026-08-19T02:33:50+00:00,COOJA_SIMULATION,gilbert,0.95,2.0,0.0263157895,0.5,first_fragment,1,receiver_after_channel,1,2,1,0,16,96,4,V2_RFRAG_FINAL_ACK_APP_RETRY,1024,200004,4,360,0,1,runs/B-kem1024-gilbert-prr0p95-L2-loss1-rep04-seed200004-v4/cooja.log,018efafce997491907a24077d344f98d25d0d45a27c265b5296f64ced78e6d1f,26769,280,280,end_of_log,success,FAILED_PROTOCOL,client_reported_failure,,1,True,0,0,0,0,0,0,0,0,0,both_motes,0,0,1,0,1,17,0,17,both_motes,1,1,1,applied_after_channel,valid,0,1,route_acquisition_timeout,1568,1568,17,17,1,0,1,0,0,0,125000,125000,1,0,17,0,1688,0,0,0,1,0,1,0,0,server_fallback_no_completion,0,0,0,0,0,0,0,0,14,0,1382,0,1,0,0,0,0,0,1,310000,first_fragment,receiver_after_channel,0,1024,MLKEM1024,1,1,client,60000,200004,4,V2_RFRAG_FINAL_ACK_APP_RETRY,0,first_fragment,receiver_after_channel,1024,MLKEM1024,0,0,0,0,0,0,0,0,0,0,1024,0,0,0,client,200004,0,4,client,0,200004,0,4,V2_RFRAG_FINAL_ACK_APP_RETRY,0,1,first_fragment,receiver_after_channel,0,1024,MLKEM1024,1,server,200004,4,V2_RFRAG_FINAL_ACK_APP_RETRY,first_fragment,receiver_after_channel,1024,MLKEM1024,0,0,0,0,0,0,0,0,0,0,0,1024,0,0,0,0,1,1,0,0,0,server,200004,0,4,server,200004,0,4,V2_RFRAG_FINAL_ACK_APP_RETRY
B-kem1024-gilbert-prr0p95-L2-loss1-rep10-seed200010-v4,B-kem1024-gilbert-prr0p95-L2-loss1-rep10-seed200010,B-kem1024-gilbert-prr0p95-L2-loss1-rep10-seed200010,V2,B_V1_V2_FIRST_LOSS,2026-08-19T02:33:50+00:00,COOJA_SIMULATION,gilbert,0.95,2.0,0.0263157895,0.5,first_fragment,1,receiver_after_channel,1,2,1,0,16,96,4,V2_RFRAG_FINAL_ACK_APP_RETRY,1024,200010,10,360,0,1,runs/B-kem1024-gilbert-prr0p95-L2-loss1-rep10-seed200010-v4/cooja.log,d795fe1cc25adbc1364642605917862c82b7440ebb546405bcac506afb2fd60f,20989,217,217,end_of_log,success,FAILED_PROTOCOL,client_reported_failure,,1,True,0,0,0,0,0,0,0,1,0,both_motes,0,0,2,0,2,34,0,34,both_motes,1,1,1,applied_after_channel,valid,0,1,final_application_timeout,1568,1568,17,17,2,1,2,0,0,0,240000,240000,2,0,34,0,3376,0,0,0,2,0,2,0,0,server_fallback_no_completion,0,0,0,0,0,0,0,0,32,0,3172,0,2,0,0,1,0,0,1,310000,first_fragment,receiver_after_channel,0,1024,MLKEM1024,1,1,client,60000,200010,4,V2_RFRAG_FINAL_ACK_APP_RETRY,0,first_fragment,receiver_after_channel,1024,MLKEM1024,0,0,0,0,0,0,0,0,0,0,1024,0,0,0,client,200010,0,4,client,0,200010,0,4,V2_RFRAG_FINAL_ACK_APP_RETRY,0,1,first_fragment,receiver_after_channel,0,1024,MLKEM1024,1,server,200010,4,V2_RFRAG_FINAL_ACK_APP_RETRY,first_fragment,receiver_after_channel,1024,MLKEM1024,0,0,0,0,0,0,0,0,0,0,0,1024,0,0,0,0,2,1,0,0,0,server,200010,0,4,server,200010,0,4,V2_RFRAG_FINAL_ACK_APP_RETRY
B-kem1024-gilbert-prr0p95-L2-loss1-rep25-seed200025-v4,B-kem1024-gilbert-prr0p95-L2-loss1-rep25-seed200025,B-kem1024-gilbert-prr0p95-L2-loss1-rep25-seed200025,V2,B_V1_V2_FIRST_LOSS,2026-08-19T02:33:50+00:00,COOJA_SIMULATION,gilbert,0.95,2.0,0.0263157895,0.5,first_fragment,1,receiver_after_channel,1,2,1,0,16,96,4,V2_RFRAG_FINAL_ACK_APP_RETRY,1024,200025,25,360,0,1,runs/B-kem1024-gilbert-prr0p95-L2-loss1-rep25-seed200025-v4/cooja.log,fcde6bace6a939d6e26a07b88e1e3743fa620290fb4f3005ce0e9dda9b016a93,25208,262,262,end_of_log,success,FAILED_PROTOCOL,client_reported_failure,,1,True,0,0,0,0,0,0,0,0,0,both_motes,0,0,1,0,1,17,0,17,both_motes,1,1,1,applied_after_channel,valid,0,1,route_acquisition_timeout,1568,1568,17,17,1,0,1,0,0,0,125000,125000,1,0,17,0,1688,0,0,0,1,0,1,0,0,server_fallback_no_completion,0,0,0,0,0,0,0,0,11,0,1076,0,1,0,0,0,0,0,1,310000,first_fragment,receiver_after_channel,0,1024,MLKEM1024,1,1,client,60000,200025,4,V2_RFRAG_FINAL_ACK_APP_RETRY,0,first_fragment,receiver_after_channel,1024,MLKEM1024,0,0,0,0,0,0,0,0,0,0,1024,0,0,0,client,200025,0,4,client,0,200025,0,4,V2_RFRAG_FINAL_ACK_APP_RETRY,0,1,first_fragment,receiver_after_channel,0,1024,MLKEM1024,1,server,200025,4,V2_RFRAG_FINAL_ACK_APP_RETRY,first_fragment,receiver_after_channel,1024,MLKEM1024,0,0,0,0,0,0,0,0,0,0,0,1024,0,0,0,0,1,1,0,0,0,server,200025,0,4,server,200025,0,4,V2_RFRAG_FINAL_ACK_APP_RETRY
B-kem1024-gilbert-prr0p95-L5-loss1-rep10-seed200010-v4,B-kem1024-gilbert-prr0p95-L5-loss1-rep10-seed200010,B-kem1024-gilbert-prr0p95-L5-loss1-rep10-seed200010,V2,B_V1_V2_FIRST_LOSS,2026-08-19T02:33:50+00:00,COOJA_SIMULATION,gilbert,0.95,5.0,0.0105263158,0.2,first_fragment,1,receiver_after_channel,1,2,1,0,16,96,4,V2_RFRAG_FINAL_ACK_APP_RETRY,1024,200010,10,360,0,1,runs/B-kem1024-gilbert-prr0p95-L5-loss1-rep10-seed200010-v4/cooja.log,1a3c867d240a683cc048763b3726390d1f2da4c946adb1f6c0c52c007d0d4b34,22368,232,232,end_of_log,success,FAILED_PROTOCOL,client_reported_failure,,1,True,0,0,0,0,0,0,0,1,0,both_motes,0,0,2,0,2,34,0,34,both_motes,1,1,1,applied_after_channel,valid,0,1,final_application_timeout,1568,1568,17,17,2,1,2,0,0,0,240000,240000,2,0,34,0,3376,0,0,0,2,0,2,0,0,server_fallback_no_completion,0,0,0,0,0,0,0,0,28,0,2764,0,2,0,0,1,0,0,1,310000,first_fragment,receiver_after_channel,0,1024,MLKEM1024,1,1,client,60000,200010,4,V2_RFRAG_FINAL_ACK_APP_RETRY,0,first_fragment,receiver_after_channel,1024,MLKEM1024,0,0,0,0,0,0,0,0,0,0,1024,0,0,0,client,200010,0,4,client,0,200010,0,4,V2_RFRAG_FINAL_ACK_APP_RETRY,0,1,first_fragment,receiver_after_channel,0,1024,MLKEM1024,1,server,200010,4,V2_RFRAG_FINAL_ACK_APP_RETRY,first_fragment,receiver_after_channel,1024,MLKEM1024,0,0,0,0,0,0,0,0,0,0,0,1024,0,0,0,0,2,2,0,0,0,server,200010,0,4,server,200010,0,4,V2_RFRAG_FINAL_ACK_APP_RETRY
B-kem1024-gilbert-prr0p95-L5-loss1-rep14-seed200014-v3,B-kem1024-gilbert-prr0p95-L5-loss1-rep14-seed200014,B-kem1024-gilbert-prr0p95-L5-loss1-rep14-seed200014,V1,B_V1_V2_FIRST_LOSS,2026-08-19T02:33:50+00:00,COOJA_SIMULATION,gilbert,0.95,5.0,0.0105263158,0.2,first_fragment,1,receiver_after_channel,1,2,1,0,16,96,3,V1_RFRAG_INITIAL_FINAL_ACK,1024,200014,14,360,0,0,runs/B-kem1024-gilbert-prr0p95-L5-loss1-rep14-seed200014-v3/cooja.log,8f43e64855a64b4647c5115768216c2365bd0a88bb9f7fe86936ef60ef2ab5f0,23434,231,231,end_of_log,success,FAILED_PROTOCOL,client_reported_failure,,1,True,0,0,0,0,0,0,0,0,0,both_motes,4,5,0,2,3,18,20,38,both_motes,1,1,1,applied_after_channel,valid,0,1,final_application_timeout,1568,1568,17,17,1,0,1,0,0,0,120000,120000,1,0,18,13,1790,1326,1,1,2,1,0,1,1,ct_transport_completion_timeout,1,0,0,1,1618,1,1,20,17,1856,1688,3,2,1,4,0,0,1,0,190000,first_fragment,receiver_after_channel,0,1024,MLKEM1024,0,1,client,60000,200014,3,V1_RFRAG_FIRST_FINAL_ACK,0,first_fragment,receiver_after_channel,1024,MLKEM1024,0,0,1,0,0,1,20367,0,1,0,1024,1,0,0,client,200014,0,3,client,0,200014,0,3,V1_RFRAG_FIRST_FINAL_ACK,1,0,first_fragment,receiver_after_channel,0,1024,MLKEM1024,1,server,200014,3,V1_RFRAG_FIRST_FINAL_ACK,first_fragment,receiver_after_channel,1024,MLKEM1024,1618,0,0,1,0,1,1,10555,1,0,0,1024,0,1,0,0,2,2,0,1,1,server,200014,0,3,server,200014,0,3,V1_RFRAG_FIRST_FINAL_ACK
B-kem1024-gilbert-prr0p95-L5-loss1-rep14-seed200014-v4,B-kem1024-gilbert-prr0p95-L5-loss1-rep14-seed200014,B-kem1024-gilbert-prr0p95-L5-loss1-rep14-seed200014,V2,B_V1_V2_FIRST_LOSS,2026-08-19T02:33:50+00:00,COOJA_SIMULATION,gilbert,0.95,5.0,0.0105263158,0.2,first_fragment,1,receiver_after_channel,1,2,1,0,16,96,4,V2_RFRAG_FINAL_ACK_APP_RETRY,1024,200014,14,360,0,1,runs/B-kem1024-gilbert-prr0p95-L5-loss1-rep14-seed200014-v4/cooja.log,1eba0ac1ffdb1ca9d5b1da2a1b341aef1f022ff3265b4ad16937f3b932bdc387,28832,295,295,end_of_log,success,FAILED_PROTOCOL,client_reported_failure,,1,True,0,0,0,0,0,0,0,1,0,both_motes,3,4,1,0,5,37,0,37,both_motes,1,1,1,applied_after_channel,valid,0,1,final_application_timeout,1568,1568,17,17,2,1,2,0,0,0,240000,240000,2,0,37,0,3544,0,3,0,1,4,1,0,0,server_fallback_no_completion,0,0,0,0,0,0,0,0,34,0,3238,0,5,0,0,1,0,0,1,310000,first_fragment,receiver_after_channel,0,1024,MLKEM1024,1,1,client,60000,200014,4,V2_RFRAG_FINAL_ACK_APP_RETRY,0,first_fragment,receiver_after_channel,1024,MLKEM1024,0,0,0,0,0,0,0,0,0,0,1024,0,0,0,client,200014,0,4,client,0,200014,0,4,V2_RFRAG_FINAL_ACK_APP_RETRY,0,1,first_fragment,receiver_after_channel,0,1024,MLKEM1024,1,server,200014,4,V2_RFRAG_FINAL_ACK_APP_RETRY,first_fragment,receiver_after_channel,1024,MLKEM1024,0,0,0,1,0,0,1,27528,0,1,0,1024,0,0,0,0,5,1,0,0,0,server,200014,0,4,server,200014,0,4,V2_RFRAG_FINAL_ACK_APP_RETRY
B-kem1024-gilbert-prr0p95-L5-loss1-rep15-seed200015-v4,B-kem1024-gilbert-prr0p95-L5-loss1-rep15-seed200015,B-kem1024-gilbert-prr0p95-L5-loss1-rep15-seed200015,V2,B_V1_V2_FIRST_LOSS,2026-08-19T02:33:50+00:00,COOJA_SIMULATION,gilbert,0.95,5.0,0.0105263158,0.2,first_fragment,1,receiver_after_channel,1,2,1,0,16,96,4,V2_RFRAG_FINAL_ACK_APP_RETRY,1024,200015,15,360,0,1,runs/B-kem1024-gilbert-prr0p95-L5-loss1-rep15-seed200015-v4/cooja.log,c51565b4bfe1f0cc2cf8dbc62fb3dfaaa42c27a225caa16c5d0424f8d2ac1748,26915,282,282,end_of_log,success,FAILED_PROTOCOL,client_reported_failure,,1,True,0,0,0,0,0,0,0,0,0,both_motes,0,0,1,0,1,17,0,17,both_motes,1,1,1,applied_after_channel,valid,0,1,route_acquisition_timeout,1568,1568,17,17,1,0,1,0,0,0,125000,125000,1,0,17,0,1688,0,0,0,1,0,1,0,0,server_fallback_no_completion,0,0,0,0,0,0,0,0,16,0,1586,0,1,0,0,0,0,0,1,310000,first_fragment,receiver_after_channel,0,1024,MLKEM1024,1,1,client,60000,200015,4,V2_RFRAG_FINAL_ACK_APP_RETRY,0,first_fragment,receiver_after_channel,1024,MLKEM1024,0,0,0,0,0,0,0,0,0,0,1024,0,0,0,client,200015,0,4,client,0,200015,0,4,V2_RFRAG_FINAL_ACK_APP_RETRY,0,1,first_fragment,receiver_after_channel,0,1024,MLKEM1024,1,server,200015,4,V2_RFRAG_FINAL_ACK_APP_RETRY,first_fragment,receiver_after_channel,1024,MLKEM1024,0,0,0,0,0,0,0,0,0,0,0,1024,0,0,0,0,1,1,0,0,0,server,200015,0,4,server,200015,0,4,V2_RFRAG_FINAL_ACK_APP_RETRY
B-kem1024-gilbert-prr0p95-L5-loss1-rep18-seed200018-v4,B-kem1024-gilbert-prr0p95-L5-loss1-rep18-seed200018,B-kem1024-gilbert-prr0p95-L5-loss1-rep18-seed200018,V2,B_V1_V2_FIRST_LOSS,2026-08-19T02:33:50+00:00,COOJA_SIMULATION,gilbert,0.95,5.0,0.0105263158,0.2,first_fragment,1,receiver_after_channel,1,2,1,0,16,96,4,V2_RFRAG_FINAL_ACK_APP_RETRY,1024,200018,18,360,0,1,runs/B-kem1024-gilbert-prr0p95-L5-loss1-rep18-seed200018-v4/cooja.log,46a1a5101f0148987e7dfb267ef37f5a8ae16c0b12dc8f771c5e7f21760b0a1e,28235,286,286,end_of_log,success,FAILED_PROTOCOL,client_reported_failure,,1,True,0,0,0,0,0,0,0,1,0,both_motes,3,4,1,0,2,34,20,54,both_motes,1,1,1,applied_after_channel,valid,0,1,final_application_timeout,1568,1568,17,17,2,1,2,0,0,0,240000,240000,2,0,34,15,3376,1530,0,0,2,0,1,0,1,server_fallback_no_completion,1,0,0,1,120477,1,1,20,33,1856,3274,3,2,0,4,1,0,0,1,310000,first_fragment,receiver_after_channel,0,1024,MLKEM1024,1,1,client,60000,200018,4,V2_RFRAG_FINAL_ACK_APP_RETRY,0,first_fragment,receiver_after_channel,1024,MLKEM1024,0,0,1,0,0,1,20415,0,1,0,1024,0,0,0,client,200018,0,4,client,0,200018,0,4,V2_RFRAG_FINAL_ACK_APP_RETRY,0,1,first_fragment,receiver_after_channel,0,1024,MLKEM1024,1,server,200018,4,V2_RFRAG_FINAL_ACK_APP_RETRY,first_fragment,receiver_after_channel,1024,MLKEM1024,120477,0,0,1,0,1,1,10447,1,0,0,1024,0,0,0,0,2,2,0,1,1,server,200018,0,4,server,200018,0,4,V2_RFRAG_FINAL_ACK_APP_RETRY
B-kem1024-gilbert-prr0p95-L5-loss1-rep20-seed200020-v3,B-kem1024-gilbert-prr0p95-L5-loss1-rep20-seed200020,B-kem1024-gilbert-prr0p95-L5-loss1-rep20-seed200020,V1,B_V1_V2_FIRST_LOSS,2026-08-19T02:33:50+00:00,COOJA_SIMULATION,gilbert,0.95,5.0,0.0105263158,0.2,first_fragment,1,receiver_after_channel,1,2,1,0,16,96,3,V1_RFRAG_INITIAL_FINAL_ACK,1024,200020,20,360,0,0,runs/B-kem1024-gilbert-prr0p95-L5-loss1-rep20-seed200020-v3/cooja.log,3210229a889bb8c29d8638b4f7fd00fe2b88ac9036a34ab5f1979f61a9194086,34249,352,352,end_of_log,success,FAILED_PROTOCOL,client_reported_failure,,1,True,0,0,0,0,0,0,0,0,6,both_motes,10,5,0,4,5,24,20,44,both_motes,1,1,1,applied_after_channel,valid,0,1,final_application_timeout,1568,1568,17,17,1,0,1,0,0,0,120000,120000,1,0,24,16,2356,1586,7,2,3,2,0,2,1,ct_transport_completion_timeout,1,0,0,1,2674,1,1,20,17,1994,1688,3,3,2,3,0,0,1,0,190000,first_fragment,receiver_after_channel,0,1024,MLKEM1024,0,1,client,60000,200020,3,V1_RFRAG_FIRST_FINAL_ACK,0,first_fragment,receiver_after_channel,1024,MLKEM1024,0,0,1,0,0,1,20476,0,1,0,1024,1,0,0,client,200020,5,3,client,0,200020,0,3,V1_RFRAG_FIRST_FINAL_ACK,1,0,first_fragment,receiver_after_channel,0,1024,MLKEM1024,1,server,200020,3,V1_RFRAG_FIRST_FINAL_ACK,first_fragment,receiver_after_channel,1024,MLKEM1024,2674,0,0,1,0,1,1,11606,1,0,0,1024,0,2,0,0,3,3,0,1,1,server,200020,1,3,server,200020,0,3,V1_RFRAG_FIRST_FINAL_ACK
B-kem1024-gilbert-prr0p95-L5-loss1-rep20-seed200020-v4,B-kem1024-gilbert-prr0p95-L5-loss1-rep20-seed200020,B-kem1024-gilbert-prr0p95-L5-loss1-rep20-seed200020,V2,B_V1_V2_FIRST_LOSS,2026-08-19T02:33:50+00:00,COOJA_SIMULATION,gilbert,0.95,5.0,0.0105263158,0.2,first_fragment,1,receiver_after_channel,1,2,1,0,16,96,4,V2_RFRAG_FINAL_ACK_APP_RETRY,1024,200020,20,360,0,1,runs/B-kem1024-gilbert-prr0p95-L5-loss1-rep20-seed200020-v4/cooja.log,d64d2e6894f7ae71947a0a5aaab04b2a18e6e1a6f4ae355b21ca49792abb73c5,27443,287,287,end_of_log,success,FAILED_PROTOCOL,client_reported_failure,,1,True,0,0,0,0,0,0,0,0,0,both_motes,3,3,1,0,1,20,0,20,both_motes,1,1,1,applied_after_channel,valid,0,1,route_acquisition_timeout,1568,1568,17,17,1,0,1,0,0,0,125000,125000,1,0,20,0,1856,0,3,0,1,3,1,0,0,server_fallback_no_completion,0,0,0,0,0,0,0,0,13,0,1280,0,1,0,0,0,0,0,1,310000,first_fragment,receiver_after_channel,0,1024,MLKEM1024,1,1,client,60000,200020,4,V2_RFRAG_FINAL_ACK_APP_RETRY,0,first_fragment,receiver_after_channel,1024,MLKEM1024,0,0,0,0,0,0,0,0,0,0,1024,0,0,0,client,200020,0,4,client,0,200020,0,4,V2_RFRAG_FINAL_ACK_APP_RETRY,0,1,first_fragment,receiver_after_channel,0,1024,MLKEM1024,1,server,200020,4,V2_RFRAG_FINAL_ACK_APP_RETRY,first_fragment,receiver_after_channel,1024,MLKEM1024,0,0,0,0,0,0,0,0,0,0,0,1024,0,0,0,0,1,1,0,0,0,server,200020,0,4,server,200020,0,4,V2_RFRAG_FINAL_ACK_APP_RETRY
B-kem1024-gilbert-prr0p95-L5-loss1-rep25-seed200025-v4,B-kem1024-gilbert-prr0p95-L5-loss1-rep25-seed200025,B-kem1024-gilbert-prr0p95-L5-loss1-rep25-seed200025,V2,B_V1_V2_FIRST_LOSS,2026-08-19T02:33:50+00:00,COOJA_SIMULATION,gilbert,0.95,5.0,0.0105263158,0.2,first_fragment,1,receiver_after_channel,1,2,1,0,16,96,4,V2_RFRAG_FINAL_ACK_APP_RETRY,1024,200025,25,360,0,1,runs/B-kem1024-gilbert-prr0p95-L5-loss1-rep25-seed200025-v4/cooja.log,55e874f32fce519e4baf261987e85417383fd77f54b1d65ef9236fa4a81c0be8,27996,284,284,end_of_log,success,FAILED_PROTOCOL,client_reported_failure,,1,True,0,0,0,0,0,0,0,1,0,both_motes,3,4,1,0,2,34,20,54,both_motes,1,1,1,applied_after_channel,valid,0,1,final_application_timeout,1568,1568,17,17,2,1,2,0,0,0,240000,240000,2,0,34,13,3376,1326,0,0,2,0,1,0,1,server_fallback_no_completion,1,0,0,1,120516,1,1,20,33,1856,3274,3,2,0,4,1,0,0,1,310000,first_fragment,receiver_after_channel,0,1024,MLKEM1024,1,1,client,60000,200025,4,V2_RFRAG_FINAL_ACK_APP_RETRY,0,first_fragment,receiver_after_channel,1024,MLKEM1024,0,0,1,0,0,1,20359,0,1,0,1024,0,0,0,client,200025,0,4,client,0,200025,0,4,V2_RFRAG_FINAL_ACK_APP_RETRY,0,1,first_fragment,receiver_after_channel,0,1024,MLKEM1024,1,server,200025,4,V2_RFRAG_FINAL_ACK_APP_RETRY,first_fragment,receiver_after_channel,1024,MLKEM1024,120516,0,0,1,0,1,1,10507,1,0,0,1024,0,0,0,0,2,2,0,1,1,server,200025,0,4,server,200025,0,4,V2_RFRAG_FINAL_ACK_APP_RETRY
B-kem1024-gilbert-prr0p95-L5-loss1-rep28-seed200028-v3,B-kem1024-gilbert-prr0p95-L5-loss1-rep28-seed200028,B-kem1024-gilbert-prr0p95-L5-loss1-rep28-seed200028,V1,B_V1_V2_FIRST_LOSS,2026-08-19T02:33:50+00:00,COOJA_SIMULATION,gilbert,0.95,5.0,0.0105263158,0.2,first_fragment,1,receiver_after_channel,1,2,1,0,16,96,3,V1_RFRAG_INITIAL_FINAL_ACK,1024,200028,28,360,0,0,runs/B-kem1024-gilbert-prr0p95-L5-loss1-rep28-seed200028-v3/cooja.log,1217d1d4c42a27d599d3429f31f97fefae099a3c00465eb7ba227bc9b2ba4c1f,32782,334,334,end_of_log,success,FAILED_PROTOCOL,client_reported_failure,,1,True,0,0,0,0,0,0,0,0,0,both_motes,4,5,0,2,6,18,20,38,both_motes,1,1,1,applied_after_channel,valid,0,1,final_application_timeout,1568,1568,17,17,1,0,1,0,0,0,120000,120000,1,0,18,18,1790,1698,1,4,2,1,0,1,1,ct_transport_completion_timeout,1,0,0,1,1442,1,1,20,17,1856,1688,3,2,1,4,0,0,1,0,190000,first_fragment,receiver_after_channel,0,1024,MLKEM1024,0,1,client,60000,200028,3,V1_RFRAG_FIRST_FINAL_ACK,0,first_fragment,receiver_after_channel,1024,MLKEM1024,0,0,1,0,0,1,27623,0,1,0,1024,1,0,0,client,200028,0,3,client,0,200028,0,3,V1_RFRAG_FIRST_FINAL_ACK,1,0,first_fragment,receiver_after_channel,0,1024,MLKEM1024,1,server,200028,3,V1_RFRAG_FIRST_FINAL_ACK,first_fragment,receiver_after_channel,1024,MLKEM1024,1442,0,0,1,0,1,1,10399,1,0,0,1024,0,1,0,0,2,2,0,1,1,server,200028,0,3,server,200028,0,3,V1_RFRAG_FIRST_FINAL_ACK
B-kem1024-gilbert-prr0p95-L5-loss1-rep29-seed200029-v3,B-kem1024-gilbert-prr0p95-L5-loss1-rep29-seed200029,B-kem1024-gilbert-prr0p95-L5-loss1-rep29-seed200029,V1,B_V1_V2_FIRST_LOSS,2026-08-19T02:33:50+00:00,COOJA_SIMULATION,gilbert,0.95,5.0,0.0105263158,0.2,first_fragment,1,receiver_after_channel,1,2,1,0,16,96,3,V1_RFRAG_INITIAL_FINAL_ACK,1024,200029,29,360,0,0,runs/B-kem1024-gilbert-prr0p95-L5-loss1-rep29-seed200029-v3/cooja.log,18cfdff8e0b497f89ede3a0c8dbcce7366d363199feac342b057c643e2943a1f,21986,221,221,end_of_log,success,FAILED_PROTOCOL,client_reported_failure,,1,True,0,0,0,0,0,0,0,0,0,both_motes,4,5,0,1,1,21,0,21,both_motes,1,1,1,applied_after_channel,valid,0,1,final_application_timeout,1568,1568,17,17,1,0,1,0,0,0,120000,120000,1,0,21,0,1958,0,4,0,1,5,0,1,0,server_fallback_no_completion,0,0,0,0,0,0,0,0,3,0,306,0,1,0,0,0,0,1,0,190000,first_fragment,receiver_after_channel,0,1024,MLKEM1024,0,1,client,60000,200029,3,V1_RFRAG_FIRST_FINAL_ACK,0,first_fragment,receiver_after_channel,1024,MLKEM1024,0,0,0,0,0,0,0,0,0,0,1024,0,0,0,client,200029,0,3,client,0,200029,0,3,V1_RFRAG_FIRST_FINAL_ACK,1,0,first_fragment,receiver_after_channel,0,1024,MLKEM1024,1,server,200029,3,V1_RFRAG_FIRST_FINAL_ACK,first_fragment,receiver_after_channel,1024,MLKEM1024,0,0,0,1,0,0,1,20041,0,1,0,1024,0,0,0,0,1,1,0,0,0,server,200029,0,3,server,200029,0,3,V1_RFRAG_FIRST_FINAL_ACK
B-kem1024-gilbert-prr0p95-L5-loss1-rep29-seed200029-v4,B-kem1024-gilbert-prr0p95-L5-loss1-rep29-seed200029,B-kem1024-gilbert-prr0p95-L5-loss1-rep29-seed200029,V2,B_V1_V2_FIRST_LOSS,2026-08-19T02:33:51+00:00,COOJA_SIMULATION,gilbert,0.95,5.0,0.0105263158,0.2,first_fragment,1,receiver_after_channel,1,2,1,0,16,96,4,V2_RFRAG_FINAL_ACK_APP_RETRY,1024,200029,29,360,0,1,runs/B-kem1024-gilbert-prr0p95-L5-loss1-rep29-seed200029-v4/cooja.log,172bcb6719ed33341499cf7b6ac53dc0d5f3c3e0e831c3cd5b0bee013eda2a7e,18156,180,180,end_of_log,success,FAILED_PROTOCOL,client_reported_failure,,1,True,0,0,0,0,0,0,0,0,0,both_motes,3,4,0,0,0,20,0,20,both_motes,1,1,1,applied_after_channel,valid,0,1,route_acquisition_timeout,1568,1568,17,17,1,0,1,0,0,0,125000,125000,1,0,20,0,1856,0,3,0,0,4,0,0,0,server_fallback_no_completion,0,0,0,0,0,0,0,0,4,0,408,0,0,0,0,0,0,0,1,310000,first_fragment,receiver_after_channel,0,1024,MLKEM1024,1,1,client,60000,200029,4,V2_RFRAG_FINAL_ACK_APP_RETRY,0,first_fragment,receiver_after_channel,1024,MLKEM1024,0,0,0,0,0,0,0,0,0,0,1024,0,0,0,client,200029,0,4,client,0,200029,0,4,V2_RFRAG_FINAL_ACK_APP_RETRY,0,1,first_fragment,receiver_after_channel,0,1024,MLKEM1024,1,server,200029,4,V2_RFRAG_FINAL_ACK_APP_RETRY,first_fragment,receiver_after_channel,1024,MLKEM1024,0,0,0,0,0,0,0,0,0,0,0,1024,0,0,0,0,0,0,0,0,0,server,200029,0,4,server,200029,0,4,V2_RFRAG_FINAL_ACK_APP_RETRY
B-kem1024-gilbert-prr0p95-L10-loss1-rep10-seed200010-v3,B-kem1024-gilbert-prr0p95-L10-loss1-rep10-seed200010,B-kem1024-gilbert-prr0p95-L10-loss1-rep10-seed200010,V1,B_V1_V2_FIRST_LOSS,2026-08-19T02:33:51+00:00,COOJA_SIMULATION,gilbert,0.95,10.0,0.0052631579,0.1,first_fragment,1,receiver_after_channel,1,2,1,0,16,96,3,V1_RFRAG_INITIAL_FINAL_ACK,1024,200010,10,360,0,0,runs/B-kem1024-gilbert-prr0p95-L10-loss1-rep10-seed200010-v3/cooja.log,55ae5cd38d30ab920b11a8e859c9a111eb0d48466f40b02da58299d66479485b,22055,219,219,end_of_log,success,FAILED_PROTOCOL,client_reported_failure,,1,True,0,0,0,0,0,0,0,0,0,both_motes,4,5,0,2,3,18,20,38,both_motes,1,1,1,applied_after_channel,valid,0,1,final_application_timeout,1568,1568,17,17,1,0,1,0,0,0,120000,120000,1,0,18,1,1790,102,1,1,2,1,0,1,1,ct_transport_completion_timeout,1,0,0,1,1534,1,1,20,17,1856,1688,3,2,1,4,0,0,1,0,190000,first_fragment,receiver_after_channel,0,1024,MLKEM1024,0,1,client,60000,200010,3,V1_RFRAG_FIRST_FINAL_ACK,0,first_fragment,receiver_after_channel,1024,MLKEM1024,0,0,1,0,0,1,20000,0,1,0,1024,0,0,0,client,200010,0,3,client,0,200010,0,3,V1_RFRAG_FIRST_FINAL_ACK,1,0,first_fragment,receiver_after_channel,0,1024,MLKEM1024,1,server,200010,3,V1_RFRAG_FIRST_FINAL_ACK,first_fragment,receiver_after_channel,1024,MLKEM1024,1534,0,0,1,0,1,1,10499,1,0,0,1024,0,1,0,0,2,2,0,1,1,server,200010,0,3,server,200010,0,3,V1_RFRAG_FIRST_FINAL_ACK
B-kem1024-gilbert-prr0p95-L10-loss1-rep10-seed200010-v4,B-kem1024-gilbert-prr0p95-L10-loss1-rep10-seed200010,B-kem1024-gilbert-prr0p95-L10-loss1-rep10-seed200010,V2,B_V1_V2_FIRST_LOSS,2026-08-19T02:33:51+00:00,COOJA_SIMULATION,gilbert,0.95,10.0,0.0052631579,0.1,first_fragment,1,receiver_after_channel,1,2,1,0,16,96,4,V2_RFRAG_FINAL_ACK_APP_RETRY,1024,200010,10,360,0,1,runs/B-kem1024-gilbert-prr0p95-L10-loss1-rep10-seed200010-v4/cooja.log,4dd1ee61b4c490b9f0f9ff4d89df1fd94cbb3e63914cbc583d5df82844b522e1,21400,218,218,end_of_log,success,FAILED_PROTOCOL,client_reported_failure,,1,True,0,0,0,0,0,0,0,1,0,both_motes,3,4,1,0,1,37,0,37,both_motes,1,1,1,applied_after_channel,valid,0,1,final_application_timeout,1568,1568,17,17,2,1,2,0,0,0,240000,240000,2,0,37,0,3544,0,3,0,1,4,1,0,0,server_fallback_no_completion,0,0,0,0,0,0,0,0,16,0,1586,0,1,0,0,1,0,0,1,310000,first_fragment,receiver_after_channel,0,1024,MLKEM1024,1,1,client,60000,200010,4,V2_RFRAG_FINAL_ACK_APP_RETRY,0,first_fragment,receiver_after_channel,1024,MLKEM1024,0,0,0,0,0,0,0,0,0,0,1024,0,0,0,client,200010,0,4,client,0,200010,0,4,V2_RFRAG_FINAL_ACK_APP_RETRY,0,1,first_fragment,receiver_after_channel,0,1024,MLKEM1024,1,server,200010,4,V2_RFRAG_FINAL_ACK_APP_RETRY,first_fragment,receiver_after_channel,1024,MLKEM1024,0,0,0,0,0,0,0,0,0,0,0,1024,0,0,0,0,1,1,0,0,0,server,200010,0,4,server,200010,0,4,V2_RFRAG_FINAL_ACK_APP_RETRY
B-kem1024-gilbert-prr0p95-L10-loss1-rep14-seed200014-v4,B-kem1024-gilbert-prr0p95-L10-loss1-rep14-seed200014,B-kem1024-gilbert-prr0p95-L10-loss1-rep14-seed200014,V2,B_V1_V2_FIRST_LOSS,2026-08-19T02:33:51+00:00,COOJA_SIMULATION,gilbert,0.95,10.0,0.0052631579,0.1,first_fragment,1,receiver_after_channel,1,2,1,0,16,96,4,V2_RFRAG_FINAL_ACK_APP_RETRY,1024,200014,14,360,0,1,runs/B-kem1024-gilbert-prr0p95-L10-loss1-rep14-seed200014-v4/cooja.log,ca39769e81514a52028b6d802ec4fee7540af7390595b8825eaed54d62299f88,26281,272,272,end_of_log,success,FAILED_PROTOCOL,client_reported_failure,,1,True,0,0,0,0,0,0,0,1,0,both_motes,3,4,1,0,1,37,0,37,both_motes,1,1,1,applied_after_channel,valid,0,1,final_application_timeout,1568,1568,17,17,2,1,2,0,0,0,240000,240000,2,0,37,0,3544,0,3,0,1,4,1,0,0,server_fallback_no_completion,0,0,0,0,0,0,0,0,21,0,2096,0,1,0,0,1,0,0,1,310000,first_fragment,receiver_after_channel,0,1024,MLKEM1024,1,1,client,60000,200014,4,V2_RFRAG_FINAL_ACK_APP_RETRY,0,first_fragment,receiver_after_channel,1024,MLKEM1024,0,0,0,0,0,0,0,0,0,0,1024,0,0,0,client,200014,0,4,client,0,200014,0,4,V2_RFRAG_FINAL_ACK_APP_RETRY,0,1,first_fragment,receiver_after_channel,0,1024,MLKEM1024,1,server,200014,4,V2_RFRAG_FINAL_ACK_APP_RETRY,first_fragment,receiver_after_channel,1024,MLKEM1024,0,0,0,1,0,0,1,20127,0,1,0,1024,0,0,0,0,1,1,0,0,0,server,200014,0,4,server,200014,0,4,V2_RFRAG_FINAL_ACK_APP_RETRY
B-kem1024-gilbert-prr0p95-L10-loss1-rep15-seed200015-v4,B-kem1024-gilbert-prr0p95-L10-loss1-rep15-seed200015,B-kem1024-gilbert-prr0p95-L10-loss1-rep15-seed200015,V2,B_V1_V2_FIRST_LOSS,2026-08-19T02:33:51+00:00,COOJA_SIMULATION,gilbert,0.95,10.0,0.0052631579,0.1,first_fragment,1,receiver_after_channel,1,2,1,0,16,96,4,V2_RFRAG_FINAL_ACK_APP_RETRY,1024,200015,15,360,0,1,runs/B-kem1024-gilbert-prr0p95-L10-loss1-rep15-seed200015-v4/cooja.log,959a667afa2834465d4d677f0e48b137a800e84fb71af15ef3a55802e8002dfa,27065,284,284,end_of_log,success,FAILED_PROTOCOL,client_reported_failure,,1,True,0,0,0,0,0,0,0,0,0,both_motes,0,0,1,0,1,17,0,17,both_motes,1,1,1,applied_after_channel,valid,0,1,route_acquisition_timeout,1568,1568,17,17,1,0,1,0,0,0,125000,125000,1,0,17,0,1688,0,0,0,1,0,1,0,0,server_fallback_no_completion,0,0,0,0,0,0,0,0,16,0,1586,0,1,0,0,0,0,0,1,310000,first_fragment,receiver_after_channel,0,1024,MLKEM1024,1,1,client,60000,200015,4,V2_RFRAG_FINAL_ACK_APP_RETRY,0,first_fragment,receiver_after_channel,1024,MLKEM1024,0,0,0,0,0,0,0,0,0,0,1024,0,0,0,client,200015,0,4,client,0,200015,0,4,V2_RFRAG_FINAL_ACK_APP_RETRY,0,1,first_fragment,receiver_after_channel,0,1024,MLKEM1024,1,server,200015,4,V2_RFRAG_FINAL_ACK_APP_RETRY,first_fragment,receiver_after_channel,1024,MLKEM1024,0,0,0,0,0,0,0,0,0,0,0,1024,0,0,0,0,1,1,0,0,0,server,200015,0,4,server,200015,0,4,V2_RFRAG_FINAL_ACK_APP_RETRY
B-kem1024-gilbert-prr0p95-L10-loss1-rep18-seed200018-v4,B-kem1024-gilbert-prr0p95-L10-loss1-rep18-seed200018,B-kem1024-gilbert-prr0p95-L10-loss1-rep18-seed200018,V2,B_V1_V2_FIRST_LOSS,2026-08-19T02:33:51+00:00,COOJA_SIMULATION,gilbert,0.95,10.0,0.0052631579,0.1,first_fragment,1,receiver_after_channel,1,2,1,0,16,96,4,V2_RFRAG_FINAL_ACK_APP_RETRY,1024,200018,18,360,0,1,runs/B-kem1024-gilbert-prr0p95-L10-loss1-rep18-seed200018-v4/cooja.log,46a1a5101f0148987e7dfb267ef37f5a8ae16c0b12dc8f771c5e7f21760b0a1e,28235,286,286,end_of_log,success,FAILED_PROTOCOL,client_reported_failure,,1,True,0,0,0,0,0,0,0,1,0,both_motes,3,4,1,0,2,34,20,54,both_motes,1,1,1,applied_after_channel,valid,0,1,final_application_timeout,1568,1568,17,17,2,1,2,0,0,0,240000,240000,2,0,34,15,3376,1530,0,0,2,0,1,0,1,server_fallback_no_completion,1,0,0,1,120477,1,1,20,33,1856,3274,3,2,0,4,1,0,0,1,310000,first_fragment,receiver_after_channel,0,1024,MLKEM1024,1,1,client,60000,200018,4,V2_RFRAG_FINAL_ACK_APP_RETRY,0,first_fragment,receiver_after_channel,1024,MLKEM1024,0,0,1,0,0,1,20415,0,1,0,1024,0,0,0,client,200018,0,4,client,0,200018,0,4,V2_RFRAG_FINAL_ACK_APP_RETRY,0,1,first_fragment,receiver_after_channel,0,1024,MLKEM1024,1,server,200018,4,V2_RFRAG_FINAL_ACK_APP_RETRY,first_fragment,receiver_after_channel,1024,MLKEM1024,120477,0,0,1,0,1,1,10447,1,0,0,1024,0,0,0,0,2,2,0,1,1,server,200018,0,4,server,200018,0,4,V2_RFRAG_FINAL_ACK_APP_RETRY
B-kem1024-gilbert-prr0p95-L10-loss1-rep29-seed200029-v3,B-kem1024-gilbert-prr0p95-L10-loss1-rep29-seed200029,B-kem1024-gilbert-prr0p95-L10-loss1-rep29-seed200029,V1,B_V1_V2_FIRST_LOSS,2026-08-19T02:33:51+00:00,COOJA_SIMULATION,gilbert,0.95,10.0,0.0052631579,0.1,first_fragment,1,receiver_after_channel,1,2,1,0,16,96,3,V1_RFRAG_INITIAL_FINAL_ACK,1024,200029,29,360,0,0,runs/B-kem1024-gilbert-prr0p95-L10-loss1-rep29-seed200029-v3/cooja.log,da3721b0cd3a4686f675476e6df1dd33021bcb698888ed700c4310d5e6eca628,19237,190,190,end_of_log,success,FAILED_PROTOCOL,client_reported_failure,,1,True,0,0,0,0,0,0,0,0,0,both_motes,4,5,0,1,1,21,0,21,both_motes,1,1,1,applied_after_channel,valid,0,1,final_application_timeout,1568,1568,17,17,1,0,1,0,0,0,120000,120000,1,0,21,0,1958,0,4,0,1,5,0,1,0,server_fallback_no_completion,0,0,0,0,0,0,0,0,3,0,306,0,1,0,0,0,0,1,0,190000,first_fragment,receiver_after_channel,0,1024,MLKEM1024,0,1,client,60000,200029,3,V1_RFRAG_FIRST_FINAL_ACK,0,first_fragment,receiver_after_channel,1024,MLKEM1024,0,0,0,0,0,0,0,0,0,0,1024,0,0,0,client,200029,0,3,client,0,200029,0,3,V1_RFRAG_FIRST_FINAL_ACK,1,0,first_fragment,receiver_after_channel,0,1024,MLKEM1024,1,server,200029,3,V1_RFRAG_FIRST_FINAL_ACK,first_fragment,receiver_after_channel,1024,MLKEM1024,0,0,0,1,0,0,1,20041,0,1,0,1024,0,0,0,0,1,1,0,0,0,server,200029,0,3,server,200029,0,3,V1_RFRAG_FIRST_FINAL_ACK
B-kem1024-gilbert-prr0p95-L10-loss1-rep29-seed200029-v4,B-kem1024-gilbert-prr0p95-L10-loss1-rep29-seed200029,B-kem1024-gilbert-prr0p95-L10-loss1-rep29-seed200029,V2,B_V1_V2_FIRST_LOSS,2026-08-19T02:33:51+00:00,COOJA_SIMULATION,gilbert,0.95,10.0,0.0052631579,0.1,first_fragment,1,receiver_after_channel,1,2,1,0,16,96,4,V2_RFRAG_FINAL_ACK_APP_RETRY,1024,200029,29,360,0,1,runs/B-kem1024-gilbert-prr0p95-L10-loss1-rep29-seed200029-v4/cooja.log,3285f03ac3030256c34e4e3d2356b1a15a1d529418ca11a7b320974590f42d74,16474,161,161,end_of_log,success,FAILED_PROTOCOL,client_reported_failure,,1,True,0,0,0,0,0,0,0,0,0,both_motes,3,4,0,0,0,20,0,20,both_motes,1,1,1,applied_after_channel,valid,0,1,route_acquisition_timeout,1568,1568,17,17,1,0,1,0,0,0,125000,125000,1,0,20,0,1856,0,3,0,0,4,0,0,0,server_fallback_no_completion,0,0,0,0,0,0,0,0,4,0,408,0,0,0,0,0,0,0,1,310000,first_fragment,receiver_after_channel,0,1024,MLKEM1024,1,1,client,60000,200029,4,V2_RFRAG_FINAL_ACK_APP_RETRY,0,first_fragment,receiver_after_channel,1024,MLKEM1024,0,0,0,0,0,0,0,0,0,0,1024,0,0,0,client,200029,0,4,client,0,200029,0,4,V2_RFRAG_FINAL_ACK_APP_RETRY,0,1,first_fragment,receiver_after_channel,0,1024,MLKEM1024,1,server,200029,4,V2_RFRAG_FINAL_ACK_APP_RETRY,first_fragment,receiver_after_channel,1024,MLKEM1024,0,0,0,0,0,0,0,0,0,0,0,1024,0,0,0,0,0,0,0,0,0,server,200029,0,4,server,200029,0,4,V2_RFRAG_FINAL_ACK_APP_RETRY
B-kem1024-gilbert-prr0p95-L10-loss1-rep30-seed200030-v4,B-kem1024-gilbert-prr0p95-L10-loss1-rep30-seed200030,B-kem1024-gilbert-prr0p95-L10-loss1-rep30-seed200030,V2,B_V1_V2_FIRST_LOSS,2026-08-19T02:33:51+00:00,COOJA_SIMULATION,gilbert,0.95,10.0,0.0052631579,0.1,first_fragment,1,receiver_after_channel,1,2,1,0,16,96,4,V2_RFRAG_FINAL_ACK_APP_RETRY,1024,200030,30,360,0,1,runs/B-kem1024-gilbert-prr0p95-L10-loss1-rep30-seed200030-v4/cooja.log,efaf606b3a3f9f935f8c62ed6606227b22d72b820fa2a42de1e52de136ca4a80,22969,232,232,end_of_log,success,FAILED_PROTOCOL,client_reported_failure,,1,True,0,0,0,0,0,0,0,1,0,both_motes,3,4,1,0,1,37,0,37,both_motes,1,1,1,applied_after_channel,valid,0,1,final_application_timeout,1568,1568,17,17,2,1,2,0,0,0,240000,240000,2,0,37,0,3544,0,3,0,1,4,1,0,0,server_fallback_no_completion,0,0,0,0,0,0,0,0,27,0,2708,0,1,0,0,1,0,0,1,310000,first_fragment,receiver_after_channel,0,1024,MLKEM1024,1,1,client,60000,200030,4,V2_RFRAG_FINAL_ACK_APP_RETRY,0,first_fragment,receiver_after_channel,1024,MLKEM1024,0,0,0,0,0,0,0,0,0,0,1024,0,0,0,client,200030,0,4,client,0,200030,0,4,V2_RFRAG_FINAL_ACK_APP_RETRY,0,1,first_fragment,receiver_after_channel,0,1024,MLKEM1024,1,server,200030,4,V2_RFRAG_FINAL_ACK_APP_RETRY,first_fragment,receiver_after_channel,1024,MLKEM1024,0,0,0,1,0,0,1,20329,0,1,0,1024,0,0,0,0,1,1,0,0,0,server,200030,0,4,server,200030,0,4,V2_RFRAG_FINAL_ACK_APP_RETRY
