[1/6120] A-kem512-fixed-prr1p00-rep01-seed200001-v1
[2/6120] A-kem512-fixed-prr1p00-rep01-seed200001-v2
[3/6120] A-kem512-fixed-prr1p00-rep02-seed200002-v1
[4/6120] A-kem512-fixed-prr1p00-rep02-seed200002-v2
[5/6120] A-kem512-fixed-prr1p00-rep03-seed200003-v1
[6/6120] A-kem512-fixed-prr1p00-rep03-seed200003-v2
[7/6120] A-kem512-fixed-prr1p00-rep04-seed200004-v1
[8/6120] A-kem512-fixed-prr1p00-rep04-seed200004-v2
[9/6120] A-kem512-fixed-prr1p00-rep05-seed200005-v1
[10/6120] A-kem512-fixed-prr1p00-rep05-seed200005-v2
[11/6120] A-kem512-fixed-prr1p00-rep06-seed200006-v1
[12/6120] A-kem512-fixed-prr1p00-rep06-seed200006-v2
[13/6120] A-kem512-fixed-prr1p00-rep07-seed200007-v1
[14/6120] A-kem512-fixed-prr1p00-rep07-seed200007-v2
[15/6120] A-kem512-fixed-prr1p00-rep08-seed200008-v1
[16/6120] A-kem512-fixed-prr1p00-rep08-seed200008-v2
[17/6120] A-kem512-fixed-prr1p00-rep09-seed200009-v1
[18/6120] A-kem512-fixed-prr1p00-rep09-seed200009-v2
[19/6120] A-kem512-fixed-prr1p00-rep10-seed200010-v1
[20/6120] A-kem512-fixed-prr1p00-rep10-seed200010-v2
[21/6120] A-kem512-fixed-prr1p00-rep11-seed200011-v1
[22/6120] A-kem512-fixed-prr1p00-rep11-seed200011-v2
[23/6120] A-kem512-fixed-prr1p00-rep12-seed200012-v1
[24/6120] A-kem512-fixed-prr1p00-rep12-seed200012-v2
[25/6120] A-kem512-fixed-prr1p00-rep13-seed200013-v1
[26/6120] A-kem512-fixed-prr1p00-rep13-seed200013-v2
[27/6120] A-kem512-fixed-prr1p00-rep14-seed200014-v1
[28/6120] A-kem512-fixed-prr1p00-rep14-seed200014-v2
[29/6120] A-kem512-fixed-prr1p00-rep15-seed200015-v1
[30/6120] A-kem512-fixed-prr1p00-rep15-seed200015-v2
[31/6120] A-kem512-fixed-prr1p00-rep16-seed200016-v1
[32/6120] A-kem512-fixed-prr1p00-rep16-seed200016-v2
[33/6120] A-kem512-fixed-prr1p00-rep17-seed200017-v1
[34/6120] A-kem512-fixed-prr1p00-rep17-seed200017-v2
[35/6120] A-kem512-fixed-prr1p00-rep18-seed200018-v1
[36/6120] A-kem512-fixed-prr1p00-rep18-seed200018-v2
[37/6120] A-kem512-fixed-prr1p00-rep19-seed200019-v1
[38/6120] A-kem512-fixed-prr1p00-rep19-seed200019-v2
[39/6120] A-kem512-fixed-prr1p00-rep20-seed200020-v1
[40/6120] A-kem512-fixed-prr1p00-rep20-seed200020-v2
[41/6120] A-kem512-fixed-prr1p00-rep21-seed200021-v1
[42/6120] A-kem512-fixed-prr1p00-rep21-seed200021-v2
[43/6120] A-kem512-fixed-prr1p00-rep22-seed200022-v1
[44/6120] A-kem512-fixed-prr1p00-rep22-seed200022-v2
[45/6120] A-kem512-fixed-prr1p00-rep23-seed200023-v1
[46/6120] A-kem512-fixed-prr1p00-rep23-seed200023-v2
[47/6120] A-kem512-fixed-prr1p00-rep24-seed200024-v1
[48/6120] A-kem512-fixed-prr1p00-rep24-seed200024-v2
[49/6120] A-kem512-fixed-prr1p00-rep25-seed200025-v1
[50/6120] A-kem512-fixed-prr1p00-rep25-seed200025-v2
[51/6120] A-kem512-fixed-prr1p00-rep26-seed200026-v1
[52/6120] A-kem512-fixed-prr1p00-rep26-seed200026-v2
[53/6120] A-kem512-fixed-prr1p00-rep27-seed200027-v1
[54/6120] A-kem512-fixed-prr1p00-rep27-seed200027-v2
[55/6120] A-kem512-fixed-prr1p00-rep28-seed200028-v1
[56/6120] A-kem512-fixed-prr1p00-rep28-seed200028-v2
[57/6120] A-kem512-fixed-prr1p00-rep29-seed200029-v1
[58/6120] A-kem512-fixed-prr1p00-rep29-seed200029-v2
[59/6120] A-kem512-fixed-prr1p00-rep30-seed200030-v1
[60/6120] A-kem512-fixed-prr1p00-rep30-seed200030-v2
[61/6120] B-kem512-fixed-prr1p00-loss1-rep01-seed200001-v3
[62/6120] B-kem512-fixed-prr1p00-loss1-rep01-seed200001-v4
[63/6120] B-kem512-fixed-prr1p00-loss1-rep02-seed200002-v3
[64/6120] B-kem512-fixed-prr1p00-loss1-rep02-seed200002-v4
[65/6120] B-kem512-fixed-prr1p00-loss1-rep03-seed200003-v3
[66/6120] B-kem512-fixed-prr1p00-loss1-rep03-seed200003-v4
[67/6120] B-kem512-fixed-prr1p00-loss1-rep04-seed200004-v3
[68/6120] B-kem512-fixed-prr1p00-loss1-rep04-seed200004-v4
[69/6120] B-kem512-fixed-prr1p00-loss1-rep05-seed200005-v3
[70/6120] B-kem512-fixed-prr1p00-loss1-rep05-seed200005-v4
[71/6120] B-kem512-fixed-prr1p00-loss1-rep06-seed200006-v3
[72/6120] B-kem512-fixed-prr1p00-loss1-rep06-seed200006-v4
[73/6120] B-kem512-fixed-prr1p00-loss1-rep07-seed200007-v3
[74/6120] B-kem512-fixed-prr1p00-loss1-rep07-seed200007-v4
[75/6120] B-kem512-fixed-prr1p00-loss1-rep08-seed200008-v3
[76/6120] B-kem512-fixed-prr1p00-loss1-rep08-seed200008-v4
[77/6120] B-kem512-fixed-prr1p00-loss1-rep09-seed200009-v3
[78/6120] B-kem512-fixed-prr1p00-loss1-rep09-seed200009-v4
[79/6120] B-kem512-fixed-prr1p00-loss1-rep10-seed200010-v3
[80/6120] B-kem512-fixed-prr1p00-loss1-rep10-seed200010-v4
[81/6120] B-kem512-fixed-prr1p00-loss1-rep11-seed200011-v3
[82/6120] B-kem512-fixed-prr1p00-loss1-rep11-seed200011-v4
[83/6120] B-kem512-fixed-prr1p00-loss1-rep12-seed200012-v3
[84/6120] B-kem512-fixed-prr1p00-loss1-rep12-seed200012-v4
[85/6120] B-kem512-fixed-prr1p00-loss1-rep13-seed200013-v3
[86/6120] B-kem512-fixed-prr1p00-loss1-rep13-seed200013-v4
[87/6120] B-kem512-fixed-prr1p00-loss1-rep14-seed200014-v3
[88/6120] B-kem512-fixed-prr1p00-loss1-rep14-seed200014-v4
[89/6120] B-kem512-fixed-prr1p00-loss1-rep15-seed200015-v3
[90/6120] B-kem512-fixed-prr1p00-loss1-rep15-seed200015-v4
[91/6120] B-kem512-fixed-prr1p00-loss1-rep16-seed200016-v3
[92/6120] B-kem512-fixed-prr1p00-loss1-rep16-seed200016-v4
[93/6120] B-kem512-fixed-prr1p00-loss1-rep17-seed200017-v3
[94/6120] B-kem512-fixed-prr1p00-loss1-rep17-seed200017-v4
[95/6120] B-kem512-fixed-prr1p00-loss1-rep18-seed200018-v3
[96/6120] B-kem512-fixed-prr1p00-loss1-rep18-seed200018-v4
[97/6120] B-kem512-fixed-prr1p00-loss1-rep19-seed200019-v3
[98/6120] B-kem512-fixed-prr1p00-loss1-rep19-seed200019-v4
[99/6120] B-kem512-fixed-prr1p00-loss1-rep20-seed200020-v3
[100/6120] B-kem512-fixed-prr1p00-loss1-rep20-seed200020-v4
[101/6120] B-kem512-fixed-prr1p00-loss1-rep21-seed200021-v3
[102/6120] B-kem512-fixed-prr1p00-loss1-rep21-seed200021-v4
[103/6120] B-kem512-fixed-prr1p00-loss1-rep22-seed200022-v3
[104/6120] B-kem512-fixed-prr1p00-loss1-rep22-seed200022-v4
[105/6120] B-kem512-fixed-prr1p00-loss1-rep23-seed200023-v3
[106/6120] B-kem512-fixed-prr1p00-loss1-rep23-seed200023-v4
[107/6120] B-kem512-fixed-prr1p00-loss1-rep24-seed200024-v3
[108/6120] B-kem512-fixed-prr1p00-loss1-rep24-seed200024-v4
[109/6120] B-kem512-fixed-prr1p00-loss1-rep25-seed200025-v3
[110/6120] B-kem512-fixed-prr1p00-loss1-rep25-seed200025-v4
[111/6120] B-kem512-fixed-prr1p00-loss1-rep26-seed200026-v3
[112/6120] B-kem512-fixed-prr1p00-loss1-rep26-seed200026-v4
[113/6120] B-kem512-fixed-prr1p00-loss1-rep27-seed200027-v3
[114/6120] B-kem512-fixed-prr1p00-loss1-rep27-seed200027-v4
[115/6120] B-kem512-fixed-prr1p00-loss1-rep28-seed200028-v3
[116/6120] B-kem512-fixed-prr1p00-loss1-rep28-seed200028-v4
[117/6120] B-kem512-fixed-prr1p00-loss1-rep29-seed200029-v3
[118/6120] B-kem512-fixed-prr1p00-loss1-rep29-seed200029-v4
[119/6120] B-kem512-fixed-prr1p00-loss1-rep30-seed200030-v3
[120/6120] B-kem512-fixed-prr1p00-loss1-rep30-seed200030-v4
[121/6120] A-kem512-fixed-prr0p95-rep01-seed200001-v1
[122/6120] A-kem512-fixed-prr0p95-rep01-seed200001-v2
[123/6120] A-kem512-fixed-prr0p95-rep02-seed200002-v1
[124/6120] A-kem512-fixed-prr0p95-rep02-seed200002-v2
[125/6120] A-kem512-fixed-prr0p95-rep03-seed200003-v1
[126/6120] A-kem512-fixed-prr0p95-rep03-seed200003-v2
[127/6120] A-kem512-fixed-prr0p95-rep04-seed200004-v1
[128/6120] A-kem512-fixed-prr0p95-rep04-seed200004-v2
[129/6120] A-kem512-fixed-prr0p95-rep05-seed200005-v1
[130/6120] A-kem512-fixed-prr0p95-rep05-seed200005-v2
[131/6120] A-kem512-fixed-prr0p95-rep06-seed200006-v1
[132/6120] A-kem512-fixed-prr0p95-rep06-seed200006-v2
[133/6120] A-kem512-fixed-prr0p95-rep07-seed200007-v1
[134/6120] A-kem512-fixed-prr0p95-rep07-seed200007-v2
[135/6120] A-kem512-fixed-prr0p95-rep08-seed200008-v1
[136/6120] A-kem512-fixed-prr0p95-rep08-seed200008-v2
[137/6120] A-kem512-fixed-prr0p95-rep09-seed200009-v1
[138/6120] A-kem512-fixed-prr0p95-rep09-seed200009-v2
[139/6120] A-kem512-fixed-prr0p95-rep10-seed200010-v1
[140/6120] A-kem512-fixed-prr0p95-rep10-seed200010-v2
[141/6120] A-kem512-fixed-prr0p95-rep11-seed200011-v1
[142/6120] A-kem512-fixed-prr0p95-rep11-seed200011-v2
[143/6120] A-kem512-fixed-prr0p95-rep12-seed200012-v1
[144/6120] A-kem512-fixed-prr0p95-rep12-seed200012-v2
[145/6120] A-kem512-fixed-prr0p95-rep13-seed200013-v1
[146/6120] A-kem512-fixed-prr0p95-rep13-seed200013-v2
[147/6120] A-kem512-fixed-prr0p95-rep14-seed200014-v1
[148/6120] A-kem512-fixed-prr0p95-rep14-seed200014-v2
[149/6120] A-kem512-fixed-prr0p95-rep15-seed200015-v1
[150/6120] A-kem512-fixed-prr0p95-rep15-seed200015-v2
[151/6120] A-kem512-fixed-prr0p95-rep16-seed200016-v1
[152/6120] A-kem512-fixed-prr0p95-rep16-seed200016-v2
[153/6120] A-kem512-fixed-prr0p95-rep17-seed200017-v1
[154/6120] A-kem512-fixed-prr0p95-rep17-seed200017-v2
[155/6120] A-kem512-fixed-prr0p95-rep18-seed200018-v1
[156/6120] A-kem512-fixed-prr0p95-rep18-seed200018-v2
[157/6120] A-kem512-fixed-prr0p95-rep19-seed200019-v1
[158/6120] A-kem512-fixed-prr0p95-rep19-seed200019-v2
[159/6120] A-kem512-fixed-prr0p95-rep20-seed200020-v1
[160/6120] A-kem512-fixed-prr0p95-rep20-seed200020-v2
[161/6120] A-kem512-fixed-prr0p95-rep21-seed200021-v1
[162/6120] A-kem512-fixed-prr0p95-rep21-seed200021-v2
[163/6120] A-kem512-fixed-prr0p95-rep22-seed200022-v1
[164/6120] A-kem512-fixed-prr0p95-rep22-seed200022-v2
[165/6120] A-kem512-fixed-prr0p95-rep23-seed200023-v1
[166/6120] A-kem512-fixed-prr0p95-rep23-seed200023-v2
[167/6120] A-kem512-fixed-prr0p95-rep24-seed200024-v1
[168/6120] A-kem512-fixed-prr0p95-rep24-seed200024-v2
[169/6120] A-kem512-fixed-prr0p95-rep25-seed200025-v1
[170/6120] A-kem512-fixed-prr0p95-rep25-seed200025-v2
[171/6120] A-kem512-fixed-prr0p95-rep26-seed200026-v1
[172/6120] A-kem512-fixed-prr0p95-rep26-seed200026-v2
[173/6120] A-kem512-fixed-prr0p95-rep27-seed200027-v1
[174/6120] A-kem512-fixed-prr0p95-rep27-seed200027-v2
[175/6120] A-kem512-fixed-prr0p95-rep28-seed200028-v1
[176/6120] A-kem512-fixed-prr0p95-rep28-seed200028-v2
[177/6120] A-kem512-fixed-prr0p95-rep29-seed200029-v1
[178/6120] A-kem512-fixed-prr0p95-rep29-seed200029-v2
[179/6120] A-kem512-fixed-prr0p95-rep30-seed200030-v1
[180/6120] A-kem512-fixed-prr0p95-rep30-seed200030-v2
[181/6120] B-kem512-fixed-prr0p95-loss1-rep01-seed200001-v3
[182/6120] B-kem512-fixed-prr0p95-loss1-rep01-seed200001-v4
[183/6120] B-kem512-fixed-prr0p95-loss1-rep02-seed200002-v3
[184/6120] B-kem512-fixed-prr0p95-loss1-rep02-seed200002-v4
[185/6120] B-kem512-fixed-prr0p95-loss1-rep03-seed200003-v3
[186/6120] B-kem512-fixed-prr0p95-loss1-rep03-seed200003-v4
[187/6120] B-kem512-fixed-prr0p95-loss1-rep04-seed200004-v3
[188/6120] B-kem512-fixed-prr0p95-loss1-rep04-seed200004-v4
[189/6120] B-kem512-fixed-prr0p95-loss1-rep05-seed200005-v3
[190/6120] B-kem512-fixed-prr0p95-loss1-rep05-seed200005-v4
[191/6120] B-kem512-fixed-prr0p95-loss1-rep06-seed200006-v3
[192/6120] B-kem512-fixed-prr0p95-loss1-rep06-seed200006-v4
[193/6120] B-kem512-fixed-prr0p95-loss1-rep07-seed200007-v3
[194/6120] B-kem512-fixed-prr0p95-loss1-rep07-seed200007-v4
[195/6120] B-kem512-fixed-prr0p95-loss1-rep08-seed200008-v3
[196/6120] B-kem512-fixed-prr0p95-loss1-rep08-seed200008-v4
[197/6120] B-kem512-fixed-prr0p95-loss1-rep09-seed200009-v3
[198/6120] B-kem512-fixed-prr0p95-loss1-rep09-seed200009-v4
[199/6120] B-kem512-fixed-prr0p95-loss1-rep10-seed200010-v3
[200/6120] B-kem512-fixed-prr0p95-loss1-rep10-seed200010-v4
[201/6120] B-kem512-fixed-prr0p95-loss1-rep11-seed200011-v3
[202/6120] B-kem512-fixed-prr0p95-loss1-rep11-seed200011-v4
[203/6120] B-kem512-fixed-prr0p95-loss1-rep12-seed200012-v3
[204/6120] B-kem512-fixed-prr0p95-loss1-rep12-seed200012-v4
[205/6120] B-kem512-fixed-prr0p95-loss1-rep13-seed200013-v3
[206/6120] B-kem512-fixed-prr0p95-loss1-rep13-seed200013-v4
[207/6120] B-kem512-fixed-prr0p95-loss1-rep14-seed200014-v3
[208/6120] B-kem512-fixed-prr0p95-loss1-rep14-seed200014-v4
[209/6120] B-kem512-fixed-prr0p95-loss1-rep15-seed200015-v3
[210/6120] B-kem512-fixed-prr0p95-loss1-rep15-seed200015-v4
[211/6120] B-kem512-fixed-prr0p95-loss1-rep16-seed200016-v3
[212/6120] B-kem512-fixed-prr0p95-loss1-rep16-seed200016-v4
[213/6120] B-kem512-fixed-prr0p95-loss1-rep17-seed200017-v3
[214/6120] B-kem512-fixed-prr0p95-loss1-rep17-seed200017-v4
[215/6120] B-kem512-fixed-prr0p95-loss1-rep18-seed200018-v3
[216/6120] B-kem512-fixed-prr0p95-loss1-rep18-seed200018-v4
[217/6120] B-kem512-fixed-prr0p95-loss1-rep19-seed200019-v3
[218/6120] B-kem512-fixed-prr0p95-loss1-rep19-seed200019-v4
[219/6120] B-kem512-fixed-prr0p95-loss1-rep20-seed200020-v3
[220/6120] B-kem512-fixed-prr0p95-loss1-rep20-seed200020-v4
[221/6120] B-kem512-fixed-prr0p95-loss1-rep21-seed200021-v3
[222/6120] B-kem512-fixed-prr0p95-loss1-rep21-seed200021-v4
[223/6120] B-kem512-fixed-prr0p95-loss1-rep22-seed200022-v3
[224/6120] B-kem512-fixed-prr0p95-loss1-rep22-seed200022-v4
[225/6120] B-kem512-fixed-prr0p95-loss1-rep23-seed200023-v3
[226/6120] B-kem512-fixed-prr0p95-loss1-rep23-seed200023-v4
[227/6120] B-kem512-fixed-prr0p95-loss1-rep24-seed200024-v3
[228/6120] B-kem512-fixed-prr0p95-loss1-rep24-seed200024-v4
[229/6120] B-kem512-fixed-prr0p95-loss1-rep25-seed200025-v3
[230/6120] B-kem512-fixed-prr0p95-loss1-rep25-seed200025-v4
[231/6120] B-kem512-fixed-prr0p95-loss1-rep26-seed200026-v3
[232/6120] B-kem512-fixed-prr0p95-loss1-rep26-seed200026-v4
[233/6120] B-kem512-fixed-prr0p95-loss1-rep27-seed200027-v3
[234/6120] B-kem512-fixed-prr0p95-loss1-rep27-seed200027-v4
[235/6120] B-kem512-fixed-prr0p95-loss1-rep28-seed200028-v3
[236/6120] B-kem512-fixed-prr0p95-loss1-rep28-seed200028-v4
[237/6120] B-kem512-fixed-prr0p95-loss1-rep29-seed200029-v3
[238/6120] B-kem512-fixed-prr0p95-loss1-rep29-seed200029-v4
[239/6120] B-kem512-fixed-prr0p95-loss1-rep30-seed200030-v3
[240/6120] B-kem512-fixed-prr0p95-loss1-rep30-seed200030-v4
[241/6120] A-kem512-fixed-prr0p90-rep01-seed200001-v1
[242/6120] A-kem512-fixed-prr0p90-rep01-seed200001-v2
[243/6120] A-kem512-fixed-prr0p90-rep02-seed200002-v1
[244/6120] A-kem512-fixed-prr0p90-rep02-seed200002-v2
[245/6120] A-kem512-fixed-prr0p90-rep03-seed200003-v1
[246/6120] A-kem512-fixed-prr0p90-rep03-seed200003-v2
[247/6120] A-kem512-fixed-prr0p90-rep04-seed200004-v1
[248/6120] A-kem512-fixed-prr0p90-rep04-seed200004-v2
[249/6120] A-kem512-fixed-prr0p90-rep05-seed200005-v1
[250/6120] A-kem512-fixed-prr0p90-rep05-seed200005-v2
[251/6120] A-kem512-fixed-prr0p90-rep06-seed200006-v1
[252/6120] A-kem512-fixed-prr0p90-rep06-seed200006-v2
[253/6120] A-kem512-fixed-prr0p90-rep07-seed200007-v1
[254/6120] A-kem512-fixed-prr0p90-rep07-seed200007-v2
[255/6120] A-kem512-fixed-prr0p90-rep08-seed200008-v1
[256/6120] A-kem512-fixed-prr0p90-rep08-seed200008-v2
[257/6120] A-kem512-fixed-prr0p90-rep09-seed200009-v1
[258/6120] A-kem512-fixed-prr0p90-rep09-seed200009-v2
[259/6120] A-kem512-fixed-prr0p90-rep10-seed200010-v1
[260/6120] A-kem512-fixed-prr0p90-rep10-seed200010-v2
[261/6120] A-kem512-fixed-prr0p90-rep11-seed200011-v1
[262/6120] A-kem512-fixed-prr0p90-rep11-seed200011-v2
[263/6120] A-kem512-fixed-prr0p90-rep12-seed200012-v1
[264/6120] A-kem512-fixed-prr0p90-rep12-seed200012-v2
[265/6120] A-kem512-fixed-prr0p90-rep13-seed200013-v1
[266/6120] A-kem512-fixed-prr0p90-rep13-seed200013-v2
[267/6120] A-kem512-fixed-prr0p90-rep14-seed200014-v1
[268/6120] A-kem512-fixed-prr0p90-rep14-seed200014-v2
[269/6120] A-kem512-fixed-prr0p90-rep15-seed200015-v1
[270/6120] A-kem512-fixed-prr0p90-rep15-seed200015-v2
[271/6120] A-kem512-fixed-prr0p90-rep16-seed200016-v1
[272/6120] A-kem512-fixed-prr0p90-rep16-seed200016-v2
[273/6120] A-kem512-fixed-prr0p90-rep17-seed200017-v1
[274/6120] A-kem512-fixed-prr0p90-rep17-seed200017-v2
[275/6120] A-kem512-fixed-prr0p90-rep18-seed200018-v1
[276/6120] A-kem512-fixed-prr0p90-rep18-seed200018-v2
[277/6120] A-kem512-fixed-prr0p90-rep19-seed200019-v1
[278/6120] A-kem512-fixed-prr0p90-rep19-seed200019-v2
[279/6120] A-kem512-fixed-prr0p90-rep20-seed200020-v1
[280/6120] A-kem512-fixed-prr0p90-rep20-seed200020-v2
[281/6120] A-kem512-fixed-prr0p90-rep21-seed200021-v1
[282/6120] A-kem512-fixed-prr0p90-rep21-seed200021-v2
[283/6120] A-kem512-fixed-prr0p90-rep22-seed200022-v1
[284/6120] A-kem512-fixed-prr0p90-rep22-seed200022-v2
[285/6120] A-kem512-fixed-prr0p90-rep23-seed200023-v1
[286/6120] A-kem512-fixed-prr0p90-rep23-seed200023-v2
[287/6120] A-kem512-fixed-prr0p90-rep24-seed200024-v1
[288/6120] A-kem512-fixed-prr0p90-rep24-seed200024-v2
[289/6120] A-kem512-fixed-prr0p90-rep25-seed200025-v1
[290/6120] A-kem512-fixed-prr0p90-rep25-seed200025-v2
[291/6120] A-kem512-fixed-prr0p90-rep26-seed200026-v1
[292/6120] A-kem512-fixed-prr0p90-rep26-seed200026-v2
[293/6120] A-kem512-fixed-prr0p90-rep27-seed200027-v1
[294/6120] A-kem512-fixed-prr0p90-rep27-seed200027-v2
[295/6120] A-kem512-fixed-prr0p90-rep28-seed200028-v1
[296/6120] A-kem512-fixed-prr0p90-rep28-seed200028-v2
[297/6120] A-kem512-fixed-prr0p90-rep29-seed200029-v1
[298/6120] A-kem512-fixed-prr0p90-rep29-seed200029-v2
[299/6120] A-kem512-fixed-prr0p90-rep30-seed200030-v1
[300/6120] A-kem512-fixed-prr0p90-rep30-seed200030-v2
[301/6120] B-kem512-fixed-prr0p90-loss1-rep01-seed200001-v3
[302/6120] B-kem512-fixed-prr0p90-loss1-rep01-seed200001-v4
[303/6120] B-kem512-fixed-prr0p90-loss1-rep02-seed200002-v3
[304/6120] B-kem512-fixed-prr0p90-loss1-rep02-seed200002-v4
[305/6120] B-kem512-fixed-prr0p90-loss1-rep03-seed200003-v3
[306/6120] B-kem512-fixed-prr0p90-loss1-rep03-seed200003-v4
[307/6120] B-kem512-fixed-prr0p90-loss1-rep04-seed200004-v3
[308/6120] B-kem512-fixed-prr0p90-loss1-rep04-seed200004-v4
[309/6120] B-kem512-fixed-prr0p90-loss1-rep05-seed200005-v3
[310/6120] B-kem512-fixed-prr0p90-loss1-rep05-seed200005-v4
[311/6120] B-kem512-fixed-prr0p90-loss1-rep06-seed200006-v3
[312/6120] B-kem512-fixed-prr0p90-loss1-rep06-seed200006-v4
[313/6120] B-kem512-fixed-prr0p90-loss1-rep07-seed200007-v3
[314/6120] B-kem512-fixed-prr0p90-loss1-rep07-seed200007-v4
[315/6120] B-kem512-fixed-prr0p90-loss1-rep08-seed200008-v3
[316/6120] B-kem512-fixed-prr0p90-loss1-rep08-seed200008-v4
[317/6120] B-kem512-fixed-prr0p90-loss1-rep09-seed200009-v3
[318/6120] B-kem512-fixed-prr0p90-loss1-rep09-seed200009-v4
[319/6120] B-kem512-fixed-prr0p90-loss1-rep10-seed200010-v3
[320/6120] B-kem512-fixed-prr0p90-loss1-rep10-seed200010-v4
[321/6120] B-kem512-fixed-prr0p90-loss1-rep11-seed200011-v3
[322/6120] B-kem512-fixed-prr0p90-loss1-rep11-seed200011-v4
[323/6120] B-kem512-fixed-prr0p90-loss1-rep12-seed200012-v3
[324/6120] B-kem512-fixed-prr0p90-loss1-rep12-seed200012-v4
[325/6120] B-kem512-fixed-prr0p90-loss1-rep13-seed200013-v3
[326/6120] B-kem512-fixed-prr0p90-loss1-rep13-seed200013-v4
[327/6120] B-kem512-fixed-prr0p90-loss1-rep14-seed200014-v3
[328/6120] B-kem512-fixed-prr0p90-loss1-rep14-seed200014-v4
[329/6120] B-kem512-fixed-prr0p90-loss1-rep15-seed200015-v3
[330/6120] B-kem512-fixed-prr0p90-loss1-rep15-seed200015-v4
[331/6120] B-kem512-fixed-prr0p90-loss1-rep16-seed200016-v3
[332/6120] B-kem512-fixed-prr0p90-loss1-rep16-seed200016-v4
[333/6120] B-kem512-fixed-prr0p90-loss1-rep17-seed200017-v3
[334/6120] B-kem512-fixed-prr0p90-loss1-rep17-seed200017-v4
[335/6120] B-kem512-fixed-prr0p90-loss1-rep18-seed200018-v3
[336/6120] B-kem512-fixed-prr0p90-loss1-rep18-seed200018-v4
[337/6120] B-kem512-fixed-prr0p90-loss1-rep19-seed200019-v3
[338/6120] B-kem512-fixed-prr0p90-loss1-rep19-seed200019-v4
[339/6120] B-kem512-fixed-prr0p90-loss1-rep20-seed200020-v3
[340/6120] B-kem512-fixed-prr0p90-loss1-rep20-seed200020-v4
[341/6120] B-kem512-fixed-prr0p90-loss1-rep21-seed200021-v3
[342/6120] B-kem512-fixed-prr0p90-loss1-rep21-seed200021-v4
[343/6120] B-kem512-fixed-prr0p90-loss1-rep22-seed200022-v3
[344/6120] B-kem512-fixed-prr0p90-loss1-rep22-seed200022-v4
[345/6120] B-kem512-fixed-prr0p90-loss1-rep23-seed200023-v3
[346/6120] B-kem512-fixed-prr0p90-loss1-rep23-seed200023-v4
[347/6120] B-kem512-fixed-prr0p90-loss1-rep24-seed200024-v3
[348/6120] B-kem512-fixed-prr0p90-loss1-rep24-seed200024-v4
[349/6120] B-kem512-fixed-prr0p90-loss1-rep25-seed200025-v3
[350/6120] B-kem512-fixed-prr0p90-loss1-rep25-seed200025-v4
[351/6120] B-kem512-fixed-prr0p90-loss1-rep26-seed200026-v3
[352/6120] B-kem512-fixed-prr0p90-loss1-rep26-seed200026-v4
[353/6120] B-kem512-fixed-prr0p90-loss1-rep27-seed200027-v3
[354/6120] B-kem512-fixed-prr0p90-loss1-rep27-seed200027-v4
[355/6120] B-kem512-fixed-prr0p90-loss1-rep28-seed200028-v3
[356/6120] B-kem512-fixed-prr0p90-loss1-rep28-seed200028-v4
[357/6120] B-kem512-fixed-prr0p90-loss1-rep29-seed200029-v3
[358/6120] B-kem512-fixed-prr0p90-loss1-rep29-seed200029-v4
[359/6120] B-kem512-fixed-prr0p90-loss1-rep30-seed200030-v3
[360/6120] B-kem512-fixed-prr0p90-loss1-rep30-seed200030-v4
[361/6120] A-kem512-fixed-prr0p85-rep01-seed200001-v1
[362/6120] A-kem512-fixed-prr0p85-rep01-seed200001-v2
[363/6120] A-kem512-fixed-prr0p85-rep02-seed200002-v1
[364/6120] A-kem512-fixed-prr0p85-rep02-seed200002-v2
[365/6120] A-kem512-fixed-prr0p85-rep03-seed200003-v1
[366/6120] A-kem512-fixed-prr0p85-rep03-seed200003-v2
[367/6120] A-kem512-fixed-prr0p85-rep04-seed200004-v1
[368/6120] A-kem512-fixed-prr0p85-rep04-seed200004-v2
[369/6120] A-kem512-fixed-prr0p85-rep05-seed200005-v1
[370/6120] A-kem512-fixed-prr0p85-rep05-seed200005-v2
[371/6120] A-kem512-fixed-prr0p85-rep06-seed200006-v1
[372/6120] A-kem512-fixed-prr0p85-rep06-seed200006-v2
[373/6120] A-kem512-fixed-prr0p85-rep07-seed200007-v1
[374/6120] A-kem512-fixed-prr0p85-rep07-seed200007-v2
[375/6120] A-kem512-fixed-prr0p85-rep08-seed200008-v1
[376/6120] A-kem512-fixed-prr0p85-rep08-seed200008-v2
[377/6120] A-kem512-fixed-prr0p85-rep09-seed200009-v1
[378/6120] A-kem512-fixed-prr0p85-rep09-seed200009-v2
[379/6120] A-kem512-fixed-prr0p85-rep10-seed200010-v1
[380/6120] A-kem512-fixed-prr0p85-rep10-seed200010-v2
[381/6120] A-kem512-fixed-prr0p85-rep11-seed200011-v1
[382/6120] A-kem512-fixed-prr0p85-rep11-seed200011-v2
[383/6120] A-kem512-fixed-prr0p85-rep12-seed200012-v1
[384/6120] A-kem512-fixed-prr0p85-rep12-seed200012-v2
[385/6120] A-kem512-fixed-prr0p85-rep13-seed200013-v1
[386/6120] A-kem512-fixed-prr0p85-rep13-seed200013-v2
[387/6120] A-kem512-fixed-prr0p85-rep14-seed200014-v1
[388/6120] A-kem512-fixed-prr0p85-rep14-seed200014-v2
[389/6120] A-kem512-fixed-prr0p85-rep15-seed200015-v1
[390/6120] A-kem512-fixed-prr0p85-rep15-seed200015-v2
[391/6120] A-kem512-fixed-prr0p85-rep16-seed200016-v1
[392/6120] A-kem512-fixed-prr0p85-rep16-seed200016-v2
[393/6120] A-kem512-fixed-prr0p85-rep17-seed200017-v1
[394/6120] A-kem512-fixed-prr0p85-rep17-seed200017-v2
[395/6120] A-kem512-fixed-prr0p85-rep18-seed200018-v1
[396/6120] A-kem512-fixed-prr0p85-rep18-seed200018-v2
[397/6120] A-kem512-fixed-prr0p85-rep19-seed200019-v1
[398/6120] A-kem512-fixed-prr0p85-rep19-seed200019-v2
[399/6120] A-kem512-fixed-prr0p85-rep20-seed200020-v1
[400/6120] A-kem512-fixed-prr0p85-rep20-seed200020-v2
[401/6120] A-kem512-fixed-prr0p85-rep21-seed200021-v1
[402/6120] A-kem512-fixed-prr0p85-rep21-seed200021-v2
[403/6120] A-kem512-fixed-prr0p85-rep22-seed200022-v1
[404/6120] A-kem512-fixed-prr0p85-rep22-seed200022-v2
[405/6120] A-kem512-fixed-prr0p85-rep23-seed200023-v1
[406/6120] A-kem512-fixed-prr0p85-rep23-seed200023-v2
[407/6120] A-kem512-fixed-prr0p85-rep24-seed200024-v1
[408/6120] A-kem512-fixed-prr0p85-rep24-seed200024-v2
[409/6120] A-kem512-fixed-prr0p85-rep25-seed200025-v1
[410/6120] A-kem512-fixed-prr0p85-rep25-seed200025-v2
[411/6120] A-kem512-fixed-prr0p85-rep26-seed200026-v1
[412/6120] A-kem512-fixed-prr0p85-rep26-seed200026-v2
[413/6120] A-kem512-fixed-prr0p85-rep27-seed200027-v1
[414/6120] A-kem512-fixed-prr0p85-rep27-seed200027-v2
[415/6120] A-kem512-fixed-prr0p85-rep28-seed200028-v1
[416/6120] A-kem512-fixed-prr0p85-rep28-seed200028-v2
[417/6120] A-kem512-fixed-prr0p85-rep29-seed200029-v1
[418/6120] A-kem512-fixed-prr0p85-rep29-seed200029-v2
[419/6120] A-kem512-fixed-prr0p85-rep30-seed200030-v1
[420/6120] A-kem512-fixed-prr0p85-rep30-seed200030-v2
[421/6120] B-kem512-fixed-prr0p85-loss1-rep01-seed200001-v3
[422/6120] B-kem512-fixed-prr0p85-loss1-rep01-seed200001-v4
[423/6120] B-kem512-fixed-prr0p85-loss1-rep02-seed200002-v3
[424/6120] B-kem512-fixed-prr0p85-loss1-rep02-seed200002-v4
[425/6120] B-kem512-fixed-prr0p85-loss1-rep03-seed200003-v3
[426/6120] B-kem512-fixed-prr0p85-loss1-rep03-seed200003-v4
[427/6120] B-kem512-fixed-prr0p85-loss1-rep04-seed200004-v3
[428/6120] B-kem512-fixed-prr0p85-loss1-rep04-seed200004-v4
[429/6120] B-kem512-fixed-prr0p85-loss1-rep05-seed200005-v3
[430/6120] B-kem512-fixed-prr0p85-loss1-rep05-seed200005-v4
[431/6120] B-kem512-fixed-prr0p85-loss1-rep06-seed200006-v3
[432/6120] B-kem512-fixed-prr0p85-loss1-rep06-seed200006-v4
[433/6120] B-kem512-fixed-prr0p85-loss1-rep07-seed200007-v3
[434/6120] B-kem512-fixed-prr0p85-loss1-rep07-seed200007-v4
[435/6120] B-kem512-fixed-prr0p85-loss1-rep08-seed200008-v3
[436/6120] B-kem512-fixed-prr0p85-loss1-rep08-seed200008-v4
[437/6120] B-kem512-fixed-prr0p85-loss1-rep09-seed200009-v3
[438/6120] B-kem512-fixed-prr0p85-loss1-rep09-seed200009-v4
[439/6120] B-kem512-fixed-prr0p85-loss1-rep10-seed200010-v3
[440/6120] B-kem512-fixed-prr0p85-loss1-rep10-seed200010-v4
[441/6120] B-kem512-fixed-prr0p85-loss1-rep11-seed200011-v3
[442/6120] B-kem512-fixed-prr0p85-loss1-rep11-seed200011-v4
[443/6120] B-kem512-fixed-prr0p85-loss1-rep12-seed200012-v3
[444/6120] B-kem512-fixed-prr0p85-loss1-rep12-seed200012-v4
[445/6120] B-kem512-fixed-prr0p85-loss1-rep13-seed200013-v3
[446/6120] B-kem512-fixed-prr0p85-loss1-rep13-seed200013-v4
[447/6120] B-kem512-fixed-prr0p85-loss1-rep14-seed200014-v3
[448/6120] B-kem512-fixed-prr0p85-loss1-rep14-seed200014-v4
[449/6120] B-kem512-fixed-prr0p85-loss1-rep15-seed200015-v3
[450/6120] B-kem512-fixed-prr0p85-loss1-rep15-seed200015-v4
[451/6120] B-kem512-fixed-prr0p85-loss1-rep16-seed200016-v3
[452/6120] B-kem512-fixed-prr0p85-loss1-rep16-seed200016-v4
[453/6120] B-kem512-fixed-prr0p85-loss1-rep17-seed200017-v3
[454/6120] B-kem512-fixed-prr0p85-loss1-rep17-seed200017-v4
[455/6120] B-kem512-fixed-prr0p85-loss1-rep18-seed200018-v3
[456/6120] B-kem512-fixed-prr0p85-loss1-rep18-seed200018-v4
[457/6120] B-kem512-fixed-prr0p85-loss1-rep19-seed200019-v3
[458/6120] B-kem512-fixed-prr0p85-loss1-rep19-seed200019-v4
[459/6120] B-kem512-fixed-prr0p85-loss1-rep20-seed200020-v3
[460/6120] B-kem512-fixed-prr0p85-loss1-rep20-seed200020-v4
[461/6120] B-kem512-fixed-prr0p85-loss1-rep21-seed200021-v3
[462/6120] B-kem512-fixed-prr0p85-loss1-rep21-seed200021-v4
[463/6120] B-kem512-fixed-prr0p85-loss1-rep22-seed200022-v3
[464/6120] B-kem512-fixed-prr0p85-loss1-rep22-seed200022-v4
[465/6120] B-kem512-fixed-prr0p85-loss1-rep23-seed200023-v3
[466/6120] B-kem512-fixed-prr0p85-loss1-rep23-seed200023-v4
[467/6120] B-kem512-fixed-prr0p85-loss1-rep24-seed200024-v3
[468/6120] B-kem512-fixed-prr0p85-loss1-rep24-seed200024-v4
[469/6120] B-kem512-fixed-prr0p85-loss1-rep25-seed200025-v3
[470/6120] B-kem512-fixed-prr0p85-loss1-rep25-seed200025-v4
[471/6120] B-kem512-fixed-prr0p85-loss1-rep26-seed200026-v3
[472/6120] B-kem512-fixed-prr0p85-loss1-rep26-seed200026-v4
[473/6120] B-kem512-fixed-prr0p85-loss1-rep27-seed200027-v3
[474/6120] B-kem512-fixed-prr0p85-loss1-rep27-seed200027-v4
[475/6120] B-kem512-fixed-prr0p85-loss1-rep28-seed200028-v3
[476/6120] B-kem512-fixed-prr0p85-loss1-rep28-seed200028-v4
[477/6120] B-kem512-fixed-prr0p85-loss1-rep29-seed200029-v3
[478/6120] B-kem512-fixed-prr0p85-loss1-rep29-seed200029-v4
[479/6120] B-kem512-fixed-prr0p85-loss1-rep30-seed200030-v3
[480/6120] B-kem512-fixed-prr0p85-loss1-rep30-seed200030-v4
[481/6120] A-kem512-fixed-prr0p50-rep01-seed200001-v1
[482/6120] A-kem512-fixed-prr0p50-rep01-seed200001-v2
[483/6120] A-kem512-fixed-prr0p50-rep02-seed200002-v1
[484/6120] A-kem512-fixed-prr0p50-rep02-seed200002-v2
[485/6120] A-kem512-fixed-prr0p50-rep03-seed200003-v1
[486/6120] A-kem512-fixed-prr0p50-rep03-seed200003-v2
[487/6120] A-kem512-fixed-prr0p50-rep04-seed200004-v1
[488/6120] A-kem512-fixed-prr0p50-rep04-seed200004-v2
[489/6120] A-kem512-fixed-prr0p50-rep05-seed200005-v1
[490/6120] A-kem512-fixed-prr0p50-rep05-seed200005-v2
[491/6120] A-kem512-fixed-prr0p50-rep06-seed200006-v1
[492/6120] A-kem512-fixed-prr0p50-rep06-seed200006-v2
[493/6120] A-kem512-fixed-prr0p50-rep07-seed200007-v1
[494/6120] A-kem512-fixed-prr0p50-rep07-seed200007-v2
[495/6120] A-kem512-fixed-prr0p50-rep08-seed200008-v1
[496/6120] A-kem512-fixed-prr0p50-rep08-seed200008-v2
[497/6120] A-kem512-fixed-prr0p50-rep09-seed200009-v1
[498/6120] A-kem512-fixed-prr0p50-rep09-seed200009-v2
[499/6120] A-kem512-fixed-prr0p50-rep10-seed200010-v1
[500/6120] A-kem512-fixed-prr0p50-rep10-seed200010-v2
[501/6120] A-kem512-fixed-prr0p50-rep11-seed200011-v1
[502/6120] A-kem512-fixed-prr0p50-rep11-seed200011-v2
[503/6120] A-kem512-fixed-prr0p50-rep12-seed200012-v1
[504/6120] A-kem512-fixed-prr0p50-rep12-seed200012-v2
[505/6120] A-kem512-fixed-prr0p50-rep13-seed200013-v1
[506/6120] A-kem512-fixed-prr0p50-rep13-seed200013-v2
[507/6120] A-kem512-fixed-prr0p50-rep14-seed200014-v1
[508/6120] A-kem512-fixed-prr0p50-rep14-seed200014-v2
[509/6120] A-kem512-fixed-prr0p50-rep15-seed200015-v1
[510/6120] A-kem512-fixed-prr0p50-rep15-seed200015-v2
[511/6120] A-kem512-fixed-prr0p50-rep16-seed200016-v1
[512/6120] A-kem512-fixed-prr0p50-rep16-seed200016-v2
[513/6120] A-kem512-fixed-prr0p50-rep17-seed200017-v1
[514/6120] A-kem512-fixed-prr0p50-rep17-seed200017-v2
[515/6120] A-kem512-fixed-prr0p50-rep18-seed200018-v1
[516/6120] A-kem512-fixed-prr0p50-rep18-seed200018-v2
[517/6120] A-kem512-fixed-prr0p50-rep19-seed200019-v1
[518/6120] A-kem512-fixed-prr0p50-rep19-seed200019-v2
[519/6120] A-kem512-fixed-prr0p50-rep20-seed200020-v1
[520/6120] A-kem512-fixed-prr0p50-rep20-seed200020-v2
[521/6120] A-kem512-fixed-prr0p50-rep21-seed200021-v1
[522/6120] A-kem512-fixed-prr0p50-rep21-seed200021-v2
[523/6120] A-kem512-fixed-prr0p50-rep22-seed200022-v1
[524/6120] A-kem512-fixed-prr0p50-rep22-seed200022-v2
[525/6120] A-kem512-fixed-prr0p50-rep23-seed200023-v1
[526/6120] A-kem512-fixed-prr0p50-rep23-seed200023-v2
[527/6120] A-kem512-fixed-prr0p50-rep24-seed200024-v1
[528/6120] A-kem512-fixed-prr0p50-rep24-seed200024-v2
[529/6120] A-kem512-fixed-prr0p50-rep25-seed200025-v1
[530/6120] A-kem512-fixed-prr0p50-rep25-seed200025-v2
[531/6120] A-kem512-fixed-prr0p50-rep26-seed200026-v1
[532/6120] A-kem512-fixed-prr0p50-rep26-seed200026-v2
[533/6120] A-kem512-fixed-prr0p50-rep27-seed200027-v1
[534/6120] A-kem512-fixed-prr0p50-rep27-seed200027-v2
[535/6120] A-kem512-fixed-prr0p50-rep28-seed200028-v1
[536/6120] A-kem512-fixed-prr0p50-rep28-seed200028-v2
[537/6120] A-kem512-fixed-prr0p50-rep29-seed200029-v1
[538/6120] A-kem512-fixed-prr0p50-rep29-seed200029-v2
[539/6120] A-kem512-fixed-prr0p50-rep30-seed200030-v1
[540/6120] A-kem512-fixed-prr0p50-rep30-seed200030-v2
[541/6120] B-kem512-fixed-prr0p50-loss1-rep01-seed200001-v3
[542/6120] B-kem512-fixed-prr0p50-loss1-rep01-seed200001-v4
[543/6120] B-kem512-fixed-prr0p50-loss1-rep02-seed200002-v3
[544/6120] B-kem512-fixed-prr0p50-loss1-rep02-seed200002-v4
[545/6120] B-kem512-fixed-prr0p50-loss1-rep03-seed200003-v3
[546/6120] B-kem512-fixed-prr0p50-loss1-rep03-seed200003-v4
[547/6120] B-kem512-fixed-prr0p50-loss1-rep04-seed200004-v3
[548/6120] B-kem512-fixed-prr0p50-loss1-rep04-seed200004-v4
[549/6120] B-kem512-fixed-prr0p50-loss1-rep05-seed200005-v3
[550/6120] B-kem512-fixed-prr0p50-loss1-rep05-seed200005-v4
[551/6120] B-kem512-fixed-prr0p50-loss1-rep06-seed200006-v3
[552/6120] B-kem512-fixed-prr0p50-loss1-rep06-seed200006-v4
[553/6120] B-kem512-fixed-prr0p50-loss1-rep07-seed200007-v3
[554/6120] B-kem512-fixed-prr0p50-loss1-rep07-seed200007-v4
[555/6120] B-kem512-fixed-prr0p50-loss1-rep08-seed200008-v3
[556/6120] B-kem512-fixed-prr0p50-loss1-rep08-seed200008-v4
[557/6120] B-kem512-fixed-prr0p50-loss1-rep09-seed200009-v3
[558/6120] B-kem512-fixed-prr0p50-loss1-rep09-seed200009-v4
[559/6120] B-kem512-fixed-prr0p50-loss1-rep10-seed200010-v3
[560/6120] B-kem512-fixed-prr0p50-loss1-rep10-seed200010-v4
[561/6120] B-kem512-fixed-prr0p50-loss1-rep11-seed200011-v3
[562/6120] B-kem512-fixed-prr0p50-loss1-rep11-seed200011-v4
[563/6120] B-kem512-fixed-prr0p50-loss1-rep12-seed200012-v3
[564/6120] B-kem512-fixed-prr0p50-loss1-rep12-seed200012-v4
[565/6120] B-kem512-fixed-prr0p50-loss1-rep13-seed200013-v3
[566/6120] B-kem512-fixed-prr0p50-loss1-rep13-seed200013-v4
[567/6120] B-kem512-fixed-prr0p50-loss1-rep14-seed200014-v3
[568/6120] B-kem512-fixed-prr0p50-loss1-rep14-seed200014-v4
[569/6120] B-kem512-fixed-prr0p50-loss1-rep15-seed200015-v3
[570/6120] B-kem512-fixed-prr0p50-loss1-rep15-seed200015-v4
[571/6120] B-kem512-fixed-prr0p50-loss1-rep16-seed200016-v3
[572/6120] B-kem512-fixed-prr0p50-loss1-rep16-seed200016-v4
[573/6120] B-kem512-fixed-prr0p50-loss1-rep17-seed200017-v3
[574/6120] B-kem512-fixed-prr0p50-loss1-rep17-seed200017-v4
[575/6120] B-kem512-fixed-prr0p50-loss1-rep18-seed200018-v3
[576/6120] B-kem512-fixed-prr0p50-loss1-rep18-seed200018-v4
[577/6120] B-kem512-fixed-prr0p50-loss1-rep19-seed200019-v3
[578/6120] B-kem512-fixed-prr0p50-loss1-rep19-seed200019-v4
[579/6120] B-kem512-fixed-prr0p50-loss1-rep20-seed200020-v3
[580/6120] B-kem512-fixed-prr0p50-loss1-rep20-seed200020-v4
[581/6120] B-kem512-fixed-prr0p50-loss1-rep21-seed200021-v3
[582/6120] B-kem512-fixed-prr0p50-loss1-rep21-seed200021-v4
[583/6120] B-kem512-fixed-prr0p50-loss1-rep22-seed200022-v3
[584/6120] B-kem512-fixed-prr0p50-loss1-rep22-seed200022-v4
[585/6120] B-kem512-fixed-prr0p50-loss1-rep23-seed200023-v3
[586/6120] B-kem512-fixed-prr0p50-loss1-rep23-seed200023-v4
[587/6120] B-kem512-fixed-prr0p50-loss1-rep24-seed200024-v3
[588/6120] B-kem512-fixed-prr0p50-loss1-rep24-seed200024-v4
[589/6120] B-kem512-fixed-prr0p50-loss1-rep25-seed200025-v3
[590/6120] B-kem512-fixed-prr0p50-loss1-rep25-seed200025-v4
[591/6120] B-kem512-fixed-prr0p50-loss1-rep26-seed200026-v3
[592/6120] B-kem512-fixed-prr0p50-loss1-rep26-seed200026-v4
[593/6120] B-kem512-fixed-prr0p50-loss1-rep27-seed200027-v3
[594/6120] B-kem512-fixed-prr0p50-loss1-rep27-seed200027-v4
[595/6120] B-kem512-fixed-prr0p50-loss1-rep28-seed200028-v3
[596/6120] B-kem512-fixed-prr0p50-loss1-rep28-seed200028-v4
[597/6120] B-kem512-fixed-prr0p50-loss1-rep29-seed200029-v3
[598/6120] B-kem512-fixed-prr0p50-loss1-rep29-seed200029-v4
[599/6120] B-kem512-fixed-prr0p50-loss1-rep30-seed200030-v3
[600/6120] B-kem512-fixed-prr0p50-loss1-rep30-seed200030-v4
[601/6120] A-kem512-gilbert-prr0p95-L2-rep01-seed200001-v1
[602/6120] A-kem512-gilbert-prr0p95-L2-rep01-seed200001-v2
[603/6120] A-kem512-gilbert-prr0p95-L2-rep02-seed200002-v1
[604/6120] A-kem512-gilbert-prr0p95-L2-rep02-seed200002-v2
[605/6120] A-kem512-gilbert-prr0p95-L2-rep03-seed200003-v1
[606/6120] A-kem512-gilbert-prr0p95-L2-rep03-seed200003-v2
[607/6120] A-kem512-gilbert-prr0p95-L2-rep04-seed200004-v1
[608/6120] A-kem512-gilbert-prr0p95-L2-rep04-seed200004-v2
[609/6120] A-kem512-gilbert-prr0p95-L2-rep05-seed200005-v1
[610/6120] A-kem512-gilbert-prr0p95-L2-rep05-seed200005-v2
[611/6120] A-kem512-gilbert-prr0p95-L2-rep06-seed200006-v1
[612/6120] A-kem512-gilbert-prr0p95-L2-rep06-seed200006-v2
[613/6120] A-kem512-gilbert-prr0p95-L2-rep07-seed200007-v1
[614/6120] A-kem512-gilbert-prr0p95-L2-rep07-seed200007-v2
[615/6120] A-kem512-gilbert-prr0p95-L2-rep08-seed200008-v1
[616/6120] A-kem512-gilbert-prr0p95-L2-rep08-seed200008-v2
[617/6120] A-kem512-gilbert-prr0p95-L2-rep09-seed200009-v1
[618/6120] A-kem512-gilbert-prr0p95-L2-rep09-seed200009-v2
[619/6120] A-kem512-gilbert-prr0p95-L2-rep10-seed200010-v1
[620/6120] A-kem512-gilbert-prr0p95-L2-rep10-seed200010-v2
[621/6120] A-kem512-gilbert-prr0p95-L2-rep11-seed200011-v1
[622/6120] A-kem512-gilbert-prr0p95-L2-rep11-seed200011-v2
[623/6120] A-kem512-gilbert-prr0p95-L2-rep12-seed200012-v1
[624/6120] A-kem512-gilbert-prr0p95-L2-rep12-seed200012-v2
[625/6120] A-kem512-gilbert-prr0p95-L2-rep13-seed200013-v1
[626/6120] A-kem512-gilbert-prr0p95-L2-rep13-seed200013-v2
[627/6120] A-kem512-gilbert-prr0p95-L2-rep14-seed200014-v1
[628/6120] A-kem512-gilbert-prr0p95-L2-rep14-seed200014-v2
[629/6120] A-kem512-gilbert-prr0p95-L2-rep15-seed200015-v1
[630/6120] A-kem512-gilbert-prr0p95-L2-rep15-seed200015-v2
[631/6120] A-kem512-gilbert-prr0p95-L2-rep16-seed200016-v1
[632/6120] A-kem512-gilbert-prr0p95-L2-rep16-seed200016-v2
[633/6120] A-kem512-gilbert-prr0p95-L2-rep17-seed200017-v1
[634/6120] A-kem512-gilbert-prr0p95-L2-rep17-seed200017-v2
[635/6120] A-kem512-gilbert-prr0p95-L2-rep18-seed200018-v1
[636/6120] A-kem512-gilbert-prr0p95-L2-rep18-seed200018-v2
[637/6120] A-kem512-gilbert-prr0p95-L2-rep19-seed200019-v1
[638/6120] A-kem512-gilbert-prr0p95-L2-rep19-seed200019-v2
[639/6120] A-kem512-gilbert-prr0p95-L2-rep20-seed200020-v1
[640/6120] A-kem512-gilbert-prr0p95-L2-rep20-seed200020-v2
[641/6120] A-kem512-gilbert-prr0p95-L2-rep21-seed200021-v1
[642/6120] A-kem512-gilbert-prr0p95-L2-rep21-seed200021-v2
[643/6120] A-kem512-gilbert-prr0p95-L2-rep22-seed200022-v1
[644/6120] A-kem512-gilbert-prr0p95-L2-rep22-seed200022-v2
[645/6120] A-kem512-gilbert-prr0p95-L2-rep23-seed200023-v1
[646/6120] A-kem512-gilbert-prr0p95-L2-rep23-seed200023-v2
[647/6120] A-kem512-gilbert-prr0p95-L2-rep24-seed200024-v1
[648/6120] A-kem512-gilbert-prr0p95-L2-rep24-seed200024-v2
[649/6120] A-kem512-gilbert-prr0p95-L2-rep25-seed200025-v1
[650/6120] A-kem512-gilbert-prr0p95-L2-rep25-seed200025-v2
[651/6120] A-kem512-gilbert-prr0p95-L2-rep26-seed200026-v1
[652/6120] A-kem512-gilbert-prr0p95-L2-rep26-seed200026-v2
[653/6120] A-kem512-gilbert-prr0p95-L2-rep27-seed200027-v1
[654/6120] A-kem512-gilbert-prr0p95-L2-rep27-seed200027-v2
[655/6120] A-kem512-gilbert-prr0p95-L2-rep28-seed200028-v1
[656/6120] A-kem512-gilbert-prr0p95-L2-rep28-seed200028-v2
[657/6120] A-kem512-gilbert-prr0p95-L2-rep29-seed200029-v1
[658/6120] A-kem512-gilbert-prr0p95-L2-rep29-seed200029-v2
[659/6120] A-kem512-gilbert-prr0p95-L2-rep30-seed200030-v1
[660/6120] A-kem512-gilbert-prr0p95-L2-rep30-seed200030-v2
[661/6120] B-kem512-gilbert-prr0p95-L2-loss1-rep01-seed200001-v3
[662/6120] B-kem512-gilbert-prr0p95-L2-loss1-rep01-seed200001-v4
[663/6120] B-kem512-gilbert-prr0p95-L2-loss1-rep02-seed200002-v3
[664/6120] B-kem512-gilbert-prr0p95-L2-loss1-rep02-seed200002-v4
[665/6120] B-kem512-gilbert-prr0p95-L2-loss1-rep03-seed200003-v3
[666/6120] B-kem512-gilbert-prr0p95-L2-loss1-rep03-seed200003-v4
[667/6120] B-kem512-gilbert-prr0p95-L2-loss1-rep04-seed200004-v3
[668/6120] B-kem512-gilbert-prr0p95-L2-loss1-rep04-seed200004-v4
[669/6120] B-kem512-gilbert-prr0p95-L2-loss1-rep05-seed200005-v3
[670/6120] B-kem512-gilbert-prr0p95-L2-loss1-rep05-seed200005-v4
[671/6120] B-kem512-gilbert-prr0p95-L2-loss1-rep06-seed200006-v3
[672/6120] B-kem512-gilbert-prr0p95-L2-loss1-rep06-seed200006-v4
[673/6120] B-kem512-gilbert-prr0p95-L2-loss1-rep07-seed200007-v3
[674/6120] B-kem512-gilbert-prr0p95-L2-loss1-rep07-seed200007-v4
[675/6120] B-kem512-gilbert-prr0p95-L2-loss1-rep08-seed200008-v3
[676/6120] B-kem512-gilbert-prr0p95-L2-loss1-rep08-seed200008-v4
[677/6120] B-kem512-gilbert-prr0p95-L2-loss1-rep09-seed200009-v3
[678/6120] B-kem512-gilbert-prr0p95-L2-loss1-rep09-seed200009-v4
[679/6120] B-kem512-gilbert-prr0p95-L2-loss1-rep10-seed200010-v3
[680/6120] B-kem512-gilbert-prr0p95-L2-loss1-rep10-seed200010-v4
[681/6120] B-kem512-gilbert-prr0p95-L2-loss1-rep11-seed200011-v3
[682/6120] B-kem512-gilbert-prr0p95-L2-loss1-rep11-seed200011-v4
[683/6120] B-kem512-gilbert-prr0p95-L2-loss1-rep12-seed200012-v3
[684/6120] B-kem512-gilbert-prr0p95-L2-loss1-rep12-seed200012-v4
[685/6120] B-kem512-gilbert-prr0p95-L2-loss1-rep13-seed200013-v3
[686/6120] B-kem512-gilbert-prr0p95-L2-loss1-rep13-seed200013-v4
[687/6120] B-kem512-gilbert-prr0p95-L2-loss1-rep14-seed200014-v3
[688/6120] B-kem512-gilbert-prr0p95-L2-loss1-rep14-seed200014-v4
[689/6120] B-kem512-gilbert-prr0p95-L2-loss1-rep15-seed200015-v3
[690/6120] B-kem512-gilbert-prr0p95-L2-loss1-rep15-seed200015-v4
[691/6120] B-kem512-gilbert-prr0p95-L2-loss1-rep16-seed200016-v3
[692/6120] B-kem512-gilbert-prr0p95-L2-loss1-rep16-seed200016-v4
[693/6120] B-kem512-gilbert-prr0p95-L2-loss1-rep17-seed200017-v3
[694/6120] B-kem512-gilbert-prr0p95-L2-loss1-rep17-seed200017-v4
[695/6120] B-kem512-gilbert-prr0p95-L2-loss1-rep18-seed200018-v3
[696/6120] B-kem512-gilbert-prr0p95-L2-loss1-rep18-seed200018-v4
[697/6120] B-kem512-gilbert-prr0p95-L2-loss1-rep19-seed200019-v3
[698/6120] B-kem512-gilbert-prr0p95-L2-loss1-rep19-seed200019-v4
[699/6120] B-kem512-gilbert-prr0p95-L2-loss1-rep20-seed200020-v3
[700/6120] B-kem512-gilbert-prr0p95-L2-loss1-rep20-seed200020-v4
[701/6120] B-kem512-gilbert-prr0p95-L2-loss1-rep21-seed200021-v3
[702/6120] B-kem512-gilbert-prr0p95-L2-loss1-rep21-seed200021-v4
[703/6120] B-kem512-gilbert-prr0p95-L2-loss1-rep22-seed200022-v3
[704/6120] B-kem512-gilbert-prr0p95-L2-loss1-rep22-seed200022-v4
[705/6120] B-kem512-gilbert-prr0p95-L2-loss1-rep23-seed200023-v3
[706/6120] B-kem512-gilbert-prr0p95-L2-loss1-rep23-seed200023-v4
[707/6120] B-kem512-gilbert-prr0p95-L2-loss1-rep24-seed200024-v3
[708/6120] B-kem512-gilbert-prr0p95-L2-loss1-rep24-seed200024-v4
[709/6120] B-kem512-gilbert-prr0p95-L2-loss1-rep25-seed200025-v3
[710/6120] B-kem512-gilbert-prr0p95-L2-loss1-rep25-seed200025-v4
[711/6120] B-kem512-gilbert-prr0p95-L2-loss1-rep26-seed200026-v3
[712/6120] B-kem512-gilbert-prr0p95-L2-loss1-rep26-seed200026-v4
[713/6120] B-kem512-gilbert-prr0p95-L2-loss1-rep27-seed200027-v3
[714/6120] B-kem512-gilbert-prr0p95-L2-loss1-rep27-seed200027-v4
[715/6120] B-kem512-gilbert-prr0p95-L2-loss1-rep28-seed200028-v3
[716/6120] B-kem512-gilbert-prr0p95-L2-loss1-rep28-seed200028-v4
[717/6120] B-kem512-gilbert-prr0p95-L2-loss1-rep29-seed200029-v3
[718/6120] B-kem512-gilbert-prr0p95-L2-loss1-rep29-seed200029-v4
[719/6120] B-kem512-gilbert-prr0p95-L2-loss1-rep30-seed200030-v3
[720/6120] B-kem512-gilbert-prr0p95-L2-loss1-rep30-seed200030-v4
[721/6120] A-kem512-gilbert-prr0p95-L5-rep01-seed200001-v1
[722/6120] A-kem512-gilbert-prr0p95-L5-rep01-seed200001-v2
[723/6120] A-kem512-gilbert-prr0p95-L5-rep02-seed200002-v1
[724/6120] A-kem512-gilbert-prr0p95-L5-rep02-seed200002-v2
[725/6120] A-kem512-gilbert-prr0p95-L5-rep03-seed200003-v1
[726/6120] A-kem512-gilbert-prr0p95-L5-rep03-seed200003-v2
[727/6120] A-kem512-gilbert-prr0p95-L5-rep04-seed200004-v1
[728/6120] A-kem512-gilbert-prr0p95-L5-rep04-seed200004-v2
[729/6120] A-kem512-gilbert-prr0p95-L5-rep05-seed200005-v1
[730/6120] A-kem512-gilbert-prr0p95-L5-rep05-seed200005-v2
[731/6120] A-kem512-gilbert-prr0p95-L5-rep06-seed200006-v1
[732/6120] A-kem512-gilbert-prr0p95-L5-rep06-seed200006-v2
[733/6120] A-kem512-gilbert-prr0p95-L5-rep07-seed200007-v1
[734/6120] A-kem512-gilbert-prr0p95-L5-rep07-seed200007-v2
[735/6120] A-kem512-gilbert-prr0p95-L5-rep08-seed200008-v1
[736/6120] A-kem512-gilbert-prr0p95-L5-rep08-seed200008-v2
[737/6120] A-kem512-gilbert-prr0p95-L5-rep09-seed200009-v1
[738/6120] A-kem512-gilbert-prr0p95-L5-rep09-seed200009-v2
[739/6120] A-kem512-gilbert-prr0p95-L5-rep10-seed200010-v1
[740/6120] A-kem512-gilbert-prr0p95-L5-rep10-seed200010-v2
[741/6120] A-kem512-gilbert-prr0p95-L5-rep11-seed200011-v1
[742/6120] A-kem512-gilbert-prr0p95-L5-rep11-seed200011-v2
[743/6120] A-kem512-gilbert-prr0p95-L5-rep12-seed200012-v1
[744/6120] A-kem512-gilbert-prr0p95-L5-rep12-seed200012-v2
[745/6120] A-kem512-gilbert-prr0p95-L5-rep13-seed200013-v1
[746/6120] A-kem512-gilbert-prr0p95-L5-rep13-seed200013-v2
[747/6120] A-kem512-gilbert-prr0p95-L5-rep14-seed200014-v1
[748/6120] A-kem512-gilbert-prr0p95-L5-rep14-seed200014-v2
[749/6120] A-kem512-gilbert-prr0p95-L5-rep15-seed200015-v1
[750/6120] A-kem512-gilbert-prr0p95-L5-rep15-seed200015-v2
[751/6120] A-kem512-gilbert-prr0p95-L5-rep16-seed200016-v1
[752/6120] A-kem512-gilbert-prr0p95-L5-rep16-seed200016-v2
[753/6120] A-kem512-gilbert-prr0p95-L5-rep17-seed200017-v1
[754/6120] A-kem512-gilbert-prr0p95-L5-rep17-seed200017-v2
[755/6120] A-kem512-gilbert-prr0p95-L5-rep18-seed200018-v1
[756/6120] A-kem512-gilbert-prr0p95-L5-rep18-seed200018-v2
[757/6120] A-kem512-gilbert-prr0p95-L5-rep19-seed200019-v1
[758/6120] A-kem512-gilbert-prr0p95-L5-rep19-seed200019-v2
[759/6120] A-kem512-gilbert-prr0p95-L5-rep20-seed200020-v1
[760/6120] A-kem512-gilbert-prr0p95-L5-rep20-seed200020-v2
[761/6120] A-kem512-gilbert-prr0p95-L5-rep21-seed200021-v1
[762/6120] A-kem512-gilbert-prr0p95-L5-rep21-seed200021-v2
[763/6120] A-kem512-gilbert-prr0p95-L5-rep22-seed200022-v1
[764/6120] A-kem512-gilbert-prr0p95-L5-rep22-seed200022-v2
[765/6120] A-kem512-gilbert-prr0p95-L5-rep23-seed200023-v1
[766/6120] A-kem512-gilbert-prr0p95-L5-rep23-seed200023-v2
[767/6120] A-kem512-gilbert-prr0p95-L5-rep24-seed200024-v1
[768/6120] A-kem512-gilbert-prr0p95-L5-rep24-seed200024-v2
[769/6120] A-kem512-gilbert-prr0p95-L5-rep25-seed200025-v1
[770/6120] A-kem512-gilbert-prr0p95-L5-rep25-seed200025-v2
[771/6120] A-kem512-gilbert-prr0p95-L5-rep26-seed200026-v1
[772/6120] A-kem512-gilbert-prr0p95-L5-rep26-seed200026-v2
[773/6120] A-kem512-gilbert-prr0p95-L5-rep27-seed200027-v1
[774/6120] A-kem512-gilbert-prr0p95-L5-rep27-seed200027-v2
[775/6120] A-kem512-gilbert-prr0p95-L5-rep28-seed200028-v1
[776/6120] A-kem512-gilbert-prr0p95-L5-rep28-seed200028-v2
[777/6120] A-kem512-gilbert-prr0p95-L5-rep29-seed200029-v1
[778/6120] A-kem512-gilbert-prr0p95-L5-rep29-seed200029-v2
[779/6120] A-kem512-gilbert-prr0p95-L5-rep30-seed200030-v1
[780/6120] A-kem512-gilbert-prr0p95-L5-rep30-seed200030-v2
[781/6120] B-kem512-gilbert-prr0p95-L5-loss1-rep01-seed200001-v3
[782/6120] B-kem512-gilbert-prr0p95-L5-loss1-rep01-seed200001-v4
[783/6120] B-kem512-gilbert-prr0p95-L5-loss1-rep02-seed200002-v3
[784/6120] B-kem512-gilbert-prr0p95-L5-loss1-rep02-seed200002-v4
[785/6120] B-kem512-gilbert-prr0p95-L5-loss1-rep03-seed200003-v3
[786/6120] B-kem512-gilbert-prr0p95-L5-loss1-rep03-seed200003-v4
[787/6120] B-kem512-gilbert-prr0p95-L5-loss1-rep04-seed200004-v3
[788/6120] B-kem512-gilbert-prr0p95-L5-loss1-rep04-seed200004-v4
[789/6120] B-kem512-gilbert-prr0p95-L5-loss1-rep05-seed200005-v3
[790/6120] B-kem512-gilbert-prr0p95-L5-loss1-rep05-seed200005-v4
[791/6120] B-kem512-gilbert-prr0p95-L5-loss1-rep06-seed200006-v3
[792/6120] B-kem512-gilbert-prr0p95-L5-loss1-rep06-seed200006-v4
[793/6120] B-kem512-gilbert-prr0p95-L5-loss1-rep07-seed200007-v3
[794/6120] B-kem512-gilbert-prr0p95-L5-loss1-rep07-seed200007-v4
[795/6120] B-kem512-gilbert-prr0p95-L5-loss1-rep08-seed200008-v3
[796/6120] B-kem512-gilbert-prr0p95-L5-loss1-rep08-seed200008-v4
[797/6120] B-kem512-gilbert-prr0p95-L5-loss1-rep09-seed200009-v3
[798/6120] B-kem512-gilbert-prr0p95-L5-loss1-rep09-seed200009-v4
[799/6120] B-kem512-gilbert-prr0p95-L5-loss1-rep10-seed200010-v3
[800/6120] B-kem512-gilbert-prr0p95-L5-loss1-rep10-seed200010-v4
[801/6120] B-kem512-gilbert-prr0p95-L5-loss1-rep11-seed200011-v3
[802/6120] B-kem512-gilbert-prr0p95-L5-loss1-rep11-seed200011-v4
[803/6120] B-kem512-gilbert-prr0p95-L5-loss1-rep12-seed200012-v3
[804/6120] B-kem512-gilbert-prr0p95-L5-loss1-rep12-seed200012-v4
[805/6120] B-kem512-gilbert-prr0p95-L5-loss1-rep13-seed200013-v3
[806/6120] B-kem512-gilbert-prr0p95-L5-loss1-rep13-seed200013-v4
[807/6120] B-kem512-gilbert-prr0p95-L5-loss1-rep14-seed200014-v3
[808/6120] B-kem512-gilbert-prr0p95-L5-loss1-rep14-seed200014-v4
[809/6120] B-kem512-gilbert-prr0p95-L5-loss1-rep15-seed200015-v3
[810/6120] B-kem512-gilbert-prr0p95-L5-loss1-rep15-seed200015-v4
[811/6120] B-kem512-gilbert-prr0p95-L5-loss1-rep16-seed200016-v3
[812/6120] B-kem512-gilbert-prr0p95-L5-loss1-rep16-seed200016-v4
[813/6120] B-kem512-gilbert-prr0p95-L5-loss1-rep17-seed200017-v3
[814/6120] B-kem512-gilbert-prr0p95-L5-loss1-rep17-seed200017-v4
[815/6120] B-kem512-gilbert-prr0p95-L5-loss1-rep18-seed200018-v3
[816/6120] B-kem512-gilbert-prr0p95-L5-loss1-rep18-seed200018-v4
[817/6120] B-kem512-gilbert-prr0p95-L5-loss1-rep19-seed200019-v3
[818/6120] B-kem512-gilbert-prr0p95-L5-loss1-rep19-seed200019-v4
[819/6120] B-kem512-gilbert-prr0p95-L5-loss1-rep20-seed200020-v3
[820/6120] B-kem512-gilbert-prr0p95-L5-loss1-rep20-seed200020-v4
[821/6120] B-kem512-gilbert-prr0p95-L5-loss1-rep21-seed200021-v3
[822/6120] B-kem512-gilbert-prr0p95-L5-loss1-rep21-seed200021-v4
[823/6120] B-kem512-gilbert-prr0p95-L5-loss1-rep22-seed200022-v3
[824/6120] B-kem512-gilbert-prr0p95-L5-loss1-rep22-seed200022-v4
[825/6120] B-kem512-gilbert-prr0p95-L5-loss1-rep23-seed200023-v3
[826/6120] B-kem512-gilbert-prr0p95-L5-loss1-rep23-seed200023-v4
[827/6120] B-kem512-gilbert-prr0p95-L5-loss1-rep24-seed200024-v3
[828/6120] B-kem512-gilbert-prr0p95-L5-loss1-rep24-seed200024-v4
[829/6120] B-kem512-gilbert-prr0p95-L5-loss1-rep25-seed200025-v3
[830/6120] B-kem512-gilbert-prr0p95-L5-loss1-rep25-seed200025-v4
[831/6120] B-kem512-gilbert-prr0p95-L5-loss1-rep26-seed200026-v3
[832/6120] B-kem512-gilbert-prr0p95-L5-loss1-rep26-seed200026-v4
[833/6120] B-kem512-gilbert-prr0p95-L5-loss1-rep27-seed200027-v3
[834/6120] B-kem512-gilbert-prr0p95-L5-loss1-rep27-seed200027-v4
[835/6120] B-kem512-gilbert-prr0p95-L5-loss1-rep28-seed200028-v3
[836/6120] B-kem512-gilbert-prr0p95-L5-loss1-rep28-seed200028-v4
[837/6120] B-kem512-gilbert-prr0p95-L5-loss1-rep29-seed200029-v3
[838/6120] B-kem512-gilbert-prr0p95-L5-loss1-rep29-seed200029-v4
[839/6120] B-kem512-gilbert-prr0p95-L5-loss1-rep30-seed200030-v3
[840/6120] B-kem512-gilbert-prr0p95-L5-loss1-rep30-seed200030-v4
[841/6120] A-kem512-gilbert-prr0p95-L10-rep01-seed200001-v1
[842/6120] A-kem512-gilbert-prr0p95-L10-rep01-seed200001-v2
[843/6120] A-kem512-gilbert-prr0p95-L10-rep02-seed200002-v1
[844/6120] A-kem512-gilbert-prr0p95-L10-rep02-seed200002-v2
[845/6120] A-kem512-gilbert-prr0p95-L10-rep03-seed200003-v1
[846/6120] A-kem512-gilbert-prr0p95-L10-rep03-seed200003-v2
[847/6120] A-kem512-gilbert-prr0p95-L10-rep04-seed200004-v1
[848/6120] A-kem512-gilbert-prr0p95-L10-rep04-seed200004-v2
[849/6120] A-kem512-gilbert-prr0p95-L10-rep05-seed200005-v1
[850/6120] A-kem512-gilbert-prr0p95-L10-rep05-seed200005-v2
[851/6120] A-kem512-gilbert-prr0p95-L10-rep06-seed200006-v1
[852/6120] A-kem512-gilbert-prr0p95-L10-rep06-seed200006-v2
[853/6120] A-kem512-gilbert-prr0p95-L10-rep07-seed200007-v1
[854/6120] A-kem512-gilbert-prr0p95-L10-rep07-seed200007-v2
[855/6120] A-kem512-gilbert-prr0p95-L10-rep08-seed200008-v1
[856/6120] A-kem512-gilbert-prr0p95-L10-rep08-seed200008-v2
[857/6120] A-kem512-gilbert-prr0p95-L10-rep09-seed200009-v1
[858/6120] A-kem512-gilbert-prr0p95-L10-rep09-seed200009-v2
[859/6120] A-kem512-gilbert-prr0p95-L10-rep10-seed200010-v1
[860/6120] A-kem512-gilbert-prr0p95-L10-rep10-seed200010-v2
[861/6120] A-kem512-gilbert-prr0p95-L10-rep11-seed200011-v1
[862/6120] A-kem512-gilbert-prr0p95-L10-rep11-seed200011-v2
[863/6120] A-kem512-gilbert-prr0p95-L10-rep12-seed200012-v1
[864/6120] A-kem512-gilbert-prr0p95-L10-rep12-seed200012-v2
[865/6120] A-kem512-gilbert-prr0p95-L10-rep13-seed200013-v1
[866/6120] A-kem512-gilbert-prr0p95-L10-rep13-seed200013-v2
[867/6120] A-kem512-gilbert-prr0p95-L10-rep14-seed200014-v1
[868/6120] A-kem512-gilbert-prr0p95-L10-rep14-seed200014-v2
[869/6120] A-kem512-gilbert-prr0p95-L10-rep15-seed200015-v1
[870/6120] A-kem512-gilbert-prr0p95-L10-rep15-seed200015-v2
[871/6120] A-kem512-gilbert-prr0p95-L10-rep16-seed200016-v1
[872/6120] A-kem512-gilbert-prr0p95-L10-rep16-seed200016-v2
[873/6120] A-kem512-gilbert-prr0p95-L10-rep17-seed200017-v1
[874/6120] A-kem512-gilbert-prr0p95-L10-rep17-seed200017-v2
[875/6120] A-kem512-gilbert-prr0p95-L10-rep18-seed200018-v1
[876/6120] A-kem512-gilbert-prr0p95-L10-rep18-seed200018-v2
[877/6120] A-kem512-gilbert-prr0p95-L10-rep19-seed200019-v1
[878/6120] A-kem512-gilbert-prr0p95-L10-rep19-seed200019-v2
[879/6120] A-kem512-gilbert-prr0p95-L10-rep20-seed200020-v1
[880/6120] A-kem512-gilbert-prr0p95-L10-rep20-seed200020-v2
[881/6120] A-kem512-gilbert-prr0p95-L10-rep21-seed200021-v1
[882/6120] A-kem512-gilbert-prr0p95-L10-rep21-seed200021-v2
[883/6120] A-kem512-gilbert-prr0p95-L10-rep22-seed200022-v1
[884/6120] A-kem512-gilbert-prr0p95-L10-rep22-seed200022-v2
[885/6120] A-kem512-gilbert-prr0p95-L10-rep23-seed200023-v1
[886/6120] A-kem512-gilbert-prr0p95-L10-rep23-seed200023-v2
[887/6120] A-kem512-gilbert-prr0p95-L10-rep24-seed200024-v1
[888/6120] A-kem512-gilbert-prr0p95-L10-rep24-seed200024-v2
[889/6120] A-kem512-gilbert-prr0p95-L10-rep25-seed200025-v1
[890/6120] A-kem512-gilbert-prr0p95-L10-rep25-seed200025-v2
[891/6120] A-kem512-gilbert-prr0p95-L10-rep26-seed200026-v1
[892/6120] A-kem512-gilbert-prr0p95-L10-rep26-seed200026-v2
[893/6120] A-kem512-gilbert-prr0p95-L10-rep27-seed200027-v1
[894/6120] A-kem512-gilbert-prr0p95-L10-rep27-seed200027-v2
[895/6120] A-kem512-gilbert-prr0p95-L10-rep28-seed200028-v1
[896/6120] A-kem512-gilbert-prr0p95-L10-rep28-seed200028-v2
[897/6120] A-kem512-gilbert-prr0p95-L10-rep29-seed200029-v1
[898/6120] A-kem512-gilbert-prr0p95-L10-rep29-seed200029-v2
[899/6120] A-kem512-gilbert-prr0p95-L10-rep30-seed200030-v1
[900/6120] A-kem512-gilbert-prr0p95-L10-rep30-seed200030-v2
[901/6120] B-kem512-gilbert-prr0p95-L10-loss1-rep01-seed200001-v3
[902/6120] B-kem512-gilbert-prr0p95-L10-loss1-rep01-seed200001-v4
[903/6120] B-kem512-gilbert-prr0p95-L10-loss1-rep02-seed200002-v3
[904/6120] B-kem512-gilbert-prr0p95-L10-loss1-rep02-seed200002-v4
[905/6120] B-kem512-gilbert-prr0p95-L10-loss1-rep03-seed200003-v3
[906/6120] B-kem512-gilbert-prr0p95-L10-loss1-rep03-seed200003-v4
[907/6120] B-kem512-gilbert-prr0p95-L10-loss1-rep04-seed200004-v3
[908/6120] B-kem512-gilbert-prr0p95-L10-loss1-rep04-seed200004-v4
[909/6120] B-kem512-gilbert-prr0p95-L10-loss1-rep05-seed200005-v3
[910/6120] B-kem512-gilbert-prr0p95-L10-loss1-rep05-seed200005-v4
[911/6120] B-kem512-gilbert-prr0p95-L10-loss1-rep06-seed200006-v3
[912/6120] B-kem512-gilbert-prr0p95-L10-loss1-rep06-seed200006-v4
[913/6120] B-kem512-gilbert-prr0p95-L10-loss1-rep07-seed200007-v3
[914/6120] B-kem512-gilbert-prr0p95-L10-loss1-rep07-seed200007-v4
[915/6120] B-kem512-gilbert-prr0p95-L10-loss1-rep08-seed200008-v3
[916/6120] B-kem512-gilbert-prr0p95-L10-loss1-rep08-seed200008-v4
[917/6120] B-kem512-gilbert-prr0p95-L10-loss1-rep09-seed200009-v3
[918/6120] B-kem512-gilbert-prr0p95-L10-loss1-rep09-seed200009-v4
[919/6120] B-kem512-gilbert-prr0p95-L10-loss1-rep10-seed200010-v3
[920/6120] B-kem512-gilbert-prr0p95-L10-loss1-rep10-seed200010-v4
[921/6120] B-kem512-gilbert-prr0p95-L10-loss1-rep11-seed200011-v3
[922/6120] B-kem512-gilbert-prr0p95-L10-loss1-rep11-seed200011-v4
[923/6120] B-kem512-gilbert-prr0p95-L10-loss1-rep12-seed200012-v3
[924/6120] B-kem512-gilbert-prr0p95-L10-loss1-rep12-seed200012-v4
[925/6120] B-kem512-gilbert-prr0p95-L10-loss1-rep13-seed200013-v3
[926/6120] B-kem512-gilbert-prr0p95-L10-loss1-rep13-seed200013-v4
[927/6120] B-kem512-gilbert-prr0p95-L10-loss1-rep14-seed200014-v3
[928/6120] B-kem512-gilbert-prr0p95-L10-loss1-rep14-seed200014-v4
[929/6120] B-kem512-gilbert-prr0p95-L10-loss1-rep15-seed200015-v3
[930/6120] B-kem512-gilbert-prr0p95-L10-loss1-rep15-seed200015-v4
[931/6120] B-kem512-gilbert-prr0p95-L10-loss1-rep16-seed200016-v3
[932/6120] B-kem512-gilbert-prr0p95-L10-loss1-rep16-seed200016-v4
[933/6120] B-kem512-gilbert-prr0p95-L10-loss1-rep17-seed200017-v3
[934/6120] B-kem512-gilbert-prr0p95-L10-loss1-rep17-seed200017-v4
[935/6120] B-kem512-gilbert-prr0p95-L10-loss1-rep18-seed200018-v3
[936/6120] B-kem512-gilbert-prr0p95-L10-loss1-rep18-seed200018-v4
[937/6120] B-kem512-gilbert-prr0p95-L10-loss1-rep19-seed200019-v3
[938/6120] B-kem512-gilbert-prr0p95-L10-loss1-rep19-seed200019-v4
[939/6120] B-kem512-gilbert-prr0p95-L10-loss1-rep20-seed200020-v3
[940/6120] B-kem512-gilbert-prr0p95-L10-loss1-rep20-seed200020-v4
[941/6120] B-kem512-gilbert-prr0p95-L10-loss1-rep21-seed200021-v3
[942/6120] B-kem512-gilbert-prr0p95-L10-loss1-rep21-seed200021-v4
[943/6120] B-kem512-gilbert-prr0p95-L10-loss1-rep22-seed200022-v3
[944/6120] B-kem512-gilbert-prr0p95-L10-loss1-rep22-seed200022-v4
[945/6120] B-kem512-gilbert-prr0p95-L10-loss1-rep23-seed200023-v3
[946/6120] B-kem512-gilbert-prr0p95-L10-loss1-rep23-seed200023-v4
[947/6120] B-kem512-gilbert-prr0p95-L10-loss1-rep24-seed200024-v3
[948/6120] B-kem512-gilbert-prr0p95-L10-loss1-rep24-seed200024-v4
[949/6120] B-kem512-gilbert-prr0p95-L10-loss1-rep25-seed200025-v3
[950/6120] B-kem512-gilbert-prr0p95-L10-loss1-rep25-seed200025-v4
[951/6120] B-kem512-gilbert-prr0p95-L10-loss1-rep26-seed200026-v3
[952/6120] B-kem512-gilbert-prr0p95-L10-loss1-rep26-seed200026-v4
[953/6120] B-kem512-gilbert-prr0p95-L10-loss1-rep27-seed200027-v3
[954/6120] B-kem512-gilbert-prr0p95-L10-loss1-rep27-seed200027-v4
[955/6120] B-kem512-gilbert-prr0p95-L10-loss1-rep28-seed200028-v3
[956/6120] B-kem512-gilbert-prr0p95-L10-loss1-rep28-seed200028-v4
[957/6120] B-kem512-gilbert-prr0p95-L10-loss1-rep29-seed200029-v3
[958/6120] B-kem512-gilbert-prr0p95-L10-loss1-rep29-seed200029-v4
[959/6120] B-kem512-gilbert-prr0p95-L10-loss1-rep30-seed200030-v3
[960/6120] B-kem512-gilbert-prr0p95-L10-loss1-rep30-seed200030-v4
[961/6120] A-kem512-gilbert-prr0p90-L2-rep01-seed200001-v1
[962/6120] A-kem512-gilbert-prr0p90-L2-rep01-seed200001-v2
[963/6120] A-kem512-gilbert-prr0p90-L2-rep02-seed200002-v1
[964/6120] A-kem512-gilbert-prr0p90-L2-rep02-seed200002-v2
[965/6120] A-kem512-gilbert-prr0p90-L2-rep03-seed200003-v1
[966/6120] A-kem512-gilbert-prr0p90-L2-rep03-seed200003-v2
[967/6120] A-kem512-gilbert-prr0p90-L2-rep04-seed200004-v1
[968/6120] A-kem512-gilbert-prr0p90-L2-rep04-seed200004-v2
[969/6120] A-kem512-gilbert-prr0p90-L2-rep05-seed200005-v1
[970/6120] A-kem512-gilbert-prr0p90-L2-rep05-seed200005-v2
[971/6120] A-kem512-gilbert-prr0p90-L2-rep06-seed200006-v1
[972/6120] A-kem512-gilbert-prr0p90-L2-rep06-seed200006-v2
[973/6120] A-kem512-gilbert-prr0p90-L2-rep07-seed200007-v1
[974/6120] A-kem512-gilbert-prr0p90-L2-rep07-seed200007-v2
[975/6120] A-kem512-gilbert-prr0p90-L2-rep08-seed200008-v1
[976/6120] A-kem512-gilbert-prr0p90-L2-rep08-seed200008-v2
[977/6120] A-kem512-gilbert-prr0p90-L2-rep09-seed200009-v1
[978/6120] A-kem512-gilbert-prr0p90-L2-rep09-seed200009-v2
[979/6120] A-kem512-gilbert-prr0p90-L2-rep10-seed200010-v1
[980/6120] A-kem512-gilbert-prr0p90-L2-rep10-seed200010-v2
[981/6120] A-kem512-gilbert-prr0p90-L2-rep11-seed200011-v1
[982/6120] A-kem512-gilbert-prr0p90-L2-rep11-seed200011-v2
[983/6120] A-kem512-gilbert-prr0p90-L2-rep12-seed200012-v1
[984/6120] A-kem512-gilbert-prr0p90-L2-rep12-seed200012-v2
[985/6120] A-kem512-gilbert-prr0p90-L2-rep13-seed200013-v1
[986/6120] A-kem512-gilbert-prr0p90-L2-rep13-seed200013-v2
[987/6120] A-kem512-gilbert-prr0p90-L2-rep14-seed200014-v1
[988/6120] A-kem512-gilbert-prr0p90-L2-rep14-seed200014-v2
[989/6120] A-kem512-gilbert-prr0p90-L2-rep15-seed200015-v1
[990/6120] A-kem512-gilbert-prr0p90-L2-rep15-seed200015-v2
[991/6120] A-kem512-gilbert-prr0p90-L2-rep16-seed200016-v1
[992/6120] A-kem512-gilbert-prr0p90-L2-rep16-seed200016-v2
[993/6120] A-kem512-gilbert-prr0p90-L2-rep17-seed200017-v1
[994/6120] A-kem512-gilbert-prr0p90-L2-rep17-seed200017-v2
[995/6120] A-kem512-gilbert-prr0p90-L2-rep18-seed200018-v1
[996/6120] A-kem512-gilbert-prr0p90-L2-rep18-seed200018-v2
[997/6120] A-kem512-gilbert-prr0p90-L2-rep19-seed200019-v1
[998/6120] A-kem512-gilbert-prr0p90-L2-rep19-seed200019-v2
[999/6120] A-kem512-gilbert-prr0p90-L2-rep20-seed200020-v1
[1000/6120] A-kem512-gilbert-prr0p90-L2-rep20-seed200020-v2
[1001/6120] A-kem512-gilbert-prr0p90-L2-rep21-seed200021-v1
[1002/6120] A-kem512-gilbert-prr0p90-L2-rep21-seed200021-v2
[1003/6120] A-kem512-gilbert-prr0p90-L2-rep22-seed200022-v1
[1004/6120] A-kem512-gilbert-prr0p90-L2-rep22-seed200022-v2
[1005/6120] A-kem512-gilbert-prr0p90-L2-rep23-seed200023-v1
[1006/6120] A-kem512-gilbert-prr0p90-L2-rep23-seed200023-v2
[1007/6120] A-kem512-gilbert-prr0p90-L2-rep24-seed200024-v1
[1008/6120] A-kem512-gilbert-prr0p90-L2-rep24-seed200024-v2
[1009/6120] A-kem512-gilbert-prr0p90-L2-rep25-seed200025-v1
[1010/6120] A-kem512-gilbert-prr0p90-L2-rep25-seed200025-v2
[1011/6120] A-kem512-gilbert-prr0p90-L2-rep26-seed200026-v1
[1012/6120] A-kem512-gilbert-prr0p90-L2-rep26-seed200026-v2
[1013/6120] A-kem512-gilbert-prr0p90-L2-rep27-seed200027-v1
[1014/6120] A-kem512-gilbert-prr0p90-L2-rep27-seed200027-v2
[1015/6120] A-kem512-gilbert-prr0p90-L2-rep28-seed200028-v1
[1016/6120] A-kem512-gilbert-prr0p90-L2-rep28-seed200028-v2
[1017/6120] A-kem512-gilbert-prr0p90-L2-rep29-seed200029-v1
[1018/6120] A-kem512-gilbert-prr0p90-L2-rep29-seed200029-v2
[1019/6120] A-kem512-gilbert-prr0p90-L2-rep30-seed200030-v1
[1020/6120] A-kem512-gilbert-prr0p90-L2-rep30-seed200030-v2
[1021/6120] B-kem512-gilbert-prr0p90-L2-loss1-rep01-seed200001-v3
[1022/6120] B-kem512-gilbert-prr0p90-L2-loss1-rep01-seed200001-v4
[1023/6120] B-kem512-gilbert-prr0p90-L2-loss1-rep02-seed200002-v3
[1024/6120] B-kem512-gilbert-prr0p90-L2-loss1-rep02-seed200002-v4
[1025/6120] B-kem512-gilbert-prr0p90-L2-loss1-rep03-seed200003-v3
[1026/6120] B-kem512-gilbert-prr0p90-L2-loss1-rep03-seed200003-v4
[1027/6120] B-kem512-gilbert-prr0p90-L2-loss1-rep04-seed200004-v3
[1028/6120] B-kem512-gilbert-prr0p90-L2-loss1-rep04-seed200004-v4
[1029/6120] B-kem512-gilbert-prr0p90-L2-loss1-rep05-seed200005-v3
[1030/6120] B-kem512-gilbert-prr0p90-L2-loss1-rep05-seed200005-v4
[1031/6120] B-kem512-gilbert-prr0p90-L2-loss1-rep06-seed200006-v3
[1032/6120] B-kem512-gilbert-prr0p90-L2-loss1-rep06-seed200006-v4
[1033/6120] B-kem512-gilbert-prr0p90-L2-loss1-rep07-seed200007-v3
[1034/6120] B-kem512-gilbert-prr0p90-L2-loss1-rep07-seed200007-v4
[1035/6120] B-kem512-gilbert-prr0p90-L2-loss1-rep08-seed200008-v3
[1036/6120] B-kem512-gilbert-prr0p90-L2-loss1-rep08-seed200008-v4
[1037/6120] B-kem512-gilbert-prr0p90-L2-loss1-rep09-seed200009-v3
[1038/6120] B-kem512-gilbert-prr0p90-L2-loss1-rep09-seed200009-v4
[1039/6120] B-kem512-gilbert-prr0p90-L2-loss1-rep10-seed200010-v3
[1040/6120] B-kem512-gilbert-prr0p90-L2-loss1-rep10-seed200010-v4
[1041/6120] B-kem512-gilbert-prr0p90-L2-loss1-rep11-seed200011-v3
[1042/6120] B-kem512-gilbert-prr0p90-L2-loss1-rep11-seed200011-v4
[1043/6120] B-kem512-gilbert-prr0p90-L2-loss1-rep12-seed200012-v3
[1044/6120] B-kem512-gilbert-prr0p90-L2-loss1-rep12-seed200012-v4
[1045/6120] B-kem512-gilbert-prr0p90-L2-loss1-rep13-seed200013-v3
[1046/6120] B-kem512-gilbert-prr0p90-L2-loss1-rep13-seed200013-v4
[1047/6120] B-kem512-gilbert-prr0p90-L2-loss1-rep14-seed200014-v3
[1048/6120] B-kem512-gilbert-prr0p90-L2-loss1-rep14-seed200014-v4
[1049/6120] B-kem512-gilbert-prr0p90-L2-loss1-rep15-seed200015-v3
[1050/6120] B-kem512-gilbert-prr0p90-L2-loss1-rep15-seed200015-v4
[1051/6120] B-kem512-gilbert-prr0p90-L2-loss1-rep16-seed200016-v3
[1052/6120] B-kem512-gilbert-prr0p90-L2-loss1-rep16-seed200016-v4
[1053/6120] B-kem512-gilbert-prr0p90-L2-loss1-rep17-seed200017-v3
[1054/6120] B-kem512-gilbert-prr0p90-L2-loss1-rep17-seed200017-v4
[1055/6120] B-kem512-gilbert-prr0p90-L2-loss1-rep18-seed200018-v3
[1056/6120] B-kem512-gilbert-prr0p90-L2-loss1-rep18-seed200018-v4
[1057/6120] B-kem512-gilbert-prr0p90-L2-loss1-rep19-seed200019-v3
[1058/6120] B-kem512-gilbert-prr0p90-L2-loss1-rep19-seed200019-v4
[1059/6120] B-kem512-gilbert-prr0p90-L2-loss1-rep20-seed200020-v3
[1060/6120] B-kem512-gilbert-prr0p90-L2-loss1-rep20-seed200020-v4
[1061/6120] B-kem512-gilbert-prr0p90-L2-loss1-rep21-seed200021-v3
[1062/6120] B-kem512-gilbert-prr0p90-L2-loss1-rep21-seed200021-v4
[1063/6120] B-kem512-gilbert-prr0p90-L2-loss1-rep22-seed200022-v3
[1064/6120] B-kem512-gilbert-prr0p90-L2-loss1-rep22-seed200022-v4
[1065/6120] B-kem512-gilbert-prr0p90-L2-loss1-rep23-seed200023-v3
[1066/6120] B-kem512-gilbert-prr0p90-L2-loss1-rep23-seed200023-v4
[1067/6120] B-kem512-gilbert-prr0p90-L2-loss1-rep24-seed200024-v3
[1068/6120] B-kem512-gilbert-prr0p90-L2-loss1-rep24-seed200024-v4
[1069/6120] B-kem512-gilbert-prr0p90-L2-loss1-rep25-seed200025-v3
[1070/6120] B-kem512-gilbert-prr0p90-L2-loss1-rep25-seed200025-v4
[1071/6120] B-kem512-gilbert-prr0p90-L2-loss1-rep26-seed200026-v3
[1072/6120] B-kem512-gilbert-prr0p90-L2-loss1-rep26-seed200026-v4
[1073/6120] B-kem512-gilbert-prr0p90-L2-loss1-rep27-seed200027-v3
[1074/6120] B-kem512-gilbert-prr0p90-L2-loss1-rep27-seed200027-v4
[1075/6120] B-kem512-gilbert-prr0p90-L2-loss1-rep28-seed200028-v3
[1076/6120] B-kem512-gilbert-prr0p90-L2-loss1-rep28-seed200028-v4
[1077/6120] B-kem512-gilbert-prr0p90-L2-loss1-rep29-seed200029-v3
[1078/6120] B-kem512-gilbert-prr0p90-L2-loss1-rep29-seed200029-v4
[1079/6120] B-kem512-gilbert-prr0p90-L2-loss1-rep30-seed200030-v3
[1080/6120] B-kem512-gilbert-prr0p90-L2-loss1-rep30-seed200030-v4
[1081/6120] A-kem512-gilbert-prr0p90-L5-rep01-seed200001-v1
[1082/6120] A-kem512-gilbert-prr0p90-L5-rep01-seed200001-v2
[1083/6120] A-kem512-gilbert-prr0p90-L5-rep02-seed200002-v1
[1084/6120] A-kem512-gilbert-prr0p90-L5-rep02-seed200002-v2
[1085/6120] A-kem512-gilbert-prr0p90-L5-rep03-seed200003-v1
[1086/6120] A-kem512-gilbert-prr0p90-L5-rep03-seed200003-v2
[1087/6120] A-kem512-gilbert-prr0p90-L5-rep04-seed200004-v1
[1088/6120] A-kem512-gilbert-prr0p90-L5-rep04-seed200004-v2
[1089/6120] A-kem512-gilbert-prr0p90-L5-rep05-seed200005-v1
[1090/6120] A-kem512-gilbert-prr0p90-L5-rep05-seed200005-v2
[1091/6120] A-kem512-gilbert-prr0p90-L5-rep06-seed200006-v1
[1092/6120] A-kem512-gilbert-prr0p90-L5-rep06-seed200006-v2
[1093/6120] A-kem512-gilbert-prr0p90-L5-rep07-seed200007-v1
[1094/6120] A-kem512-gilbert-prr0p90-L5-rep07-seed200007-v2
[1095/6120] A-kem512-gilbert-prr0p90-L5-rep08-seed200008-v1
[1096/6120] A-kem512-gilbert-prr0p90-L5-rep08-seed200008-v2
[1097/6120] A-kem512-gilbert-prr0p90-L5-rep09-seed200009-v1
[1098/6120] A-kem512-gilbert-prr0p90-L5-rep09-seed200009-v2
[1099/6120] A-kem512-gilbert-prr0p90-L5-rep10-seed200010-v1
[1100/6120] A-kem512-gilbert-prr0p90-L5-rep10-seed200010-v2
[1101/6120] A-kem512-gilbert-prr0p90-L5-rep11-seed200011-v1
[1102/6120] A-kem512-gilbert-prr0p90-L5-rep11-seed200011-v2
[1103/6120] A-kem512-gilbert-prr0p90-L5-rep12-seed200012-v1
[1104/6120] A-kem512-gilbert-prr0p90-L5-rep12-seed200012-v2
[1105/6120] A-kem512-gilbert-prr0p90-L5-rep13-seed200013-v1
[1106/6120] A-kem512-gilbert-prr0p90-L5-rep13-seed200013-v2
[1107/6120] A-kem512-gilbert-prr0p90-L5-rep14-seed200014-v1
[1108/6120] A-kem512-gilbert-prr0p90-L5-rep14-seed200014-v2
[1109/6120] A-kem512-gilbert-prr0p90-L5-rep15-seed200015-v1
[1110/6120] A-kem512-gilbert-prr0p90-L5-rep15-seed200015-v2
[1111/6120] A-kem512-gilbert-prr0p90-L5-rep16-seed200016-v1
[1112/6120] A-kem512-gilbert-prr0p90-L5-rep16-seed200016-v2
[1113/6120] A-kem512-gilbert-prr0p90-L5-rep17-seed200017-v1
[1114/6120] A-kem512-gilbert-prr0p90-L5-rep17-seed200017-v2
[1115/6120] A-kem512-gilbert-prr0p90-L5-rep18-seed200018-v1
[1116/6120] A-kem512-gilbert-prr0p90-L5-rep18-seed200018-v2
[1117/6120] A-kem512-gilbert-prr0p90-L5-rep19-seed200019-v1
[1118/6120] A-kem512-gilbert-prr0p90-L5-rep19-seed200019-v2
[1119/6120] A-kem512-gilbert-prr0p90-L5-rep20-seed200020-v1
[1120/6120] A-kem512-gilbert-prr0p90-L5-rep20-seed200020-v2
[1121/6120] A-kem512-gilbert-prr0p90-L5-rep21-seed200021-v1
[1122/6120] A-kem512-gilbert-prr0p90-L5-rep21-seed200021-v2
[1123/6120] A-kem512-gilbert-prr0p90-L5-rep22-seed200022-v1
[1124/6120] A-kem512-gilbert-prr0p90-L5-rep22-seed200022-v2
[1125/6120] A-kem512-gilbert-prr0p90-L5-rep23-seed200023-v1
[1126/6120] A-kem512-gilbert-prr0p90-L5-rep23-seed200023-v2
[1127/6120] A-kem512-gilbert-prr0p90-L5-rep24-seed200024-v1
[1128/6120] A-kem512-gilbert-prr0p90-L5-rep24-seed200024-v2
[1129/6120] A-kem512-gilbert-prr0p90-L5-rep25-seed200025-v1
[1130/6120] A-kem512-gilbert-prr0p90-L5-rep25-seed200025-v2
[1131/6120] A-kem512-gilbert-prr0p90-L5-rep26-seed200026-v1
[1132/6120] A-kem512-gilbert-prr0p90-L5-rep26-seed200026-v2
[1133/6120] A-kem512-gilbert-prr0p90-L5-rep27-seed200027-v1
[1134/6120] A-kem512-gilbert-prr0p90-L5-rep27-seed200027-v2
[1135/6120] A-kem512-gilbert-prr0p90-L5-rep28-seed200028-v1
[1136/6120] A-kem512-gilbert-prr0p90-L5-rep28-seed200028-v2
[1137/6120] A-kem512-gilbert-prr0p90-L5-rep29-seed200029-v1
[1138/6120] A-kem512-gilbert-prr0p90-L5-rep29-seed200029-v2
[1139/6120] A-kem512-gilbert-prr0p90-L5-rep30-seed200030-v1
[1140/6120] A-kem512-gilbert-prr0p90-L5-rep30-seed200030-v2
[1141/6120] B-kem512-gilbert-prr0p90-L5-loss1-rep01-seed200001-v3
[1142/6120] B-kem512-gilbert-prr0p90-L5-loss1-rep01-seed200001-v4
[1143/6120] B-kem512-gilbert-prr0p90-L5-loss1-rep02-seed200002-v3
[1144/6120] B-kem512-gilbert-prr0p90-L5-loss1-rep02-seed200002-v4
[1145/6120] B-kem512-gilbert-prr0p90-L5-loss1-rep03-seed200003-v3
[1146/6120] B-kem512-gilbert-prr0p90-L5-loss1-rep03-seed200003-v4
[1147/6120] B-kem512-gilbert-prr0p90-L5-loss1-rep04-seed200004-v3
[1148/6120] B-kem512-gilbert-prr0p90-L5-loss1-rep04-seed200004-v4
[1149/6120] B-kem512-gilbert-prr0p90-L5-loss1-rep05-seed200005-v3
[1150/6120] B-kem512-gilbert-prr0p90-L5-loss1-rep05-seed200005-v4
[1151/6120] B-kem512-gilbert-prr0p90-L5-loss1-rep06-seed200006-v3
[1152/6120] B-kem512-gilbert-prr0p90-L5-loss1-rep06-seed200006-v4
[1153/6120] B-kem512-gilbert-prr0p90-L5-loss1-rep07-seed200007-v3
[1154/6120] B-kem512-gilbert-prr0p90-L5-loss1-rep07-seed200007-v4
[1155/6120] B-kem512-gilbert-prr0p90-L5-loss1-rep08-seed200008-v3
[1156/6120] B-kem512-gilbert-prr0p90-L5-loss1-rep08-seed200008-v4
[1157/6120] B-kem512-gilbert-prr0p90-L5-loss1-rep09-seed200009-v3
[1158/6120] B-kem512-gilbert-prr0p90-L5-loss1-rep09-seed200009-v4
[1159/6120] B-kem512-gilbert-prr0p90-L5-loss1-rep10-seed200010-v3
[1160/6120] B-kem512-gilbert-prr0p90-L5-loss1-rep10-seed200010-v4
[1161/6120] B-kem512-gilbert-prr0p90-L5-loss1-rep11-seed200011-v3
[1162/6120] B-kem512-gilbert-prr0p90-L5-loss1-rep11-seed200011-v4
[1163/6120] B-kem512-gilbert-prr0p90-L5-loss1-rep12-seed200012-v3
[1164/6120] B-kem512-gilbert-prr0p90-L5-loss1-rep12-seed200012-v4
[1165/6120] B-kem512-gilbert-prr0p90-L5-loss1-rep13-seed200013-v3
[1166/6120] B-kem512-gilbert-prr0p90-L5-loss1-rep13-seed200013-v4
[1167/6120] B-kem512-gilbert-prr0p90-L5-loss1-rep14-seed200014-v3
[1168/6120] B-kem512-gilbert-prr0p90-L5-loss1-rep14-seed200014-v4
[1169/6120] B-kem512-gilbert-prr0p90-L5-loss1-rep15-seed200015-v3
[1170/6120] B-kem512-gilbert-prr0p90-L5-loss1-rep15-seed200015-v4
[1171/6120] B-kem512-gilbert-prr0p90-L5-loss1-rep16-seed200016-v3
[1172/6120] B-kem512-gilbert-prr0p90-L5-loss1-rep16-seed200016-v4
[1173/6120] B-kem512-gilbert-prr0p90-L5-loss1-rep17-seed200017-v3
[1174/6120] B-kem512-gilbert-prr0p90-L5-loss1-rep17-seed200017-v4
[1175/6120] B-kem512-gilbert-prr0p90-L5-loss1-rep18-seed200018-v3
[1176/6120] B-kem512-gilbert-prr0p90-L5-loss1-rep18-seed200018-v4
[1177/6120] B-kem512-gilbert-prr0p90-L5-loss1-rep19-seed200019-v3
[1178/6120] B-kem512-gilbert-prr0p90-L5-loss1-rep19-seed200019-v4
[1179/6120] B-kem512-gilbert-prr0p90-L5-loss1-rep20-seed200020-v3
[1180/6120] B-kem512-gilbert-prr0p90-L5-loss1-rep20-seed200020-v4
[1181/6120] B-kem512-gilbert-prr0p90-L5-loss1-rep21-seed200021-v3
[1182/6120] B-kem512-gilbert-prr0p90-L5-loss1-rep21-seed200021-v4
[1183/6120] B-kem512-gilbert-prr0p90-L5-loss1-rep22-seed200022-v3
[1184/6120] B-kem512-gilbert-prr0p90-L5-loss1-rep22-seed200022-v4
[1185/6120] B-kem512-gilbert-prr0p90-L5-loss1-rep23-seed200023-v3
[1186/6120] B-kem512-gilbert-prr0p90-L5-loss1-rep23-seed200023-v4
[1187/6120] B-kem512-gilbert-prr0p90-L5-loss1-rep24-seed200024-v3
[1188/6120] B-kem512-gilbert-prr0p90-L5-loss1-rep24-seed200024-v4
[1189/6120] B-kem512-gilbert-prr0p90-L5-loss1-rep25-seed200025-v3
[1190/6120] B-kem512-gilbert-prr0p90-L5-loss1-rep25-seed200025-v4
[1191/6120] B-kem512-gilbert-prr0p90-L5-loss1-rep26-seed200026-v3
[1192/6120] B-kem512-gilbert-prr0p90-L5-loss1-rep26-seed200026-v4
[1193/6120] B-kem512-gilbert-prr0p90-L5-loss1-rep27-seed200027-v3
[1194/6120] B-kem512-gilbert-prr0p90-L5-loss1-rep27-seed200027-v4
[1195/6120] B-kem512-gilbert-prr0p90-L5-loss1-rep28-seed200028-v3
[1196/6120] B-kem512-gilbert-prr0p90-L5-loss1-rep28-seed200028-v4
[1197/6120] B-kem512-gilbert-prr0p90-L5-loss1-rep29-seed200029-v3
[1198/6120] B-kem512-gilbert-prr0p90-L5-loss1-rep29-seed200029-v4
[1199/6120] B-kem512-gilbert-prr0p90-L5-loss1-rep30-seed200030-v3
[1200/6120] B-kem512-gilbert-prr0p90-L5-loss1-rep30-seed200030-v4
[1201/6120] A-kem512-gilbert-prr0p90-L10-rep01-seed200001-v1
[1202/6120] A-kem512-gilbert-prr0p90-L10-rep01-seed200001-v2
[1203/6120] A-kem512-gilbert-prr0p90-L10-rep02-seed200002-v1
[1204/6120] A-kem512-gilbert-prr0p90-L10-rep02-seed200002-v2
[1205/6120] A-kem512-gilbert-prr0p90-L10-rep03-seed200003-v1
[1206/6120] A-kem512-gilbert-prr0p90-L10-rep03-seed200003-v2
[1207/6120] A-kem512-gilbert-prr0p90-L10-rep04-seed200004-v1
[1208/6120] A-kem512-gilbert-prr0p90-L10-rep04-seed200004-v2
[1209/6120] A-kem512-gilbert-prr0p90-L10-rep05-seed200005-v1
[1210/6120] A-kem512-gilbert-prr0p90-L10-rep05-seed200005-v2
[1211/6120] A-kem512-gilbert-prr0p90-L10-rep06-seed200006-v1
[1212/6120] A-kem512-gilbert-prr0p90-L10-rep06-seed200006-v2
[1213/6120] A-kem512-gilbert-prr0p90-L10-rep07-seed200007-v1
[1214/6120] A-kem512-gilbert-prr0p90-L10-rep07-seed200007-v2
[1215/6120] A-kem512-gilbert-prr0p90-L10-rep08-seed200008-v1
[1216/6120] A-kem512-gilbert-prr0p90-L10-rep08-seed200008-v2
[1217/6120] A-kem512-gilbert-prr0p90-L10-rep09-seed200009-v1
[1218/6120] A-kem512-gilbert-prr0p90-L10-rep09-seed200009-v2
[1219/6120] A-kem512-gilbert-prr0p90-L10-rep10-seed200010-v1
[1220/6120] A-kem512-gilbert-prr0p90-L10-rep10-seed200010-v2
[1221/6120] A-kem512-gilbert-prr0p90-L10-rep11-seed200011-v1
[1222/6120] A-kem512-gilbert-prr0p90-L10-rep11-seed200011-v2
[1223/6120] A-kem512-gilbert-prr0p90-L10-rep12-seed200012-v1
[1224/6120] A-kem512-gilbert-prr0p90-L10-rep12-seed200012-v2
[1225/6120] A-kem512-gilbert-prr0p90-L10-rep13-seed200013-v1
[1226/6120] A-kem512-gilbert-prr0p90-L10-rep13-seed200013-v2
[1227/6120] A-kem512-gilbert-prr0p90-L10-rep14-seed200014-v1
[1228/6120] A-kem512-gilbert-prr0p90-L10-rep14-seed200014-v2
[1229/6120] A-kem512-gilbert-prr0p90-L10-rep15-seed200015-v1
[1230/6120] A-kem512-gilbert-prr0p90-L10-rep15-seed200015-v2
[1231/6120] A-kem512-gilbert-prr0p90-L10-rep16-seed200016-v1
[1232/6120] A-kem512-gilbert-prr0p90-L10-rep16-seed200016-v2
[1233/6120] A-kem512-gilbert-prr0p90-L10-rep17-seed200017-v1
[1234/6120] A-kem512-gilbert-prr0p90-L10-rep17-seed200017-v2
[1235/6120] A-kem512-gilbert-prr0p90-L10-rep18-seed200018-v1
[1236/6120] A-kem512-gilbert-prr0p90-L10-rep18-seed200018-v2
[1237/6120] A-kem512-gilbert-prr0p90-L10-rep19-seed200019-v1
[1238/6120] A-kem512-gilbert-prr0p90-L10-rep19-seed200019-v2
[1239/6120] A-kem512-gilbert-prr0p90-L10-rep20-seed200020-v1
[1240/6120] A-kem512-gilbert-prr0p90-L10-rep20-seed200020-v2
[1241/6120] A-kem512-gilbert-prr0p90-L10-rep21-seed200021-v1
[1242/6120] A-kem512-gilbert-prr0p90-L10-rep21-seed200021-v2
[1243/6120] A-kem512-gilbert-prr0p90-L10-rep22-seed200022-v1
[1244/6120] A-kem512-gilbert-prr0p90-L10-rep22-seed200022-v2
[1245/6120] A-kem512-gilbert-prr0p90-L10-rep23-seed200023-v1
[1246/6120] A-kem512-gilbert-prr0p90-L10-rep23-seed200023-v2
[1247/6120] A-kem512-gilbert-prr0p90-L10-rep24-seed200024-v1
[1248/6120] A-kem512-gilbert-prr0p90-L10-rep24-seed200024-v2
[1249/6120] A-kem512-gilbert-prr0p90-L10-rep25-seed200025-v1
[1250/6120] A-kem512-gilbert-prr0p90-L10-rep25-seed200025-v2
[1251/6120] A-kem512-gilbert-prr0p90-L10-rep26-seed200026-v1
[1252/6120] A-kem512-gilbert-prr0p90-L10-rep26-seed200026-v2
[1253/6120] A-kem512-gilbert-prr0p90-L10-rep27-seed200027-v1
[1254/6120] A-kem512-gilbert-prr0p90-L10-rep27-seed200027-v2
[1255/6120] A-kem512-gilbert-prr0p90-L10-rep28-seed200028-v1
[1256/6120] A-kem512-gilbert-prr0p90-L10-rep28-seed200028-v2
[1257/6120] A-kem512-gilbert-prr0p90-L10-rep29-seed200029-v1
[1258/6120] A-kem512-gilbert-prr0p90-L10-rep29-seed200029-v2
[1259/6120] A-kem512-gilbert-prr0p90-L10-rep30-seed200030-v1
[1260/6120] A-kem512-gilbert-prr0p90-L10-rep30-seed200030-v2
[1261/6120] B-kem512-gilbert-prr0p90-L10-loss1-rep01-seed200001-v3
[1262/6120] B-kem512-gilbert-prr0p90-L10-loss1-rep01-seed200001-v4
[1263/6120] B-kem512-gilbert-prr0p90-L10-loss1-rep02-seed200002-v3
[1264/6120] B-kem512-gilbert-prr0p90-L10-loss1-rep02-seed200002-v4
[1265/6120] B-kem512-gilbert-prr0p90-L10-loss1-rep03-seed200003-v3
[1266/6120] B-kem512-gilbert-prr0p90-L10-loss1-rep03-seed200003-v4
[1267/6120] B-kem512-gilbert-prr0p90-L10-loss1-rep04-seed200004-v3
[1268/6120] B-kem512-gilbert-prr0p90-L10-loss1-rep04-seed200004-v4
[1269/6120] B-kem512-gilbert-prr0p90-L10-loss1-rep05-seed200005-v3
[1270/6120] B-kem512-gilbert-prr0p90-L10-loss1-rep05-seed200005-v4
[1271/6120] B-kem512-gilbert-prr0p90-L10-loss1-rep06-seed200006-v3
[1272/6120] B-kem512-gilbert-prr0p90-L10-loss1-rep06-seed200006-v4
[1273/6120] B-kem512-gilbert-prr0p90-L10-loss1-rep07-seed200007-v3
[1274/6120] B-kem512-gilbert-prr0p90-L10-loss1-rep07-seed200007-v4
[1275/6120] B-kem512-gilbert-prr0p90-L10-loss1-rep08-seed200008-v3
[1276/6120] B-kem512-gilbert-prr0p90-L10-loss1-rep08-seed200008-v4
[1277/6120] B-kem512-gilbert-prr0p90-L10-loss1-rep09-seed200009-v3
[1278/6120] B-kem512-gilbert-prr0p90-L10-loss1-rep09-seed200009-v4
[1279/6120] B-kem512-gilbert-prr0p90-L10-loss1-rep10-seed200010-v3
[1280/6120] B-kem512-gilbert-prr0p90-L10-loss1-rep10-seed200010-v4
[1281/6120] B-kem512-gilbert-prr0p90-L10-loss1-rep11-seed200011-v3
[1282/6120] B-kem512-gilbert-prr0p90-L10-loss1-rep11-seed200011-v4
[1283/6120] B-kem512-gilbert-prr0p90-L10-loss1-rep12-seed200012-v3
[1284/6120] B-kem512-gilbert-prr0p90-L10-loss1-rep12-seed200012-v4
[1285/6120] B-kem512-gilbert-prr0p90-L10-loss1-rep13-seed200013-v3
[1286/6120] B-kem512-gilbert-prr0p90-L10-loss1-rep13-seed200013-v4
[1287/6120] B-kem512-gilbert-prr0p90-L10-loss1-rep14-seed200014-v3
[1288/6120] B-kem512-gilbert-prr0p90-L10-loss1-rep14-seed200014-v4
[1289/6120] B-kem512-gilbert-prr0p90-L10-loss1-rep15-seed200015-v3
[1290/6120] B-kem512-gilbert-prr0p90-L10-loss1-rep15-seed200015-v4
[1291/6120] B-kem512-gilbert-prr0p90-L10-loss1-rep16-seed200016-v3
[1292/6120] B-kem512-gilbert-prr0p90-L10-loss1-rep16-seed200016-v4
[1293/6120] B-kem512-gilbert-prr0p90-L10-loss1-rep17-seed200017-v3
[1294/6120] B-kem512-gilbert-prr0p90-L10-loss1-rep17-seed200017-v4
[1295/6120] B-kem512-gilbert-prr0p90-L10-loss1-rep18-seed200018-v3
[1296/6120] B-kem512-gilbert-prr0p90-L10-loss1-rep18-seed200018-v4
[1297/6120] B-kem512-gilbert-prr0p90-L10-loss1-rep19-seed200019-v3
[1298/6120] B-kem512-gilbert-prr0p90-L10-loss1-rep19-seed200019-v4
[1299/6120] B-kem512-gilbert-prr0p90-L10-loss1-rep20-seed200020-v3
[1300/6120] B-kem512-gilbert-prr0p90-L10-loss1-rep20-seed200020-v4
[1301/6120] B-kem512-gilbert-prr0p90-L10-loss1-rep21-seed200021-v3
[1302/6120] B-kem512-gilbert-prr0p90-L10-loss1-rep21-seed200021-v4
[1303/6120] B-kem512-gilbert-prr0p90-L10-loss1-rep22-seed200022-v3
[1304/6120] B-kem512-gilbert-prr0p90-L10-loss1-rep22-seed200022-v4
[1305/6120] B-kem512-gilbert-prr0p90-L10-loss1-rep23-seed200023-v3
[1306/6120] B-kem512-gilbert-prr0p90-L10-loss1-rep23-seed200023-v4
[1307/6120] B-kem512-gilbert-prr0p90-L10-loss1-rep24-seed200024-v3
[1308/6120] B-kem512-gilbert-prr0p90-L10-loss1-rep24-seed200024-v4
[1309/6120] B-kem512-gilbert-prr0p90-L10-loss1-rep25-seed200025-v3
[1310/6120] B-kem512-gilbert-prr0p90-L10-loss1-rep25-seed200025-v4
[1311/6120] B-kem512-gilbert-prr0p90-L10-loss1-rep26-seed200026-v3
[1312/6120] B-kem512-gilbert-prr0p90-L10-loss1-rep26-seed200026-v4
[1313/6120] B-kem512-gilbert-prr0p90-L10-loss1-rep27-seed200027-v3
[1314/6120] B-kem512-gilbert-prr0p90-L10-loss1-rep27-seed200027-v4
[1315/6120] B-kem512-gilbert-prr0p90-L10-loss1-rep28-seed200028-v3
[1316/6120] B-kem512-gilbert-prr0p90-L10-loss1-rep28-seed200028-v4
[1317/6120] B-kem512-gilbert-prr0p90-L10-loss1-rep29-seed200029-v3
[1318/6120] B-kem512-gilbert-prr0p90-L10-loss1-rep29-seed200029-v4
[1319/6120] B-kem512-gilbert-prr0p90-L10-loss1-rep30-seed200030-v3
[1320/6120] B-kem512-gilbert-prr0p90-L10-loss1-rep30-seed200030-v4
[1321/6120] A-kem512-gilbert-prr0p85-L2-rep01-seed200001-v1
[1322/6120] A-kem512-gilbert-prr0p85-L2-rep01-seed200001-v2
[1323/6120] A-kem512-gilbert-prr0p85-L2-rep02-seed200002-v1
[1324/6120] A-kem512-gilbert-prr0p85-L2-rep02-seed200002-v2
[1325/6120] A-kem512-gilbert-prr0p85-L2-rep03-seed200003-v1
[1326/6120] A-kem512-gilbert-prr0p85-L2-rep03-seed200003-v2
[1327/6120] A-kem512-gilbert-prr0p85-L2-rep04-seed200004-v1
[1328/6120] A-kem512-gilbert-prr0p85-L2-rep04-seed200004-v2
[1329/6120] A-kem512-gilbert-prr0p85-L2-rep05-seed200005-v1
[1330/6120] A-kem512-gilbert-prr0p85-L2-rep05-seed200005-v2
[1331/6120] A-kem512-gilbert-prr0p85-L2-rep06-seed200006-v1
[1332/6120] A-kem512-gilbert-prr0p85-L2-rep06-seed200006-v2
[1333/6120] A-kem512-gilbert-prr0p85-L2-rep07-seed200007-v1
[1334/6120] A-kem512-gilbert-prr0p85-L2-rep07-seed200007-v2
[1335/6120] A-kem512-gilbert-prr0p85-L2-rep08-seed200008-v1
[1336/6120] A-kem512-gilbert-prr0p85-L2-rep08-seed200008-v2
[1337/6120] A-kem512-gilbert-prr0p85-L2-rep09-seed200009-v1
[1338/6120] A-kem512-gilbert-prr0p85-L2-rep09-seed200009-v2
[1339/6120] A-kem512-gilbert-prr0p85-L2-rep10-seed200010-v1
[1340/6120] A-kem512-gilbert-prr0p85-L2-rep10-seed200010-v2
[1341/6120] A-kem512-gilbert-prr0p85-L2-rep11-seed200011-v1
[1342/6120] A-kem512-gilbert-prr0p85-L2-rep11-seed200011-v2
[1343/6120] A-kem512-gilbert-prr0p85-L2-rep12-seed200012-v1
[1344/6120] A-kem512-gilbert-prr0p85-L2-rep12-seed200012-v2
[1345/6120] A-kem512-gilbert-prr0p85-L2-rep13-seed200013-v1
[1346/6120] A-kem512-gilbert-prr0p85-L2-rep13-seed200013-v2
[1347/6120] A-kem512-gilbert-prr0p85-L2-rep14-seed200014-v1
[1348/6120] A-kem512-gilbert-prr0p85-L2-rep14-seed200014-v2
[1349/6120] A-kem512-gilbert-prr0p85-L2-rep15-seed200015-v1
[1350/6120] A-kem512-gilbert-prr0p85-L2-rep15-seed200015-v2
[1351/6120] A-kem512-gilbert-prr0p85-L2-rep16-seed200016-v1
[1352/6120] A-kem512-gilbert-prr0p85-L2-rep16-seed200016-v2
[1353/6120] A-kem512-gilbert-prr0p85-L2-rep17-seed200017-v1
[1354/6120] A-kem512-gilbert-prr0p85-L2-rep17-seed200017-v2
[1355/6120] A-kem512-gilbert-prr0p85-L2-rep18-seed200018-v1
[1356/6120] A-kem512-gilbert-prr0p85-L2-rep18-seed200018-v2
[1357/6120] A-kem512-gilbert-prr0p85-L2-rep19-seed200019-v1
[1358/6120] A-kem512-gilbert-prr0p85-L2-rep19-seed200019-v2
[1359/6120] A-kem512-gilbert-prr0p85-L2-rep20-seed200020-v1
[1360/6120] A-kem512-gilbert-prr0p85-L2-rep20-seed200020-v2
[1361/6120] A-kem512-gilbert-prr0p85-L2-rep21-seed200021-v1
[1362/6120] A-kem512-gilbert-prr0p85-L2-rep21-seed200021-v2
[1363/6120] A-kem512-gilbert-prr0p85-L2-rep22-seed200022-v1
[1364/6120] A-kem512-gilbert-prr0p85-L2-rep22-seed200022-v2
[1365/6120] A-kem512-gilbert-prr0p85-L2-rep23-seed200023-v1
[1366/6120] A-kem512-gilbert-prr0p85-L2-rep23-seed200023-v2
[1367/6120] A-kem512-gilbert-prr0p85-L2-rep24-seed200024-v1
[1368/6120] A-kem512-gilbert-prr0p85-L2-rep24-seed200024-v2
[1369/6120] A-kem512-gilbert-prr0p85-L2-rep25-seed200025-v1
[1370/6120] A-kem512-gilbert-prr0p85-L2-rep25-seed200025-v2
[1371/6120] A-kem512-gilbert-prr0p85-L2-rep26-seed200026-v1
[1372/6120] A-kem512-gilbert-prr0p85-L2-rep26-seed200026-v2
[1373/6120] A-kem512-gilbert-prr0p85-L2-rep27-seed200027-v1
[1374/6120] A-kem512-gilbert-prr0p85-L2-rep27-seed200027-v2
[1375/6120] A-kem512-gilbert-prr0p85-L2-rep28-seed200028-v1
[1376/6120] A-kem512-gilbert-prr0p85-L2-rep28-seed200028-v2
[1377/6120] A-kem512-gilbert-prr0p85-L2-rep29-seed200029-v1
[1378/6120] A-kem512-gilbert-prr0p85-L2-rep29-seed200029-v2
[1379/6120] A-kem512-gilbert-prr0p85-L2-rep30-seed200030-v1
[1380/6120] A-kem512-gilbert-prr0p85-L2-rep30-seed200030-v2
[1381/6120] B-kem512-gilbert-prr0p85-L2-loss1-rep01-seed200001-v3
[1382/6120] B-kem512-gilbert-prr0p85-L2-loss1-rep01-seed200001-v4
[1383/6120] B-kem512-gilbert-prr0p85-L2-loss1-rep02-seed200002-v3
[1384/6120] B-kem512-gilbert-prr0p85-L2-loss1-rep02-seed200002-v4
[1385/6120] B-kem512-gilbert-prr0p85-L2-loss1-rep03-seed200003-v3
[1386/6120] B-kem512-gilbert-prr0p85-L2-loss1-rep03-seed200003-v4
[1387/6120] B-kem512-gilbert-prr0p85-L2-loss1-rep04-seed200004-v3
[1388/6120] B-kem512-gilbert-prr0p85-L2-loss1-rep04-seed200004-v4
[1389/6120] B-kem512-gilbert-prr0p85-L2-loss1-rep05-seed200005-v3
[1390/6120] B-kem512-gilbert-prr0p85-L2-loss1-rep05-seed200005-v4
[1391/6120] B-kem512-gilbert-prr0p85-L2-loss1-rep06-seed200006-v3
[1392/6120] B-kem512-gilbert-prr0p85-L2-loss1-rep06-seed200006-v4
[1393/6120] B-kem512-gilbert-prr0p85-L2-loss1-rep07-seed200007-v3
[1394/6120] B-kem512-gilbert-prr0p85-L2-loss1-rep07-seed200007-v4
[1395/6120] B-kem512-gilbert-prr0p85-L2-loss1-rep08-seed200008-v3
[1396/6120] B-kem512-gilbert-prr0p85-L2-loss1-rep08-seed200008-v4
[1397/6120] B-kem512-gilbert-prr0p85-L2-loss1-rep09-seed200009-v3
[1398/6120] B-kem512-gilbert-prr0p85-L2-loss1-rep09-seed200009-v4
[1399/6120] B-kem512-gilbert-prr0p85-L2-loss1-rep10-seed200010-v3
[1400/6120] B-kem512-gilbert-prr0p85-L2-loss1-rep10-seed200010-v4
[1401/6120] B-kem512-gilbert-prr0p85-L2-loss1-rep11-seed200011-v3
[1402/6120] B-kem512-gilbert-prr0p85-L2-loss1-rep11-seed200011-v4
[1403/6120] B-kem512-gilbert-prr0p85-L2-loss1-rep12-seed200012-v3
[1404/6120] B-kem512-gilbert-prr0p85-L2-loss1-rep12-seed200012-v4
[1405/6120] B-kem512-gilbert-prr0p85-L2-loss1-rep13-seed200013-v3
[1406/6120] B-kem512-gilbert-prr0p85-L2-loss1-rep13-seed200013-v4
[1407/6120] B-kem512-gilbert-prr0p85-L2-loss1-rep14-seed200014-v3
[1408/6120] B-kem512-gilbert-prr0p85-L2-loss1-rep14-seed200014-v4
[1409/6120] B-kem512-gilbert-prr0p85-L2-loss1-rep15-seed200015-v3
[1410/6120] B-kem512-gilbert-prr0p85-L2-loss1-rep15-seed200015-v4
[1411/6120] B-kem512-gilbert-prr0p85-L2-loss1-rep16-seed200016-v3
[1412/6120] B-kem512-gilbert-prr0p85-L2-loss1-rep16-seed200016-v4
[1413/6120] B-kem512-gilbert-prr0p85-L2-loss1-rep17-seed200017-v3
[1414/6120] B-kem512-gilbert-prr0p85-L2-loss1-rep17-seed200017-v4
[1415/6120] B-kem512-gilbert-prr0p85-L2-loss1-rep18-seed200018-v3
[1416/6120] B-kem512-gilbert-prr0p85-L2-loss1-rep18-seed200018-v4
[1417/6120] B-kem512-gilbert-prr0p85-L2-loss1-rep19-seed200019-v3
[1418/6120] B-kem512-gilbert-prr0p85-L2-loss1-rep19-seed200019-v4
[1419/6120] B-kem512-gilbert-prr0p85-L2-loss1-rep20-seed200020-v3
[1420/6120] B-kem512-gilbert-prr0p85-L2-loss1-rep20-seed200020-v4
[1421/6120] B-kem512-gilbert-prr0p85-L2-loss1-rep21-seed200021-v3
[1422/6120] B-kem512-gilbert-prr0p85-L2-loss1-rep21-seed200021-v4
[1423/6120] B-kem512-gilbert-prr0p85-L2-loss1-rep22-seed200022-v3
[1424/6120] B-kem512-gilbert-prr0p85-L2-loss1-rep22-seed200022-v4
[1425/6120] B-kem512-gilbert-prr0p85-L2-loss1-rep23-seed200023-v3
[1426/6120] B-kem512-gilbert-prr0p85-L2-loss1-rep23-seed200023-v4
[1427/6120] B-kem512-gilbert-prr0p85-L2-loss1-rep24-seed200024-v3
[1428/6120] B-kem512-gilbert-prr0p85-L2-loss1-rep24-seed200024-v4
[1429/6120] B-kem512-gilbert-prr0p85-L2-loss1-rep25-seed200025-v3
[1430/6120] B-kem512-gilbert-prr0p85-L2-loss1-rep25-seed200025-v4
[1431/6120] B-kem512-gilbert-prr0p85-L2-loss1-rep26-seed200026-v3
[1432/6120] B-kem512-gilbert-prr0p85-L2-loss1-rep26-seed200026-v4
[1433/6120] B-kem512-gilbert-prr0p85-L2-loss1-rep27-seed200027-v3
[1434/6120] B-kem512-gilbert-prr0p85-L2-loss1-rep27-seed200027-v4
[1435/6120] B-kem512-gilbert-prr0p85-L2-loss1-rep28-seed200028-v3
[1436/6120] B-kem512-gilbert-prr0p85-L2-loss1-rep28-seed200028-v4
[1437/6120] B-kem512-gilbert-prr0p85-L2-loss1-rep29-seed200029-v3
[1438/6120] B-kem512-gilbert-prr0p85-L2-loss1-rep29-seed200029-v4
[1439/6120] B-kem512-gilbert-prr0p85-L2-loss1-rep30-seed200030-v3
[1440/6120] B-kem512-gilbert-prr0p85-L2-loss1-rep30-seed200030-v4
[1441/6120] A-kem512-gilbert-prr0p85-L5-rep01-seed200001-v1
[1442/6120] A-kem512-gilbert-prr0p85-L5-rep01-seed200001-v2
[1443/6120] A-kem512-gilbert-prr0p85-L5-rep02-seed200002-v1
[1444/6120] A-kem512-gilbert-prr0p85-L5-rep02-seed200002-v2
[1445/6120] A-kem512-gilbert-prr0p85-L5-rep03-seed200003-v1
[1446/6120] A-kem512-gilbert-prr0p85-L5-rep03-seed200003-v2
[1447/6120] A-kem512-gilbert-prr0p85-L5-rep04-seed200004-v1
[1448/6120] A-kem512-gilbert-prr0p85-L5-rep04-seed200004-v2
[1449/6120] A-kem512-gilbert-prr0p85-L5-rep05-seed200005-v1
[1450/6120] A-kem512-gilbert-prr0p85-L5-rep05-seed200005-v2
[1451/6120] A-kem512-gilbert-prr0p85-L5-rep06-seed200006-v1
[1452/6120] A-kem512-gilbert-prr0p85-L5-rep06-seed200006-v2
[1453/6120] A-kem512-gilbert-prr0p85-L5-rep07-seed200007-v1
[1454/6120] A-kem512-gilbert-prr0p85-L5-rep07-seed200007-v2
[1455/6120] A-kem512-gilbert-prr0p85-L5-rep08-seed200008-v1
[1456/6120] A-kem512-gilbert-prr0p85-L5-rep08-seed200008-v2
[1457/6120] A-kem512-gilbert-prr0p85-L5-rep09-seed200009-v1
[1458/6120] A-kem512-gilbert-prr0p85-L5-rep09-seed200009-v2
[1459/6120] A-kem512-gilbert-prr0p85-L5-rep10-seed200010-v1
[1460/6120] A-kem512-gilbert-prr0p85-L5-rep10-seed200010-v2
[1461/6120] A-kem512-gilbert-prr0p85-L5-rep11-seed200011-v1
[1462/6120] A-kem512-gilbert-prr0p85-L5-rep11-seed200011-v2
[1463/6120] A-kem512-gilbert-prr0p85-L5-rep12-seed200012-v1
[1464/6120] A-kem512-gilbert-prr0p85-L5-rep12-seed200012-v2
[1465/6120] A-kem512-gilbert-prr0p85-L5-rep13-seed200013-v1
[1466/6120] A-kem512-gilbert-prr0p85-L5-rep13-seed200013-v2
[1467/6120] A-kem512-gilbert-prr0p85-L5-rep14-seed200014-v1
[1468/6120] A-kem512-gilbert-prr0p85-L5-rep14-seed200014-v2
[1469/6120] A-kem512-gilbert-prr0p85-L5-rep15-seed200015-v1
[1470/6120] A-kem512-gilbert-prr0p85-L5-rep15-seed200015-v2
[1471/6120] A-kem512-gilbert-prr0p85-L5-rep16-seed200016-v1
[1472/6120] A-kem512-gilbert-prr0p85-L5-rep16-seed200016-v2
[1473/6120] A-kem512-gilbert-prr0p85-L5-rep17-seed200017-v1
[1474/6120] A-kem512-gilbert-prr0p85-L5-rep17-seed200017-v2
[1475/6120] A-kem512-gilbert-prr0p85-L5-rep18-seed200018-v1
[1476/6120] A-kem512-gilbert-prr0p85-L5-rep18-seed200018-v2
[1477/6120] A-kem512-gilbert-prr0p85-L5-rep19-seed200019-v1
[1478/6120] A-kem512-gilbert-prr0p85-L5-rep19-seed200019-v2
[1479/6120] A-kem512-gilbert-prr0p85-L5-rep20-seed200020-v1
[1480/6120] A-kem512-gilbert-prr0p85-L5-rep20-seed200020-v2
[1481/6120] A-kem512-gilbert-prr0p85-L5-rep21-seed200021-v1
[1482/6120] A-kem512-gilbert-prr0p85-L5-rep21-seed200021-v2
[1483/6120] A-kem512-gilbert-prr0p85-L5-rep22-seed200022-v1
[1484/6120] A-kem512-gilbert-prr0p85-L5-rep22-seed200022-v2
[1485/6120] A-kem512-gilbert-prr0p85-L5-rep23-seed200023-v1
[1486/6120] A-kem512-gilbert-prr0p85-L5-rep23-seed200023-v2
[1487/6120] A-kem512-gilbert-prr0p85-L5-rep24-seed200024-v1
[1488/6120] A-kem512-gilbert-prr0p85-L5-rep24-seed200024-v2
[1489/6120] A-kem512-gilbert-prr0p85-L5-rep25-seed200025-v1
[1490/6120] A-kem512-gilbert-prr0p85-L5-rep25-seed200025-v2
[1491/6120] A-kem512-gilbert-prr0p85-L5-rep26-seed200026-v1
[1492/6120] A-kem512-gilbert-prr0p85-L5-rep26-seed200026-v2
[1493/6120] A-kem512-gilbert-prr0p85-L5-rep27-seed200027-v1
[1494/6120] A-kem512-gilbert-prr0p85-L5-rep27-seed200027-v2
[1495/6120] A-kem512-gilbert-prr0p85-L5-rep28-seed200028-v1
[1496/6120] A-kem512-gilbert-prr0p85-L5-rep28-seed200028-v2
[1497/6120] A-kem512-gilbert-prr0p85-L5-rep29-seed200029-v1
[1498/6120] A-kem512-gilbert-prr0p85-L5-rep29-seed200029-v2
[1499/6120] A-kem512-gilbert-prr0p85-L5-rep30-seed200030-v1
[1500/6120] A-kem512-gilbert-prr0p85-L5-rep30-seed200030-v2
[1501/6120] B-kem512-gilbert-prr0p85-L5-loss1-rep01-seed200001-v3
[1502/6120] B-kem512-gilbert-prr0p85-L5-loss1-rep01-seed200001-v4
[1503/6120] B-kem512-gilbert-prr0p85-L5-loss1-rep02-seed200002-v3
[1504/6120] B-kem512-gilbert-prr0p85-L5-loss1-rep02-seed200002-v4
[1505/6120] B-kem512-gilbert-prr0p85-L5-loss1-rep03-seed200003-v3
[1506/6120] B-kem512-gilbert-prr0p85-L5-loss1-rep03-seed200003-v4
[1507/6120] B-kem512-gilbert-prr0p85-L5-loss1-rep04-seed200004-v3
[1508/6120] B-kem512-gilbert-prr0p85-L5-loss1-rep04-seed200004-v4
[1509/6120] B-kem512-gilbert-prr0p85-L5-loss1-rep05-seed200005-v3
[1510/6120] B-kem512-gilbert-prr0p85-L5-loss1-rep05-seed200005-v4
[1511/6120] B-kem512-gilbert-prr0p85-L5-loss1-rep06-seed200006-v3
[1512/6120] B-kem512-gilbert-prr0p85-L5-loss1-rep06-seed200006-v4
[1513/6120] B-kem512-gilbert-prr0p85-L5-loss1-rep07-seed200007-v3
[1514/6120] B-kem512-gilbert-prr0p85-L5-loss1-rep07-seed200007-v4
[1515/6120] B-kem512-gilbert-prr0p85-L5-loss1-rep08-seed200008-v3
[1516/6120] B-kem512-gilbert-prr0p85-L5-loss1-rep08-seed200008-v4
[1517/6120] B-kem512-gilbert-prr0p85-L5-loss1-rep09-seed200009-v3
[1518/6120] B-kem512-gilbert-prr0p85-L5-loss1-rep09-seed200009-v4
[1519/6120] B-kem512-gilbert-prr0p85-L5-loss1-rep10-seed200010-v3
[1520/6120] B-kem512-gilbert-prr0p85-L5-loss1-rep10-seed200010-v4
[1521/6120] B-kem512-gilbert-prr0p85-L5-loss1-rep11-seed200011-v3
[1522/6120] B-kem512-gilbert-prr0p85-L5-loss1-rep11-seed200011-v4
[1523/6120] B-kem512-gilbert-prr0p85-L5-loss1-rep12-seed200012-v3
[1524/6120] B-kem512-gilbert-prr0p85-L5-loss1-rep12-seed200012-v4
[1525/6120] B-kem512-gilbert-prr0p85-L5-loss1-rep13-seed200013-v3
[1526/6120] B-kem512-gilbert-prr0p85-L5-loss1-rep13-seed200013-v4
[1527/6120] B-kem512-gilbert-prr0p85-L5-loss1-rep14-seed200014-v3
[1528/6120] B-kem512-gilbert-prr0p85-L5-loss1-rep14-seed200014-v4
[1529/6120] B-kem512-gilbert-prr0p85-L5-loss1-rep15-seed200015-v3
[1530/6120] B-kem512-gilbert-prr0p85-L5-loss1-rep15-seed200015-v4
[1531/6120] B-kem512-gilbert-prr0p85-L5-loss1-rep16-seed200016-v3
[1532/6120] B-kem512-gilbert-prr0p85-L5-loss1-rep16-seed200016-v4
[1533/6120] B-kem512-gilbert-prr0p85-L5-loss1-rep17-seed200017-v3
[1534/6120] B-kem512-gilbert-prr0p85-L5-loss1-rep17-seed200017-v4
[1535/6120] B-kem512-gilbert-prr0p85-L5-loss1-rep18-seed200018-v3
[1536/6120] B-kem512-gilbert-prr0p85-L5-loss1-rep18-seed200018-v4
[1537/6120] B-kem512-gilbert-prr0p85-L5-loss1-rep19-seed200019-v3
[1538/6120] B-kem512-gilbert-prr0p85-L5-loss1-rep19-seed200019-v4
[1539/6120] B-kem512-gilbert-prr0p85-L5-loss1-rep20-seed200020-v3
[1540/6120] B-kem512-gilbert-prr0p85-L5-loss1-rep20-seed200020-v4
[1541/6120] B-kem512-gilbert-prr0p85-L5-loss1-rep21-seed200021-v3
[1542/6120] B-kem512-gilbert-prr0p85-L5-loss1-rep21-seed200021-v4
[1543/6120] B-kem512-gilbert-prr0p85-L5-loss1-rep22-seed200022-v3
[1544/6120] B-kem512-gilbert-prr0p85-L5-loss1-rep22-seed200022-v4
[1545/6120] B-kem512-gilbert-prr0p85-L5-loss1-rep23-seed200023-v3
[1546/6120] B-kem512-gilbert-prr0p85-L5-loss1-rep23-seed200023-v4
[1547/6120] B-kem512-gilbert-prr0p85-L5-loss1-rep24-seed200024-v3
[1548/6120] B-kem512-gilbert-prr0p85-L5-loss1-rep24-seed200024-v4
[1549/6120] B-kem512-gilbert-prr0p85-L5-loss1-rep25-seed200025-v3
[1550/6120] B-kem512-gilbert-prr0p85-L5-loss1-rep25-seed200025-v4
[1551/6120] B-kem512-gilbert-prr0p85-L5-loss1-rep26-seed200026-v3
[1552/6120] B-kem512-gilbert-prr0p85-L5-loss1-rep26-seed200026-v4
[1553/6120] B-kem512-gilbert-prr0p85-L5-loss1-rep27-seed200027-v3
[1554/6120] B-kem512-gilbert-prr0p85-L5-loss1-rep27-seed200027-v4
[1555/6120] B-kem512-gilbert-prr0p85-L5-loss1-rep28-seed200028-v3
[1556/6120] B-kem512-gilbert-prr0p85-L5-loss1-rep28-seed200028-v4
[1557/6120] B-kem512-gilbert-prr0p85-L5-loss1-rep29-seed200029-v3
[1558/6120] B-kem512-gilbert-prr0p85-L5-loss1-rep29-seed200029-v4
[1559/6120] B-kem512-gilbert-prr0p85-L5-loss1-rep30-seed200030-v3
[1560/6120] B-kem512-gilbert-prr0p85-L5-loss1-rep30-seed200030-v4
[1561/6120] A-kem512-gilbert-prr0p85-L10-rep01-seed200001-v1
[1562/6120] A-kem512-gilbert-prr0p85-L10-rep01-seed200001-v2
[1563/6120] A-kem512-gilbert-prr0p85-L10-rep02-seed200002-v1
[1564/6120] A-kem512-gilbert-prr0p85-L10-rep02-seed200002-v2
[1565/6120] A-kem512-gilbert-prr0p85-L10-rep03-seed200003-v1
[1566/6120] A-kem512-gilbert-prr0p85-L10-rep03-seed200003-v2
[1567/6120] A-kem512-gilbert-prr0p85-L10-rep04-seed200004-v1
[1568/6120] A-kem512-gilbert-prr0p85-L10-rep04-seed200004-v2
[1569/6120] A-kem512-gilbert-prr0p85-L10-rep05-seed200005-v1
[1570/6120] A-kem512-gilbert-prr0p85-L10-rep05-seed200005-v2
[1571/6120] A-kem512-gilbert-prr0p85-L10-rep06-seed200006-v1
[1572/6120] A-kem512-gilbert-prr0p85-L10-rep06-seed200006-v2
[1573/6120] A-kem512-gilbert-prr0p85-L10-rep07-seed200007-v1
[1574/6120] A-kem512-gilbert-prr0p85-L10-rep07-seed200007-v2
[1575/6120] A-kem512-gilbert-prr0p85-L10-rep08-seed200008-v1
[1576/6120] A-kem512-gilbert-prr0p85-L10-rep08-seed200008-v2
[1577/6120] A-kem512-gilbert-prr0p85-L10-rep09-seed200009-v1
[1578/6120] A-kem512-gilbert-prr0p85-L10-rep09-seed200009-v2
[1579/6120] A-kem512-gilbert-prr0p85-L10-rep10-seed200010-v1
[1580/6120] A-kem512-gilbert-prr0p85-L10-rep10-seed200010-v2
[1581/6120] A-kem512-gilbert-prr0p85-L10-rep11-seed200011-v1
[1582/6120] A-kem512-gilbert-prr0p85-L10-rep11-seed200011-v2
[1583/6120] A-kem512-gilbert-prr0p85-L10-rep12-seed200012-v1
[1584/6120] A-kem512-gilbert-prr0p85-L10-rep12-seed200012-v2
[1585/6120] A-kem512-gilbert-prr0p85-L10-rep13-seed200013-v1
[1586/6120] A-kem512-gilbert-prr0p85-L10-rep13-seed200013-v2
[1587/6120] A-kem512-gilbert-prr0p85-L10-rep14-seed200014-v1
[1588/6120] A-kem512-gilbert-prr0p85-L10-rep14-seed200014-v2
[1589/6120] A-kem512-gilbert-prr0p85-L10-rep15-seed200015-v1
[1590/6120] A-kem512-gilbert-prr0p85-L10-rep15-seed200015-v2
[1591/6120] A-kem512-gilbert-prr0p85-L10-rep16-seed200016-v1
[1592/6120] A-kem512-gilbert-prr0p85-L10-rep16-seed200016-v2
[1593/6120] A-kem512-gilbert-prr0p85-L10-rep17-seed200017-v1
[1594/6120] A-kem512-gilbert-prr0p85-L10-rep17-seed200017-v2
[1595/6120] A-kem512-gilbert-prr0p85-L10-rep18-seed200018-v1
[1596/6120] A-kem512-gilbert-prr0p85-L10-rep18-seed200018-v2
[1597/6120] A-kem512-gilbert-prr0p85-L10-rep19-seed200019-v1
[1598/6120] A-kem512-gilbert-prr0p85-L10-rep19-seed200019-v2
[1599/6120] A-kem512-gilbert-prr0p85-L10-rep20-seed200020-v1
[1600/6120] A-kem512-gilbert-prr0p85-L10-rep20-seed200020-v2
[1601/6120] A-kem512-gilbert-prr0p85-L10-rep21-seed200021-v1
[1602/6120] A-kem512-gilbert-prr0p85-L10-rep21-seed200021-v2
[1603/6120] A-kem512-gilbert-prr0p85-L10-rep22-seed200022-v1
[1604/6120] A-kem512-gilbert-prr0p85-L10-rep22-seed200022-v2
[1605/6120] A-kem512-gilbert-prr0p85-L10-rep23-seed200023-v1
[1606/6120] A-kem512-gilbert-prr0p85-L10-rep23-seed200023-v2
[1607/6120] A-kem512-gilbert-prr0p85-L10-rep24-seed200024-v1
[1608/6120] A-kem512-gilbert-prr0p85-L10-rep24-seed200024-v2
[1609/6120] A-kem512-gilbert-prr0p85-L10-rep25-seed200025-v1
[1610/6120] A-kem512-gilbert-prr0p85-L10-rep25-seed200025-v2
[1611/6120] A-kem512-gilbert-prr0p85-L10-rep26-seed200026-v1
[1612/6120] A-kem512-gilbert-prr0p85-L10-rep26-seed200026-v2
[1613/6120] A-kem512-gilbert-prr0p85-L10-rep27-seed200027-v1
[1614/6120] A-kem512-gilbert-prr0p85-L10-rep27-seed200027-v2
[1615/6120] A-kem512-gilbert-prr0p85-L10-rep28-seed200028-v1
[1616/6120] A-kem512-gilbert-prr0p85-L10-rep28-seed200028-v2
[1617/6120] A-kem512-gilbert-prr0p85-L10-rep29-seed200029-v1
[1618/6120] A-kem512-gilbert-prr0p85-L10-rep29-seed200029-v2
[1619/6120] A-kem512-gilbert-prr0p85-L10-rep30-seed200030-v1
[1620/6120] A-kem512-gilbert-prr0p85-L10-rep30-seed200030-v2
[1621/6120] B-kem512-gilbert-prr0p85-L10-loss1-rep01-seed200001-v3
[1622/6120] B-kem512-gilbert-prr0p85-L10-loss1-rep01-seed200001-v4
[1623/6120] B-kem512-gilbert-prr0p85-L10-loss1-rep02-seed200002-v3
[1624/6120] B-kem512-gilbert-prr0p85-L10-loss1-rep02-seed200002-v4
[1625/6120] B-kem512-gilbert-prr0p85-L10-loss1-rep03-seed200003-v3
[1626/6120] B-kem512-gilbert-prr0p85-L10-loss1-rep03-seed200003-v4
[1627/6120] B-kem512-gilbert-prr0p85-L10-loss1-rep04-seed200004-v3
[1628/6120] B-kem512-gilbert-prr0p85-L10-loss1-rep04-seed200004-v4
[1629/6120] B-kem512-gilbert-prr0p85-L10-loss1-rep05-seed200005-v3
[1630/6120] B-kem512-gilbert-prr0p85-L10-loss1-rep05-seed200005-v4
[1631/6120] B-kem512-gilbert-prr0p85-L10-loss1-rep06-seed200006-v3
[1632/6120] B-kem512-gilbert-prr0p85-L10-loss1-rep06-seed200006-v4
[1633/6120] B-kem512-gilbert-prr0p85-L10-loss1-rep07-seed200007-v3
[1634/6120] B-kem512-gilbert-prr0p85-L10-loss1-rep07-seed200007-v4
[1635/6120] B-kem512-gilbert-prr0p85-L10-loss1-rep08-seed200008-v3
[1636/6120] B-kem512-gilbert-prr0p85-L10-loss1-rep08-seed200008-v4
[1637/6120] B-kem512-gilbert-prr0p85-L10-loss1-rep09-seed200009-v3
[1638/6120] B-kem512-gilbert-prr0p85-L10-loss1-rep09-seed200009-v4
[1639/6120] B-kem512-gilbert-prr0p85-L10-loss1-rep10-seed200010-v3
[1640/6120] B-kem512-gilbert-prr0p85-L10-loss1-rep10-seed200010-v4
[1641/6120] B-kem512-gilbert-prr0p85-L10-loss1-rep11-seed200011-v3
[1642/6120] B-kem512-gilbert-prr0p85-L10-loss1-rep11-seed200011-v4
[1643/6120] B-kem512-gilbert-prr0p85-L10-loss1-rep12-seed200012-v3
[1644/6120] B-kem512-gilbert-prr0p85-L10-loss1-rep12-seed200012-v4
[1645/6120] B-kem512-gilbert-prr0p85-L10-loss1-rep13-seed200013-v3
[1646/6120] B-kem512-gilbert-prr0p85-L10-loss1-rep13-seed200013-v4
[1647/6120] B-kem512-gilbert-prr0p85-L10-loss1-rep14-seed200014-v3
[1648/6120] B-kem512-gilbert-prr0p85-L10-loss1-rep14-seed200014-v4
[1649/6120] B-kem512-gilbert-prr0p85-L10-loss1-rep15-seed200015-v3
[1650/6120] B-kem512-gilbert-prr0p85-L10-loss1-rep15-seed200015-v4
[1651/6120] B-kem512-gilbert-prr0p85-L10-loss1-rep16-seed200016-v3
[1652/6120] B-kem512-gilbert-prr0p85-L10-loss1-rep16-seed200016-v4
[1653/6120] B-kem512-gilbert-prr0p85-L10-loss1-rep17-seed200017-v3
[1654/6120] B-kem512-gilbert-prr0p85-L10-loss1-rep17-seed200017-v4
[1655/6120] B-kem512-gilbert-prr0p85-L10-loss1-rep18-seed200018-v3
[1656/6120] B-kem512-gilbert-prr0p85-L10-loss1-rep18-seed200018-v4
[1657/6120] B-kem512-gilbert-prr0p85-L10-loss1-rep19-seed200019-v3
[1658/6120] B-kem512-gilbert-prr0p85-L10-loss1-rep19-seed200019-v4
[1659/6120] B-kem512-gilbert-prr0p85-L10-loss1-rep20-seed200020-v3
[1660/6120] B-kem512-gilbert-prr0p85-L10-loss1-rep20-seed200020-v4
[1661/6120] B-kem512-gilbert-prr0p85-L10-loss1-rep21-seed200021-v3
[1662/6120] B-kem512-gilbert-prr0p85-L10-loss1-rep21-seed200021-v4
[1663/6120] B-kem512-gilbert-prr0p85-L10-loss1-rep22-seed200022-v3
[1664/6120] B-kem512-gilbert-prr0p85-L10-loss1-rep22-seed200022-v4
[1665/6120] B-kem512-gilbert-prr0p85-L10-loss1-rep23-seed200023-v3
[1666/6120] B-kem512-gilbert-prr0p85-L10-loss1-rep23-seed200023-v4
[1667/6120] B-kem512-gilbert-prr0p85-L10-loss1-rep24-seed200024-v3
[1668/6120] B-kem512-gilbert-prr0p85-L10-loss1-rep24-seed200024-v4
[1669/6120] B-kem512-gilbert-prr0p85-L10-loss1-rep25-seed200025-v3
[1670/6120] B-kem512-gilbert-prr0p85-L10-loss1-rep25-seed200025-v4
[1671/6120] B-kem512-gilbert-prr0p85-L10-loss1-rep26-seed200026-v3
[1672/6120] B-kem512-gilbert-prr0p85-L10-loss1-rep26-seed200026-v4
[1673/6120] B-kem512-gilbert-prr0p85-L10-loss1-rep27-seed200027-v3
[1674/6120] B-kem512-gilbert-prr0p85-L10-loss1-rep27-seed200027-v4
[1675/6120] B-kem512-gilbert-prr0p85-L10-loss1-rep28-seed200028-v3
[1676/6120] B-kem512-gilbert-prr0p85-L10-loss1-rep28-seed200028-v4
[1677/6120] B-kem512-gilbert-prr0p85-L10-loss1-rep29-seed200029-v3
[1678/6120] B-kem512-gilbert-prr0p85-L10-loss1-rep29-seed200029-v4
[1679/6120] B-kem512-gilbert-prr0p85-L10-loss1-rep30-seed200030-v3
[1680/6120] B-kem512-gilbert-prr0p85-L10-loss1-rep30-seed200030-v4
[1681/6120] A-kem512-gilbert-prr0p50-L2-rep01-seed200001-v1
[1682/6120] A-kem512-gilbert-prr0p50-L2-rep01-seed200001-v2
[1683/6120] A-kem512-gilbert-prr0p50-L2-rep02-seed200002-v1
[1684/6120] A-kem512-gilbert-prr0p50-L2-rep02-seed200002-v2
[1685/6120] A-kem512-gilbert-prr0p50-L2-rep03-seed200003-v1
[1686/6120] A-kem512-gilbert-prr0p50-L2-rep03-seed200003-v2
[1687/6120] A-kem512-gilbert-prr0p50-L2-rep04-seed200004-v1
[1688/6120] A-kem512-gilbert-prr0p50-L2-rep04-seed200004-v2
[1689/6120] A-kem512-gilbert-prr0p50-L2-rep05-seed200005-v1
[1690/6120] A-kem512-gilbert-prr0p50-L2-rep05-seed200005-v2
[1691/6120] A-kem512-gilbert-prr0p50-L2-rep06-seed200006-v1
[1692/6120] A-kem512-gilbert-prr0p50-L2-rep06-seed200006-v2
[1693/6120] A-kem512-gilbert-prr0p50-L2-rep07-seed200007-v1
[1694/6120] A-kem512-gilbert-prr0p50-L2-rep07-seed200007-v2
[1695/6120] A-kem512-gilbert-prr0p50-L2-rep08-seed200008-v1
[1696/6120] A-kem512-gilbert-prr0p50-L2-rep08-seed200008-v2
[1697/6120] A-kem512-gilbert-prr0p50-L2-rep09-seed200009-v1
[1698/6120] A-kem512-gilbert-prr0p50-L2-rep09-seed200009-v2
[1699/6120] A-kem512-gilbert-prr0p50-L2-rep10-seed200010-v1
[1700/6120] A-kem512-gilbert-prr0p50-L2-rep10-seed200010-v2
[1701/6120] A-kem512-gilbert-prr0p50-L2-rep11-seed200011-v1
[1702/6120] A-kem512-gilbert-prr0p50-L2-rep11-seed200011-v2
[1703/6120] A-kem512-gilbert-prr0p50-L2-rep12-seed200012-v1
[1704/6120] A-kem512-gilbert-prr0p50-L2-rep12-seed200012-v2
[1705/6120] A-kem512-gilbert-prr0p50-L2-rep13-seed200013-v1
[1706/6120] A-kem512-gilbert-prr0p50-L2-rep13-seed200013-v2
[1707/6120] A-kem512-gilbert-prr0p50-L2-rep14-seed200014-v1
[1708/6120] A-kem512-gilbert-prr0p50-L2-rep14-seed200014-v2
[1709/6120] A-kem512-gilbert-prr0p50-L2-rep15-seed200015-v1
[1710/6120] A-kem512-gilbert-prr0p50-L2-rep15-seed200015-v2
[1711/6120] A-kem512-gilbert-prr0p50-L2-rep16-seed200016-v1
[1712/6120] A-kem512-gilbert-prr0p50-L2-rep16-seed200016-v2
[1713/6120] A-kem512-gilbert-prr0p50-L2-rep17-seed200017-v1
[1714/6120] A-kem512-gilbert-prr0p50-L2-rep17-seed200017-v2
[1715/6120] A-kem512-gilbert-prr0p50-L2-rep18-seed200018-v1
[1716/6120] A-kem512-gilbert-prr0p50-L2-rep18-seed200018-v2
[1717/6120] A-kem512-gilbert-prr0p50-L2-rep19-seed200019-v1
[1718/6120] A-kem512-gilbert-prr0p50-L2-rep19-seed200019-v2
[1719/6120] A-kem512-gilbert-prr0p50-L2-rep20-seed200020-v1
[1720/6120] A-kem512-gilbert-prr0p50-L2-rep20-seed200020-v2
[1721/6120] A-kem512-gilbert-prr0p50-L2-rep21-seed200021-v1
[1722/6120] A-kem512-gilbert-prr0p50-L2-rep21-seed200021-v2
[1723/6120] A-kem512-gilbert-prr0p50-L2-rep22-seed200022-v1
[1724/6120] A-kem512-gilbert-prr0p50-L2-rep22-seed200022-v2
[1725/6120] A-kem512-gilbert-prr0p50-L2-rep23-seed200023-v1
[1726/6120] A-kem512-gilbert-prr0p50-L2-rep23-seed200023-v2
[1727/6120] A-kem512-gilbert-prr0p50-L2-rep24-seed200024-v1
[1728/6120] A-kem512-gilbert-prr0p50-L2-rep24-seed200024-v2
[1729/6120] A-kem512-gilbert-prr0p50-L2-rep25-seed200025-v1
[1730/6120] A-kem512-gilbert-prr0p50-L2-rep25-seed200025-v2
[1731/6120] A-kem512-gilbert-prr0p50-L2-rep26-seed200026-v1
[1732/6120] A-kem512-gilbert-prr0p50-L2-rep26-seed200026-v2
[1733/6120] A-kem512-gilbert-prr0p50-L2-rep27-seed200027-v1
[1734/6120] A-kem512-gilbert-prr0p50-L2-rep27-seed200027-v2
[1735/6120] A-kem512-gilbert-prr0p50-L2-rep28-seed200028-v1
[1736/6120] A-kem512-gilbert-prr0p50-L2-rep28-seed200028-v2
[1737/6120] A-kem512-gilbert-prr0p50-L2-rep29-seed200029-v1
[1738/6120] A-kem512-gilbert-prr0p50-L2-rep29-seed200029-v2
[1739/6120] A-kem512-gilbert-prr0p50-L2-rep30-seed200030-v1
[1740/6120] A-kem512-gilbert-prr0p50-L2-rep30-seed200030-v2
[1741/6120] B-kem512-gilbert-prr0p50-L2-loss1-rep01-seed200001-v3
[1742/6120] B-kem512-gilbert-prr0p50-L2-loss1-rep01-seed200001-v4
[1743/6120] B-kem512-gilbert-prr0p50-L2-loss1-rep02-seed200002-v3
[1744/6120] B-kem512-gilbert-prr0p50-L2-loss1-rep02-seed200002-v4
[1745/6120] B-kem512-gilbert-prr0p50-L2-loss1-rep03-seed200003-v3
[1746/6120] B-kem512-gilbert-prr0p50-L2-loss1-rep03-seed200003-v4
[1747/6120] B-kem512-gilbert-prr0p50-L2-loss1-rep04-seed200004-v3
[1748/6120] B-kem512-gilbert-prr0p50-L2-loss1-rep04-seed200004-v4
[1749/6120] B-kem512-gilbert-prr0p50-L2-loss1-rep05-seed200005-v3
[1750/6120] B-kem512-gilbert-prr0p50-L2-loss1-rep05-seed200005-v4
[1751/6120] B-kem512-gilbert-prr0p50-L2-loss1-rep06-seed200006-v3
[1752/6120] B-kem512-gilbert-prr0p50-L2-loss1-rep06-seed200006-v4
[1753/6120] B-kem512-gilbert-prr0p50-L2-loss1-rep07-seed200007-v3
[1754/6120] B-kem512-gilbert-prr0p50-L2-loss1-rep07-seed200007-v4
[1755/6120] B-kem512-gilbert-prr0p50-L2-loss1-rep08-seed200008-v3
[1756/6120] B-kem512-gilbert-prr0p50-L2-loss1-rep08-seed200008-v4
[1757/6120] B-kem512-gilbert-prr0p50-L2-loss1-rep09-seed200009-v3
[1758/6120] B-kem512-gilbert-prr0p50-L2-loss1-rep09-seed200009-v4
[1759/6120] B-kem512-gilbert-prr0p50-L2-loss1-rep10-seed200010-v3
[1760/6120] B-kem512-gilbert-prr0p50-L2-loss1-rep10-seed200010-v4
[1761/6120] B-kem512-gilbert-prr0p50-L2-loss1-rep11-seed200011-v3
[1762/6120] B-kem512-gilbert-prr0p50-L2-loss1-rep11-seed200011-v4
[1763/6120] B-kem512-gilbert-prr0p50-L2-loss1-rep12-seed200012-v3
[1764/6120] B-kem512-gilbert-prr0p50-L2-loss1-rep12-seed200012-v4
[1765/6120] B-kem512-gilbert-prr0p50-L2-loss1-rep13-seed200013-v3
[1766/6120] B-kem512-gilbert-prr0p50-L2-loss1-rep13-seed200013-v4
[1767/6120] B-kem512-gilbert-prr0p50-L2-loss1-rep14-seed200014-v3
[1768/6120] B-kem512-gilbert-prr0p50-L2-loss1-rep14-seed200014-v4
[1769/6120] B-kem512-gilbert-prr0p50-L2-loss1-rep15-seed200015-v3
[1770/6120] B-kem512-gilbert-prr0p50-L2-loss1-rep15-seed200015-v4
[1771/6120] B-kem512-gilbert-prr0p50-L2-loss1-rep16-seed200016-v3
[1772/6120] B-kem512-gilbert-prr0p50-L2-loss1-rep16-seed200016-v4
[1773/6120] B-kem512-gilbert-prr0p50-L2-loss1-rep17-seed200017-v3
[1774/6120] B-kem512-gilbert-prr0p50-L2-loss1-rep17-seed200017-v4
[1775/6120] B-kem512-gilbert-prr0p50-L2-loss1-rep18-seed200018-v3
[1776/6120] B-kem512-gilbert-prr0p50-L2-loss1-rep18-seed200018-v4
[1777/6120] B-kem512-gilbert-prr0p50-L2-loss1-rep19-seed200019-v3
[1778/6120] B-kem512-gilbert-prr0p50-L2-loss1-rep19-seed200019-v4
[1779/6120] B-kem512-gilbert-prr0p50-L2-loss1-rep20-seed200020-v3
[1780/6120] B-kem512-gilbert-prr0p50-L2-loss1-rep20-seed200020-v4
[1781/6120] B-kem512-gilbert-prr0p50-L2-loss1-rep21-seed200021-v3
[1782/6120] B-kem512-gilbert-prr0p50-L2-loss1-rep21-seed200021-v4
[1783/6120] B-kem512-gilbert-prr0p50-L2-loss1-rep22-seed200022-v3
[1784/6120] B-kem512-gilbert-prr0p50-L2-loss1-rep22-seed200022-v4
[1785/6120] B-kem512-gilbert-prr0p50-L2-loss1-rep23-seed200023-v3
[1786/6120] B-kem512-gilbert-prr0p50-L2-loss1-rep23-seed200023-v4
[1787/6120] B-kem512-gilbert-prr0p50-L2-loss1-rep24-seed200024-v3
[1788/6120] B-kem512-gilbert-prr0p50-L2-loss1-rep24-seed200024-v4
[1789/6120] B-kem512-gilbert-prr0p50-L2-loss1-rep25-seed200025-v3
[1790/6120] B-kem512-gilbert-prr0p50-L2-loss1-rep25-seed200025-v4
[1791/6120] B-kem512-gilbert-prr0p50-L2-loss1-rep26-seed200026-v3
[1792/6120] B-kem512-gilbert-prr0p50-L2-loss1-rep26-seed200026-v4
[1793/6120] B-kem512-gilbert-prr0p50-L2-loss1-rep27-seed200027-v3
[1794/6120] B-kem512-gilbert-prr0p50-L2-loss1-rep27-seed200027-v4
[1795/6120] B-kem512-gilbert-prr0p50-L2-loss1-rep28-seed200028-v3
[1796/6120] B-kem512-gilbert-prr0p50-L2-loss1-rep28-seed200028-v4
[1797/6120] B-kem512-gilbert-prr0p50-L2-loss1-rep29-seed200029-v3
[1798/6120] B-kem512-gilbert-prr0p50-L2-loss1-rep29-seed200029-v4
[1799/6120] B-kem512-gilbert-prr0p50-L2-loss1-rep30-seed200030-v3
[1800/6120] B-kem512-gilbert-prr0p50-L2-loss1-rep30-seed200030-v4
[1801/6120] A-kem512-gilbert-prr0p50-L5-rep01-seed200001-v1
[1802/6120] A-kem512-gilbert-prr0p50-L5-rep01-seed200001-v2
[1803/6120] A-kem512-gilbert-prr0p50-L5-rep02-seed200002-v1
[1804/6120] A-kem512-gilbert-prr0p50-L5-rep02-seed200002-v2
[1805/6120] A-kem512-gilbert-prr0p50-L5-rep03-seed200003-v1
[1806/6120] A-kem512-gilbert-prr0p50-L5-rep03-seed200003-v2
[1807/6120] A-kem512-gilbert-prr0p50-L5-rep04-seed200004-v1
[1808/6120] A-kem512-gilbert-prr0p50-L5-rep04-seed200004-v2
[1809/6120] A-kem512-gilbert-prr0p50-L5-rep05-seed200005-v1
[1810/6120] A-kem512-gilbert-prr0p50-L5-rep05-seed200005-v2
[1811/6120] A-kem512-gilbert-prr0p50-L5-rep06-seed200006-v1
[1812/6120] A-kem512-gilbert-prr0p50-L5-rep06-seed200006-v2
[1813/6120] A-kem512-gilbert-prr0p50-L5-rep07-seed200007-v1
[1814/6120] A-kem512-gilbert-prr0p50-L5-rep07-seed200007-v2
[1815/6120] A-kem512-gilbert-prr0p50-L5-rep08-seed200008-v1
[1816/6120] A-kem512-gilbert-prr0p50-L5-rep08-seed200008-v2
[1817/6120] A-kem512-gilbert-prr0p50-L5-rep09-seed200009-v1
[1818/6120] A-kem512-gilbert-prr0p50-L5-rep09-seed200009-v2
[1819/6120] A-kem512-gilbert-prr0p50-L5-rep10-seed200010-v1
[1820/6120] A-kem512-gilbert-prr0p50-L5-rep10-seed200010-v2
[1821/6120] A-kem512-gilbert-prr0p50-L5-rep11-seed200011-v1
[1822/6120] A-kem512-gilbert-prr0p50-L5-rep11-seed200011-v2
[1823/6120] A-kem512-gilbert-prr0p50-L5-rep12-seed200012-v1
[1824/6120] A-kem512-gilbert-prr0p50-L5-rep12-seed200012-v2
[1825/6120] A-kem512-gilbert-prr0p50-L5-rep13-seed200013-v1
[1826/6120] A-kem512-gilbert-prr0p50-L5-rep13-seed200013-v2
[1827/6120] A-kem512-gilbert-prr0p50-L5-rep14-seed200014-v1
[1828/6120] A-kem512-gilbert-prr0p50-L5-rep14-seed200014-v2
[1829/6120] A-kem512-gilbert-prr0p50-L5-rep15-seed200015-v1
[1830/6120] A-kem512-gilbert-prr0p50-L5-rep15-seed200015-v2
[1831/6120] A-kem512-gilbert-prr0p50-L5-rep16-seed200016-v1
[1832/6120] A-kem512-gilbert-prr0p50-L5-rep16-seed200016-v2
[1833/6120] A-kem512-gilbert-prr0p50-L5-rep17-seed200017-v1
[1834/6120] A-kem512-gilbert-prr0p50-L5-rep17-seed200017-v2
[1835/6120] A-kem512-gilbert-prr0p50-L5-rep18-seed200018-v1
[1836/6120] A-kem512-gilbert-prr0p50-L5-rep18-seed200018-v2
[1837/6120] A-kem512-gilbert-prr0p50-L5-rep19-seed200019-v1
[1838/6120] A-kem512-gilbert-prr0p50-L5-rep19-seed200019-v2
[1839/6120] A-kem512-gilbert-prr0p50-L5-rep20-seed200020-v1
[1840/6120] A-kem512-gilbert-prr0p50-L5-rep20-seed200020-v2
[1841/6120] A-kem512-gilbert-prr0p50-L5-rep21-seed200021-v1
[1842/6120] A-kem512-gilbert-prr0p50-L5-rep21-seed200021-v2
[1843/6120] A-kem512-gilbert-prr0p50-L5-rep22-seed200022-v1
[1844/6120] A-kem512-gilbert-prr0p50-L5-rep22-seed200022-v2
[1845/6120] A-kem512-gilbert-prr0p50-L5-rep23-seed200023-v1
[1846/6120] A-kem512-gilbert-prr0p50-L5-rep23-seed200023-v2
[1847/6120] A-kem512-gilbert-prr0p50-L5-rep24-seed200024-v1
[1848/6120] A-kem512-gilbert-prr0p50-L5-rep24-seed200024-v2
[1849/6120] A-kem512-gilbert-prr0p50-L5-rep25-seed200025-v1
[1850/6120] A-kem512-gilbert-prr0p50-L5-rep25-seed200025-v2
[1851/6120] A-kem512-gilbert-prr0p50-L5-rep26-seed200026-v1
[1852/6120] A-kem512-gilbert-prr0p50-L5-rep26-seed200026-v2
[1853/6120] A-kem512-gilbert-prr0p50-L5-rep27-seed200027-v1
[1854/6120] A-kem512-gilbert-prr0p50-L5-rep27-seed200027-v2
[1855/6120] A-kem512-gilbert-prr0p50-L5-rep28-seed200028-v1
[1856/6120] A-kem512-gilbert-prr0p50-L5-rep28-seed200028-v2
[1857/6120] A-kem512-gilbert-prr0p50-L5-rep29-seed200029-v1
[1858/6120] A-kem512-gilbert-prr0p50-L5-rep29-seed200029-v2
[1859/6120] A-kem512-gilbert-prr0p50-L5-rep30-seed200030-v1
[1860/6120] A-kem512-gilbert-prr0p50-L5-rep30-seed200030-v2
[1861/6120] B-kem512-gilbert-prr0p50-L5-loss1-rep01-seed200001-v3
[1862/6120] B-kem512-gilbert-prr0p50-L5-loss1-rep01-seed200001-v4
[1863/6120] B-kem512-gilbert-prr0p50-L5-loss1-rep02-seed200002-v3
[1864/6120] B-kem512-gilbert-prr0p50-L5-loss1-rep02-seed200002-v4
[1865/6120] B-kem512-gilbert-prr0p50-L5-loss1-rep03-seed200003-v3
[1866/6120] B-kem512-gilbert-prr0p50-L5-loss1-rep03-seed200003-v4
[1867/6120] B-kem512-gilbert-prr0p50-L5-loss1-rep04-seed200004-v3
[1868/6120] B-kem512-gilbert-prr0p50-L5-loss1-rep04-seed200004-v4
[1869/6120] B-kem512-gilbert-prr0p50-L5-loss1-rep05-seed200005-v3
[1870/6120] B-kem512-gilbert-prr0p50-L5-loss1-rep05-seed200005-v4
[1871/6120] B-kem512-gilbert-prr0p50-L5-loss1-rep06-seed200006-v3
[1872/6120] B-kem512-gilbert-prr0p50-L5-loss1-rep06-seed200006-v4
[1873/6120] B-kem512-gilbert-prr0p50-L5-loss1-rep07-seed200007-v3
[1874/6120] B-kem512-gilbert-prr0p50-L5-loss1-rep07-seed200007-v4
[1875/6120] B-kem512-gilbert-prr0p50-L5-loss1-rep08-seed200008-v3
[1876/6120] B-kem512-gilbert-prr0p50-L5-loss1-rep08-seed200008-v4
[1877/6120] B-kem512-gilbert-prr0p50-L5-loss1-rep09-seed200009-v3
[1878/6120] B-kem512-gilbert-prr0p50-L5-loss1-rep09-seed200009-v4
[1879/6120] B-kem512-gilbert-prr0p50-L5-loss1-rep10-seed200010-v3
[1880/6120] B-kem512-gilbert-prr0p50-L5-loss1-rep10-seed200010-v4
[1881/6120] B-kem512-gilbert-prr0p50-L5-loss1-rep11-seed200011-v3
[1882/6120] B-kem512-gilbert-prr0p50-L5-loss1-rep11-seed200011-v4
[1883/6120] B-kem512-gilbert-prr0p50-L5-loss1-rep12-seed200012-v3
[1884/6120] B-kem512-gilbert-prr0p50-L5-loss1-rep12-seed200012-v4
[1885/6120] B-kem512-gilbert-prr0p50-L5-loss1-rep13-seed200013-v3
[1886/6120] B-kem512-gilbert-prr0p50-L5-loss1-rep13-seed200013-v4
[1887/6120] B-kem512-gilbert-prr0p50-L5-loss1-rep14-seed200014-v3
[1888/6120] B-kem512-gilbert-prr0p50-L5-loss1-rep14-seed200014-v4
[1889/6120] B-kem512-gilbert-prr0p50-L5-loss1-rep15-seed200015-v3
[1890/6120] B-kem512-gilbert-prr0p50-L5-loss1-rep15-seed200015-v4
[1891/6120] B-kem512-gilbert-prr0p50-L5-loss1-rep16-seed200016-v3
[1892/6120] B-kem512-gilbert-prr0p50-L5-loss1-rep16-seed200016-v4
[1893/6120] B-kem512-gilbert-prr0p50-L5-loss1-rep17-seed200017-v3
[1894/6120] B-kem512-gilbert-prr0p50-L5-loss1-rep17-seed200017-v4
[1895/6120] B-kem512-gilbert-prr0p50-L5-loss1-rep18-seed200018-v3
[1896/6120] B-kem512-gilbert-prr0p50-L5-loss1-rep18-seed200018-v4
[1897/6120] B-kem512-gilbert-prr0p50-L5-loss1-rep19-seed200019-v3
[1898/6120] B-kem512-gilbert-prr0p50-L5-loss1-rep19-seed200019-v4
[1899/6120] B-kem512-gilbert-prr0p50-L5-loss1-rep20-seed200020-v3
[1900/6120] B-kem512-gilbert-prr0p50-L5-loss1-rep20-seed200020-v4
[1901/6120] B-kem512-gilbert-prr0p50-L5-loss1-rep21-seed200021-v3
[1902/6120] B-kem512-gilbert-prr0p50-L5-loss1-rep21-seed200021-v4
[1903/6120] B-kem512-gilbert-prr0p50-L5-loss1-rep22-seed200022-v3
[1904/6120] B-kem512-gilbert-prr0p50-L5-loss1-rep22-seed200022-v4
[1905/6120] B-kem512-gilbert-prr0p50-L5-loss1-rep23-seed200023-v3
[1906/6120] B-kem512-gilbert-prr0p50-L5-loss1-rep23-seed200023-v4
[1907/6120] B-kem512-gilbert-prr0p50-L5-loss1-rep24-seed200024-v3
[1908/6120] B-kem512-gilbert-prr0p50-L5-loss1-rep24-seed200024-v4
[1909/6120] B-kem512-gilbert-prr0p50-L5-loss1-rep25-seed200025-v3
[1910/6120] B-kem512-gilbert-prr0p50-L5-loss1-rep25-seed200025-v4
[1911/6120] B-kem512-gilbert-prr0p50-L5-loss1-rep26-seed200026-v3
[1912/6120] B-kem512-gilbert-prr0p50-L5-loss1-rep26-seed200026-v4
[1913/6120] B-kem512-gilbert-prr0p50-L5-loss1-rep27-seed200027-v3
[1914/6120] B-kem512-gilbert-prr0p50-L5-loss1-rep27-seed200027-v4
[1915/6120] B-kem512-gilbert-prr0p50-L5-loss1-rep28-seed200028-v3
[1916/6120] B-kem512-gilbert-prr0p50-L5-loss1-rep28-seed200028-v4
[1917/6120] B-kem512-gilbert-prr0p50-L5-loss1-rep29-seed200029-v3
[1918/6120] B-kem512-gilbert-prr0p50-L5-loss1-rep29-seed200029-v4
[1919/6120] B-kem512-gilbert-prr0p50-L5-loss1-rep30-seed200030-v3
[1920/6120] B-kem512-gilbert-prr0p50-L5-loss1-rep30-seed200030-v4
[1921/6120] A-kem512-gilbert-prr0p50-L10-rep01-seed200001-v1
[1922/6120] A-kem512-gilbert-prr0p50-L10-rep01-seed200001-v2
[1923/6120] A-kem512-gilbert-prr0p50-L10-rep02-seed200002-v1
[1924/6120] A-kem512-gilbert-prr0p50-L10-rep02-seed200002-v2
[1925/6120] A-kem512-gilbert-prr0p50-L10-rep03-seed200003-v1
[1926/6120] A-kem512-gilbert-prr0p50-L10-rep03-seed200003-v2
[1927/6120] A-kem512-gilbert-prr0p50-L10-rep04-seed200004-v1
[1928/6120] A-kem512-gilbert-prr0p50-L10-rep04-seed200004-v2
[1929/6120] A-kem512-gilbert-prr0p50-L10-rep05-seed200005-v1
[1930/6120] A-kem512-gilbert-prr0p50-L10-rep05-seed200005-v2
[1931/6120] A-kem512-gilbert-prr0p50-L10-rep06-seed200006-v1
[1932/6120] A-kem512-gilbert-prr0p50-L10-rep06-seed200006-v2
[1933/6120] A-kem512-gilbert-prr0p50-L10-rep07-seed200007-v1
[1934/6120] A-kem512-gilbert-prr0p50-L10-rep07-seed200007-v2
[1935/6120] A-kem512-gilbert-prr0p50-L10-rep08-seed200008-v1
[1936/6120] A-kem512-gilbert-prr0p50-L10-rep08-seed200008-v2
[1937/6120] A-kem512-gilbert-prr0p50-L10-rep09-seed200009-v1
[1938/6120] A-kem512-gilbert-prr0p50-L10-rep09-seed200009-v2
[1939/6120] A-kem512-gilbert-prr0p50-L10-rep10-seed200010-v1
[1940/6120] A-kem512-gilbert-prr0p50-L10-rep10-seed200010-v2
[1941/6120] A-kem512-gilbert-prr0p50-L10-rep11-seed200011-v1
[1942/6120] A-kem512-gilbert-prr0p50-L10-rep11-seed200011-v2
[1943/6120] A-kem512-gilbert-prr0p50-L10-rep12-seed200012-v1
[1944/6120] A-kem512-gilbert-prr0p50-L10-rep12-seed200012-v2
[1945/6120] A-kem512-gilbert-prr0p50-L10-rep13-seed200013-v1
[1946/6120] A-kem512-gilbert-prr0p50-L10-rep13-seed200013-v2
[1947/6120] A-kem512-gilbert-prr0p50-L10-rep14-seed200014-v1
[1948/6120] A-kem512-gilbert-prr0p50-L10-rep14-seed200014-v2
[1949/6120] A-kem512-gilbert-prr0p50-L10-rep15-seed200015-v1
[1950/6120] A-kem512-gilbert-prr0p50-L10-rep15-seed200015-v2
[1951/6120] A-kem512-gilbert-prr0p50-L10-rep16-seed200016-v1
[1952/6120] A-kem512-gilbert-prr0p50-L10-rep16-seed200016-v2
[1953/6120] A-kem512-gilbert-prr0p50-L10-rep17-seed200017-v1
[1954/6120] A-kem512-gilbert-prr0p50-L10-rep17-seed200017-v2
[1955/6120] A-kem512-gilbert-prr0p50-L10-rep18-seed200018-v1
[1956/6120] A-kem512-gilbert-prr0p50-L10-rep18-seed200018-v2
[1957/6120] A-kem512-gilbert-prr0p50-L10-rep19-seed200019-v1
[1958/6120] A-kem512-gilbert-prr0p50-L10-rep19-seed200019-v2
[1959/6120] A-kem512-gilbert-prr0p50-L10-rep20-seed200020-v1
[1960/6120] A-kem512-gilbert-prr0p50-L10-rep20-seed200020-v2
[1961/6120] A-kem512-gilbert-prr0p50-L10-rep21-seed200021-v1
[1962/6120] A-kem512-gilbert-prr0p50-L10-rep21-seed200021-v2
[1963/6120] A-kem512-gilbert-prr0p50-L10-rep22-seed200022-v1
[1964/6120] A-kem512-gilbert-prr0p50-L10-rep22-seed200022-v2
[1965/6120] A-kem512-gilbert-prr0p50-L10-rep23-seed200023-v1
[1966/6120] A-kem512-gilbert-prr0p50-L10-rep23-seed200023-v2
[1967/6120] A-kem512-gilbert-prr0p50-L10-rep24-seed200024-v1
[1968/6120] A-kem512-gilbert-prr0p50-L10-rep24-seed200024-v2
[1969/6120] A-kem512-gilbert-prr0p50-L10-rep25-seed200025-v1
[1970/6120] A-kem512-gilbert-prr0p50-L10-rep25-seed200025-v2
[1971/6120] A-kem512-gilbert-prr0p50-L10-rep26-seed200026-v1
[1972/6120] A-kem512-gilbert-prr0p50-L10-rep26-seed200026-v2
[1973/6120] A-kem512-gilbert-prr0p50-L10-rep27-seed200027-v1
[1974/6120] A-kem512-gilbert-prr0p50-L10-rep27-seed200027-v2
[1975/6120] A-kem512-gilbert-prr0p50-L10-rep28-seed200028-v1
[1976/6120] A-kem512-gilbert-prr0p50-L10-rep28-seed200028-v2
[1977/6120] A-kem512-gilbert-prr0p50-L10-rep29-seed200029-v1
[1978/6120] A-kem512-gilbert-prr0p50-L10-rep29-seed200029-v2
[1979/6120] A-kem512-gilbert-prr0p50-L10-rep30-seed200030-v1
[1980/6120] A-kem512-gilbert-prr0p50-L10-rep30-seed200030-v2
[1981/6120] B-kem512-gilbert-prr0p50-L10-loss1-rep01-seed200001-v3
[1982/6120] B-kem512-gilbert-prr0p50-L10-loss1-rep01-seed200001-v4
[1983/6120] B-kem512-gilbert-prr0p50-L10-loss1-rep02-seed200002-v3
[1984/6120] B-kem512-gilbert-prr0p50-L10-loss1-rep02-seed200002-v4
[1985/6120] B-kem512-gilbert-prr0p50-L10-loss1-rep03-seed200003-v3
[1986/6120] B-kem512-gilbert-prr0p50-L10-loss1-rep03-seed200003-v4
[1987/6120] B-kem512-gilbert-prr0p50-L10-loss1-rep04-seed200004-v3
[1988/6120] B-kem512-gilbert-prr0p50-L10-loss1-rep04-seed200004-v4
[1989/6120] B-kem512-gilbert-prr0p50-L10-loss1-rep05-seed200005-v3
[1990/6120] B-kem512-gilbert-prr0p50-L10-loss1-rep05-seed200005-v4
[1991/6120] B-kem512-gilbert-prr0p50-L10-loss1-rep06-seed200006-v3
[1992/6120] B-kem512-gilbert-prr0p50-L10-loss1-rep06-seed200006-v4
[1993/6120] B-kem512-gilbert-prr0p50-L10-loss1-rep07-seed200007-v3
[1994/6120] B-kem512-gilbert-prr0p50-L10-loss1-rep07-seed200007-v4
[1995/6120] B-kem512-gilbert-prr0p50-L10-loss1-rep08-seed200008-v3
[1996/6120] B-kem512-gilbert-prr0p50-L10-loss1-rep08-seed200008-v4
[1997/6120] B-kem512-gilbert-prr0p50-L10-loss1-rep09-seed200009-v3
[1998/6120] B-kem512-gilbert-prr0p50-L10-loss1-rep09-seed200009-v4
[1999/6120] B-kem512-gilbert-prr0p50-L10-loss1-rep10-seed200010-v3
[2000/6120] B-kem512-gilbert-prr0p50-L10-loss1-rep10-seed200010-v4
[2001/6120] B-kem512-gilbert-prr0p50-L10-loss1-rep11-seed200011-v3
[2002/6120] B-kem512-gilbert-prr0p50-L10-loss1-rep11-seed200011-v4
[2003/6120] B-kem512-gilbert-prr0p50-L10-loss1-rep12-seed200012-v3
[2004/6120] B-kem512-gilbert-prr0p50-L10-loss1-rep12-seed200012-v4
[2005/6120] B-kem512-gilbert-prr0p50-L10-loss1-rep13-seed200013-v3
[2006/6120] B-kem512-gilbert-prr0p50-L10-loss1-rep13-seed200013-v4
[2007/6120] B-kem512-gilbert-prr0p50-L10-loss1-rep14-seed200014-v3
[2008/6120] B-kem512-gilbert-prr0p50-L10-loss1-rep14-seed200014-v4
[2009/6120] B-kem512-gilbert-prr0p50-L10-loss1-rep15-seed200015-v3
[2010/6120] B-kem512-gilbert-prr0p50-L10-loss1-rep15-seed200015-v4
[2011/6120] B-kem512-gilbert-prr0p50-L10-loss1-rep16-seed200016-v3
[2012/6120] B-kem512-gilbert-prr0p50-L10-loss1-rep16-seed200016-v4
[2013/6120] B-kem512-gilbert-prr0p50-L10-loss1-rep17-seed200017-v3
[2014/6120] B-kem512-gilbert-prr0p50-L10-loss1-rep17-seed200017-v4
[2015/6120] B-kem512-gilbert-prr0p50-L10-loss1-rep18-seed200018-v3
[2016/6120] B-kem512-gilbert-prr0p50-L10-loss1-rep18-seed200018-v4
[2017/6120] B-kem512-gilbert-prr0p50-L10-loss1-rep19-seed200019-v3
[2018/6120] B-kem512-gilbert-prr0p50-L10-loss1-rep19-seed200019-v4
[2019/6120] B-kem512-gilbert-prr0p50-L10-loss1-rep20-seed200020-v3
[2020/6120] B-kem512-gilbert-prr0p50-L10-loss1-rep20-seed200020-v4
[2021/6120] B-kem512-gilbert-prr0p50-L10-loss1-rep21-seed200021-v3
[2022/6120] B-kem512-gilbert-prr0p50-L10-loss1-rep21-seed200021-v4
[2023/6120] B-kem512-gilbert-prr0p50-L10-loss1-rep22-seed200022-v3
[2024/6120] B-kem512-gilbert-prr0p50-L10-loss1-rep22-seed200022-v4
[2025/6120] B-kem512-gilbert-prr0p50-L10-loss1-rep23-seed200023-v3
[2026/6120] B-kem512-gilbert-prr0p50-L10-loss1-rep23-seed200023-v4
[2027/6120] B-kem512-gilbert-prr0p50-L10-loss1-rep24-seed200024-v3
[2028/6120] B-kem512-gilbert-prr0p50-L10-loss1-rep24-seed200024-v4
[2029/6120] B-kem512-gilbert-prr0p50-L10-loss1-rep25-seed200025-v3
[2030/6120] B-kem512-gilbert-prr0p50-L10-loss1-rep25-seed200025-v4
[2031/6120] B-kem512-gilbert-prr0p50-L10-loss1-rep26-seed200026-v3
[2032/6120] B-kem512-gilbert-prr0p50-L10-loss1-rep26-seed200026-v4
[2033/6120] B-kem512-gilbert-prr0p50-L10-loss1-rep27-seed200027-v3
[2034/6120] B-kem512-gilbert-prr0p50-L10-loss1-rep27-seed200027-v4
[2035/6120] B-kem512-gilbert-prr0p50-L10-loss1-rep28-seed200028-v3
[2036/6120] B-kem512-gilbert-prr0p50-L10-loss1-rep28-seed200028-v4
[2037/6120] B-kem512-gilbert-prr0p50-L10-loss1-rep29-seed200029-v3
[2038/6120] B-kem512-gilbert-prr0p50-L10-loss1-rep29-seed200029-v4
[2039/6120] B-kem512-gilbert-prr0p50-L10-loss1-rep30-seed200030-v3
[2040/6120] B-kem512-gilbert-prr0p50-L10-loss1-rep30-seed200030-v4
[2041/6120] A-kem768-fixed-prr1p00-rep01-seed200001-v1
[2042/6120] A-kem768-fixed-prr1p00-rep01-seed200001-v2
[2043/6120] A-kem768-fixed-prr1p00-rep02-seed200002-v1
[2044/6120] A-kem768-fixed-prr1p00-rep02-seed200002-v2
[2045/6120] A-kem768-fixed-prr1p00-rep03-seed200003-v1
[2046/6120] A-kem768-fixed-prr1p00-rep03-seed200003-v2
[2047/6120] A-kem768-fixed-prr1p00-rep04-seed200004-v1
[2048/6120] A-kem768-fixed-prr1p00-rep04-seed200004-v2
[2049/6120] A-kem768-fixed-prr1p00-rep05-seed200005-v1
[2050/6120] A-kem768-fixed-prr1p00-rep05-seed200005-v2
[2051/6120] A-kem768-fixed-prr1p00-rep06-seed200006-v1
[2052/6120] A-kem768-fixed-prr1p00-rep06-seed200006-v2
[2053/6120] A-kem768-fixed-prr1p00-rep07-seed200007-v1
[2054/6120] A-kem768-fixed-prr1p00-rep07-seed200007-v2
[2055/6120] A-kem768-fixed-prr1p00-rep08-seed200008-v1
[2056/6120] A-kem768-fixed-prr1p00-rep08-seed200008-v2
[2057/6120] A-kem768-fixed-prr1p00-rep09-seed200009-v1
[2058/6120] A-kem768-fixed-prr1p00-rep09-seed200009-v2
[2059/6120] A-kem768-fixed-prr1p00-rep10-seed200010-v1
[2060/6120] A-kem768-fixed-prr1p00-rep10-seed200010-v2
[2061/6120] A-kem768-fixed-prr1p00-rep11-seed200011-v1
[2062/6120] A-kem768-fixed-prr1p00-rep11-seed200011-v2
[2063/6120] A-kem768-fixed-prr1p00-rep12-seed200012-v1
[2064/6120] A-kem768-fixed-prr1p00-rep12-seed200012-v2
[2065/6120] A-kem768-fixed-prr1p00-rep13-seed200013-v1
[2066/6120] A-kem768-fixed-prr1p00-rep13-seed200013-v2
[2067/6120] A-kem768-fixed-prr1p00-rep14-seed200014-v1
[2068/6120] A-kem768-fixed-prr1p00-rep14-seed200014-v2
[2069/6120] A-kem768-fixed-prr1p00-rep15-seed200015-v1
[2070/6120] A-kem768-fixed-prr1p00-rep15-seed200015-v2
[2071/6120] A-kem768-fixed-prr1p00-rep16-seed200016-v1
[2072/6120] A-kem768-fixed-prr1p00-rep16-seed200016-v2
[2073/6120] A-kem768-fixed-prr1p00-rep17-seed200017-v1
[2074/6120] A-kem768-fixed-prr1p00-rep17-seed200017-v2
[2075/6120] A-kem768-fixed-prr1p00-rep18-seed200018-v1
[2076/6120] A-kem768-fixed-prr1p00-rep18-seed200018-v2
[2077/6120] A-kem768-fixed-prr1p00-rep19-seed200019-v1
[2078/6120] A-kem768-fixed-prr1p00-rep19-seed200019-v2
[2079/6120] A-kem768-fixed-prr1p00-rep20-seed200020-v1
[2080/6120] A-kem768-fixed-prr1p00-rep20-seed200020-v2
[2081/6120] A-kem768-fixed-prr1p00-rep21-seed200021-v1
[2082/6120] A-kem768-fixed-prr1p00-rep21-seed200021-v2
[2083/6120] A-kem768-fixed-prr1p00-rep22-seed200022-v1
[2084/6120] A-kem768-fixed-prr1p00-rep22-seed200022-v2
[2085/6120] A-kem768-fixed-prr1p00-rep23-seed200023-v1
[2086/6120] A-kem768-fixed-prr1p00-rep23-seed200023-v2
[2087/6120] A-kem768-fixed-prr1p00-rep24-seed200024-v1
[2088/6120] A-kem768-fixed-prr1p00-rep24-seed200024-v2
[2089/6120] A-kem768-fixed-prr1p00-rep25-seed200025-v1
[2090/6120] A-kem768-fixed-prr1p00-rep25-seed200025-v2
[2091/6120] A-kem768-fixed-prr1p00-rep26-seed200026-v1
[2092/6120] A-kem768-fixed-prr1p00-rep26-seed200026-v2
[2093/6120] A-kem768-fixed-prr1p00-rep27-seed200027-v1
[2094/6120] A-kem768-fixed-prr1p00-rep27-seed200027-v2
[2095/6120] A-kem768-fixed-prr1p00-rep28-seed200028-v1
[2096/6120] A-kem768-fixed-prr1p00-rep28-seed200028-v2
[2097/6120] A-kem768-fixed-prr1p00-rep29-seed200029-v1
[2098/6120] A-kem768-fixed-prr1p00-rep29-seed200029-v2
[2099/6120] A-kem768-fixed-prr1p00-rep30-seed200030-v1
[2100/6120] A-kem768-fixed-prr1p00-rep30-seed200030-v2
[2101/6120] B-kem768-fixed-prr1p00-loss1-rep01-seed200001-v3
[2102/6120] B-kem768-fixed-prr1p00-loss1-rep01-seed200001-v4
[2103/6120] B-kem768-fixed-prr1p00-loss1-rep02-seed200002-v3
[2104/6120] B-kem768-fixed-prr1p00-loss1-rep02-seed200002-v4
[2105/6120] B-kem768-fixed-prr1p00-loss1-rep03-seed200003-v3
[2106/6120] B-kem768-fixed-prr1p00-loss1-rep03-seed200003-v4
[2107/6120] B-kem768-fixed-prr1p00-loss1-rep04-seed200004-v3
[2108/6120] B-kem768-fixed-prr1p00-loss1-rep04-seed200004-v4
[2109/6120] B-kem768-fixed-prr1p00-loss1-rep05-seed200005-v3
[2110/6120] B-kem768-fixed-prr1p00-loss1-rep05-seed200005-v4
[2111/6120] B-kem768-fixed-prr1p00-loss1-rep06-seed200006-v3
[2112/6120] B-kem768-fixed-prr1p00-loss1-rep06-seed200006-v4
[2113/6120] B-kem768-fixed-prr1p00-loss1-rep07-seed200007-v3
[2114/6120] B-kem768-fixed-prr1p00-loss1-rep07-seed200007-v4
[2115/6120] B-kem768-fixed-prr1p00-loss1-rep08-seed200008-v3
[2116/6120] B-kem768-fixed-prr1p00-loss1-rep08-seed200008-v4
[2117/6120] B-kem768-fixed-prr1p00-loss1-rep09-seed200009-v3
[2118/6120] B-kem768-fixed-prr1p00-loss1-rep09-seed200009-v4
[2119/6120] B-kem768-fixed-prr1p00-loss1-rep10-seed200010-v3
[2120/6120] B-kem768-fixed-prr1p00-loss1-rep10-seed200010-v4
[2121/6120] B-kem768-fixed-prr1p00-loss1-rep11-seed200011-v3
[2122/6120] B-kem768-fixed-prr1p00-loss1-rep11-seed200011-v4
[2123/6120] B-kem768-fixed-prr1p00-loss1-rep12-seed200012-v3
[2124/6120] B-kem768-fixed-prr1p00-loss1-rep12-seed200012-v4
[2125/6120] B-kem768-fixed-prr1p00-loss1-rep13-seed200013-v3
[2126/6120] B-kem768-fixed-prr1p00-loss1-rep13-seed200013-v4
[2127/6120] B-kem768-fixed-prr1p00-loss1-rep14-seed200014-v3
[2128/6120] B-kem768-fixed-prr1p00-loss1-rep14-seed200014-v4
[2129/6120] B-kem768-fixed-prr1p00-loss1-rep15-seed200015-v3
[2130/6120] B-kem768-fixed-prr1p00-loss1-rep15-seed200015-v4
[2131/6120] B-kem768-fixed-prr1p00-loss1-rep16-seed200016-v3
[2132/6120] B-kem768-fixed-prr1p00-loss1-rep16-seed200016-v4
[2133/6120] B-kem768-fixed-prr1p00-loss1-rep17-seed200017-v3
[2134/6120] B-kem768-fixed-prr1p00-loss1-rep17-seed200017-v4
[2135/6120] B-kem768-fixed-prr1p00-loss1-rep18-seed200018-v3
[2136/6120] B-kem768-fixed-prr1p00-loss1-rep18-seed200018-v4
[2137/6120] B-kem768-fixed-prr1p00-loss1-rep19-seed200019-v3
[2138/6120] B-kem768-fixed-prr1p00-loss1-rep19-seed200019-v4
[2139/6120] B-kem768-fixed-prr1p00-loss1-rep20-seed200020-v3
[2140/6120] B-kem768-fixed-prr1p00-loss1-rep20-seed200020-v4
[2141/6120] B-kem768-fixed-prr1p00-loss1-rep21-seed200021-v3
[2142/6120] B-kem768-fixed-prr1p00-loss1-rep21-seed200021-v4
[2143/6120] B-kem768-fixed-prr1p00-loss1-rep22-seed200022-v3
[2144/6120] B-kem768-fixed-prr1p00-loss1-rep22-seed200022-v4
[2145/6120] B-kem768-fixed-prr1p00-loss1-rep23-seed200023-v3
[2146/6120] B-kem768-fixed-prr1p00-loss1-rep23-seed200023-v4
[2147/6120] B-kem768-fixed-prr1p00-loss1-rep24-seed200024-v3
[2148/6120] B-kem768-fixed-prr1p00-loss1-rep24-seed200024-v4
[2149/6120] B-kem768-fixed-prr1p00-loss1-rep25-seed200025-v3
[2150/6120] B-kem768-fixed-prr1p00-loss1-rep25-seed200025-v4
[2151/6120] B-kem768-fixed-prr1p00-loss1-rep26-seed200026-v3
[2152/6120] B-kem768-fixed-prr1p00-loss1-rep26-seed200026-v4
[2153/6120] B-kem768-fixed-prr1p00-loss1-rep27-seed200027-v3
[2154/6120] B-kem768-fixed-prr1p00-loss1-rep27-seed200027-v4
[2155/6120] B-kem768-fixed-prr1p00-loss1-rep28-seed200028-v3
[2156/6120] B-kem768-fixed-prr1p00-loss1-rep28-seed200028-v4
[2157/6120] B-kem768-fixed-prr1p00-loss1-rep29-seed200029-v3
[2158/6120] B-kem768-fixed-prr1p00-loss1-rep29-seed200029-v4
[2159/6120] B-kem768-fixed-prr1p00-loss1-rep30-seed200030-v3
[2160/6120] B-kem768-fixed-prr1p00-loss1-rep30-seed200030-v4
[2161/6120] A-kem768-fixed-prr0p95-rep01-seed200001-v1
[2162/6120] A-kem768-fixed-prr0p95-rep01-seed200001-v2
[2163/6120] A-kem768-fixed-prr0p95-rep02-seed200002-v1
[2164/6120] A-kem768-fixed-prr0p95-rep02-seed200002-v2
[2165/6120] A-kem768-fixed-prr0p95-rep03-seed200003-v1
[2166/6120] A-kem768-fixed-prr0p95-rep03-seed200003-v2
[2167/6120] A-kem768-fixed-prr0p95-rep04-seed200004-v1
[2168/6120] A-kem768-fixed-prr0p95-rep04-seed200004-v2
[2169/6120] A-kem768-fixed-prr0p95-rep05-seed200005-v1
[2170/6120] A-kem768-fixed-prr0p95-rep05-seed200005-v2
[2171/6120] A-kem768-fixed-prr0p95-rep06-seed200006-v1
[2172/6120] A-kem768-fixed-prr0p95-rep06-seed200006-v2
[2173/6120] A-kem768-fixed-prr0p95-rep07-seed200007-v1
[2174/6120] A-kem768-fixed-prr0p95-rep07-seed200007-v2
[2175/6120] A-kem768-fixed-prr0p95-rep08-seed200008-v1
[2176/6120] A-kem768-fixed-prr0p95-rep08-seed200008-v2
[2177/6120] A-kem768-fixed-prr0p95-rep09-seed200009-v1
[2178/6120] A-kem768-fixed-prr0p95-rep09-seed200009-v2
[2179/6120] A-kem768-fixed-prr0p95-rep10-seed200010-v1
[2180/6120] A-kem768-fixed-prr0p95-rep10-seed200010-v2
[2181/6120] A-kem768-fixed-prr0p95-rep11-seed200011-v1
[2182/6120] A-kem768-fixed-prr0p95-rep11-seed200011-v2
[2183/6120] A-kem768-fixed-prr0p95-rep12-seed200012-v1
[2184/6120] A-kem768-fixed-prr0p95-rep12-seed200012-v2
[2185/6120] A-kem768-fixed-prr0p95-rep13-seed200013-v1
[2186/6120] A-kem768-fixed-prr0p95-rep13-seed200013-v2
[2187/6120] A-kem768-fixed-prr0p95-rep14-seed200014-v1
[2188/6120] A-kem768-fixed-prr0p95-rep14-seed200014-v2
[2189/6120] A-kem768-fixed-prr0p95-rep15-seed200015-v1
[2190/6120] A-kem768-fixed-prr0p95-rep15-seed200015-v2
[2191/6120] A-kem768-fixed-prr0p95-rep16-seed200016-v1
[2192/6120] A-kem768-fixed-prr0p95-rep16-seed200016-v2
[2193/6120] A-kem768-fixed-prr0p95-rep17-seed200017-v1
[2194/6120] A-kem768-fixed-prr0p95-rep17-seed200017-v2
[2195/6120] A-kem768-fixed-prr0p95-rep18-seed200018-v1
[2196/6120] A-kem768-fixed-prr0p95-rep18-seed200018-v2
[2197/6120] A-kem768-fixed-prr0p95-rep19-seed200019-v1
[2198/6120] A-kem768-fixed-prr0p95-rep19-seed200019-v2
[2199/6120] A-kem768-fixed-prr0p95-rep20-seed200020-v1
[2200/6120] A-kem768-fixed-prr0p95-rep20-seed200020-v2
[2201/6120] A-kem768-fixed-prr0p95-rep21-seed200021-v1
[2202/6120] A-kem768-fixed-prr0p95-rep21-seed200021-v2
[2203/6120] A-kem768-fixed-prr0p95-rep22-seed200022-v1
[2204/6120] A-kem768-fixed-prr0p95-rep22-seed200022-v2
[2205/6120] A-kem768-fixed-prr0p95-rep23-seed200023-v1
[2206/6120] A-kem768-fixed-prr0p95-rep23-seed200023-v2
[2207/6120] A-kem768-fixed-prr0p95-rep24-seed200024-v1
[2208/6120] A-kem768-fixed-prr0p95-rep24-seed200024-v2
[2209/6120] A-kem768-fixed-prr0p95-rep25-seed200025-v1
[2210/6120] A-kem768-fixed-prr0p95-rep25-seed200025-v2
[2211/6120] A-kem768-fixed-prr0p95-rep26-seed200026-v1
[2212/6120] A-kem768-fixed-prr0p95-rep26-seed200026-v2
[2213/6120] A-kem768-fixed-prr0p95-rep27-seed200027-v1
[2214/6120] A-kem768-fixed-prr0p95-rep27-seed200027-v2
[2215/6120] A-kem768-fixed-prr0p95-rep28-seed200028-v1
[2216/6120] A-kem768-fixed-prr0p95-rep28-seed200028-v2
[2217/6120] A-kem768-fixed-prr0p95-rep29-seed200029-v1
[2218/6120] A-kem768-fixed-prr0p95-rep29-seed200029-v2
[2219/6120] A-kem768-fixed-prr0p95-rep30-seed200030-v1
[2220/6120] A-kem768-fixed-prr0p95-rep30-seed200030-v2
[2221/6120] B-kem768-fixed-prr0p95-loss1-rep01-seed200001-v3
[2222/6120] B-kem768-fixed-prr0p95-loss1-rep01-seed200001-v4
[2223/6120] B-kem768-fixed-prr0p95-loss1-rep02-seed200002-v3
[2224/6120] B-kem768-fixed-prr0p95-loss1-rep02-seed200002-v4
[2225/6120] B-kem768-fixed-prr0p95-loss1-rep03-seed200003-v3
[2226/6120] B-kem768-fixed-prr0p95-loss1-rep03-seed200003-v4
[2227/6120] B-kem768-fixed-prr0p95-loss1-rep04-seed200004-v3
[2228/6120] B-kem768-fixed-prr0p95-loss1-rep04-seed200004-v4
[2229/6120] B-kem768-fixed-prr0p95-loss1-rep05-seed200005-v3
[2230/6120] B-kem768-fixed-prr0p95-loss1-rep05-seed200005-v4
[2231/6120] B-kem768-fixed-prr0p95-loss1-rep06-seed200006-v3
[2232/6120] B-kem768-fixed-prr0p95-loss1-rep06-seed200006-v4
[2233/6120] B-kem768-fixed-prr0p95-loss1-rep07-seed200007-v3
[2234/6120] B-kem768-fixed-prr0p95-loss1-rep07-seed200007-v4
[2235/6120] B-kem768-fixed-prr0p95-loss1-rep08-seed200008-v3
[2236/6120] B-kem768-fixed-prr0p95-loss1-rep08-seed200008-v4
[2237/6120] B-kem768-fixed-prr0p95-loss1-rep09-seed200009-v3
[2238/6120] B-kem768-fixed-prr0p95-loss1-rep09-seed200009-v4
[2239/6120] B-kem768-fixed-prr0p95-loss1-rep10-seed200010-v3
[2240/6120] B-kem768-fixed-prr0p95-loss1-rep10-seed200010-v4
[2241/6120] B-kem768-fixed-prr0p95-loss1-rep11-seed200011-v3
[2242/6120] B-kem768-fixed-prr0p95-loss1-rep11-seed200011-v4
[2243/6120] B-kem768-fixed-prr0p95-loss1-rep12-seed200012-v3
[2244/6120] B-kem768-fixed-prr0p95-loss1-rep12-seed200012-v4
[2245/6120] B-kem768-fixed-prr0p95-loss1-rep13-seed200013-v3
[2246/6120] B-kem768-fixed-prr0p95-loss1-rep13-seed200013-v4
[2247/6120] B-kem768-fixed-prr0p95-loss1-rep14-seed200014-v3
[2248/6120] B-kem768-fixed-prr0p95-loss1-rep14-seed200014-v4
[2249/6120] B-kem768-fixed-prr0p95-loss1-rep15-seed200015-v3
[2250/6120] B-kem768-fixed-prr0p95-loss1-rep15-seed200015-v4
[2251/6120] B-kem768-fixed-prr0p95-loss1-rep16-seed200016-v3
[2252/6120] B-kem768-fixed-prr0p95-loss1-rep16-seed200016-v4
[2253/6120] B-kem768-fixed-prr0p95-loss1-rep17-seed200017-v3
[2254/6120] B-kem768-fixed-prr0p95-loss1-rep17-seed200017-v4
[2255/6120] B-kem768-fixed-prr0p95-loss1-rep18-seed200018-v3
[2256/6120] B-kem768-fixed-prr0p95-loss1-rep18-seed200018-v4
[2257/6120] B-kem768-fixed-prr0p95-loss1-rep19-seed200019-v3
[2258/6120] B-kem768-fixed-prr0p95-loss1-rep19-seed200019-v4
[2259/6120] B-kem768-fixed-prr0p95-loss1-rep20-seed200020-v3
[2260/6120] B-kem768-fixed-prr0p95-loss1-rep20-seed200020-v4
[2261/6120] B-kem768-fixed-prr0p95-loss1-rep21-seed200021-v3
[2262/6120] B-kem768-fixed-prr0p95-loss1-rep21-seed200021-v4
[2263/6120] B-kem768-fixed-prr0p95-loss1-rep22-seed200022-v3
[2264/6120] B-kem768-fixed-prr0p95-loss1-rep22-seed200022-v4
[2265/6120] B-kem768-fixed-prr0p95-loss1-rep23-seed200023-v3
[2266/6120] B-kem768-fixed-prr0p95-loss1-rep23-seed200023-v4
[2267/6120] B-kem768-fixed-prr0p95-loss1-rep24-seed200024-v3
[2268/6120] B-kem768-fixed-prr0p95-loss1-rep24-seed200024-v4
[2269/6120] B-kem768-fixed-prr0p95-loss1-rep25-seed200025-v3
[2270/6120] B-kem768-fixed-prr0p95-loss1-rep25-seed200025-v4
[2271/6120] B-kem768-fixed-prr0p95-loss1-rep26-seed200026-v3
[2272/6120] B-kem768-fixed-prr0p95-loss1-rep26-seed200026-v4
[2273/6120] B-kem768-fixed-prr0p95-loss1-rep27-seed200027-v3
[2274/6120] B-kem768-fixed-prr0p95-loss1-rep27-seed200027-v4
[2275/6120] B-kem768-fixed-prr0p95-loss1-rep28-seed200028-v3
[2276/6120] B-kem768-fixed-prr0p95-loss1-rep28-seed200028-v4
[2277/6120] B-kem768-fixed-prr0p95-loss1-rep29-seed200029-v3
[2278/6120] B-kem768-fixed-prr0p95-loss1-rep29-seed200029-v4
[2279/6120] B-kem768-fixed-prr0p95-loss1-rep30-seed200030-v3
[2280/6120] B-kem768-fixed-prr0p95-loss1-rep30-seed200030-v4
[2281/6120] A-kem768-fixed-prr0p90-rep01-seed200001-v1
[2282/6120] A-kem768-fixed-prr0p90-rep01-seed200001-v2
[2283/6120] A-kem768-fixed-prr0p90-rep02-seed200002-v1
[2284/6120] A-kem768-fixed-prr0p90-rep02-seed200002-v2
[2285/6120] A-kem768-fixed-prr0p90-rep03-seed200003-v1
[2286/6120] A-kem768-fixed-prr0p90-rep03-seed200003-v2
[2287/6120] A-kem768-fixed-prr0p90-rep04-seed200004-v1
[2288/6120] A-kem768-fixed-prr0p90-rep04-seed200004-v2
[2289/6120] A-kem768-fixed-prr0p90-rep05-seed200005-v1
[2290/6120] A-kem768-fixed-prr0p90-rep05-seed200005-v2
[2291/6120] A-kem768-fixed-prr0p90-rep06-seed200006-v1
[2292/6120] A-kem768-fixed-prr0p90-rep06-seed200006-v2
[2293/6120] A-kem768-fixed-prr0p90-rep07-seed200007-v1
[2294/6120] A-kem768-fixed-prr0p90-rep07-seed200007-v2
[2295/6120] A-kem768-fixed-prr0p90-rep08-seed200008-v1
[2296/6120] A-kem768-fixed-prr0p90-rep08-seed200008-v2
[2297/6120] A-kem768-fixed-prr0p90-rep09-seed200009-v1
[2298/6120] A-kem768-fixed-prr0p90-rep09-seed200009-v2
[2299/6120] A-kem768-fixed-prr0p90-rep10-seed200010-v1
[2300/6120] A-kem768-fixed-prr0p90-rep10-seed200010-v2
[2301/6120] A-kem768-fixed-prr0p90-rep11-seed200011-v1
[2302/6120] A-kem768-fixed-prr0p90-rep11-seed200011-v2
[2303/6120] A-kem768-fixed-prr0p90-rep12-seed200012-v1
[2304/6120] A-kem768-fixed-prr0p90-rep12-seed200012-v2
[2305/6120] A-kem768-fixed-prr0p90-rep13-seed200013-v1
[2306/6120] A-kem768-fixed-prr0p90-rep13-seed200013-v2
[2307/6120] A-kem768-fixed-prr0p90-rep14-seed200014-v1
[2308/6120] A-kem768-fixed-prr0p90-rep14-seed200014-v2
[2309/6120] A-kem768-fixed-prr0p90-rep15-seed200015-v1
[2310/6120] A-kem768-fixed-prr0p90-rep15-seed200015-v2
[2311/6120] A-kem768-fixed-prr0p90-rep16-seed200016-v1
[2312/6120] A-kem768-fixed-prr0p90-rep16-seed200016-v2
[2313/6120] A-kem768-fixed-prr0p90-rep17-seed200017-v1
[2314/6120] A-kem768-fixed-prr0p90-rep17-seed200017-v2
[2315/6120] A-kem768-fixed-prr0p90-rep18-seed200018-v1
[2316/6120] A-kem768-fixed-prr0p90-rep18-seed200018-v2
[2317/6120] A-kem768-fixed-prr0p90-rep19-seed200019-v1
[2318/6120] A-kem768-fixed-prr0p90-rep19-seed200019-v2
[2319/6120] A-kem768-fixed-prr0p90-rep20-seed200020-v1
[2320/6120] A-kem768-fixed-prr0p90-rep20-seed200020-v2
[2321/6120] A-kem768-fixed-prr0p90-rep21-seed200021-v1
[2322/6120] A-kem768-fixed-prr0p90-rep21-seed200021-v2
[2323/6120] A-kem768-fixed-prr0p90-rep22-seed200022-v1
[2324/6120] A-kem768-fixed-prr0p90-rep22-seed200022-v2
[2325/6120] A-kem768-fixed-prr0p90-rep23-seed200023-v1
[2326/6120] A-kem768-fixed-prr0p90-rep23-seed200023-v2
[2327/6120] A-kem768-fixed-prr0p90-rep24-seed200024-v1
[2328/6120] A-kem768-fixed-prr0p90-rep24-seed200024-v2
[2329/6120] A-kem768-fixed-prr0p90-rep25-seed200025-v1
[2330/6120] A-kem768-fixed-prr0p90-rep25-seed200025-v2
[2331/6120] A-kem768-fixed-prr0p90-rep26-seed200026-v1
[2332/6120] A-kem768-fixed-prr0p90-rep26-seed200026-v2
[2333/6120] A-kem768-fixed-prr0p90-rep27-seed200027-v1
[2334/6120] A-kem768-fixed-prr0p90-rep27-seed200027-v2
[2335/6120] A-kem768-fixed-prr0p90-rep28-seed200028-v1
[2336/6120] A-kem768-fixed-prr0p90-rep28-seed200028-v2
[2337/6120] A-kem768-fixed-prr0p90-rep29-seed200029-v1
[2338/6120] A-kem768-fixed-prr0p90-rep29-seed200029-v2
[2339/6120] A-kem768-fixed-prr0p90-rep30-seed200030-v1
[2340/6120] A-kem768-fixed-prr0p90-rep30-seed200030-v2
[2341/6120] B-kem768-fixed-prr0p90-loss1-rep01-seed200001-v3
[2342/6120] B-kem768-fixed-prr0p90-loss1-rep01-seed200001-v4
[2343/6120] B-kem768-fixed-prr0p90-loss1-rep02-seed200002-v3
[2344/6120] B-kem768-fixed-prr0p90-loss1-rep02-seed200002-v4
[2345/6120] B-kem768-fixed-prr0p90-loss1-rep03-seed200003-v3
[2346/6120] B-kem768-fixed-prr0p90-loss1-rep03-seed200003-v4
[2347/6120] B-kem768-fixed-prr0p90-loss1-rep04-seed200004-v3
[2348/6120] B-kem768-fixed-prr0p90-loss1-rep04-seed200004-v4
[2349/6120] B-kem768-fixed-prr0p90-loss1-rep05-seed200005-v3
[2350/6120] B-kem768-fixed-prr0p90-loss1-rep05-seed200005-v4
[2351/6120] B-kem768-fixed-prr0p90-loss1-rep06-seed200006-v3
[2352/6120] B-kem768-fixed-prr0p90-loss1-rep06-seed200006-v4
[2353/6120] B-kem768-fixed-prr0p90-loss1-rep07-seed200007-v3
[2354/6120] B-kem768-fixed-prr0p90-loss1-rep07-seed200007-v4
[2355/6120] B-kem768-fixed-prr0p90-loss1-rep08-seed200008-v3
[2356/6120] B-kem768-fixed-prr0p90-loss1-rep08-seed200008-v4
[2357/6120] B-kem768-fixed-prr0p90-loss1-rep09-seed200009-v3
[2358/6120] B-kem768-fixed-prr0p90-loss1-rep09-seed200009-v4
[2359/6120] B-kem768-fixed-prr0p90-loss1-rep10-seed200010-v3
[2360/6120] B-kem768-fixed-prr0p90-loss1-rep10-seed200010-v4
[2361/6120] B-kem768-fixed-prr0p90-loss1-rep11-seed200011-v3
[2362/6120] B-kem768-fixed-prr0p90-loss1-rep11-seed200011-v4
[2363/6120] B-kem768-fixed-prr0p90-loss1-rep12-seed200012-v3
[2364/6120] B-kem768-fixed-prr0p90-loss1-rep12-seed200012-v4
[2365/6120] B-kem768-fixed-prr0p90-loss1-rep13-seed200013-v3
[2366/6120] B-kem768-fixed-prr0p90-loss1-rep13-seed200013-v4
[2367/6120] B-kem768-fixed-prr0p90-loss1-rep14-seed200014-v3
[2368/6120] B-kem768-fixed-prr0p90-loss1-rep14-seed200014-v4
[2369/6120] B-kem768-fixed-prr0p90-loss1-rep15-seed200015-v3
[2370/6120] B-kem768-fixed-prr0p90-loss1-rep15-seed200015-v4
[2371/6120] B-kem768-fixed-prr0p90-loss1-rep16-seed200016-v3
[2372/6120] B-kem768-fixed-prr0p90-loss1-rep16-seed200016-v4
[2373/6120] B-kem768-fixed-prr0p90-loss1-rep17-seed200017-v3
[2374/6120] B-kem768-fixed-prr0p90-loss1-rep17-seed200017-v4
[2375/6120] B-kem768-fixed-prr0p90-loss1-rep18-seed200018-v3
[2376/6120] B-kem768-fixed-prr0p90-loss1-rep18-seed200018-v4
[2377/6120] B-kem768-fixed-prr0p90-loss1-rep19-seed200019-v3
[2378/6120] B-kem768-fixed-prr0p90-loss1-rep19-seed200019-v4
[2379/6120] B-kem768-fixed-prr0p90-loss1-rep20-seed200020-v3
[2380/6120] B-kem768-fixed-prr0p90-loss1-rep20-seed200020-v4
[2381/6120] B-kem768-fixed-prr0p90-loss1-rep21-seed200021-v3
[2382/6120] B-kem768-fixed-prr0p90-loss1-rep21-seed200021-v4
[2383/6120] B-kem768-fixed-prr0p90-loss1-rep22-seed200022-v3
[2384/6120] B-kem768-fixed-prr0p90-loss1-rep22-seed200022-v4
[2385/6120] B-kem768-fixed-prr0p90-loss1-rep23-seed200023-v3
[2386/6120] B-kem768-fixed-prr0p90-loss1-rep23-seed200023-v4
[2387/6120] B-kem768-fixed-prr0p90-loss1-rep24-seed200024-v3
[2388/6120] B-kem768-fixed-prr0p90-loss1-rep24-seed200024-v4
[2389/6120] B-kem768-fixed-prr0p90-loss1-rep25-seed200025-v3
[2390/6120] B-kem768-fixed-prr0p90-loss1-rep25-seed200025-v4
[2391/6120] B-kem768-fixed-prr0p90-loss1-rep26-seed200026-v3
[2392/6120] B-kem768-fixed-prr0p90-loss1-rep26-seed200026-v4
[2393/6120] B-kem768-fixed-prr0p90-loss1-rep27-seed200027-v3
[2394/6120] B-kem768-fixed-prr0p90-loss1-rep27-seed200027-v4
[2395/6120] B-kem768-fixed-prr0p90-loss1-rep28-seed200028-v3
[2396/6120] B-kem768-fixed-prr0p90-loss1-rep28-seed200028-v4
[2397/6120] B-kem768-fixed-prr0p90-loss1-rep29-seed200029-v3
[2398/6120] B-kem768-fixed-prr0p90-loss1-rep29-seed200029-v4
[2399/6120] B-kem768-fixed-prr0p90-loss1-rep30-seed200030-v3
[2400/6120] B-kem768-fixed-prr0p90-loss1-rep30-seed200030-v4
[2401/6120] A-kem768-fixed-prr0p85-rep01-seed200001-v1
[2402/6120] A-kem768-fixed-prr0p85-rep01-seed200001-v2
[2403/6120] A-kem768-fixed-prr0p85-rep02-seed200002-v1
[2404/6120] A-kem768-fixed-prr0p85-rep02-seed200002-v2
[2405/6120] A-kem768-fixed-prr0p85-rep03-seed200003-v1
[2406/6120] A-kem768-fixed-prr0p85-rep03-seed200003-v2
[2407/6120] A-kem768-fixed-prr0p85-rep04-seed200004-v1
[2408/6120] A-kem768-fixed-prr0p85-rep04-seed200004-v2
[2409/6120] A-kem768-fixed-prr0p85-rep05-seed200005-v1
[2410/6120] A-kem768-fixed-prr0p85-rep05-seed200005-v2
[2411/6120] A-kem768-fixed-prr0p85-rep06-seed200006-v1
[2412/6120] A-kem768-fixed-prr0p85-rep06-seed200006-v2
[2413/6120] A-kem768-fixed-prr0p85-rep07-seed200007-v1
[2414/6120] A-kem768-fixed-prr0p85-rep07-seed200007-v2
[2415/6120] A-kem768-fixed-prr0p85-rep08-seed200008-v1
[2416/6120] A-kem768-fixed-prr0p85-rep08-seed200008-v2
[2417/6120] A-kem768-fixed-prr0p85-rep09-seed200009-v1
[2418/6120] A-kem768-fixed-prr0p85-rep09-seed200009-v2
[2419/6120] A-kem768-fixed-prr0p85-rep10-seed200010-v1
[2420/6120] A-kem768-fixed-prr0p85-rep10-seed200010-v2
[2421/6120] A-kem768-fixed-prr0p85-rep11-seed200011-v1
[2422/6120] A-kem768-fixed-prr0p85-rep11-seed200011-v2
[2423/6120] A-kem768-fixed-prr0p85-rep12-seed200012-v1
[2424/6120] A-kem768-fixed-prr0p85-rep12-seed200012-v2
[2425/6120] A-kem768-fixed-prr0p85-rep13-seed200013-v1
[2426/6120] A-kem768-fixed-prr0p85-rep13-seed200013-v2
[2427/6120] A-kem768-fixed-prr0p85-rep14-seed200014-v1
[2428/6120] A-kem768-fixed-prr0p85-rep14-seed200014-v2
[2429/6120] A-kem768-fixed-prr0p85-rep15-seed200015-v1
[2430/6120] A-kem768-fixed-prr0p85-rep15-seed200015-v2
[2431/6120] A-kem768-fixed-prr0p85-rep16-seed200016-v1
[2432/6120] A-kem768-fixed-prr0p85-rep16-seed200016-v2
[2433/6120] A-kem768-fixed-prr0p85-rep17-seed200017-v1
[2434/6120] A-kem768-fixed-prr0p85-rep17-seed200017-v2
[2435/6120] A-kem768-fixed-prr0p85-rep18-seed200018-v1
[2436/6120] A-kem768-fixed-prr0p85-rep18-seed200018-v2
[2437/6120] A-kem768-fixed-prr0p85-rep19-seed200019-v1
[2438/6120] A-kem768-fixed-prr0p85-rep19-seed200019-v2
[2439/6120] A-kem768-fixed-prr0p85-rep20-seed200020-v1
[2440/6120] A-kem768-fixed-prr0p85-rep20-seed200020-v2
[2441/6120] A-kem768-fixed-prr0p85-rep21-seed200021-v1
[2442/6120] A-kem768-fixed-prr0p85-rep21-seed200021-v2
[2443/6120] A-kem768-fixed-prr0p85-rep22-seed200022-v1
[2444/6120] A-kem768-fixed-prr0p85-rep22-seed200022-v2
[2445/6120] A-kem768-fixed-prr0p85-rep23-seed200023-v1
[2446/6120] A-kem768-fixed-prr0p85-rep23-seed200023-v2
[2447/6120] A-kem768-fixed-prr0p85-rep24-seed200024-v1
[2448/6120] A-kem768-fixed-prr0p85-rep24-seed200024-v2
[2449/6120] A-kem768-fixed-prr0p85-rep25-seed200025-v1
[2450/6120] A-kem768-fixed-prr0p85-rep25-seed200025-v2
[2451/6120] A-kem768-fixed-prr0p85-rep26-seed200026-v1
[2452/6120] A-kem768-fixed-prr0p85-rep26-seed200026-v2
[2453/6120] A-kem768-fixed-prr0p85-rep27-seed200027-v1
[2454/6120] A-kem768-fixed-prr0p85-rep27-seed200027-v2
[2455/6120] A-kem768-fixed-prr0p85-rep28-seed200028-v1
[2456/6120] A-kem768-fixed-prr0p85-rep28-seed200028-v2
[2457/6120] A-kem768-fixed-prr0p85-rep29-seed200029-v1
[2458/6120] A-kem768-fixed-prr0p85-rep29-seed200029-v2
[2459/6120] A-kem768-fixed-prr0p85-rep30-seed200030-v1
[2460/6120] A-kem768-fixed-prr0p85-rep30-seed200030-v2
[2461/6120] B-kem768-fixed-prr0p85-loss1-rep01-seed200001-v3
[2462/6120] B-kem768-fixed-prr0p85-loss1-rep01-seed200001-v4
[2463/6120] B-kem768-fixed-prr0p85-loss1-rep02-seed200002-v3
[2464/6120] B-kem768-fixed-prr0p85-loss1-rep02-seed200002-v4
[2465/6120] B-kem768-fixed-prr0p85-loss1-rep03-seed200003-v3
[2466/6120] B-kem768-fixed-prr0p85-loss1-rep03-seed200003-v4
[2467/6120] B-kem768-fixed-prr0p85-loss1-rep04-seed200004-v3
[2468/6120] B-kem768-fixed-prr0p85-loss1-rep04-seed200004-v4
[2469/6120] B-kem768-fixed-prr0p85-loss1-rep05-seed200005-v3
[2470/6120] B-kem768-fixed-prr0p85-loss1-rep05-seed200005-v4
[2471/6120] B-kem768-fixed-prr0p85-loss1-rep06-seed200006-v3
[2472/6120] B-kem768-fixed-prr0p85-loss1-rep06-seed200006-v4
[2473/6120] B-kem768-fixed-prr0p85-loss1-rep07-seed200007-v3
[2474/6120] B-kem768-fixed-prr0p85-loss1-rep07-seed200007-v4
[2475/6120] B-kem768-fixed-prr0p85-loss1-rep08-seed200008-v3
[2476/6120] B-kem768-fixed-prr0p85-loss1-rep08-seed200008-v4
[2477/6120] B-kem768-fixed-prr0p85-loss1-rep09-seed200009-v3
[2478/6120] B-kem768-fixed-prr0p85-loss1-rep09-seed200009-v4
[2479/6120] B-kem768-fixed-prr0p85-loss1-rep10-seed200010-v3
[2480/6120] B-kem768-fixed-prr0p85-loss1-rep10-seed200010-v4
[2481/6120] B-kem768-fixed-prr0p85-loss1-rep11-seed200011-v3
[2482/6120] B-kem768-fixed-prr0p85-loss1-rep11-seed200011-v4
[2483/6120] B-kem768-fixed-prr0p85-loss1-rep12-seed200012-v3
[2484/6120] B-kem768-fixed-prr0p85-loss1-rep12-seed200012-v4
[2485/6120] B-kem768-fixed-prr0p85-loss1-rep13-seed200013-v3
[2486/6120] B-kem768-fixed-prr0p85-loss1-rep13-seed200013-v4
[2487/6120] B-kem768-fixed-prr0p85-loss1-rep14-seed200014-v3
[2488/6120] B-kem768-fixed-prr0p85-loss1-rep14-seed200014-v4
[2489/6120] B-kem768-fixed-prr0p85-loss1-rep15-seed200015-v3
[2490/6120] B-kem768-fixed-prr0p85-loss1-rep15-seed200015-v4
[2491/6120] B-kem768-fixed-prr0p85-loss1-rep16-seed200016-v3
[2492/6120] B-kem768-fixed-prr0p85-loss1-rep16-seed200016-v4
[2493/6120] B-kem768-fixed-prr0p85-loss1-rep17-seed200017-v3
[2494/6120] B-kem768-fixed-prr0p85-loss1-rep17-seed200017-v4
[2495/6120] B-kem768-fixed-prr0p85-loss1-rep18-seed200018-v3
[2496/6120] B-kem768-fixed-prr0p85-loss1-rep18-seed200018-v4
[2497/6120] B-kem768-fixed-prr0p85-loss1-rep19-seed200019-v3
[2498/6120] B-kem768-fixed-prr0p85-loss1-rep19-seed200019-v4
[2499/6120] B-kem768-fixed-prr0p85-loss1-rep20-seed200020-v3
[2500/6120] B-kem768-fixed-prr0p85-loss1-rep20-seed200020-v4
[2501/6120] B-kem768-fixed-prr0p85-loss1-rep21-seed200021-v3
[2502/6120] B-kem768-fixed-prr0p85-loss1-rep21-seed200021-v4
[2503/6120] B-kem768-fixed-prr0p85-loss1-rep22-seed200022-v3
[2504/6120] B-kem768-fixed-prr0p85-loss1-rep22-seed200022-v4
[2505/6120] B-kem768-fixed-prr0p85-loss1-rep23-seed200023-v3
[2506/6120] B-kem768-fixed-prr0p85-loss1-rep23-seed200023-v4
[2507/6120] B-kem768-fixed-prr0p85-loss1-rep24-seed200024-v3
[2508/6120] B-kem768-fixed-prr0p85-loss1-rep24-seed200024-v4
[2509/6120] B-kem768-fixed-prr0p85-loss1-rep25-seed200025-v3
[2510/6120] B-kem768-fixed-prr0p85-loss1-rep25-seed200025-v4
[2511/6120] B-kem768-fixed-prr0p85-loss1-rep26-seed200026-v3
[2512/6120] B-kem768-fixed-prr0p85-loss1-rep26-seed200026-v4
[2513/6120] B-kem768-fixed-prr0p85-loss1-rep27-seed200027-v3
[2514/6120] B-kem768-fixed-prr0p85-loss1-rep27-seed200027-v4
[2515/6120] B-kem768-fixed-prr0p85-loss1-rep28-seed200028-v3
[2516/6120] B-kem768-fixed-prr0p85-loss1-rep28-seed200028-v4
[2517/6120] B-kem768-fixed-prr0p85-loss1-rep29-seed200029-v3
[2518/6120] B-kem768-fixed-prr0p85-loss1-rep29-seed200029-v4
[2519/6120] B-kem768-fixed-prr0p85-loss1-rep30-seed200030-v3
[2520/6120] B-kem768-fixed-prr0p85-loss1-rep30-seed200030-v4
[2521/6120] A-kem768-fixed-prr0p50-rep01-seed200001-v1
[2522/6120] A-kem768-fixed-prr0p50-rep01-seed200001-v2
[2523/6120] A-kem768-fixed-prr0p50-rep02-seed200002-v1
[2524/6120] A-kem768-fixed-prr0p50-rep02-seed200002-v2
[2525/6120] A-kem768-fixed-prr0p50-rep03-seed200003-v1
[2526/6120] A-kem768-fixed-prr0p50-rep03-seed200003-v2
[2527/6120] A-kem768-fixed-prr0p50-rep04-seed200004-v1
[2528/6120] A-kem768-fixed-prr0p50-rep04-seed200004-v2
[2529/6120] A-kem768-fixed-prr0p50-rep05-seed200005-v1
[2530/6120] A-kem768-fixed-prr0p50-rep05-seed200005-v2
[2531/6120] A-kem768-fixed-prr0p50-rep06-seed200006-v1
[2532/6120] A-kem768-fixed-prr0p50-rep06-seed200006-v2
[2533/6120] A-kem768-fixed-prr0p50-rep07-seed200007-v1
[2534/6120] A-kem768-fixed-prr0p50-rep07-seed200007-v2
[2535/6120] A-kem768-fixed-prr0p50-rep08-seed200008-v1
[2536/6120] A-kem768-fixed-prr0p50-rep08-seed200008-v2
[2537/6120] A-kem768-fixed-prr0p50-rep09-seed200009-v1
[2538/6120] A-kem768-fixed-prr0p50-rep09-seed200009-v2
[2539/6120] A-kem768-fixed-prr0p50-rep10-seed200010-v1
[2540/6120] A-kem768-fixed-prr0p50-rep10-seed200010-v2
[2541/6120] A-kem768-fixed-prr0p50-rep11-seed200011-v1
[2542/6120] A-kem768-fixed-prr0p50-rep11-seed200011-v2
[2543/6120] A-kem768-fixed-prr0p50-rep12-seed200012-v1
[2544/6120] A-kem768-fixed-prr0p50-rep12-seed200012-v2
[2545/6120] A-kem768-fixed-prr0p50-rep13-seed200013-v1
[2546/6120] A-kem768-fixed-prr0p50-rep13-seed200013-v2
[2547/6120] A-kem768-fixed-prr0p50-rep14-seed200014-v1
[2548/6120] A-kem768-fixed-prr0p50-rep14-seed200014-v2
[2549/6120] A-kem768-fixed-prr0p50-rep15-seed200015-v1
[2550/6120] A-kem768-fixed-prr0p50-rep15-seed200015-v2
[2551/6120] A-kem768-fixed-prr0p50-rep16-seed200016-v1
[2552/6120] A-kem768-fixed-prr0p50-rep16-seed200016-v2
[2553/6120] A-kem768-fixed-prr0p50-rep17-seed200017-v1
[2554/6120] A-kem768-fixed-prr0p50-rep17-seed200017-v2
[2555/6120] A-kem768-fixed-prr0p50-rep18-seed200018-v1
[2556/6120] A-kem768-fixed-prr0p50-rep18-seed200018-v2
[2557/6120] A-kem768-fixed-prr0p50-rep19-seed200019-v1
[2558/6120] A-kem768-fixed-prr0p50-rep19-seed200019-v2
[2559/6120] A-kem768-fixed-prr0p50-rep20-seed200020-v1
[2560/6120] A-kem768-fixed-prr0p50-rep20-seed200020-v2
[2561/6120] A-kem768-fixed-prr0p50-rep21-seed200021-v1
[2562/6120] A-kem768-fixed-prr0p50-rep21-seed200021-v2
[2563/6120] A-kem768-fixed-prr0p50-rep22-seed200022-v1
[2564/6120] A-kem768-fixed-prr0p50-rep22-seed200022-v2
[2565/6120] A-kem768-fixed-prr0p50-rep23-seed200023-v1
[2566/6120] A-kem768-fixed-prr0p50-rep23-seed200023-v2
[2567/6120] A-kem768-fixed-prr0p50-rep24-seed200024-v1
[2568/6120] A-kem768-fixed-prr0p50-rep24-seed200024-v2
[2569/6120] A-kem768-fixed-prr0p50-rep25-seed200025-v1
[2570/6120] A-kem768-fixed-prr0p50-rep25-seed200025-v2
[2571/6120] A-kem768-fixed-prr0p50-rep26-seed200026-v1
[2572/6120] A-kem768-fixed-prr0p50-rep26-seed200026-v2
[2573/6120] A-kem768-fixed-prr0p50-rep27-seed200027-v1
[2574/6120] A-kem768-fixed-prr0p50-rep27-seed200027-v2
[2575/6120] A-kem768-fixed-prr0p50-rep28-seed200028-v1
[2576/6120] A-kem768-fixed-prr0p50-rep28-seed200028-v2
[2577/6120] A-kem768-fixed-prr0p50-rep29-seed200029-v1
[2578/6120] A-kem768-fixed-prr0p50-rep29-seed200029-v2
[2579/6120] A-kem768-fixed-prr0p50-rep30-seed200030-v1
[2580/6120] A-kem768-fixed-prr0p50-rep30-seed200030-v2
[2581/6120] B-kem768-fixed-prr0p50-loss1-rep01-seed200001-v3
[2582/6120] B-kem768-fixed-prr0p50-loss1-rep01-seed200001-v4
[2583/6120] B-kem768-fixed-prr0p50-loss1-rep02-seed200002-v3
[2584/6120] B-kem768-fixed-prr0p50-loss1-rep02-seed200002-v4
[2585/6120] B-kem768-fixed-prr0p50-loss1-rep03-seed200003-v3
[2586/6120] B-kem768-fixed-prr0p50-loss1-rep03-seed200003-v4
[2587/6120] B-kem768-fixed-prr0p50-loss1-rep04-seed200004-v3
[2588/6120] B-kem768-fixed-prr0p50-loss1-rep04-seed200004-v4
[2589/6120] B-kem768-fixed-prr0p50-loss1-rep05-seed200005-v3
[2590/6120] B-kem768-fixed-prr0p50-loss1-rep05-seed200005-v4
[2591/6120] B-kem768-fixed-prr0p50-loss1-rep06-seed200006-v3
[2592/6120] B-kem768-fixed-prr0p50-loss1-rep06-seed200006-v4
[2593/6120] B-kem768-fixed-prr0p50-loss1-rep07-seed200007-v3
[2594/6120] B-kem768-fixed-prr0p50-loss1-rep07-seed200007-v4
[2595/6120] B-kem768-fixed-prr0p50-loss1-rep08-seed200008-v3
[2596/6120] B-kem768-fixed-prr0p50-loss1-rep08-seed200008-v4
[2597/6120] B-kem768-fixed-prr0p50-loss1-rep09-seed200009-v3
[2598/6120] B-kem768-fixed-prr0p50-loss1-rep09-seed200009-v4
[2599/6120] B-kem768-fixed-prr0p50-loss1-rep10-seed200010-v3
[2600/6120] B-kem768-fixed-prr0p50-loss1-rep10-seed200010-v4
[2601/6120] B-kem768-fixed-prr0p50-loss1-rep11-seed200011-v3
[2602/6120] B-kem768-fixed-prr0p50-loss1-rep11-seed200011-v4
[2603/6120] B-kem768-fixed-prr0p50-loss1-rep12-seed200012-v3
[2604/6120] B-kem768-fixed-prr0p50-loss1-rep12-seed200012-v4
[2605/6120] B-kem768-fixed-prr0p50-loss1-rep13-seed200013-v3
[2606/6120] B-kem768-fixed-prr0p50-loss1-rep13-seed200013-v4
[2607/6120] B-kem768-fixed-prr0p50-loss1-rep14-seed200014-v3
[2608/6120] B-kem768-fixed-prr0p50-loss1-rep14-seed200014-v4
[2609/6120] B-kem768-fixed-prr0p50-loss1-rep15-seed200015-v3
[2610/6120] B-kem768-fixed-prr0p50-loss1-rep15-seed200015-v4
[2611/6120] B-kem768-fixed-prr0p50-loss1-rep16-seed200016-v3
[2612/6120] B-kem768-fixed-prr0p50-loss1-rep16-seed200016-v4
[2613/6120] B-kem768-fixed-prr0p50-loss1-rep17-seed200017-v3
[2614/6120] B-kem768-fixed-prr0p50-loss1-rep17-seed200017-v4
[2615/6120] B-kem768-fixed-prr0p50-loss1-rep18-seed200018-v3
[2616/6120] B-kem768-fixed-prr0p50-loss1-rep18-seed200018-v4
[2617/6120] B-kem768-fixed-prr0p50-loss1-rep19-seed200019-v3
[2618/6120] B-kem768-fixed-prr0p50-loss1-rep19-seed200019-v4
[2619/6120] B-kem768-fixed-prr0p50-loss1-rep20-seed200020-v3
[2620/6120] B-kem768-fixed-prr0p50-loss1-rep20-seed200020-v4
[2621/6120] B-kem768-fixed-prr0p50-loss1-rep21-seed200021-v3
[2622/6120] B-kem768-fixed-prr0p50-loss1-rep21-seed200021-v4
[2623/6120] B-kem768-fixed-prr0p50-loss1-rep22-seed200022-v3
[2624/6120] B-kem768-fixed-prr0p50-loss1-rep22-seed200022-v4
[2625/6120] B-kem768-fixed-prr0p50-loss1-rep23-seed200023-v3
[2626/6120] B-kem768-fixed-prr0p50-loss1-rep23-seed200023-v4
[2627/6120] B-kem768-fixed-prr0p50-loss1-rep24-seed200024-v3
[2628/6120] B-kem768-fixed-prr0p50-loss1-rep24-seed200024-v4
[2629/6120] B-kem768-fixed-prr0p50-loss1-rep25-seed200025-v3
[2630/6120] B-kem768-fixed-prr0p50-loss1-rep25-seed200025-v4
[2631/6120] B-kem768-fixed-prr0p50-loss1-rep26-seed200026-v3
[2632/6120] B-kem768-fixed-prr0p50-loss1-rep26-seed200026-v4
[2633/6120] B-kem768-fixed-prr0p50-loss1-rep27-seed200027-v3
[2634/6120] B-kem768-fixed-prr0p50-loss1-rep27-seed200027-v4
[2635/6120] B-kem768-fixed-prr0p50-loss1-rep28-seed200028-v3
[2636/6120] B-kem768-fixed-prr0p50-loss1-rep28-seed200028-v4
[2637/6120] B-kem768-fixed-prr0p50-loss1-rep29-seed200029-v3
[2638/6120] B-kem768-fixed-prr0p50-loss1-rep29-seed200029-v4
[2639/6120] B-kem768-fixed-prr0p50-loss1-rep30-seed200030-v3
[2640/6120] B-kem768-fixed-prr0p50-loss1-rep30-seed200030-v4
[2641/6120] A-kem768-gilbert-prr0p95-L2-rep01-seed200001-v1
[2642/6120] A-kem768-gilbert-prr0p95-L2-rep01-seed200001-v2
[2643/6120] A-kem768-gilbert-prr0p95-L2-rep02-seed200002-v1
[2644/6120] A-kem768-gilbert-prr0p95-L2-rep02-seed200002-v2
[2645/6120] A-kem768-gilbert-prr0p95-L2-rep03-seed200003-v1
[2646/6120] A-kem768-gilbert-prr0p95-L2-rep03-seed200003-v2
[2647/6120] A-kem768-gilbert-prr0p95-L2-rep04-seed200004-v1
[2648/6120] A-kem768-gilbert-prr0p95-L2-rep04-seed200004-v2
[2649/6120] A-kem768-gilbert-prr0p95-L2-rep05-seed200005-v1
[2650/6120] A-kem768-gilbert-prr0p95-L2-rep05-seed200005-v2
[2651/6120] A-kem768-gilbert-prr0p95-L2-rep06-seed200006-v1
[2652/6120] A-kem768-gilbert-prr0p95-L2-rep06-seed200006-v2
[2653/6120] A-kem768-gilbert-prr0p95-L2-rep07-seed200007-v1
[2654/6120] A-kem768-gilbert-prr0p95-L2-rep07-seed200007-v2
[2655/6120] A-kem768-gilbert-prr0p95-L2-rep08-seed200008-v1
[2656/6120] A-kem768-gilbert-prr0p95-L2-rep08-seed200008-v2
[2657/6120] A-kem768-gilbert-prr0p95-L2-rep09-seed200009-v1
[2658/6120] A-kem768-gilbert-prr0p95-L2-rep09-seed200009-v2
[2659/6120] A-kem768-gilbert-prr0p95-L2-rep10-seed200010-v1
[2660/6120] A-kem768-gilbert-prr0p95-L2-rep10-seed200010-v2
[2661/6120] A-kem768-gilbert-prr0p95-L2-rep11-seed200011-v1
[2662/6120] A-kem768-gilbert-prr0p95-L2-rep11-seed200011-v2
[2663/6120] A-kem768-gilbert-prr0p95-L2-rep12-seed200012-v1
[2664/6120] A-kem768-gilbert-prr0p95-L2-rep12-seed200012-v2
[2665/6120] A-kem768-gilbert-prr0p95-L2-rep13-seed200013-v1
[2666/6120] A-kem768-gilbert-prr0p95-L2-rep13-seed200013-v2
[2667/6120] A-kem768-gilbert-prr0p95-L2-rep14-seed200014-v1
[2668/6120] A-kem768-gilbert-prr0p95-L2-rep14-seed200014-v2
[2669/6120] A-kem768-gilbert-prr0p95-L2-rep15-seed200015-v1
[2670/6120] A-kem768-gilbert-prr0p95-L2-rep15-seed200015-v2
[2671/6120] A-kem768-gilbert-prr0p95-L2-rep16-seed200016-v1
[2672/6120] A-kem768-gilbert-prr0p95-L2-rep16-seed200016-v2
[2673/6120] A-kem768-gilbert-prr0p95-L2-rep17-seed200017-v1
[2674/6120] A-kem768-gilbert-prr0p95-L2-rep17-seed200017-v2
[2675/6120] A-kem768-gilbert-prr0p95-L2-rep18-seed200018-v1
[2676/6120] A-kem768-gilbert-prr0p95-L2-rep18-seed200018-v2
[2677/6120] A-kem768-gilbert-prr0p95-L2-rep19-seed200019-v1
[2678/6120] A-kem768-gilbert-prr0p95-L2-rep19-seed200019-v2
[2679/6120] A-kem768-gilbert-prr0p95-L2-rep20-seed200020-v1
[2680/6120] A-kem768-gilbert-prr0p95-L2-rep20-seed200020-v2
[2681/6120] A-kem768-gilbert-prr0p95-L2-rep21-seed200021-v1
[2682/6120] A-kem768-gilbert-prr0p95-L2-rep21-seed200021-v2
[2683/6120] A-kem768-gilbert-prr0p95-L2-rep22-seed200022-v1
[2684/6120] A-kem768-gilbert-prr0p95-L2-rep22-seed200022-v2
[2685/6120] A-kem768-gilbert-prr0p95-L2-rep23-seed200023-v1
[2686/6120] A-kem768-gilbert-prr0p95-L2-rep23-seed200023-v2
[2687/6120] A-kem768-gilbert-prr0p95-L2-rep24-seed200024-v1
[2688/6120] A-kem768-gilbert-prr0p95-L2-rep24-seed200024-v2
[2689/6120] A-kem768-gilbert-prr0p95-L2-rep25-seed200025-v1
[2690/6120] A-kem768-gilbert-prr0p95-L2-rep25-seed200025-v2
[2691/6120] A-kem768-gilbert-prr0p95-L2-rep26-seed200026-v1
[2692/6120] A-kem768-gilbert-prr0p95-L2-rep26-seed200026-v2
[2693/6120] A-kem768-gilbert-prr0p95-L2-rep27-seed200027-v1
[2694/6120] A-kem768-gilbert-prr0p95-L2-rep27-seed200027-v2
[2695/6120] A-kem768-gilbert-prr0p95-L2-rep28-seed200028-v1
[2696/6120] A-kem768-gilbert-prr0p95-L2-rep28-seed200028-v2
[2697/6120] A-kem768-gilbert-prr0p95-L2-rep29-seed200029-v1
[2698/6120] A-kem768-gilbert-prr0p95-L2-rep29-seed200029-v2
[2699/6120] A-kem768-gilbert-prr0p95-L2-rep30-seed200030-v1
[2700/6120] A-kem768-gilbert-prr0p95-L2-rep30-seed200030-v2
[2701/6120] B-kem768-gilbert-prr0p95-L2-loss1-rep01-seed200001-v3
[2702/6120] B-kem768-gilbert-prr0p95-L2-loss1-rep01-seed200001-v4
[2703/6120] B-kem768-gilbert-prr0p95-L2-loss1-rep02-seed200002-v3
[2704/6120] B-kem768-gilbert-prr0p95-L2-loss1-rep02-seed200002-v4
[2705/6120] B-kem768-gilbert-prr0p95-L2-loss1-rep03-seed200003-v3
[2706/6120] B-kem768-gilbert-prr0p95-L2-loss1-rep03-seed200003-v4
[2707/6120] B-kem768-gilbert-prr0p95-L2-loss1-rep04-seed200004-v3
[2708/6120] B-kem768-gilbert-prr0p95-L2-loss1-rep04-seed200004-v4
[2709/6120] B-kem768-gilbert-prr0p95-L2-loss1-rep05-seed200005-v3
[2710/6120] B-kem768-gilbert-prr0p95-L2-loss1-rep05-seed200005-v4
[2711/6120] B-kem768-gilbert-prr0p95-L2-loss1-rep06-seed200006-v3
[2712/6120] B-kem768-gilbert-prr0p95-L2-loss1-rep06-seed200006-v4
[2713/6120] B-kem768-gilbert-prr0p95-L2-loss1-rep07-seed200007-v3
[2714/6120] B-kem768-gilbert-prr0p95-L2-loss1-rep07-seed200007-v4
[2715/6120] B-kem768-gilbert-prr0p95-L2-loss1-rep08-seed200008-v3
[2716/6120] B-kem768-gilbert-prr0p95-L2-loss1-rep08-seed200008-v4
[2717/6120] B-kem768-gilbert-prr0p95-L2-loss1-rep09-seed200009-v3
[2718/6120] B-kem768-gilbert-prr0p95-L2-loss1-rep09-seed200009-v4
[2719/6120] B-kem768-gilbert-prr0p95-L2-loss1-rep10-seed200010-v3
[2720/6120] B-kem768-gilbert-prr0p95-L2-loss1-rep10-seed200010-v4
[2721/6120] B-kem768-gilbert-prr0p95-L2-loss1-rep11-seed200011-v3
[2722/6120] B-kem768-gilbert-prr0p95-L2-loss1-rep11-seed200011-v4
[2723/6120] B-kem768-gilbert-prr0p95-L2-loss1-rep12-seed200012-v3
[2724/6120] B-kem768-gilbert-prr0p95-L2-loss1-rep12-seed200012-v4
[2725/6120] B-kem768-gilbert-prr0p95-L2-loss1-rep13-seed200013-v3
[2726/6120] B-kem768-gilbert-prr0p95-L2-loss1-rep13-seed200013-v4
[2727/6120] B-kem768-gilbert-prr0p95-L2-loss1-rep14-seed200014-v3
[2728/6120] B-kem768-gilbert-prr0p95-L2-loss1-rep14-seed200014-v4
[2729/6120] B-kem768-gilbert-prr0p95-L2-loss1-rep15-seed200015-v3
[2730/6120] B-kem768-gilbert-prr0p95-L2-loss1-rep15-seed200015-v4
[2731/6120] B-kem768-gilbert-prr0p95-L2-loss1-rep16-seed200016-v3
[2732/6120] B-kem768-gilbert-prr0p95-L2-loss1-rep16-seed200016-v4
[2733/6120] B-kem768-gilbert-prr0p95-L2-loss1-rep17-seed200017-v3
[2734/6120] B-kem768-gilbert-prr0p95-L2-loss1-rep17-seed200017-v4
[2735/6120] B-kem768-gilbert-prr0p95-L2-loss1-rep18-seed200018-v3
[2736/6120] B-kem768-gilbert-prr0p95-L2-loss1-rep18-seed200018-v4
[2737/6120] B-kem768-gilbert-prr0p95-L2-loss1-rep19-seed200019-v3
[2738/6120] B-kem768-gilbert-prr0p95-L2-loss1-rep19-seed200019-v4
[2739/6120] B-kem768-gilbert-prr0p95-L2-loss1-rep20-seed200020-v3
[2740/6120] B-kem768-gilbert-prr0p95-L2-loss1-rep20-seed200020-v4
[2741/6120] B-kem768-gilbert-prr0p95-L2-loss1-rep21-seed200021-v3
[2742/6120] B-kem768-gilbert-prr0p95-L2-loss1-rep21-seed200021-v4
[2743/6120] B-kem768-gilbert-prr0p95-L2-loss1-rep22-seed200022-v3
[2744/6120] B-kem768-gilbert-prr0p95-L2-loss1-rep22-seed200022-v4
[2745/6120] B-kem768-gilbert-prr0p95-L2-loss1-rep23-seed200023-v3
[2746/6120] B-kem768-gilbert-prr0p95-L2-loss1-rep23-seed200023-v4
[2747/6120] B-kem768-gilbert-prr0p95-L2-loss1-rep24-seed200024-v3
[2748/6120] B-kem768-gilbert-prr0p95-L2-loss1-rep24-seed200024-v4
[2749/6120] B-kem768-gilbert-prr0p95-L2-loss1-rep25-seed200025-v3
[2750/6120] B-kem768-gilbert-prr0p95-L2-loss1-rep25-seed200025-v4
[2751/6120] B-kem768-gilbert-prr0p95-L2-loss1-rep26-seed200026-v3
[2752/6120] B-kem768-gilbert-prr0p95-L2-loss1-rep26-seed200026-v4
[2753/6120] B-kem768-gilbert-prr0p95-L2-loss1-rep27-seed200027-v3
[2754/6120] B-kem768-gilbert-prr0p95-L2-loss1-rep27-seed200027-v4
[2755/6120] B-kem768-gilbert-prr0p95-L2-loss1-rep28-seed200028-v3
[2756/6120] B-kem768-gilbert-prr0p95-L2-loss1-rep28-seed200028-v4
[2757/6120] B-kem768-gilbert-prr0p95-L2-loss1-rep29-seed200029-v3
[2758/6120] B-kem768-gilbert-prr0p95-L2-loss1-rep29-seed200029-v4
[2759/6120] B-kem768-gilbert-prr0p95-L2-loss1-rep30-seed200030-v3
[2760/6120] B-kem768-gilbert-prr0p95-L2-loss1-rep30-seed200030-v4
[2761/6120] A-kem768-gilbert-prr0p95-L5-rep01-seed200001-v1
[2762/6120] A-kem768-gilbert-prr0p95-L5-rep01-seed200001-v2
[2763/6120] A-kem768-gilbert-prr0p95-L5-rep02-seed200002-v1
[2764/6120] A-kem768-gilbert-prr0p95-L5-rep02-seed200002-v2
[2765/6120] A-kem768-gilbert-prr0p95-L5-rep03-seed200003-v1
[2766/6120] A-kem768-gilbert-prr0p95-L5-rep03-seed200003-v2
[2767/6120] A-kem768-gilbert-prr0p95-L5-rep04-seed200004-v1
[2768/6120] A-kem768-gilbert-prr0p95-L5-rep04-seed200004-v2
[2769/6120] A-kem768-gilbert-prr0p95-L5-rep05-seed200005-v1
[2770/6120] A-kem768-gilbert-prr0p95-L5-rep05-seed200005-v2
[2771/6120] A-kem768-gilbert-prr0p95-L5-rep06-seed200006-v1
[2772/6120] A-kem768-gilbert-prr0p95-L5-rep06-seed200006-v2
[2773/6120] A-kem768-gilbert-prr0p95-L5-rep07-seed200007-v1
[2774/6120] A-kem768-gilbert-prr0p95-L5-rep07-seed200007-v2
[2775/6120] A-kem768-gilbert-prr0p95-L5-rep08-seed200008-v1
[2776/6120] A-kem768-gilbert-prr0p95-L5-rep08-seed200008-v2
[2777/6120] A-kem768-gilbert-prr0p95-L5-rep09-seed200009-v1
[2778/6120] A-kem768-gilbert-prr0p95-L5-rep09-seed200009-v2
[2779/6120] A-kem768-gilbert-prr0p95-L5-rep10-seed200010-v1
[2780/6120] A-kem768-gilbert-prr0p95-L5-rep10-seed200010-v2
[2781/6120] A-kem768-gilbert-prr0p95-L5-rep11-seed200011-v1
[2782/6120] A-kem768-gilbert-prr0p95-L5-rep11-seed200011-v2
[2783/6120] A-kem768-gilbert-prr0p95-L5-rep12-seed200012-v1
[2784/6120] A-kem768-gilbert-prr0p95-L5-rep12-seed200012-v2
[2785/6120] A-kem768-gilbert-prr0p95-L5-rep13-seed200013-v1
[2786/6120] A-kem768-gilbert-prr0p95-L5-rep13-seed200013-v2
[2787/6120] A-kem768-gilbert-prr0p95-L5-rep14-seed200014-v1
[2788/6120] A-kem768-gilbert-prr0p95-L5-rep14-seed200014-v2
[2789/6120] A-kem768-gilbert-prr0p95-L5-rep15-seed200015-v1
[2790/6120] A-kem768-gilbert-prr0p95-L5-rep15-seed200015-v2
[2791/6120] A-kem768-gilbert-prr0p95-L5-rep16-seed200016-v1
[2792/6120] A-kem768-gilbert-prr0p95-L5-rep16-seed200016-v2
[2793/6120] A-kem768-gilbert-prr0p95-L5-rep17-seed200017-v1
[2794/6120] A-kem768-gilbert-prr0p95-L5-rep17-seed200017-v2
[2795/6120] A-kem768-gilbert-prr0p95-L5-rep18-seed200018-v1
[2796/6120] A-kem768-gilbert-prr0p95-L5-rep18-seed200018-v2
[2797/6120] A-kem768-gilbert-prr0p95-L5-rep19-seed200019-v1
[2798/6120] A-kem768-gilbert-prr0p95-L5-rep19-seed200019-v2
[2799/6120] A-kem768-gilbert-prr0p95-L5-rep20-seed200020-v1
[2800/6120] A-kem768-gilbert-prr0p95-L5-rep20-seed200020-v2
[2801/6120] A-kem768-gilbert-prr0p95-L5-rep21-seed200021-v1
[2802/6120] A-kem768-gilbert-prr0p95-L5-rep21-seed200021-v2
[2803/6120] A-kem768-gilbert-prr0p95-L5-rep22-seed200022-v1
[2804/6120] A-kem768-gilbert-prr0p95-L5-rep22-seed200022-v2
[2805/6120] A-kem768-gilbert-prr0p95-L5-rep23-seed200023-v1
[2806/6120] A-kem768-gilbert-prr0p95-L5-rep23-seed200023-v2
[2807/6120] A-kem768-gilbert-prr0p95-L5-rep24-seed200024-v1
[2808/6120] A-kem768-gilbert-prr0p95-L5-rep24-seed200024-v2
[2809/6120] A-kem768-gilbert-prr0p95-L5-rep25-seed200025-v1
[2810/6120] A-kem768-gilbert-prr0p95-L5-rep25-seed200025-v2
[2811/6120] A-kem768-gilbert-prr0p95-L5-rep26-seed200026-v1
[2812/6120] A-kem768-gilbert-prr0p95-L5-rep26-seed200026-v2
[2813/6120] A-kem768-gilbert-prr0p95-L5-rep27-seed200027-v1
[2814/6120] A-kem768-gilbert-prr0p95-L5-rep27-seed200027-v2
[2815/6120] A-kem768-gilbert-prr0p95-L5-rep28-seed200028-v1
[2816/6120] A-kem768-gilbert-prr0p95-L5-rep28-seed200028-v2
[2817/6120] A-kem768-gilbert-prr0p95-L5-rep29-seed200029-v1
[2818/6120] A-kem768-gilbert-prr0p95-L5-rep29-seed200029-v2
[2819/6120] A-kem768-gilbert-prr0p95-L5-rep30-seed200030-v1
[2820/6120] A-kem768-gilbert-prr0p95-L5-rep30-seed200030-v2
[2821/6120] B-kem768-gilbert-prr0p95-L5-loss1-rep01-seed200001-v3
[2822/6120] B-kem768-gilbert-prr0p95-L5-loss1-rep01-seed200001-v4
[2823/6120] B-kem768-gilbert-prr0p95-L5-loss1-rep02-seed200002-v3
[2824/6120] B-kem768-gilbert-prr0p95-L5-loss1-rep02-seed200002-v4
[2825/6120] B-kem768-gilbert-prr0p95-L5-loss1-rep03-seed200003-v3
[2826/6120] B-kem768-gilbert-prr0p95-L5-loss1-rep03-seed200003-v4
[2827/6120] B-kem768-gilbert-prr0p95-L5-loss1-rep04-seed200004-v3
[2828/6120] B-kem768-gilbert-prr0p95-L5-loss1-rep04-seed200004-v4
[2829/6120] B-kem768-gilbert-prr0p95-L5-loss1-rep05-seed200005-v3
[2830/6120] B-kem768-gilbert-prr0p95-L5-loss1-rep05-seed200005-v4
[2831/6120] B-kem768-gilbert-prr0p95-L5-loss1-rep06-seed200006-v3
[2832/6120] B-kem768-gilbert-prr0p95-L5-loss1-rep06-seed200006-v4
[2833/6120] B-kem768-gilbert-prr0p95-L5-loss1-rep07-seed200007-v3
[2834/6120] B-kem768-gilbert-prr0p95-L5-loss1-rep07-seed200007-v4
[2835/6120] B-kem768-gilbert-prr0p95-L5-loss1-rep08-seed200008-v3
[2836/6120] B-kem768-gilbert-prr0p95-L5-loss1-rep08-seed200008-v4
[2837/6120] B-kem768-gilbert-prr0p95-L5-loss1-rep09-seed200009-v3
[2838/6120] B-kem768-gilbert-prr0p95-L5-loss1-rep09-seed200009-v4
[2839/6120] B-kem768-gilbert-prr0p95-L5-loss1-rep10-seed200010-v3
[2840/6120] B-kem768-gilbert-prr0p95-L5-loss1-rep10-seed200010-v4
[2841/6120] B-kem768-gilbert-prr0p95-L5-loss1-rep11-seed200011-v3
[2842/6120] B-kem768-gilbert-prr0p95-L5-loss1-rep11-seed200011-v4
[2843/6120] B-kem768-gilbert-prr0p95-L5-loss1-rep12-seed200012-v3
[2844/6120] B-kem768-gilbert-prr0p95-L5-loss1-rep12-seed200012-v4
[2845/6120] B-kem768-gilbert-prr0p95-L5-loss1-rep13-seed200013-v3
[2846/6120] B-kem768-gilbert-prr0p95-L5-loss1-rep13-seed200013-v4
[2847/6120] B-kem768-gilbert-prr0p95-L5-loss1-rep14-seed200014-v3
[2848/6120] B-kem768-gilbert-prr0p95-L5-loss1-rep14-seed200014-v4
[2849/6120] B-kem768-gilbert-prr0p95-L5-loss1-rep15-seed200015-v3
[2850/6120] B-kem768-gilbert-prr0p95-L5-loss1-rep15-seed200015-v4
[2851/6120] B-kem768-gilbert-prr0p95-L5-loss1-rep16-seed200016-v3
[2852/6120] B-kem768-gilbert-prr0p95-L5-loss1-rep16-seed200016-v4
[2853/6120] B-kem768-gilbert-prr0p95-L5-loss1-rep17-seed200017-v3
[2854/6120] B-kem768-gilbert-prr0p95-L5-loss1-rep17-seed200017-v4
[2855/6120] B-kem768-gilbert-prr0p95-L5-loss1-rep18-seed200018-v3
[2856/6120] B-kem768-gilbert-prr0p95-L5-loss1-rep18-seed200018-v4
[2857/6120] B-kem768-gilbert-prr0p95-L5-loss1-rep19-seed200019-v3
[2858/6120] B-kem768-gilbert-prr0p95-L5-loss1-rep19-seed200019-v4
[2859/6120] B-kem768-gilbert-prr0p95-L5-loss1-rep20-seed200020-v3
[2860/6120] B-kem768-gilbert-prr0p95-L5-loss1-rep20-seed200020-v4
[2861/6120] B-kem768-gilbert-prr0p95-L5-loss1-rep21-seed200021-v3
[2862/6120] B-kem768-gilbert-prr0p95-L5-loss1-rep21-seed200021-v4
[2863/6120] B-kem768-gilbert-prr0p95-L5-loss1-rep22-seed200022-v3
[2864/6120] B-kem768-gilbert-prr0p95-L5-loss1-rep22-seed200022-v4
[2865/6120] B-kem768-gilbert-prr0p95-L5-loss1-rep23-seed200023-v3
[2866/6120] B-kem768-gilbert-prr0p95-L5-loss1-rep23-seed200023-v4
[2867/6120] B-kem768-gilbert-prr0p95-L5-loss1-rep24-seed200024-v3
[2868/6120] B-kem768-gilbert-prr0p95-L5-loss1-rep24-seed200024-v4
[2869/6120] B-kem768-gilbert-prr0p95-L5-loss1-rep25-seed200025-v3
[2870/6120] B-kem768-gilbert-prr0p95-L5-loss1-rep25-seed200025-v4
[2871/6120] B-kem768-gilbert-prr0p95-L5-loss1-rep26-seed200026-v3
[2872/6120] B-kem768-gilbert-prr0p95-L5-loss1-rep26-seed200026-v4
[2873/6120] B-kem768-gilbert-prr0p95-L5-loss1-rep27-seed200027-v3
[2874/6120] B-kem768-gilbert-prr0p95-L5-loss1-rep27-seed200027-v4
[2875/6120] B-kem768-gilbert-prr0p95-L5-loss1-rep28-seed200028-v3
[2876/6120] B-kem768-gilbert-prr0p95-L5-loss1-rep28-seed200028-v4
[2877/6120] B-kem768-gilbert-prr0p95-L5-loss1-rep29-seed200029-v3
[2878/6120] B-kem768-gilbert-prr0p95-L5-loss1-rep29-seed200029-v4
[2879/6120] B-kem768-gilbert-prr0p95-L5-loss1-rep30-seed200030-v3
[2880/6120] B-kem768-gilbert-prr0p95-L5-loss1-rep30-seed200030-v4
[2881/6120] A-kem768-gilbert-prr0p95-L10-rep01-seed200001-v1
[2882/6120] A-kem768-gilbert-prr0p95-L10-rep01-seed200001-v2
[2883/6120] A-kem768-gilbert-prr0p95-L10-rep02-seed200002-v1
[2884/6120] A-kem768-gilbert-prr0p95-L10-rep02-seed200002-v2
[2885/6120] A-kem768-gilbert-prr0p95-L10-rep03-seed200003-v1
[2886/6120] A-kem768-gilbert-prr0p95-L10-rep03-seed200003-v2
[2887/6120] A-kem768-gilbert-prr0p95-L10-rep04-seed200004-v1
[2888/6120] A-kem768-gilbert-prr0p95-L10-rep04-seed200004-v2
[2889/6120] A-kem768-gilbert-prr0p95-L10-rep05-seed200005-v1
[2890/6120] A-kem768-gilbert-prr0p95-L10-rep05-seed200005-v2
[2891/6120] A-kem768-gilbert-prr0p95-L10-rep06-seed200006-v1
[2892/6120] A-kem768-gilbert-prr0p95-L10-rep06-seed200006-v2
[2893/6120] A-kem768-gilbert-prr0p95-L10-rep07-seed200007-v1
[2894/6120] A-kem768-gilbert-prr0p95-L10-rep07-seed200007-v2
[2895/6120] A-kem768-gilbert-prr0p95-L10-rep08-seed200008-v1
[2896/6120] A-kem768-gilbert-prr0p95-L10-rep08-seed200008-v2
[2897/6120] A-kem768-gilbert-prr0p95-L10-rep09-seed200009-v1
[2898/6120] A-kem768-gilbert-prr0p95-L10-rep09-seed200009-v2
[2899/6120] A-kem768-gilbert-prr0p95-L10-rep10-seed200010-v1
[2900/6120] A-kem768-gilbert-prr0p95-L10-rep10-seed200010-v2
[2901/6120] A-kem768-gilbert-prr0p95-L10-rep11-seed200011-v1
[2902/6120] A-kem768-gilbert-prr0p95-L10-rep11-seed200011-v2
[2903/6120] A-kem768-gilbert-prr0p95-L10-rep12-seed200012-v1
[2904/6120] A-kem768-gilbert-prr0p95-L10-rep12-seed200012-v2
[2905/6120] A-kem768-gilbert-prr0p95-L10-rep13-seed200013-v1
[2906/6120] A-kem768-gilbert-prr0p95-L10-rep13-seed200013-v2
[2907/6120] A-kem768-gilbert-prr0p95-L10-rep14-seed200014-v1
[2908/6120] A-kem768-gilbert-prr0p95-L10-rep14-seed200014-v2
[2909/6120] A-kem768-gilbert-prr0p95-L10-rep15-seed200015-v1
[2910/6120] A-kem768-gilbert-prr0p95-L10-rep15-seed200015-v2
[2911/6120] A-kem768-gilbert-prr0p95-L10-rep16-seed200016-v1
[2912/6120] A-kem768-gilbert-prr0p95-L10-rep16-seed200016-v2
[2913/6120] A-kem768-gilbert-prr0p95-L10-rep17-seed200017-v1
[2914/6120] A-kem768-gilbert-prr0p95-L10-rep17-seed200017-v2
[2915/6120] A-kem768-gilbert-prr0p95-L10-rep18-seed200018-v1
[2916/6120] A-kem768-gilbert-prr0p95-L10-rep18-seed200018-v2
[2917/6120] A-kem768-gilbert-prr0p95-L10-rep19-seed200019-v1
[2918/6120] A-kem768-gilbert-prr0p95-L10-rep19-seed200019-v2
[2919/6120] A-kem768-gilbert-prr0p95-L10-rep20-seed200020-v1
[2920/6120] A-kem768-gilbert-prr0p95-L10-rep20-seed200020-v2
[2921/6120] A-kem768-gilbert-prr0p95-L10-rep21-seed200021-v1
[2922/6120] A-kem768-gilbert-prr0p95-L10-rep21-seed200021-v2
[2923/6120] A-kem768-gilbert-prr0p95-L10-rep22-seed200022-v1
[2924/6120] A-kem768-gilbert-prr0p95-L10-rep22-seed200022-v2
[2925/6120] A-kem768-gilbert-prr0p95-L10-rep23-seed200023-v1
[2926/6120] A-kem768-gilbert-prr0p95-L10-rep23-seed200023-v2
[2927/6120] A-kem768-gilbert-prr0p95-L10-rep24-seed200024-v1
[2928/6120] A-kem768-gilbert-prr0p95-L10-rep24-seed200024-v2
[2929/6120] A-kem768-gilbert-prr0p95-L10-rep25-seed200025-v1
[2930/6120] A-kem768-gilbert-prr0p95-L10-rep25-seed200025-v2
[2931/6120] A-kem768-gilbert-prr0p95-L10-rep26-seed200026-v1
[2932/6120] A-kem768-gilbert-prr0p95-L10-rep26-seed200026-v2
[2933/6120] A-kem768-gilbert-prr0p95-L10-rep27-seed200027-v1
[2934/6120] A-kem768-gilbert-prr0p95-L10-rep27-seed200027-v2
[2935/6120] A-kem768-gilbert-prr0p95-L10-rep28-seed200028-v1
[2936/6120] A-kem768-gilbert-prr0p95-L10-rep28-seed200028-v2
[2937/6120] A-kem768-gilbert-prr0p95-L10-rep29-seed200029-v1
[2938/6120] A-kem768-gilbert-prr0p95-L10-rep29-seed200029-v2
[2939/6120] A-kem768-gilbert-prr0p95-L10-rep30-seed200030-v1
[2940/6120] A-kem768-gilbert-prr0p95-L10-rep30-seed200030-v2
[2941/6120] B-kem768-gilbert-prr0p95-L10-loss1-rep01-seed200001-v3
[2942/6120] B-kem768-gilbert-prr0p95-L10-loss1-rep01-seed200001-v4
[2943/6120] B-kem768-gilbert-prr0p95-L10-loss1-rep02-seed200002-v3
[2944/6120] B-kem768-gilbert-prr0p95-L10-loss1-rep02-seed200002-v4
[2945/6120] B-kem768-gilbert-prr0p95-L10-loss1-rep03-seed200003-v3
[2946/6120] B-kem768-gilbert-prr0p95-L10-loss1-rep03-seed200003-v4
[2947/6120] B-kem768-gilbert-prr0p95-L10-loss1-rep04-seed200004-v3
[2948/6120] B-kem768-gilbert-prr0p95-L10-loss1-rep04-seed200004-v4
[2949/6120] B-kem768-gilbert-prr0p95-L10-loss1-rep05-seed200005-v3
[2950/6120] B-kem768-gilbert-prr0p95-L10-loss1-rep05-seed200005-v4
[2951/6120] B-kem768-gilbert-prr0p95-L10-loss1-rep06-seed200006-v3
[2952/6120] B-kem768-gilbert-prr0p95-L10-loss1-rep06-seed200006-v4
[2953/6120] B-kem768-gilbert-prr0p95-L10-loss1-rep07-seed200007-v3
[2954/6120] B-kem768-gilbert-prr0p95-L10-loss1-rep07-seed200007-v4
[2955/6120] B-kem768-gilbert-prr0p95-L10-loss1-rep08-seed200008-v3
[2956/6120] B-kem768-gilbert-prr0p95-L10-loss1-rep08-seed200008-v4
[2957/6120] B-kem768-gilbert-prr0p95-L10-loss1-rep09-seed200009-v3
[2958/6120] B-kem768-gilbert-prr0p95-L10-loss1-rep09-seed200009-v4
[2959/6120] B-kem768-gilbert-prr0p95-L10-loss1-rep10-seed200010-v3
[2960/6120] B-kem768-gilbert-prr0p95-L10-loss1-rep10-seed200010-v4
[2961/6120] B-kem768-gilbert-prr0p95-L10-loss1-rep11-seed200011-v3
[2962/6120] B-kem768-gilbert-prr0p95-L10-loss1-rep11-seed200011-v4
[2963/6120] B-kem768-gilbert-prr0p95-L10-loss1-rep12-seed200012-v3
[2964/6120] B-kem768-gilbert-prr0p95-L10-loss1-rep12-seed200012-v4
[2965/6120] B-kem768-gilbert-prr0p95-L10-loss1-rep13-seed200013-v3
[2966/6120] B-kem768-gilbert-prr0p95-L10-loss1-rep13-seed200013-v4
[2967/6120] B-kem768-gilbert-prr0p95-L10-loss1-rep14-seed200014-v3
[2968/6120] B-kem768-gilbert-prr0p95-L10-loss1-rep14-seed200014-v4
[2969/6120] B-kem768-gilbert-prr0p95-L10-loss1-rep15-seed200015-v3
[2970/6120] B-kem768-gilbert-prr0p95-L10-loss1-rep15-seed200015-v4
[2971/6120] B-kem768-gilbert-prr0p95-L10-loss1-rep16-seed200016-v3
[2972/6120] B-kem768-gilbert-prr0p95-L10-loss1-rep16-seed200016-v4
[2973/6120] B-kem768-gilbert-prr0p95-L10-loss1-rep17-seed200017-v3
[2974/6120] B-kem768-gilbert-prr0p95-L10-loss1-rep17-seed200017-v4
[2975/6120] B-kem768-gilbert-prr0p95-L10-loss1-rep18-seed200018-v3
[2976/6120] B-kem768-gilbert-prr0p95-L10-loss1-rep18-seed200018-v4
[2977/6120] B-kem768-gilbert-prr0p95-L10-loss1-rep19-seed200019-v3
[2978/6120] B-kem768-gilbert-prr0p95-L10-loss1-rep19-seed200019-v4
[2979/6120] B-kem768-gilbert-prr0p95-L10-loss1-rep20-seed200020-v3
[2980/6120] B-kem768-gilbert-prr0p95-L10-loss1-rep20-seed200020-v4
[2981/6120] B-kem768-gilbert-prr0p95-L10-loss1-rep21-seed200021-v3
[2982/6120] B-kem768-gilbert-prr0p95-L10-loss1-rep21-seed200021-v4
[2983/6120] B-kem768-gilbert-prr0p95-L10-loss1-rep22-seed200022-v3
[2984/6120] B-kem768-gilbert-prr0p95-L10-loss1-rep22-seed200022-v4
[2985/6120] B-kem768-gilbert-prr0p95-L10-loss1-rep23-seed200023-v3
[2986/6120] B-kem768-gilbert-prr0p95-L10-loss1-rep23-seed200023-v4
[2987/6120] B-kem768-gilbert-prr0p95-L10-loss1-rep24-seed200024-v3
[2988/6120] B-kem768-gilbert-prr0p95-L10-loss1-rep24-seed200024-v4
[2989/6120] B-kem768-gilbert-prr0p95-L10-loss1-rep25-seed200025-v3
[2990/6120] B-kem768-gilbert-prr0p95-L10-loss1-rep25-seed200025-v4
[2991/6120] B-kem768-gilbert-prr0p95-L10-loss1-rep26-seed200026-v3
[2992/6120] B-kem768-gilbert-prr0p95-L10-loss1-rep26-seed200026-v4
[2993/6120] B-kem768-gilbert-prr0p95-L10-loss1-rep27-seed200027-v3
[2994/6120] B-kem768-gilbert-prr0p95-L10-loss1-rep27-seed200027-v4
[2995/6120] B-kem768-gilbert-prr0p95-L10-loss1-rep28-seed200028-v3
[2996/6120] B-kem768-gilbert-prr0p95-L10-loss1-rep28-seed200028-v4
[2997/6120] B-kem768-gilbert-prr0p95-L10-loss1-rep29-seed200029-v3
[2998/6120] B-kem768-gilbert-prr0p95-L10-loss1-rep29-seed200029-v4
[2999/6120] B-kem768-gilbert-prr0p95-L10-loss1-rep30-seed200030-v3
[3000/6120] B-kem768-gilbert-prr0p95-L10-loss1-rep30-seed200030-v4
[3001/6120] A-kem768-gilbert-prr0p90-L2-rep01-seed200001-v1
[3002/6120] A-kem768-gilbert-prr0p90-L2-rep01-seed200001-v2
[3003/6120] A-kem768-gilbert-prr0p90-L2-rep02-seed200002-v1
[3004/6120] A-kem768-gilbert-prr0p90-L2-rep02-seed200002-v2
[3005/6120] A-kem768-gilbert-prr0p90-L2-rep03-seed200003-v1
[3006/6120] A-kem768-gilbert-prr0p90-L2-rep03-seed200003-v2
[3007/6120] A-kem768-gilbert-prr0p90-L2-rep04-seed200004-v1
[3008/6120] A-kem768-gilbert-prr0p90-L2-rep04-seed200004-v2
[3009/6120] A-kem768-gilbert-prr0p90-L2-rep05-seed200005-v1
[3010/6120] A-kem768-gilbert-prr0p90-L2-rep05-seed200005-v2
[3011/6120] A-kem768-gilbert-prr0p90-L2-rep06-seed200006-v1
[3012/6120] A-kem768-gilbert-prr0p90-L2-rep06-seed200006-v2
[3013/6120] A-kem768-gilbert-prr0p90-L2-rep07-seed200007-v1
[3014/6120] A-kem768-gilbert-prr0p90-L2-rep07-seed200007-v2
[3015/6120] A-kem768-gilbert-prr0p90-L2-rep08-seed200008-v1
[3016/6120] A-kem768-gilbert-prr0p90-L2-rep08-seed200008-v2
[3017/6120] A-kem768-gilbert-prr0p90-L2-rep09-seed200009-v1
[3018/6120] A-kem768-gilbert-prr0p90-L2-rep09-seed200009-v2
[3019/6120] A-kem768-gilbert-prr0p90-L2-rep10-seed200010-v1
[3020/6120] A-kem768-gilbert-prr0p90-L2-rep10-seed200010-v2
[3021/6120] A-kem768-gilbert-prr0p90-L2-rep11-seed200011-v1
[3022/6120] A-kem768-gilbert-prr0p90-L2-rep11-seed200011-v2
[3023/6120] A-kem768-gilbert-prr0p90-L2-rep12-seed200012-v1
[3024/6120] A-kem768-gilbert-prr0p90-L2-rep12-seed200012-v2
[3025/6120] A-kem768-gilbert-prr0p90-L2-rep13-seed200013-v1
[3026/6120] A-kem768-gilbert-prr0p90-L2-rep13-seed200013-v2
[3027/6120] A-kem768-gilbert-prr0p90-L2-rep14-seed200014-v1
[3028/6120] A-kem768-gilbert-prr0p90-L2-rep14-seed200014-v2
[3029/6120] A-kem768-gilbert-prr0p90-L2-rep15-seed200015-v1
[3030/6120] A-kem768-gilbert-prr0p90-L2-rep15-seed200015-v2
[3031/6120] A-kem768-gilbert-prr0p90-L2-rep16-seed200016-v1
[3032/6120] A-kem768-gilbert-prr0p90-L2-rep16-seed200016-v2
[3033/6120] A-kem768-gilbert-prr0p90-L2-rep17-seed200017-v1
[3034/6120] A-kem768-gilbert-prr0p90-L2-rep17-seed200017-v2
[3035/6120] A-kem768-gilbert-prr0p90-L2-rep18-seed200018-v1
[3036/6120] A-kem768-gilbert-prr0p90-L2-rep18-seed200018-v2
[3037/6120] A-kem768-gilbert-prr0p90-L2-rep19-seed200019-v1
[3038/6120] A-kem768-gilbert-prr0p90-L2-rep19-seed200019-v2
[3039/6120] A-kem768-gilbert-prr0p90-L2-rep20-seed200020-v1
[3040/6120] A-kem768-gilbert-prr0p90-L2-rep20-seed200020-v2
[3041/6120] A-kem768-gilbert-prr0p90-L2-rep21-seed200021-v1
[3042/6120] A-kem768-gilbert-prr0p90-L2-rep21-seed200021-v2
[3043/6120] A-kem768-gilbert-prr0p90-L2-rep22-seed200022-v1
[3044/6120] A-kem768-gilbert-prr0p90-L2-rep22-seed200022-v2
[3045/6120] A-kem768-gilbert-prr0p90-L2-rep23-seed200023-v1
[3046/6120] A-kem768-gilbert-prr0p90-L2-rep23-seed200023-v2
[3047/6120] A-kem768-gilbert-prr0p90-L2-rep24-seed200024-v1
[3048/6120] A-kem768-gilbert-prr0p90-L2-rep24-seed200024-v2
[3049/6120] A-kem768-gilbert-prr0p90-L2-rep25-seed200025-v1
[3050/6120] A-kem768-gilbert-prr0p90-L2-rep25-seed200025-v2
[3051/6120] A-kem768-gilbert-prr0p90-L2-rep26-seed200026-v1
[3052/6120] A-kem768-gilbert-prr0p90-L2-rep26-seed200026-v2
[3053/6120] A-kem768-gilbert-prr0p90-L2-rep27-seed200027-v1
[3054/6120] A-kem768-gilbert-prr0p90-L2-rep27-seed200027-v2
[3055/6120] A-kem768-gilbert-prr0p90-L2-rep28-seed200028-v1
[3056/6120] A-kem768-gilbert-prr0p90-L2-rep28-seed200028-v2
[3057/6120] A-kem768-gilbert-prr0p90-L2-rep29-seed200029-v1
[3058/6120] A-kem768-gilbert-prr0p90-L2-rep29-seed200029-v2
[3059/6120] A-kem768-gilbert-prr0p90-L2-rep30-seed200030-v1
[3060/6120] A-kem768-gilbert-prr0p90-L2-rep30-seed200030-v2
[3061/6120] B-kem768-gilbert-prr0p90-L2-loss1-rep01-seed200001-v3
[3062/6120] B-kem768-gilbert-prr0p90-L2-loss1-rep01-seed200001-v4
[3063/6120] B-kem768-gilbert-prr0p90-L2-loss1-rep02-seed200002-v3
[3064/6120] B-kem768-gilbert-prr0p90-L2-loss1-rep02-seed200002-v4
[3065/6120] B-kem768-gilbert-prr0p90-L2-loss1-rep03-seed200003-v3
[3066/6120] B-kem768-gilbert-prr0p90-L2-loss1-rep03-seed200003-v4
[3067/6120] B-kem768-gilbert-prr0p90-L2-loss1-rep04-seed200004-v3
[3068/6120] B-kem768-gilbert-prr0p90-L2-loss1-rep04-seed200004-v4
[3069/6120] B-kem768-gilbert-prr0p90-L2-loss1-rep05-seed200005-v3
[3070/6120] B-kem768-gilbert-prr0p90-L2-loss1-rep05-seed200005-v4
[3071/6120] B-kem768-gilbert-prr0p90-L2-loss1-rep06-seed200006-v3
[3072/6120] B-kem768-gilbert-prr0p90-L2-loss1-rep06-seed200006-v4
[3073/6120] B-kem768-gilbert-prr0p90-L2-loss1-rep07-seed200007-v3
[3074/6120] B-kem768-gilbert-prr0p90-L2-loss1-rep07-seed200007-v4
[3075/6120] B-kem768-gilbert-prr0p90-L2-loss1-rep08-seed200008-v3
[3076/6120] B-kem768-gilbert-prr0p90-L2-loss1-rep08-seed200008-v4
[3077/6120] B-kem768-gilbert-prr0p90-L2-loss1-rep09-seed200009-v3
[3078/6120] B-kem768-gilbert-prr0p90-L2-loss1-rep09-seed200009-v4
[3079/6120] B-kem768-gilbert-prr0p90-L2-loss1-rep10-seed200010-v3
[3080/6120] B-kem768-gilbert-prr0p90-L2-loss1-rep10-seed200010-v4
[3081/6120] B-kem768-gilbert-prr0p90-L2-loss1-rep11-seed200011-v3
[3082/6120] B-kem768-gilbert-prr0p90-L2-loss1-rep11-seed200011-v4
[3083/6120] B-kem768-gilbert-prr0p90-L2-loss1-rep12-seed200012-v3
[3084/6120] B-kem768-gilbert-prr0p90-L2-loss1-rep12-seed200012-v4
[3085/6120] B-kem768-gilbert-prr0p90-L2-loss1-rep13-seed200013-v3
[3086/6120] B-kem768-gilbert-prr0p90-L2-loss1-rep13-seed200013-v4
[3087/6120] B-kem768-gilbert-prr0p90-L2-loss1-rep14-seed200014-v3
[3088/6120] B-kem768-gilbert-prr0p90-L2-loss1-rep14-seed200014-v4
[3089/6120] B-kem768-gilbert-prr0p90-L2-loss1-rep15-seed200015-v3
[3090/6120] B-kem768-gilbert-prr0p90-L2-loss1-rep15-seed200015-v4
[3091/6120] B-kem768-gilbert-prr0p90-L2-loss1-rep16-seed200016-v3
[3092/6120] B-kem768-gilbert-prr0p90-L2-loss1-rep16-seed200016-v4
[3093/6120] B-kem768-gilbert-prr0p90-L2-loss1-rep17-seed200017-v3
[3094/6120] B-kem768-gilbert-prr0p90-L2-loss1-rep17-seed200017-v4
[3095/6120] B-kem768-gilbert-prr0p90-L2-loss1-rep18-seed200018-v3
[3096/6120] B-kem768-gilbert-prr0p90-L2-loss1-rep18-seed200018-v4
[3097/6120] B-kem768-gilbert-prr0p90-L2-loss1-rep19-seed200019-v3
[3098/6120] B-kem768-gilbert-prr0p90-L2-loss1-rep19-seed200019-v4
[3099/6120] B-kem768-gilbert-prr0p90-L2-loss1-rep20-seed200020-v3
[3100/6120] B-kem768-gilbert-prr0p90-L2-loss1-rep20-seed200020-v4
[3101/6120] B-kem768-gilbert-prr0p90-L2-loss1-rep21-seed200021-v3
[3102/6120] B-kem768-gilbert-prr0p90-L2-loss1-rep21-seed200021-v4
[3103/6120] B-kem768-gilbert-prr0p90-L2-loss1-rep22-seed200022-v3
[3104/6120] B-kem768-gilbert-prr0p90-L2-loss1-rep22-seed200022-v4
[3105/6120] B-kem768-gilbert-prr0p90-L2-loss1-rep23-seed200023-v3
[3106/6120] B-kem768-gilbert-prr0p90-L2-loss1-rep23-seed200023-v4
[3107/6120] B-kem768-gilbert-prr0p90-L2-loss1-rep24-seed200024-v3
[3108/6120] B-kem768-gilbert-prr0p90-L2-loss1-rep24-seed200024-v4
[3109/6120] B-kem768-gilbert-prr0p90-L2-loss1-rep25-seed200025-v3
[3110/6120] B-kem768-gilbert-prr0p90-L2-loss1-rep25-seed200025-v4
[3111/6120] B-kem768-gilbert-prr0p90-L2-loss1-rep26-seed200026-v3
[3112/6120] B-kem768-gilbert-prr0p90-L2-loss1-rep26-seed200026-v4
[3113/6120] B-kem768-gilbert-prr0p90-L2-loss1-rep27-seed200027-v3
[3114/6120] B-kem768-gilbert-prr0p90-L2-loss1-rep27-seed200027-v4
[3115/6120] B-kem768-gilbert-prr0p90-L2-loss1-rep28-seed200028-v3
[3116/6120] B-kem768-gilbert-prr0p90-L2-loss1-rep28-seed200028-v4
[3117/6120] B-kem768-gilbert-prr0p90-L2-loss1-rep29-seed200029-v3
[3118/6120] B-kem768-gilbert-prr0p90-L2-loss1-rep29-seed200029-v4
[3119/6120] B-kem768-gilbert-prr0p90-L2-loss1-rep30-seed200030-v3
[3120/6120] B-kem768-gilbert-prr0p90-L2-loss1-rep30-seed200030-v4
[3121/6120] A-kem768-gilbert-prr0p90-L5-rep01-seed200001-v1
[3122/6120] A-kem768-gilbert-prr0p90-L5-rep01-seed200001-v2
[3123/6120] A-kem768-gilbert-prr0p90-L5-rep02-seed200002-v1
[3124/6120] A-kem768-gilbert-prr0p90-L5-rep02-seed200002-v2
[3125/6120] A-kem768-gilbert-prr0p90-L5-rep03-seed200003-v1
[3126/6120] A-kem768-gilbert-prr0p90-L5-rep03-seed200003-v2
[3127/6120] A-kem768-gilbert-prr0p90-L5-rep04-seed200004-v1
[3128/6120] A-kem768-gilbert-prr0p90-L5-rep04-seed200004-v2
[3129/6120] A-kem768-gilbert-prr0p90-L5-rep05-seed200005-v1
[3130/6120] A-kem768-gilbert-prr0p90-L5-rep05-seed200005-v2
[3131/6120] A-kem768-gilbert-prr0p90-L5-rep06-seed200006-v1
[3132/6120] A-kem768-gilbert-prr0p90-L5-rep06-seed200006-v2
[3133/6120] A-kem768-gilbert-prr0p90-L5-rep07-seed200007-v1
[3134/6120] A-kem768-gilbert-prr0p90-L5-rep07-seed200007-v2
[3135/6120] A-kem768-gilbert-prr0p90-L5-rep08-seed200008-v1
[3136/6120] A-kem768-gilbert-prr0p90-L5-rep08-seed200008-v2
[3137/6120] A-kem768-gilbert-prr0p90-L5-rep09-seed200009-v1
[3138/6120] A-kem768-gilbert-prr0p90-L5-rep09-seed200009-v2
[3139/6120] A-kem768-gilbert-prr0p90-L5-rep10-seed200010-v1
[3140/6120] A-kem768-gilbert-prr0p90-L5-rep10-seed200010-v2
[3141/6120] A-kem768-gilbert-prr0p90-L5-rep11-seed200011-v1
[3142/6120] A-kem768-gilbert-prr0p90-L5-rep11-seed200011-v2
[3143/6120] A-kem768-gilbert-prr0p90-L5-rep12-seed200012-v1
[3144/6120] A-kem768-gilbert-prr0p90-L5-rep12-seed200012-v2
[3145/6120] A-kem768-gilbert-prr0p90-L5-rep13-seed200013-v1
[3146/6120] A-kem768-gilbert-prr0p90-L5-rep13-seed200013-v2
[3147/6120] A-kem768-gilbert-prr0p90-L5-rep14-seed200014-v1
[3148/6120] A-kem768-gilbert-prr0p90-L5-rep14-seed200014-v2
[3149/6120] A-kem768-gilbert-prr0p90-L5-rep15-seed200015-v1
[3150/6120] A-kem768-gilbert-prr0p90-L5-rep15-seed200015-v2
[3151/6120] A-kem768-gilbert-prr0p90-L5-rep16-seed200016-v1
[3152/6120] A-kem768-gilbert-prr0p90-L5-rep16-seed200016-v2
[3153/6120] A-kem768-gilbert-prr0p90-L5-rep17-seed200017-v1
[3154/6120] A-kem768-gilbert-prr0p90-L5-rep17-seed200017-v2
[3155/6120] A-kem768-gilbert-prr0p90-L5-rep18-seed200018-v1
[3156/6120] A-kem768-gilbert-prr0p90-L5-rep18-seed200018-v2
[3157/6120] A-kem768-gilbert-prr0p90-L5-rep19-seed200019-v1
[3158/6120] A-kem768-gilbert-prr0p90-L5-rep19-seed200019-v2
[3159/6120] A-kem768-gilbert-prr0p90-L5-rep20-seed200020-v1
[3160/6120] A-kem768-gilbert-prr0p90-L5-rep20-seed200020-v2
[3161/6120] A-kem768-gilbert-prr0p90-L5-rep21-seed200021-v1
[3162/6120] A-kem768-gilbert-prr0p90-L5-rep21-seed200021-v2
[3163/6120] A-kem768-gilbert-prr0p90-L5-rep22-seed200022-v1
[3164/6120] A-kem768-gilbert-prr0p90-L5-rep22-seed200022-v2
[3165/6120] A-kem768-gilbert-prr0p90-L5-rep23-seed200023-v1
[3166/6120] A-kem768-gilbert-prr0p90-L5-rep23-seed200023-v2
[3167/6120] A-kem768-gilbert-prr0p90-L5-rep24-seed200024-v1
[3168/6120] A-kem768-gilbert-prr0p90-L5-rep24-seed200024-v2
[3169/6120] A-kem768-gilbert-prr0p90-L5-rep25-seed200025-v1
[3170/6120] A-kem768-gilbert-prr0p90-L5-rep25-seed200025-v2
[3171/6120] A-kem768-gilbert-prr0p90-L5-rep26-seed200026-v1
[3172/6120] A-kem768-gilbert-prr0p90-L5-rep26-seed200026-v2
[3173/6120] A-kem768-gilbert-prr0p90-L5-rep27-seed200027-v1
[3174/6120] A-kem768-gilbert-prr0p90-L5-rep27-seed200027-v2
[3175/6120] A-kem768-gilbert-prr0p90-L5-rep28-seed200028-v1
[3176/6120] A-kem768-gilbert-prr0p90-L5-rep28-seed200028-v2
[3177/6120] A-kem768-gilbert-prr0p90-L5-rep29-seed200029-v1
[3178/6120] A-kem768-gilbert-prr0p90-L5-rep29-seed200029-v2
[3179/6120] A-kem768-gilbert-prr0p90-L5-rep30-seed200030-v1
[3180/6120] A-kem768-gilbert-prr0p90-L5-rep30-seed200030-v2
[3181/6120] B-kem768-gilbert-prr0p90-L5-loss1-rep01-seed200001-v3
[3182/6120] B-kem768-gilbert-prr0p90-L5-loss1-rep01-seed200001-v4
[3183/6120] B-kem768-gilbert-prr0p90-L5-loss1-rep02-seed200002-v3
[3184/6120] B-kem768-gilbert-prr0p90-L5-loss1-rep02-seed200002-v4
[3185/6120] B-kem768-gilbert-prr0p90-L5-loss1-rep03-seed200003-v3
[3186/6120] B-kem768-gilbert-prr0p90-L5-loss1-rep03-seed200003-v4
[3187/6120] B-kem768-gilbert-prr0p90-L5-loss1-rep04-seed200004-v3
[3188/6120] B-kem768-gilbert-prr0p90-L5-loss1-rep04-seed200004-v4
[3189/6120] B-kem768-gilbert-prr0p90-L5-loss1-rep05-seed200005-v3
[3190/6120] B-kem768-gilbert-prr0p90-L5-loss1-rep05-seed200005-v4
[3191/6120] B-kem768-gilbert-prr0p90-L5-loss1-rep06-seed200006-v3
[3192/6120] B-kem768-gilbert-prr0p90-L5-loss1-rep06-seed200006-v4
[3193/6120] B-kem768-gilbert-prr0p90-L5-loss1-rep07-seed200007-v3
[3194/6120] B-kem768-gilbert-prr0p90-L5-loss1-rep07-seed200007-v4
[3195/6120] B-kem768-gilbert-prr0p90-L5-loss1-rep08-seed200008-v3
[3196/6120] B-kem768-gilbert-prr0p90-L5-loss1-rep08-seed200008-v4
[3197/6120] B-kem768-gilbert-prr0p90-L5-loss1-rep09-seed200009-v3
[3198/6120] B-kem768-gilbert-prr0p90-L5-loss1-rep09-seed200009-v4
[3199/6120] B-kem768-gilbert-prr0p90-L5-loss1-rep10-seed200010-v3
[3200/6120] B-kem768-gilbert-prr0p90-L5-loss1-rep10-seed200010-v4
[3201/6120] B-kem768-gilbert-prr0p90-L5-loss1-rep11-seed200011-v3
[3202/6120] B-kem768-gilbert-prr0p90-L5-loss1-rep11-seed200011-v4
[3203/6120] B-kem768-gilbert-prr0p90-L5-loss1-rep12-seed200012-v3
[3204/6120] B-kem768-gilbert-prr0p90-L5-loss1-rep12-seed200012-v4
[3205/6120] B-kem768-gilbert-prr0p90-L5-loss1-rep13-seed200013-v3
[3206/6120] B-kem768-gilbert-prr0p90-L5-loss1-rep13-seed200013-v4
[3207/6120] B-kem768-gilbert-prr0p90-L5-loss1-rep14-seed200014-v3
[3208/6120] B-kem768-gilbert-prr0p90-L5-loss1-rep14-seed200014-v4
[3209/6120] B-kem768-gilbert-prr0p90-L5-loss1-rep15-seed200015-v3
[3210/6120] B-kem768-gilbert-prr0p90-L5-loss1-rep15-seed200015-v4
[3211/6120] B-kem768-gilbert-prr0p90-L5-loss1-rep16-seed200016-v3
[3212/6120] B-kem768-gilbert-prr0p90-L5-loss1-rep16-seed200016-v4
[3213/6120] B-kem768-gilbert-prr0p90-L5-loss1-rep17-seed200017-v3
[3214/6120] B-kem768-gilbert-prr0p90-L5-loss1-rep17-seed200017-v4
[3215/6120] B-kem768-gilbert-prr0p90-L5-loss1-rep18-seed200018-v3
[3216/6120] B-kem768-gilbert-prr0p90-L5-loss1-rep18-seed200018-v4
[3217/6120] B-kem768-gilbert-prr0p90-L5-loss1-rep19-seed200019-v3
[3218/6120] B-kem768-gilbert-prr0p90-L5-loss1-rep19-seed200019-v4
[3219/6120] B-kem768-gilbert-prr0p90-L5-loss1-rep20-seed200020-v3
[3220/6120] B-kem768-gilbert-prr0p90-L5-loss1-rep20-seed200020-v4
[3221/6120] B-kem768-gilbert-prr0p90-L5-loss1-rep21-seed200021-v3
[3222/6120] B-kem768-gilbert-prr0p90-L5-loss1-rep21-seed200021-v4
[3223/6120] B-kem768-gilbert-prr0p90-L5-loss1-rep22-seed200022-v3
[3224/6120] B-kem768-gilbert-prr0p90-L5-loss1-rep22-seed200022-v4
[3225/6120] B-kem768-gilbert-prr0p90-L5-loss1-rep23-seed200023-v3
[3226/6120] B-kem768-gilbert-prr0p90-L5-loss1-rep23-seed200023-v4
[3227/6120] B-kem768-gilbert-prr0p90-L5-loss1-rep24-seed200024-v3
[3228/6120] B-kem768-gilbert-prr0p90-L5-loss1-rep24-seed200024-v4
[3229/6120] B-kem768-gilbert-prr0p90-L5-loss1-rep25-seed200025-v3
[3230/6120] B-kem768-gilbert-prr0p90-L5-loss1-rep25-seed200025-v4
[3231/6120] B-kem768-gilbert-prr0p90-L5-loss1-rep26-seed200026-v3
[3232/6120] B-kem768-gilbert-prr0p90-L5-loss1-rep26-seed200026-v4
[3233/6120] B-kem768-gilbert-prr0p90-L5-loss1-rep27-seed200027-v3
[3234/6120] B-kem768-gilbert-prr0p90-L5-loss1-rep27-seed200027-v4
[3235/6120] B-kem768-gilbert-prr0p90-L5-loss1-rep28-seed200028-v3
[3236/6120] B-kem768-gilbert-prr0p90-L5-loss1-rep28-seed200028-v4
[3237/6120] B-kem768-gilbert-prr0p90-L5-loss1-rep29-seed200029-v3
[3238/6120] B-kem768-gilbert-prr0p90-L5-loss1-rep29-seed200029-v4
[3239/6120] B-kem768-gilbert-prr0p90-L5-loss1-rep30-seed200030-v3
[3240/6120] B-kem768-gilbert-prr0p90-L5-loss1-rep30-seed200030-v4
[3241/6120] A-kem768-gilbert-prr0p90-L10-rep01-seed200001-v1
[3242/6120] A-kem768-gilbert-prr0p90-L10-rep01-seed200001-v2
[3243/6120] A-kem768-gilbert-prr0p90-L10-rep02-seed200002-v1
[3244/6120] A-kem768-gilbert-prr0p90-L10-rep02-seed200002-v2
[3245/6120] A-kem768-gilbert-prr0p90-L10-rep03-seed200003-v1
[3246/6120] A-kem768-gilbert-prr0p90-L10-rep03-seed200003-v2
[3247/6120] A-kem768-gilbert-prr0p90-L10-rep04-seed200004-v1
[3248/6120] A-kem768-gilbert-prr0p90-L10-rep04-seed200004-v2
[3249/6120] A-kem768-gilbert-prr0p90-L10-rep05-seed200005-v1
[3250/6120] A-kem768-gilbert-prr0p90-L10-rep05-seed200005-v2
[3251/6120] A-kem768-gilbert-prr0p90-L10-rep06-seed200006-v1
[3252/6120] A-kem768-gilbert-prr0p90-L10-rep06-seed200006-v2
[3253/6120] A-kem768-gilbert-prr0p90-L10-rep07-seed200007-v1
[3254/6120] A-kem768-gilbert-prr0p90-L10-rep07-seed200007-v2
[3255/6120] A-kem768-gilbert-prr0p90-L10-rep08-seed200008-v1
[3256/6120] A-kem768-gilbert-prr0p90-L10-rep08-seed200008-v2
[3257/6120] A-kem768-gilbert-prr0p90-L10-rep09-seed200009-v1
[3258/6120] A-kem768-gilbert-prr0p90-L10-rep09-seed200009-v2
[3259/6120] A-kem768-gilbert-prr0p90-L10-rep10-seed200010-v1
[3260/6120] A-kem768-gilbert-prr0p90-L10-rep10-seed200010-v2
[3261/6120] A-kem768-gilbert-prr0p90-L10-rep11-seed200011-v1
[3262/6120] A-kem768-gilbert-prr0p90-L10-rep11-seed200011-v2
[3263/6120] A-kem768-gilbert-prr0p90-L10-rep12-seed200012-v1
[3264/6120] A-kem768-gilbert-prr0p90-L10-rep12-seed200012-v2
[3265/6120] A-kem768-gilbert-prr0p90-L10-rep13-seed200013-v1
[3266/6120] A-kem768-gilbert-prr0p90-L10-rep13-seed200013-v2
[3267/6120] A-kem768-gilbert-prr0p90-L10-rep14-seed200014-v1
[3268/6120] A-kem768-gilbert-prr0p90-L10-rep14-seed200014-v2
[3269/6120] A-kem768-gilbert-prr0p90-L10-rep15-seed200015-v1
[3270/6120] A-kem768-gilbert-prr0p90-L10-rep15-seed200015-v2
[3271/6120] A-kem768-gilbert-prr0p90-L10-rep16-seed200016-v1
[3272/6120] A-kem768-gilbert-prr0p90-L10-rep16-seed200016-v2
[3273/6120] A-kem768-gilbert-prr0p90-L10-rep17-seed200017-v1
[3274/6120] A-kem768-gilbert-prr0p90-L10-rep17-seed200017-v2
[3275/6120] A-kem768-gilbert-prr0p90-L10-rep18-seed200018-v1
[3276/6120] A-kem768-gilbert-prr0p90-L10-rep18-seed200018-v2
[3277/6120] A-kem768-gilbert-prr0p90-L10-rep19-seed200019-v1
[3278/6120] A-kem768-gilbert-prr0p90-L10-rep19-seed200019-v2
[3279/6120] A-kem768-gilbert-prr0p90-L10-rep20-seed200020-v1
[3280/6120] A-kem768-gilbert-prr0p90-L10-rep20-seed200020-v2
[3281/6120] A-kem768-gilbert-prr0p90-L10-rep21-seed200021-v1
[3282/6120] A-kem768-gilbert-prr0p90-L10-rep21-seed200021-v2
[3283/6120] A-kem768-gilbert-prr0p90-L10-rep22-seed200022-v1
[3284/6120] A-kem768-gilbert-prr0p90-L10-rep22-seed200022-v2
[3285/6120] A-kem768-gilbert-prr0p90-L10-rep23-seed200023-v1
[3286/6120] A-kem768-gilbert-prr0p90-L10-rep23-seed200023-v2
[3287/6120] A-kem768-gilbert-prr0p90-L10-rep24-seed200024-v1
[3288/6120] A-kem768-gilbert-prr0p90-L10-rep24-seed200024-v2
[3289/6120] A-kem768-gilbert-prr0p90-L10-rep25-seed200025-v1
[3290/6120] A-kem768-gilbert-prr0p90-L10-rep25-seed200025-v2
[3291/6120] A-kem768-gilbert-prr0p90-L10-rep26-seed200026-v1
[3292/6120] A-kem768-gilbert-prr0p90-L10-rep26-seed200026-v2
[3293/6120] A-kem768-gilbert-prr0p90-L10-rep27-seed200027-v1
[3294/6120] A-kem768-gilbert-prr0p90-L10-rep27-seed200027-v2
[3295/6120] A-kem768-gilbert-prr0p90-L10-rep28-seed200028-v1
[3296/6120] A-kem768-gilbert-prr0p90-L10-rep28-seed200028-v2
[3297/6120] A-kem768-gilbert-prr0p90-L10-rep29-seed200029-v1
[3298/6120] A-kem768-gilbert-prr0p90-L10-rep29-seed200029-v2
[3299/6120] A-kem768-gilbert-prr0p90-L10-rep30-seed200030-v1
[3300/6120] A-kem768-gilbert-prr0p90-L10-rep30-seed200030-v2
[3301/6120] B-kem768-gilbert-prr0p90-L10-loss1-rep01-seed200001-v3
[3302/6120] B-kem768-gilbert-prr0p90-L10-loss1-rep01-seed200001-v4
[3303/6120] B-kem768-gilbert-prr0p90-L10-loss1-rep02-seed200002-v3
[3304/6120] B-kem768-gilbert-prr0p90-L10-loss1-rep02-seed200002-v4
[3305/6120] B-kem768-gilbert-prr0p90-L10-loss1-rep03-seed200003-v3
[3306/6120] B-kem768-gilbert-prr0p90-L10-loss1-rep03-seed200003-v4
[3307/6120] B-kem768-gilbert-prr0p90-L10-loss1-rep04-seed200004-v3
[3308/6120] B-kem768-gilbert-prr0p90-L10-loss1-rep04-seed200004-v4
[3309/6120] B-kem768-gilbert-prr0p90-L10-loss1-rep05-seed200005-v3
[3310/6120] B-kem768-gilbert-prr0p90-L10-loss1-rep05-seed200005-v4
[3311/6120] B-kem768-gilbert-prr0p90-L10-loss1-rep06-seed200006-v3
[3312/6120] B-kem768-gilbert-prr0p90-L10-loss1-rep06-seed200006-v4
[3313/6120] B-kem768-gilbert-prr0p90-L10-loss1-rep07-seed200007-v3
[3314/6120] B-kem768-gilbert-prr0p90-L10-loss1-rep07-seed200007-v4
[3315/6120] B-kem768-gilbert-prr0p90-L10-loss1-rep08-seed200008-v3
[3316/6120] B-kem768-gilbert-prr0p90-L10-loss1-rep08-seed200008-v4
[3317/6120] B-kem768-gilbert-prr0p90-L10-loss1-rep09-seed200009-v3
[3318/6120] B-kem768-gilbert-prr0p90-L10-loss1-rep09-seed200009-v4
[3319/6120] B-kem768-gilbert-prr0p90-L10-loss1-rep10-seed200010-v3
[3320/6120] B-kem768-gilbert-prr0p90-L10-loss1-rep10-seed200010-v4
[3321/6120] B-kem768-gilbert-prr0p90-L10-loss1-rep11-seed200011-v3
[3322/6120] B-kem768-gilbert-prr0p90-L10-loss1-rep11-seed200011-v4
[3323/6120] B-kem768-gilbert-prr0p90-L10-loss1-rep12-seed200012-v3
[3324/6120] B-kem768-gilbert-prr0p90-L10-loss1-rep12-seed200012-v4
[3325/6120] B-kem768-gilbert-prr0p90-L10-loss1-rep13-seed200013-v3
[3326/6120] B-kem768-gilbert-prr0p90-L10-loss1-rep13-seed200013-v4
[3327/6120] B-kem768-gilbert-prr0p90-L10-loss1-rep14-seed200014-v3
[3328/6120] B-kem768-gilbert-prr0p90-L10-loss1-rep14-seed200014-v4
[3329/6120] B-kem768-gilbert-prr0p90-L10-loss1-rep15-seed200015-v3
[3330/6120] B-kem768-gilbert-prr0p90-L10-loss1-rep15-seed200015-v4
[3331/6120] B-kem768-gilbert-prr0p90-L10-loss1-rep16-seed200016-v3
[3332/6120] B-kem768-gilbert-prr0p90-L10-loss1-rep16-seed200016-v4
[3333/6120] B-kem768-gilbert-prr0p90-L10-loss1-rep17-seed200017-v3
[3334/6120] B-kem768-gilbert-prr0p90-L10-loss1-rep17-seed200017-v4
[3335/6120] B-kem768-gilbert-prr0p90-L10-loss1-rep18-seed200018-v3
[3336/6120] B-kem768-gilbert-prr0p90-L10-loss1-rep18-seed200018-v4
[3337/6120] B-kem768-gilbert-prr0p90-L10-loss1-rep19-seed200019-v3
[3338/6120] B-kem768-gilbert-prr0p90-L10-loss1-rep19-seed200019-v4
[3339/6120] B-kem768-gilbert-prr0p90-L10-loss1-rep20-seed200020-v3
[3340/6120] B-kem768-gilbert-prr0p90-L10-loss1-rep20-seed200020-v4
[3341/6120] B-kem768-gilbert-prr0p90-L10-loss1-rep21-seed200021-v3
[3342/6120] B-kem768-gilbert-prr0p90-L10-loss1-rep21-seed200021-v4
[3343/6120] B-kem768-gilbert-prr0p90-L10-loss1-rep22-seed200022-v3
[3344/6120] B-kem768-gilbert-prr0p90-L10-loss1-rep22-seed200022-v4
[3345/6120] B-kem768-gilbert-prr0p90-L10-loss1-rep23-seed200023-v3
[3346/6120] B-kem768-gilbert-prr0p90-L10-loss1-rep23-seed200023-v4
[3347/6120] B-kem768-gilbert-prr0p90-L10-loss1-rep24-seed200024-v3
[3348/6120] B-kem768-gilbert-prr0p90-L10-loss1-rep24-seed200024-v4
[3349/6120] B-kem768-gilbert-prr0p90-L10-loss1-rep25-seed200025-v3
[3350/6120] B-kem768-gilbert-prr0p90-L10-loss1-rep25-seed200025-v4
[3351/6120] B-kem768-gilbert-prr0p90-L10-loss1-rep26-seed200026-v3
[3352/6120] B-kem768-gilbert-prr0p90-L10-loss1-rep26-seed200026-v4
[3353/6120] B-kem768-gilbert-prr0p90-L10-loss1-rep27-seed200027-v3
[3354/6120] B-kem768-gilbert-prr0p90-L10-loss1-rep27-seed200027-v4
[3355/6120] B-kem768-gilbert-prr0p90-L10-loss1-rep28-seed200028-v3
[3356/6120] B-kem768-gilbert-prr0p90-L10-loss1-rep28-seed200028-v4
[3357/6120] B-kem768-gilbert-prr0p90-L10-loss1-rep29-seed200029-v3
[3358/6120] B-kem768-gilbert-prr0p90-L10-loss1-rep29-seed200029-v4
[3359/6120] B-kem768-gilbert-prr0p90-L10-loss1-rep30-seed200030-v3
[3360/6120] B-kem768-gilbert-prr0p90-L10-loss1-rep30-seed200030-v4
[3361/6120] A-kem768-gilbert-prr0p85-L2-rep01-seed200001-v1
[3362/6120] A-kem768-gilbert-prr0p85-L2-rep01-seed200001-v2
[3363/6120] A-kem768-gilbert-prr0p85-L2-rep02-seed200002-v1
[3364/6120] A-kem768-gilbert-prr0p85-L2-rep02-seed200002-v2
[3365/6120] A-kem768-gilbert-prr0p85-L2-rep03-seed200003-v1
[3366/6120] A-kem768-gilbert-prr0p85-L2-rep03-seed200003-v2
[3367/6120] A-kem768-gilbert-prr0p85-L2-rep04-seed200004-v1
[3368/6120] A-kem768-gilbert-prr0p85-L2-rep04-seed200004-v2
[3369/6120] A-kem768-gilbert-prr0p85-L2-rep05-seed200005-v1
[3370/6120] A-kem768-gilbert-prr0p85-L2-rep05-seed200005-v2
[3371/6120] A-kem768-gilbert-prr0p85-L2-rep06-seed200006-v1
[3372/6120] A-kem768-gilbert-prr0p85-L2-rep06-seed200006-v2
[3373/6120] A-kem768-gilbert-prr0p85-L2-rep07-seed200007-v1
[3374/6120] A-kem768-gilbert-prr0p85-L2-rep07-seed200007-v2
[3375/6120] A-kem768-gilbert-prr0p85-L2-rep08-seed200008-v1
[3376/6120] A-kem768-gilbert-prr0p85-L2-rep08-seed200008-v2
[3377/6120] A-kem768-gilbert-prr0p85-L2-rep09-seed200009-v1
[3378/6120] A-kem768-gilbert-prr0p85-L2-rep09-seed200009-v2
[3379/6120] A-kem768-gilbert-prr0p85-L2-rep10-seed200010-v1
[3380/6120] A-kem768-gilbert-prr0p85-L2-rep10-seed200010-v2
[3381/6120] A-kem768-gilbert-prr0p85-L2-rep11-seed200011-v1
[3382/6120] A-kem768-gilbert-prr0p85-L2-rep11-seed200011-v2
[3383/6120] A-kem768-gilbert-prr0p85-L2-rep12-seed200012-v1
[3384/6120] A-kem768-gilbert-prr0p85-L2-rep12-seed200012-v2
[3385/6120] A-kem768-gilbert-prr0p85-L2-rep13-seed200013-v1
[3386/6120] A-kem768-gilbert-prr0p85-L2-rep13-seed200013-v2
[3387/6120] A-kem768-gilbert-prr0p85-L2-rep14-seed200014-v1
[3388/6120] A-kem768-gilbert-prr0p85-L2-rep14-seed200014-v2
[3389/6120] A-kem768-gilbert-prr0p85-L2-rep15-seed200015-v1
[3390/6120] A-kem768-gilbert-prr0p85-L2-rep15-seed200015-v2
[3391/6120] A-kem768-gilbert-prr0p85-L2-rep16-seed200016-v1
[3392/6120] A-kem768-gilbert-prr0p85-L2-rep16-seed200016-v2
[3393/6120] A-kem768-gilbert-prr0p85-L2-rep17-seed200017-v1
[3394/6120] A-kem768-gilbert-prr0p85-L2-rep17-seed200017-v2
[3395/6120] A-kem768-gilbert-prr0p85-L2-rep18-seed200018-v1
[3396/6120] A-kem768-gilbert-prr0p85-L2-rep18-seed200018-v2
[3397/6120] A-kem768-gilbert-prr0p85-L2-rep19-seed200019-v1
[3398/6120] A-kem768-gilbert-prr0p85-L2-rep19-seed200019-v2
[3399/6120] A-kem768-gilbert-prr0p85-L2-rep20-seed200020-v1
[3400/6120] A-kem768-gilbert-prr0p85-L2-rep20-seed200020-v2
[3401/6120] A-kem768-gilbert-prr0p85-L2-rep21-seed200021-v1
[3402/6120] A-kem768-gilbert-prr0p85-L2-rep21-seed200021-v2
[3403/6120] A-kem768-gilbert-prr0p85-L2-rep22-seed200022-v1
[3404/6120] A-kem768-gilbert-prr0p85-L2-rep22-seed200022-v2
[3405/6120] A-kem768-gilbert-prr0p85-L2-rep23-seed200023-v1
[3406/6120] A-kem768-gilbert-prr0p85-L2-rep23-seed200023-v2
[3407/6120] A-kem768-gilbert-prr0p85-L2-rep24-seed200024-v1
[3408/6120] A-kem768-gilbert-prr0p85-L2-rep24-seed200024-v2
[3409/6120] A-kem768-gilbert-prr0p85-L2-rep25-seed200025-v1
[3410/6120] A-kem768-gilbert-prr0p85-L2-rep25-seed200025-v2
[3411/6120] A-kem768-gilbert-prr0p85-L2-rep26-seed200026-v1
[3412/6120] A-kem768-gilbert-prr0p85-L2-rep26-seed200026-v2
[3413/6120] A-kem768-gilbert-prr0p85-L2-rep27-seed200027-v1
[3414/6120] A-kem768-gilbert-prr0p85-L2-rep27-seed200027-v2
[3415/6120] A-kem768-gilbert-prr0p85-L2-rep28-seed200028-v1
[3416/6120] A-kem768-gilbert-prr0p85-L2-rep28-seed200028-v2
[3417/6120] A-kem768-gilbert-prr0p85-L2-rep29-seed200029-v1
[3418/6120] A-kem768-gilbert-prr0p85-L2-rep29-seed200029-v2
[3419/6120] A-kem768-gilbert-prr0p85-L2-rep30-seed200030-v1
[3420/6120] A-kem768-gilbert-prr0p85-L2-rep30-seed200030-v2
[3421/6120] B-kem768-gilbert-prr0p85-L2-loss1-rep01-seed200001-v3
[3422/6120] B-kem768-gilbert-prr0p85-L2-loss1-rep01-seed200001-v4
[3423/6120] B-kem768-gilbert-prr0p85-L2-loss1-rep02-seed200002-v3
[3424/6120] B-kem768-gilbert-prr0p85-L2-loss1-rep02-seed200002-v4
[3425/6120] B-kem768-gilbert-prr0p85-L2-loss1-rep03-seed200003-v3
[3426/6120] B-kem768-gilbert-prr0p85-L2-loss1-rep03-seed200003-v4
[3427/6120] B-kem768-gilbert-prr0p85-L2-loss1-rep04-seed200004-v3
[3428/6120] B-kem768-gilbert-prr0p85-L2-loss1-rep04-seed200004-v4
[3429/6120] B-kem768-gilbert-prr0p85-L2-loss1-rep05-seed200005-v3
[3430/6120] B-kem768-gilbert-prr0p85-L2-loss1-rep05-seed200005-v4
[3431/6120] B-kem768-gilbert-prr0p85-L2-loss1-rep06-seed200006-v3
[3432/6120] B-kem768-gilbert-prr0p85-L2-loss1-rep06-seed200006-v4
[3433/6120] B-kem768-gilbert-prr0p85-L2-loss1-rep07-seed200007-v3
[3434/6120] B-kem768-gilbert-prr0p85-L2-loss1-rep07-seed200007-v4
[3435/6120] B-kem768-gilbert-prr0p85-L2-loss1-rep08-seed200008-v3
[3436/6120] B-kem768-gilbert-prr0p85-L2-loss1-rep08-seed200008-v4
[3437/6120] B-kem768-gilbert-prr0p85-L2-loss1-rep09-seed200009-v3
[3438/6120] B-kem768-gilbert-prr0p85-L2-loss1-rep09-seed200009-v4
[3439/6120] B-kem768-gilbert-prr0p85-L2-loss1-rep10-seed200010-v3
[3440/6120] B-kem768-gilbert-prr0p85-L2-loss1-rep10-seed200010-v4
[3441/6120] B-kem768-gilbert-prr0p85-L2-loss1-rep11-seed200011-v3
[3442/6120] B-kem768-gilbert-prr0p85-L2-loss1-rep11-seed200011-v4
[3443/6120] B-kem768-gilbert-prr0p85-L2-loss1-rep12-seed200012-v3
[3444/6120] B-kem768-gilbert-prr0p85-L2-loss1-rep12-seed200012-v4
[3445/6120] B-kem768-gilbert-prr0p85-L2-loss1-rep13-seed200013-v3
[3446/6120] B-kem768-gilbert-prr0p85-L2-loss1-rep13-seed200013-v4
[3447/6120] B-kem768-gilbert-prr0p85-L2-loss1-rep14-seed200014-v3
[3448/6120] B-kem768-gilbert-prr0p85-L2-loss1-rep14-seed200014-v4
[3449/6120] B-kem768-gilbert-prr0p85-L2-loss1-rep15-seed200015-v3
[3450/6120] B-kem768-gilbert-prr0p85-L2-loss1-rep15-seed200015-v4
[3451/6120] B-kem768-gilbert-prr0p85-L2-loss1-rep16-seed200016-v3
[3452/6120] B-kem768-gilbert-prr0p85-L2-loss1-rep16-seed200016-v4
[3453/6120] B-kem768-gilbert-prr0p85-L2-loss1-rep17-seed200017-v3
[3454/6120] B-kem768-gilbert-prr0p85-L2-loss1-rep17-seed200017-v4
[3455/6120] B-kem768-gilbert-prr0p85-L2-loss1-rep18-seed200018-v3
[3456/6120] B-kem768-gilbert-prr0p85-L2-loss1-rep18-seed200018-v4
[3457/6120] B-kem768-gilbert-prr0p85-L2-loss1-rep19-seed200019-v3
[3458/6120] B-kem768-gilbert-prr0p85-L2-loss1-rep19-seed200019-v4
[3459/6120] B-kem768-gilbert-prr0p85-L2-loss1-rep20-seed200020-v3
[3460/6120] B-kem768-gilbert-prr0p85-L2-loss1-rep20-seed200020-v4
[3461/6120] B-kem768-gilbert-prr0p85-L2-loss1-rep21-seed200021-v3
[3462/6120] B-kem768-gilbert-prr0p85-L2-loss1-rep21-seed200021-v4
[3463/6120] B-kem768-gilbert-prr0p85-L2-loss1-rep22-seed200022-v3
[3464/6120] B-kem768-gilbert-prr0p85-L2-loss1-rep22-seed200022-v4
[3465/6120] B-kem768-gilbert-prr0p85-L2-loss1-rep23-seed200023-v3
[3466/6120] B-kem768-gilbert-prr0p85-L2-loss1-rep23-seed200023-v4
[3467/6120] B-kem768-gilbert-prr0p85-L2-loss1-rep24-seed200024-v3
[3468/6120] B-kem768-gilbert-prr0p85-L2-loss1-rep24-seed200024-v4
[3469/6120] B-kem768-gilbert-prr0p85-L2-loss1-rep25-seed200025-v3
[3470/6120] B-kem768-gilbert-prr0p85-L2-loss1-rep25-seed200025-v4
[3471/6120] B-kem768-gilbert-prr0p85-L2-loss1-rep26-seed200026-v3
[3472/6120] B-kem768-gilbert-prr0p85-L2-loss1-rep26-seed200026-v4
[3473/6120] B-kem768-gilbert-prr0p85-L2-loss1-rep27-seed200027-v3
[3474/6120] B-kem768-gilbert-prr0p85-L2-loss1-rep27-seed200027-v4
[3475/6120] B-kem768-gilbert-prr0p85-L2-loss1-rep28-seed200028-v3
[3476/6120] B-kem768-gilbert-prr0p85-L2-loss1-rep28-seed200028-v4
[3477/6120] B-kem768-gilbert-prr0p85-L2-loss1-rep29-seed200029-v3
[3478/6120] B-kem768-gilbert-prr0p85-L2-loss1-rep29-seed200029-v4
[3479/6120] B-kem768-gilbert-prr0p85-L2-loss1-rep30-seed200030-v3
[3480/6120] B-kem768-gilbert-prr0p85-L2-loss1-rep30-seed200030-v4
[3481/6120] A-kem768-gilbert-prr0p85-L5-rep01-seed200001-v1
[3482/6120] A-kem768-gilbert-prr0p85-L5-rep01-seed200001-v2
[3483/6120] A-kem768-gilbert-prr0p85-L5-rep02-seed200002-v1
[3484/6120] A-kem768-gilbert-prr0p85-L5-rep02-seed200002-v2
[3485/6120] A-kem768-gilbert-prr0p85-L5-rep03-seed200003-v1
[3486/6120] A-kem768-gilbert-prr0p85-L5-rep03-seed200003-v2
[3487/6120] A-kem768-gilbert-prr0p85-L5-rep04-seed200004-v1
[3488/6120] A-kem768-gilbert-prr0p85-L5-rep04-seed200004-v2
[3489/6120] A-kem768-gilbert-prr0p85-L5-rep05-seed200005-v1
[3490/6120] A-kem768-gilbert-prr0p85-L5-rep05-seed200005-v2
[3491/6120] A-kem768-gilbert-prr0p85-L5-rep06-seed200006-v1
[3492/6120] A-kem768-gilbert-prr0p85-L5-rep06-seed200006-v2
[3493/6120] A-kem768-gilbert-prr0p85-L5-rep07-seed200007-v1
[3494/6120] A-kem768-gilbert-prr0p85-L5-rep07-seed200007-v2
[3495/6120] A-kem768-gilbert-prr0p85-L5-rep08-seed200008-v1
[3496/6120] A-kem768-gilbert-prr0p85-L5-rep08-seed200008-v2
[3497/6120] A-kem768-gilbert-prr0p85-L5-rep09-seed200009-v1
[3498/6120] A-kem768-gilbert-prr0p85-L5-rep09-seed200009-v2
[3499/6120] A-kem768-gilbert-prr0p85-L5-rep10-seed200010-v1
[3500/6120] A-kem768-gilbert-prr0p85-L5-rep10-seed200010-v2
[3501/6120] A-kem768-gilbert-prr0p85-L5-rep11-seed200011-v1
[3502/6120] A-kem768-gilbert-prr0p85-L5-rep11-seed200011-v2
[3503/6120] A-kem768-gilbert-prr0p85-L5-rep12-seed200012-v1
[3504/6120] A-kem768-gilbert-prr0p85-L5-rep12-seed200012-v2
[3505/6120] A-kem768-gilbert-prr0p85-L5-rep13-seed200013-v1
[3506/6120] A-kem768-gilbert-prr0p85-L5-rep13-seed200013-v2
[3507/6120] A-kem768-gilbert-prr0p85-L5-rep14-seed200014-v1
[3508/6120] A-kem768-gilbert-prr0p85-L5-rep14-seed200014-v2
[3509/6120] A-kem768-gilbert-prr0p85-L5-rep15-seed200015-v1
[3510/6120] A-kem768-gilbert-prr0p85-L5-rep15-seed200015-v2
[3511/6120] A-kem768-gilbert-prr0p85-L5-rep16-seed200016-v1
[3512/6120] A-kem768-gilbert-prr0p85-L5-rep16-seed200016-v2
[3513/6120] A-kem768-gilbert-prr0p85-L5-rep17-seed200017-v1
[3514/6120] A-kem768-gilbert-prr0p85-L5-rep17-seed200017-v2
[3515/6120] A-kem768-gilbert-prr0p85-L5-rep18-seed200018-v1
[3516/6120] A-kem768-gilbert-prr0p85-L5-rep18-seed200018-v2
[3517/6120] A-kem768-gilbert-prr0p85-L5-rep19-seed200019-v1
[3518/6120] A-kem768-gilbert-prr0p85-L5-rep19-seed200019-v2
[3519/6120] A-kem768-gilbert-prr0p85-L5-rep20-seed200020-v1
[3520/6120] A-kem768-gilbert-prr0p85-L5-rep20-seed200020-v2
[3521/6120] A-kem768-gilbert-prr0p85-L5-rep21-seed200021-v1
[3522/6120] A-kem768-gilbert-prr0p85-L5-rep21-seed200021-v2
[3523/6120] A-kem768-gilbert-prr0p85-L5-rep22-seed200022-v1
[3524/6120] A-kem768-gilbert-prr0p85-L5-rep22-seed200022-v2
[3525/6120] A-kem768-gilbert-prr0p85-L5-rep23-seed200023-v1
[3526/6120] A-kem768-gilbert-prr0p85-L5-rep23-seed200023-v2
[3527/6120] A-kem768-gilbert-prr0p85-L5-rep24-seed200024-v1
[3528/6120] A-kem768-gilbert-prr0p85-L5-rep24-seed200024-v2
[3529/6120] A-kem768-gilbert-prr0p85-L5-rep25-seed200025-v1
[3530/6120] A-kem768-gilbert-prr0p85-L5-rep25-seed200025-v2
[3531/6120] A-kem768-gilbert-prr0p85-L5-rep26-seed200026-v1
[3532/6120] A-kem768-gilbert-prr0p85-L5-rep26-seed200026-v2
[3533/6120] A-kem768-gilbert-prr0p85-L5-rep27-seed200027-v1
[3534/6120] A-kem768-gilbert-prr0p85-L5-rep27-seed200027-v2
[3535/6120] A-kem768-gilbert-prr0p85-L5-rep28-seed200028-v1
[3536/6120] A-kem768-gilbert-prr0p85-L5-rep28-seed200028-v2
[3537/6120] A-kem768-gilbert-prr0p85-L5-rep29-seed200029-v1
[3538/6120] A-kem768-gilbert-prr0p85-L5-rep29-seed200029-v2
[3539/6120] A-kem768-gilbert-prr0p85-L5-rep30-seed200030-v1
[3540/6120] A-kem768-gilbert-prr0p85-L5-rep30-seed200030-v2
[3541/6120] B-kem768-gilbert-prr0p85-L5-loss1-rep01-seed200001-v3
[3542/6120] B-kem768-gilbert-prr0p85-L5-loss1-rep01-seed200001-v4
[3543/6120] B-kem768-gilbert-prr0p85-L5-loss1-rep02-seed200002-v3
[3544/6120] B-kem768-gilbert-prr0p85-L5-loss1-rep02-seed200002-v4
[3545/6120] B-kem768-gilbert-prr0p85-L5-loss1-rep03-seed200003-v3
[3546/6120] B-kem768-gilbert-prr0p85-L5-loss1-rep03-seed200003-v4
[3547/6120] B-kem768-gilbert-prr0p85-L5-loss1-rep04-seed200004-v3
[3548/6120] B-kem768-gilbert-prr0p85-L5-loss1-rep04-seed200004-v4
[3549/6120] B-kem768-gilbert-prr0p85-L5-loss1-rep05-seed200005-v3
[3550/6120] B-kem768-gilbert-prr0p85-L5-loss1-rep05-seed200005-v4
[3551/6120] B-kem768-gilbert-prr0p85-L5-loss1-rep06-seed200006-v3
[3552/6120] B-kem768-gilbert-prr0p85-L5-loss1-rep06-seed200006-v4
[3553/6120] B-kem768-gilbert-prr0p85-L5-loss1-rep07-seed200007-v3
[3554/6120] B-kem768-gilbert-prr0p85-L5-loss1-rep07-seed200007-v4
[3555/6120] B-kem768-gilbert-prr0p85-L5-loss1-rep08-seed200008-v3
[3556/6120] B-kem768-gilbert-prr0p85-L5-loss1-rep08-seed200008-v4
[3557/6120] B-kem768-gilbert-prr0p85-L5-loss1-rep09-seed200009-v3
[3558/6120] B-kem768-gilbert-prr0p85-L5-loss1-rep09-seed200009-v4
[3559/6120] B-kem768-gilbert-prr0p85-L5-loss1-rep10-seed200010-v3
[3560/6120] B-kem768-gilbert-prr0p85-L5-loss1-rep10-seed200010-v4
[3561/6120] B-kem768-gilbert-prr0p85-L5-loss1-rep11-seed200011-v3
[3562/6120] B-kem768-gilbert-prr0p85-L5-loss1-rep11-seed200011-v4
[3563/6120] B-kem768-gilbert-prr0p85-L5-loss1-rep12-seed200012-v3
[3564/6120] B-kem768-gilbert-prr0p85-L5-loss1-rep12-seed200012-v4
[3565/6120] B-kem768-gilbert-prr0p85-L5-loss1-rep13-seed200013-v3
[3566/6120] B-kem768-gilbert-prr0p85-L5-loss1-rep13-seed200013-v4
[3567/6120] B-kem768-gilbert-prr0p85-L5-loss1-rep14-seed200014-v3
[3568/6120] B-kem768-gilbert-prr0p85-L5-loss1-rep14-seed200014-v4
[3569/6120] B-kem768-gilbert-prr0p85-L5-loss1-rep15-seed200015-v3
[3570/6120] B-kem768-gilbert-prr0p85-L5-loss1-rep15-seed200015-v4
[3571/6120] B-kem768-gilbert-prr0p85-L5-loss1-rep16-seed200016-v3
[3572/6120] B-kem768-gilbert-prr0p85-L5-loss1-rep16-seed200016-v4
[3573/6120] B-kem768-gilbert-prr0p85-L5-loss1-rep17-seed200017-v3
[3574/6120] B-kem768-gilbert-prr0p85-L5-loss1-rep17-seed200017-v4
[3575/6120] B-kem768-gilbert-prr0p85-L5-loss1-rep18-seed200018-v3
[3576/6120] B-kem768-gilbert-prr0p85-L5-loss1-rep18-seed200018-v4
[3577/6120] B-kem768-gilbert-prr0p85-L5-loss1-rep19-seed200019-v3
[3578/6120] B-kem768-gilbert-prr0p85-L5-loss1-rep19-seed200019-v4
[3579/6120] B-kem768-gilbert-prr0p85-L5-loss1-rep20-seed200020-v3
[3580/6120] B-kem768-gilbert-prr0p85-L5-loss1-rep20-seed200020-v4
[3581/6120] B-kem768-gilbert-prr0p85-L5-loss1-rep21-seed200021-v3
[3582/6120] B-kem768-gilbert-prr0p85-L5-loss1-rep21-seed200021-v4
[3583/6120] B-kem768-gilbert-prr0p85-L5-loss1-rep22-seed200022-v3
[3584/6120] B-kem768-gilbert-prr0p85-L5-loss1-rep22-seed200022-v4
[3585/6120] B-kem768-gilbert-prr0p85-L5-loss1-rep23-seed200023-v3
[3586/6120] B-kem768-gilbert-prr0p85-L5-loss1-rep23-seed200023-v4
[3587/6120] B-kem768-gilbert-prr0p85-L5-loss1-rep24-seed200024-v3
[3588/6120] B-kem768-gilbert-prr0p85-L5-loss1-rep24-seed200024-v4
[3589/6120] B-kem768-gilbert-prr0p85-L5-loss1-rep25-seed200025-v3
[3590/6120] B-kem768-gilbert-prr0p85-L5-loss1-rep25-seed200025-v4
[3591/6120] B-kem768-gilbert-prr0p85-L5-loss1-rep26-seed200026-v3
[3592/6120] B-kem768-gilbert-prr0p85-L5-loss1-rep26-seed200026-v4
[3593/6120] B-kem768-gilbert-prr0p85-L5-loss1-rep27-seed200027-v3
[3594/6120] B-kem768-gilbert-prr0p85-L5-loss1-rep27-seed200027-v4
[3595/6120] B-kem768-gilbert-prr0p85-L5-loss1-rep28-seed200028-v3
[3596/6120] B-kem768-gilbert-prr0p85-L5-loss1-rep28-seed200028-v4
[3597/6120] B-kem768-gilbert-prr0p85-L5-loss1-rep29-seed200029-v3
[3598/6120] B-kem768-gilbert-prr0p85-L5-loss1-rep29-seed200029-v4
[3599/6120] B-kem768-gilbert-prr0p85-L5-loss1-rep30-seed200030-v3
[3600/6120] B-kem768-gilbert-prr0p85-L5-loss1-rep30-seed200030-v4
[3601/6120] A-kem768-gilbert-prr0p85-L10-rep01-seed200001-v1
[3602/6120] A-kem768-gilbert-prr0p85-L10-rep01-seed200001-v2
[3603/6120] A-kem768-gilbert-prr0p85-L10-rep02-seed200002-v1
[3604/6120] A-kem768-gilbert-prr0p85-L10-rep02-seed200002-v2
[3605/6120] A-kem768-gilbert-prr0p85-L10-rep03-seed200003-v1
[3606/6120] A-kem768-gilbert-prr0p85-L10-rep03-seed200003-v2
[3607/6120] A-kem768-gilbert-prr0p85-L10-rep04-seed200004-v1
[3608/6120] A-kem768-gilbert-prr0p85-L10-rep04-seed200004-v2
[3609/6120] A-kem768-gilbert-prr0p85-L10-rep05-seed200005-v1
[3610/6120] A-kem768-gilbert-prr0p85-L10-rep05-seed200005-v2
[3611/6120] A-kem768-gilbert-prr0p85-L10-rep06-seed200006-v1
[3612/6120] A-kem768-gilbert-prr0p85-L10-rep06-seed200006-v2
[3613/6120] A-kem768-gilbert-prr0p85-L10-rep07-seed200007-v1
[3614/6120] A-kem768-gilbert-prr0p85-L10-rep07-seed200007-v2
[3615/6120] A-kem768-gilbert-prr0p85-L10-rep08-seed200008-v1
[3616/6120] A-kem768-gilbert-prr0p85-L10-rep08-seed200008-v2
[3617/6120] A-kem768-gilbert-prr0p85-L10-rep09-seed200009-v1
[3618/6120] A-kem768-gilbert-prr0p85-L10-rep09-seed200009-v2
[3619/6120] A-kem768-gilbert-prr0p85-L10-rep10-seed200010-v1
[3620/6120] A-kem768-gilbert-prr0p85-L10-rep10-seed200010-v2
[3621/6120] A-kem768-gilbert-prr0p85-L10-rep11-seed200011-v1
[3622/6120] A-kem768-gilbert-prr0p85-L10-rep11-seed200011-v2
[3623/6120] A-kem768-gilbert-prr0p85-L10-rep12-seed200012-v1
[3624/6120] A-kem768-gilbert-prr0p85-L10-rep12-seed200012-v2
[3625/6120] A-kem768-gilbert-prr0p85-L10-rep13-seed200013-v1
[3626/6120] A-kem768-gilbert-prr0p85-L10-rep13-seed200013-v2
[3627/6120] A-kem768-gilbert-prr0p85-L10-rep14-seed200014-v1
[3628/6120] A-kem768-gilbert-prr0p85-L10-rep14-seed200014-v2
[3629/6120] A-kem768-gilbert-prr0p85-L10-rep15-seed200015-v1
[3630/6120] A-kem768-gilbert-prr0p85-L10-rep15-seed200015-v2
[3631/6120] A-kem768-gilbert-prr0p85-L10-rep16-seed200016-v1
[3632/6120] A-kem768-gilbert-prr0p85-L10-rep16-seed200016-v2
[3633/6120] A-kem768-gilbert-prr0p85-L10-rep17-seed200017-v1
[3634/6120] A-kem768-gilbert-prr0p85-L10-rep17-seed200017-v2
[3635/6120] A-kem768-gilbert-prr0p85-L10-rep18-seed200018-v1
[3636/6120] A-kem768-gilbert-prr0p85-L10-rep18-seed200018-v2
[3637/6120] A-kem768-gilbert-prr0p85-L10-rep19-seed200019-v1
[3638/6120] A-kem768-gilbert-prr0p85-L10-rep19-seed200019-v2
[3639/6120] A-kem768-gilbert-prr0p85-L10-rep20-seed200020-v1
[3640/6120] A-kem768-gilbert-prr0p85-L10-rep20-seed200020-v2
[3641/6120] A-kem768-gilbert-prr0p85-L10-rep21-seed200021-v1
[3642/6120] A-kem768-gilbert-prr0p85-L10-rep21-seed200021-v2
[3643/6120] A-kem768-gilbert-prr0p85-L10-rep22-seed200022-v1
[3644/6120] A-kem768-gilbert-prr0p85-L10-rep22-seed200022-v2
[3645/6120] A-kem768-gilbert-prr0p85-L10-rep23-seed200023-v1
[3646/6120] A-kem768-gilbert-prr0p85-L10-rep23-seed200023-v2
[3647/6120] A-kem768-gilbert-prr0p85-L10-rep24-seed200024-v1
[3648/6120] A-kem768-gilbert-prr0p85-L10-rep24-seed200024-v2
[3649/6120] A-kem768-gilbert-prr0p85-L10-rep25-seed200025-v1
[3650/6120] A-kem768-gilbert-prr0p85-L10-rep25-seed200025-v2
[3651/6120] A-kem768-gilbert-prr0p85-L10-rep26-seed200026-v1
[3652/6120] A-kem768-gilbert-prr0p85-L10-rep26-seed200026-v2
[3653/6120] A-kem768-gilbert-prr0p85-L10-rep27-seed200027-v1
[3654/6120] A-kem768-gilbert-prr0p85-L10-rep27-seed200027-v2
[3655/6120] A-kem768-gilbert-prr0p85-L10-rep28-seed200028-v1
[3656/6120] A-kem768-gilbert-prr0p85-L10-rep28-seed200028-v2
[3657/6120] A-kem768-gilbert-prr0p85-L10-rep29-seed200029-v1
[3658/6120] A-kem768-gilbert-prr0p85-L10-rep29-seed200029-v2
[3659/6120] A-kem768-gilbert-prr0p85-L10-rep30-seed200030-v1
[3660/6120] A-kem768-gilbert-prr0p85-L10-rep30-seed200030-v2
[3661/6120] B-kem768-gilbert-prr0p85-L10-loss1-rep01-seed200001-v3
[3662/6120] B-kem768-gilbert-prr0p85-L10-loss1-rep01-seed200001-v4
[3663/6120] B-kem768-gilbert-prr0p85-L10-loss1-rep02-seed200002-v3
[3664/6120] B-kem768-gilbert-prr0p85-L10-loss1-rep02-seed200002-v4
[3665/6120] B-kem768-gilbert-prr0p85-L10-loss1-rep03-seed200003-v3
[3666/6120] B-kem768-gilbert-prr0p85-L10-loss1-rep03-seed200003-v4
[3667/6120] B-kem768-gilbert-prr0p85-L10-loss1-rep04-seed200004-v3
[3668/6120] B-kem768-gilbert-prr0p85-L10-loss1-rep04-seed200004-v4
[3669/6120] B-kem768-gilbert-prr0p85-L10-loss1-rep05-seed200005-v3
[3670/6120] B-kem768-gilbert-prr0p85-L10-loss1-rep05-seed200005-v4
[3671/6120] B-kem768-gilbert-prr0p85-L10-loss1-rep06-seed200006-v3
[3672/6120] B-kem768-gilbert-prr0p85-L10-loss1-rep06-seed200006-v4
[3673/6120] B-kem768-gilbert-prr0p85-L10-loss1-rep07-seed200007-v3
[3674/6120] B-kem768-gilbert-prr0p85-L10-loss1-rep07-seed200007-v4
[3675/6120] B-kem768-gilbert-prr0p85-L10-loss1-rep08-seed200008-v3
[3676/6120] B-kem768-gilbert-prr0p85-L10-loss1-rep08-seed200008-v4
[3677/6120] B-kem768-gilbert-prr0p85-L10-loss1-rep09-seed200009-v3
[3678/6120] B-kem768-gilbert-prr0p85-L10-loss1-rep09-seed200009-v4
[3679/6120] B-kem768-gilbert-prr0p85-L10-loss1-rep10-seed200010-v3
[3680/6120] B-kem768-gilbert-prr0p85-L10-loss1-rep10-seed200010-v4
[3681/6120] B-kem768-gilbert-prr0p85-L10-loss1-rep11-seed200011-v3
[3682/6120] B-kem768-gilbert-prr0p85-L10-loss1-rep11-seed200011-v4
[3683/6120] B-kem768-gilbert-prr0p85-L10-loss1-rep12-seed200012-v3
[3684/6120] B-kem768-gilbert-prr0p85-L10-loss1-rep12-seed200012-v4
[3685/6120] B-kem768-gilbert-prr0p85-L10-loss1-rep13-seed200013-v3
[3686/6120] B-kem768-gilbert-prr0p85-L10-loss1-rep13-seed200013-v4
[3687/6120] B-kem768-gilbert-prr0p85-L10-loss1-rep14-seed200014-v3
[3688/6120] B-kem768-gilbert-prr0p85-L10-loss1-rep14-seed200014-v4
[3689/6120] B-kem768-gilbert-prr0p85-L10-loss1-rep15-seed200015-v3
[3690/6120] B-kem768-gilbert-prr0p85-L10-loss1-rep15-seed200015-v4
[3691/6120] B-kem768-gilbert-prr0p85-L10-loss1-rep16-seed200016-v3
[3692/6120] B-kem768-gilbert-prr0p85-L10-loss1-rep16-seed200016-v4
[3693/6120] B-kem768-gilbert-prr0p85-L10-loss1-rep17-seed200017-v3
[3694/6120] B-kem768-gilbert-prr0p85-L10-loss1-rep17-seed200017-v4
[3695/6120] B-kem768-gilbert-prr0p85-L10-loss1-rep18-seed200018-v3
[3696/6120] B-kem768-gilbert-prr0p85-L10-loss1-rep18-seed200018-v4
[3697/6120] B-kem768-gilbert-prr0p85-L10-loss1-rep19-seed200019-v3
[3698/6120] B-kem768-gilbert-prr0p85-L10-loss1-rep19-seed200019-v4
[3699/6120] B-kem768-gilbert-prr0p85-L10-loss1-rep20-seed200020-v3
[3700/6120] B-kem768-gilbert-prr0p85-L10-loss1-rep20-seed200020-v4
[3701/6120] B-kem768-gilbert-prr0p85-L10-loss1-rep21-seed200021-v3
[3702/6120] B-kem768-gilbert-prr0p85-L10-loss1-rep21-seed200021-v4
[3703/6120] B-kem768-gilbert-prr0p85-L10-loss1-rep22-seed200022-v3
[3704/6120] B-kem768-gilbert-prr0p85-L10-loss1-rep22-seed200022-v4
[3705/6120] B-kem768-gilbert-prr0p85-L10-loss1-rep23-seed200023-v3
[3706/6120] B-kem768-gilbert-prr0p85-L10-loss1-rep23-seed200023-v4
[3707/6120] B-kem768-gilbert-prr0p85-L10-loss1-rep24-seed200024-v3
[3708/6120] B-kem768-gilbert-prr0p85-L10-loss1-rep24-seed200024-v4
[3709/6120] B-kem768-gilbert-prr0p85-L10-loss1-rep25-seed200025-v3
[3710/6120] B-kem768-gilbert-prr0p85-L10-loss1-rep25-seed200025-v4
[3711/6120] B-kem768-gilbert-prr0p85-L10-loss1-rep26-seed200026-v3
[3712/6120] B-kem768-gilbert-prr0p85-L10-loss1-rep26-seed200026-v4
[3713/6120] B-kem768-gilbert-prr0p85-L10-loss1-rep27-seed200027-v3
[3714/6120] B-kem768-gilbert-prr0p85-L10-loss1-rep27-seed200027-v4
[3715/6120] B-kem768-gilbert-prr0p85-L10-loss1-rep28-seed200028-v3
[3716/6120] B-kem768-gilbert-prr0p85-L10-loss1-rep28-seed200028-v4
[3717/6120] B-kem768-gilbert-prr0p85-L10-loss1-rep29-seed200029-v3
[3718/6120] B-kem768-gilbert-prr0p85-L10-loss1-rep29-seed200029-v4
[3719/6120] B-kem768-gilbert-prr0p85-L10-loss1-rep30-seed200030-v3
[3720/6120] B-kem768-gilbert-prr0p85-L10-loss1-rep30-seed200030-v4
[3721/6120] A-kem768-gilbert-prr0p50-L2-rep01-seed200001-v1
[3722/6120] A-kem768-gilbert-prr0p50-L2-rep01-seed200001-v2
[3723/6120] A-kem768-gilbert-prr0p50-L2-rep02-seed200002-v1
[3724/6120] A-kem768-gilbert-prr0p50-L2-rep02-seed200002-v2
[3725/6120] A-kem768-gilbert-prr0p50-L2-rep03-seed200003-v1
[3726/6120] A-kem768-gilbert-prr0p50-L2-rep03-seed200003-v2
[3727/6120] A-kem768-gilbert-prr0p50-L2-rep04-seed200004-v1
[3728/6120] A-kem768-gilbert-prr0p50-L2-rep04-seed200004-v2
[3729/6120] A-kem768-gilbert-prr0p50-L2-rep05-seed200005-v1
[3730/6120] A-kem768-gilbert-prr0p50-L2-rep05-seed200005-v2
[3731/6120] A-kem768-gilbert-prr0p50-L2-rep06-seed200006-v1
[3732/6120] A-kem768-gilbert-prr0p50-L2-rep06-seed200006-v2
[3733/6120] A-kem768-gilbert-prr0p50-L2-rep07-seed200007-v1
[3734/6120] A-kem768-gilbert-prr0p50-L2-rep07-seed200007-v2
[3735/6120] A-kem768-gilbert-prr0p50-L2-rep08-seed200008-v1
[3736/6120] A-kem768-gilbert-prr0p50-L2-rep08-seed200008-v2
[3737/6120] A-kem768-gilbert-prr0p50-L2-rep09-seed200009-v1
[3738/6120] A-kem768-gilbert-prr0p50-L2-rep09-seed200009-v2
[3739/6120] A-kem768-gilbert-prr0p50-L2-rep10-seed200010-v1
[3740/6120] A-kem768-gilbert-prr0p50-L2-rep10-seed200010-v2
[3741/6120] A-kem768-gilbert-prr0p50-L2-rep11-seed200011-v1
[3742/6120] A-kem768-gilbert-prr0p50-L2-rep11-seed200011-v2
[3743/6120] A-kem768-gilbert-prr0p50-L2-rep12-seed200012-v1
[3744/6120] A-kem768-gilbert-prr0p50-L2-rep12-seed200012-v2
[3745/6120] A-kem768-gilbert-prr0p50-L2-rep13-seed200013-v1
[3746/6120] A-kem768-gilbert-prr0p50-L2-rep13-seed200013-v2
[3747/6120] A-kem768-gilbert-prr0p50-L2-rep14-seed200014-v1
[3748/6120] A-kem768-gilbert-prr0p50-L2-rep14-seed200014-v2
[3749/6120] A-kem768-gilbert-prr0p50-L2-rep15-seed200015-v1
[3750/6120] A-kem768-gilbert-prr0p50-L2-rep15-seed200015-v2
[3751/6120] A-kem768-gilbert-prr0p50-L2-rep16-seed200016-v1
[3752/6120] A-kem768-gilbert-prr0p50-L2-rep16-seed200016-v2
[3753/6120] A-kem768-gilbert-prr0p50-L2-rep17-seed200017-v1
[3754/6120] A-kem768-gilbert-prr0p50-L2-rep17-seed200017-v2
[3755/6120] A-kem768-gilbert-prr0p50-L2-rep18-seed200018-v1
[3756/6120] A-kem768-gilbert-prr0p50-L2-rep18-seed200018-v2
[3757/6120] A-kem768-gilbert-prr0p50-L2-rep19-seed200019-v1
[3758/6120] A-kem768-gilbert-prr0p50-L2-rep19-seed200019-v2
[3759/6120] A-kem768-gilbert-prr0p50-L2-rep20-seed200020-v1
[3760/6120] A-kem768-gilbert-prr0p50-L2-rep20-seed200020-v2
[3761/6120] A-kem768-gilbert-prr0p50-L2-rep21-seed200021-v1
[3762/6120] A-kem768-gilbert-prr0p50-L2-rep21-seed200021-v2
[3763/6120] A-kem768-gilbert-prr0p50-L2-rep22-seed200022-v1
[3764/6120] A-kem768-gilbert-prr0p50-L2-rep22-seed200022-v2
[3765/6120] A-kem768-gilbert-prr0p50-L2-rep23-seed200023-v1
[3766/6120] A-kem768-gilbert-prr0p50-L2-rep23-seed200023-v2
[3767/6120] A-kem768-gilbert-prr0p50-L2-rep24-seed200024-v1
[3768/6120] A-kem768-gilbert-prr0p50-L2-rep24-seed200024-v2
[3769/6120] A-kem768-gilbert-prr0p50-L2-rep25-seed200025-v1
[3770/6120] A-kem768-gilbert-prr0p50-L2-rep25-seed200025-v2
[3771/6120] A-kem768-gilbert-prr0p50-L2-rep26-seed200026-v1
[3772/6120] A-kem768-gilbert-prr0p50-L2-rep26-seed200026-v2
[3773/6120] A-kem768-gilbert-prr0p50-L2-rep27-seed200027-v1
[3774/6120] A-kem768-gilbert-prr0p50-L2-rep27-seed200027-v2
[3775/6120] A-kem768-gilbert-prr0p50-L2-rep28-seed200028-v1
[3776/6120] A-kem768-gilbert-prr0p50-L2-rep28-seed200028-v2
[3777/6120] A-kem768-gilbert-prr0p50-L2-rep29-seed200029-v1
[3778/6120] A-kem768-gilbert-prr0p50-L2-rep29-seed200029-v2
[3779/6120] A-kem768-gilbert-prr0p50-L2-rep30-seed200030-v1
[3780/6120] A-kem768-gilbert-prr0p50-L2-rep30-seed200030-v2
[3781/6120] B-kem768-gilbert-prr0p50-L2-loss1-rep01-seed200001-v3
[3782/6120] B-kem768-gilbert-prr0p50-L2-loss1-rep01-seed200001-v4
[3783/6120] B-kem768-gilbert-prr0p50-L2-loss1-rep02-seed200002-v3
[3784/6120] B-kem768-gilbert-prr0p50-L2-loss1-rep02-seed200002-v4
[3785/6120] B-kem768-gilbert-prr0p50-L2-loss1-rep03-seed200003-v3
[3786/6120] B-kem768-gilbert-prr0p50-L2-loss1-rep03-seed200003-v4
[3787/6120] B-kem768-gilbert-prr0p50-L2-loss1-rep04-seed200004-v3
[3788/6120] B-kem768-gilbert-prr0p50-L2-loss1-rep04-seed200004-v4
[3789/6120] B-kem768-gilbert-prr0p50-L2-loss1-rep05-seed200005-v3
[3790/6120] B-kem768-gilbert-prr0p50-L2-loss1-rep05-seed200005-v4
[3791/6120] B-kem768-gilbert-prr0p50-L2-loss1-rep06-seed200006-v3
[3792/6120] B-kem768-gilbert-prr0p50-L2-loss1-rep06-seed200006-v4
[3793/6120] B-kem768-gilbert-prr0p50-L2-loss1-rep07-seed200007-v3
[3794/6120] B-kem768-gilbert-prr0p50-L2-loss1-rep07-seed200007-v4
[3795/6120] B-kem768-gilbert-prr0p50-L2-loss1-rep08-seed200008-v3
[3796/6120] B-kem768-gilbert-prr0p50-L2-loss1-rep08-seed200008-v4
[3797/6120] B-kem768-gilbert-prr0p50-L2-loss1-rep09-seed200009-v3
[3798/6120] B-kem768-gilbert-prr0p50-L2-loss1-rep09-seed200009-v4
[3799/6120] B-kem768-gilbert-prr0p50-L2-loss1-rep10-seed200010-v3
[3800/6120] B-kem768-gilbert-prr0p50-L2-loss1-rep10-seed200010-v4
[3801/6120] B-kem768-gilbert-prr0p50-L2-loss1-rep11-seed200011-v3
[3802/6120] B-kem768-gilbert-prr0p50-L2-loss1-rep11-seed200011-v4
[3803/6120] B-kem768-gilbert-prr0p50-L2-loss1-rep12-seed200012-v3
[3804/6120] B-kem768-gilbert-prr0p50-L2-loss1-rep12-seed200012-v4
[3805/6120] B-kem768-gilbert-prr0p50-L2-loss1-rep13-seed200013-v3
[3806/6120] B-kem768-gilbert-prr0p50-L2-loss1-rep13-seed200013-v4
[3807/6120] B-kem768-gilbert-prr0p50-L2-loss1-rep14-seed200014-v3
[3808/6120] B-kem768-gilbert-prr0p50-L2-loss1-rep14-seed200014-v4
[3809/6120] B-kem768-gilbert-prr0p50-L2-loss1-rep15-seed200015-v3
[3810/6120] B-kem768-gilbert-prr0p50-L2-loss1-rep15-seed200015-v4
[3811/6120] B-kem768-gilbert-prr0p50-L2-loss1-rep16-seed200016-v3
[3812/6120] B-kem768-gilbert-prr0p50-L2-loss1-rep16-seed200016-v4
[3813/6120] B-kem768-gilbert-prr0p50-L2-loss1-rep17-seed200017-v3
[3814/6120] B-kem768-gilbert-prr0p50-L2-loss1-rep17-seed200017-v4
[3815/6120] B-kem768-gilbert-prr0p50-L2-loss1-rep18-seed200018-v3
[3816/6120] B-kem768-gilbert-prr0p50-L2-loss1-rep18-seed200018-v4
[3817/6120] B-kem768-gilbert-prr0p50-L2-loss1-rep19-seed200019-v3
[3818/6120] B-kem768-gilbert-prr0p50-L2-loss1-rep19-seed200019-v4
[3819/6120] B-kem768-gilbert-prr0p50-L2-loss1-rep20-seed200020-v3
[3820/6120] B-kem768-gilbert-prr0p50-L2-loss1-rep20-seed200020-v4
[3821/6120] B-kem768-gilbert-prr0p50-L2-loss1-rep21-seed200021-v3
[3822/6120] B-kem768-gilbert-prr0p50-L2-loss1-rep21-seed200021-v4
[3823/6120] B-kem768-gilbert-prr0p50-L2-loss1-rep22-seed200022-v3
[3824/6120] B-kem768-gilbert-prr0p50-L2-loss1-rep22-seed200022-v4
[3825/6120] B-kem768-gilbert-prr0p50-L2-loss1-rep23-seed200023-v3
[3826/6120] B-kem768-gilbert-prr0p50-L2-loss1-rep23-seed200023-v4
[3827/6120] B-kem768-gilbert-prr0p50-L2-loss1-rep24-seed200024-v3
[3828/6120] B-kem768-gilbert-prr0p50-L2-loss1-rep24-seed200024-v4
[3829/6120] B-kem768-gilbert-prr0p50-L2-loss1-rep25-seed200025-v3
[3830/6120] B-kem768-gilbert-prr0p50-L2-loss1-rep25-seed200025-v4
[3831/6120] B-kem768-gilbert-prr0p50-L2-loss1-rep26-seed200026-v3
[3832/6120] B-kem768-gilbert-prr0p50-L2-loss1-rep26-seed200026-v4
[3833/6120] B-kem768-gilbert-prr0p50-L2-loss1-rep27-seed200027-v3
[3834/6120] B-kem768-gilbert-prr0p50-L2-loss1-rep27-seed200027-v4
[3835/6120] B-kem768-gilbert-prr0p50-L2-loss1-rep28-seed200028-v3
[3836/6120] B-kem768-gilbert-prr0p50-L2-loss1-rep28-seed200028-v4
[3837/6120] B-kem768-gilbert-prr0p50-L2-loss1-rep29-seed200029-v3
[3838/6120] B-kem768-gilbert-prr0p50-L2-loss1-rep29-seed200029-v4
[3839/6120] B-kem768-gilbert-prr0p50-L2-loss1-rep30-seed200030-v3
[3840/6120] B-kem768-gilbert-prr0p50-L2-loss1-rep30-seed200030-v4
[3841/6120] A-kem768-gilbert-prr0p50-L5-rep01-seed200001-v1
[3842/6120] A-kem768-gilbert-prr0p50-L5-rep01-seed200001-v2
[3843/6120] A-kem768-gilbert-prr0p50-L5-rep02-seed200002-v1
[3844/6120] A-kem768-gilbert-prr0p50-L5-rep02-seed200002-v2
[3845/6120] A-kem768-gilbert-prr0p50-L5-rep03-seed200003-v1
[3846/6120] A-kem768-gilbert-prr0p50-L5-rep03-seed200003-v2
[3847/6120] A-kem768-gilbert-prr0p50-L5-rep04-seed200004-v1
[3848/6120] A-kem768-gilbert-prr0p50-L5-rep04-seed200004-v2
[3849/6120] A-kem768-gilbert-prr0p50-L5-rep05-seed200005-v1
[3850/6120] A-kem768-gilbert-prr0p50-L5-rep05-seed200005-v2
[3851/6120] A-kem768-gilbert-prr0p50-L5-rep06-seed200006-v1
[3852/6120] A-kem768-gilbert-prr0p50-L5-rep06-seed200006-v2
[3853/6120] A-kem768-gilbert-prr0p50-L5-rep07-seed200007-v1
[3854/6120] A-kem768-gilbert-prr0p50-L5-rep07-seed200007-v2
[3855/6120] A-kem768-gilbert-prr0p50-L5-rep08-seed200008-v1
[3856/6120] A-kem768-gilbert-prr0p50-L5-rep08-seed200008-v2
[3857/6120] A-kem768-gilbert-prr0p50-L5-rep09-seed200009-v1
[3858/6120] A-kem768-gilbert-prr0p50-L5-rep09-seed200009-v2
[3859/6120] A-kem768-gilbert-prr0p50-L5-rep10-seed200010-v1
[3860/6120] A-kem768-gilbert-prr0p50-L5-rep10-seed200010-v2
[3861/6120] A-kem768-gilbert-prr0p50-L5-rep11-seed200011-v1
[3862/6120] A-kem768-gilbert-prr0p50-L5-rep11-seed200011-v2
[3863/6120] A-kem768-gilbert-prr0p50-L5-rep12-seed200012-v1
[3864/6120] A-kem768-gilbert-prr0p50-L5-rep12-seed200012-v2
[3865/6120] A-kem768-gilbert-prr0p50-L5-rep13-seed200013-v1
[3866/6120] A-kem768-gilbert-prr0p50-L5-rep13-seed200013-v2
[3867/6120] A-kem768-gilbert-prr0p50-L5-rep14-seed200014-v1
[3868/6120] A-kem768-gilbert-prr0p50-L5-rep14-seed200014-v2
[3869/6120] A-kem768-gilbert-prr0p50-L5-rep15-seed200015-v1
[3870/6120] A-kem768-gilbert-prr0p50-L5-rep15-seed200015-v2
[3871/6120] A-kem768-gilbert-prr0p50-L5-rep16-seed200016-v1
[3872/6120] A-kem768-gilbert-prr0p50-L5-rep16-seed200016-v2
[3873/6120] A-kem768-gilbert-prr0p50-L5-rep17-seed200017-v1
[3874/6120] A-kem768-gilbert-prr0p50-L5-rep17-seed200017-v2
[3875/6120] A-kem768-gilbert-prr0p50-L5-rep18-seed200018-v1
[3876/6120] A-kem768-gilbert-prr0p50-L5-rep18-seed200018-v2
[3877/6120] A-kem768-gilbert-prr0p50-L5-rep19-seed200019-v1
[3878/6120] A-kem768-gilbert-prr0p50-L5-rep19-seed200019-v2
[3879/6120] A-kem768-gilbert-prr0p50-L5-rep20-seed200020-v1
[3880/6120] A-kem768-gilbert-prr0p50-L5-rep20-seed200020-v2
[3881/6120] A-kem768-gilbert-prr0p50-L5-rep21-seed200021-v1
[3882/6120] A-kem768-gilbert-prr0p50-L5-rep21-seed200021-v2
[3883/6120] A-kem768-gilbert-prr0p50-L5-rep22-seed200022-v1
[3884/6120] A-kem768-gilbert-prr0p50-L5-rep22-seed200022-v2
[3885/6120] A-kem768-gilbert-prr0p50-L5-rep23-seed200023-v1
[3886/6120] A-kem768-gilbert-prr0p50-L5-rep23-seed200023-v2
[3887/6120] A-kem768-gilbert-prr0p50-L5-rep24-seed200024-v1
[3888/6120] A-kem768-gilbert-prr0p50-L5-rep24-seed200024-v2
[3889/6120] A-kem768-gilbert-prr0p50-L5-rep25-seed200025-v1
[3890/6120] A-kem768-gilbert-prr0p50-L5-rep25-seed200025-v2
[3891/6120] A-kem768-gilbert-prr0p50-L5-rep26-seed200026-v1
[3892/6120] A-kem768-gilbert-prr0p50-L5-rep26-seed200026-v2
[3893/6120] A-kem768-gilbert-prr0p50-L5-rep27-seed200027-v1
[3894/6120] A-kem768-gilbert-prr0p50-L5-rep27-seed200027-v2
[3895/6120] A-kem768-gilbert-prr0p50-L5-rep28-seed200028-v1
[3896/6120] A-kem768-gilbert-prr0p50-L5-rep28-seed200028-v2
[3897/6120] A-kem768-gilbert-prr0p50-L5-rep29-seed200029-v1
[3898/6120] A-kem768-gilbert-prr0p50-L5-rep29-seed200029-v2
[3899/6120] A-kem768-gilbert-prr0p50-L5-rep30-seed200030-v1
[3900/6120] A-kem768-gilbert-prr0p50-L5-rep30-seed200030-v2
[3901/6120] B-kem768-gilbert-prr0p50-L5-loss1-rep01-seed200001-v3
[3902/6120] B-kem768-gilbert-prr0p50-L5-loss1-rep01-seed200001-v4
[3903/6120] B-kem768-gilbert-prr0p50-L5-loss1-rep02-seed200002-v3
[3904/6120] B-kem768-gilbert-prr0p50-L5-loss1-rep02-seed200002-v4
[3905/6120] B-kem768-gilbert-prr0p50-L5-loss1-rep03-seed200003-v3
[3906/6120] B-kem768-gilbert-prr0p50-L5-loss1-rep03-seed200003-v4
[3907/6120] B-kem768-gilbert-prr0p50-L5-loss1-rep04-seed200004-v3
[3908/6120] B-kem768-gilbert-prr0p50-L5-loss1-rep04-seed200004-v4
[3909/6120] B-kem768-gilbert-prr0p50-L5-loss1-rep05-seed200005-v3
[3910/6120] B-kem768-gilbert-prr0p50-L5-loss1-rep05-seed200005-v4
[3911/6120] B-kem768-gilbert-prr0p50-L5-loss1-rep06-seed200006-v3
[3912/6120] B-kem768-gilbert-prr0p50-L5-loss1-rep06-seed200006-v4
[3913/6120] B-kem768-gilbert-prr0p50-L5-loss1-rep07-seed200007-v3
[3914/6120] B-kem768-gilbert-prr0p50-L5-loss1-rep07-seed200007-v4
[3915/6120] B-kem768-gilbert-prr0p50-L5-loss1-rep08-seed200008-v3
[3916/6120] B-kem768-gilbert-prr0p50-L5-loss1-rep08-seed200008-v4
[3917/6120] B-kem768-gilbert-prr0p50-L5-loss1-rep09-seed200009-v3
[3918/6120] B-kem768-gilbert-prr0p50-L5-loss1-rep09-seed200009-v4
[3919/6120] B-kem768-gilbert-prr0p50-L5-loss1-rep10-seed200010-v3
[3920/6120] B-kem768-gilbert-prr0p50-L5-loss1-rep10-seed200010-v4
[3921/6120] B-kem768-gilbert-prr0p50-L5-loss1-rep11-seed200011-v3
[3922/6120] B-kem768-gilbert-prr0p50-L5-loss1-rep11-seed200011-v4
[3923/6120] B-kem768-gilbert-prr0p50-L5-loss1-rep12-seed200012-v3
[3924/6120] B-kem768-gilbert-prr0p50-L5-loss1-rep12-seed200012-v4
[3925/6120] B-kem768-gilbert-prr0p50-L5-loss1-rep13-seed200013-v3
[3926/6120] B-kem768-gilbert-prr0p50-L5-loss1-rep13-seed200013-v4
[3927/6120] B-kem768-gilbert-prr0p50-L5-loss1-rep14-seed200014-v3
[3928/6120] B-kem768-gilbert-prr0p50-L5-loss1-rep14-seed200014-v4
[3929/6120] B-kem768-gilbert-prr0p50-L5-loss1-rep15-seed200015-v3
[3930/6120] B-kem768-gilbert-prr0p50-L5-loss1-rep15-seed200015-v4
[3931/6120] B-kem768-gilbert-prr0p50-L5-loss1-rep16-seed200016-v3
[3932/6120] B-kem768-gilbert-prr0p50-L5-loss1-rep16-seed200016-v4
[3933/6120] B-kem768-gilbert-prr0p50-L5-loss1-rep17-seed200017-v3
[3934/6120] B-kem768-gilbert-prr0p50-L5-loss1-rep17-seed200017-v4
[3935/6120] B-kem768-gilbert-prr0p50-L5-loss1-rep18-seed200018-v3
[3936/6120] B-kem768-gilbert-prr0p50-L5-loss1-rep18-seed200018-v4
[3937/6120] B-kem768-gilbert-prr0p50-L5-loss1-rep19-seed200019-v3
[3938/6120] B-kem768-gilbert-prr0p50-L5-loss1-rep19-seed200019-v4
[3939/6120] B-kem768-gilbert-prr0p50-L5-loss1-rep20-seed200020-v3
[3940/6120] B-kem768-gilbert-prr0p50-L5-loss1-rep20-seed200020-v4
[3941/6120] B-kem768-gilbert-prr0p50-L5-loss1-rep21-seed200021-v3
[3942/6120] B-kem768-gilbert-prr0p50-L5-loss1-rep21-seed200021-v4
[3943/6120] B-kem768-gilbert-prr0p50-L5-loss1-rep22-seed200022-v3
[3944/6120] B-kem768-gilbert-prr0p50-L5-loss1-rep22-seed200022-v4
[3945/6120] B-kem768-gilbert-prr0p50-L5-loss1-rep23-seed200023-v3
[3946/6120] B-kem768-gilbert-prr0p50-L5-loss1-rep23-seed200023-v4
[3947/6120] B-kem768-gilbert-prr0p50-L5-loss1-rep24-seed200024-v3
[3948/6120] B-kem768-gilbert-prr0p50-L5-loss1-rep24-seed200024-v4
[3949/6120] B-kem768-gilbert-prr0p50-L5-loss1-rep25-seed200025-v3
[3950/6120] B-kem768-gilbert-prr0p50-L5-loss1-rep25-seed200025-v4
[3951/6120] B-kem768-gilbert-prr0p50-L5-loss1-rep26-seed200026-v3
[3952/6120] B-kem768-gilbert-prr0p50-L5-loss1-rep26-seed200026-v4
[3953/6120] B-kem768-gilbert-prr0p50-L5-loss1-rep27-seed200027-v3
[3954/6120] B-kem768-gilbert-prr0p50-L5-loss1-rep27-seed200027-v4
[3955/6120] B-kem768-gilbert-prr0p50-L5-loss1-rep28-seed200028-v3
[3956/6120] B-kem768-gilbert-prr0p50-L5-loss1-rep28-seed200028-v4
[3957/6120] B-kem768-gilbert-prr0p50-L5-loss1-rep29-seed200029-v3
[3958/6120] B-kem768-gilbert-prr0p50-L5-loss1-rep29-seed200029-v4
[3959/6120] B-kem768-gilbert-prr0p50-L5-loss1-rep30-seed200030-v3
[3960/6120] B-kem768-gilbert-prr0p50-L5-loss1-rep30-seed200030-v4
[3961/6120] A-kem768-gilbert-prr0p50-L10-rep01-seed200001-v1
[3962/6120] A-kem768-gilbert-prr0p50-L10-rep01-seed200001-v2
[3963/6120] A-kem768-gilbert-prr0p50-L10-rep02-seed200002-v1
[3964/6120] A-kem768-gilbert-prr0p50-L10-rep02-seed200002-v2
[3965/6120] A-kem768-gilbert-prr0p50-L10-rep03-seed200003-v1
[3966/6120] A-kem768-gilbert-prr0p50-L10-rep03-seed200003-v2
[3967/6120] A-kem768-gilbert-prr0p50-L10-rep04-seed200004-v1
[3968/6120] A-kem768-gilbert-prr0p50-L10-rep04-seed200004-v2
[3969/6120] A-kem768-gilbert-prr0p50-L10-rep05-seed200005-v1
[3970/6120] A-kem768-gilbert-prr0p50-L10-rep05-seed200005-v2
[3971/6120] A-kem768-gilbert-prr0p50-L10-rep06-seed200006-v1
[3972/6120] A-kem768-gilbert-prr0p50-L10-rep06-seed200006-v2
[3973/6120] A-kem768-gilbert-prr0p50-L10-rep07-seed200007-v1
[3974/6120] A-kem768-gilbert-prr0p50-L10-rep07-seed200007-v2
[3975/6120] A-kem768-gilbert-prr0p50-L10-rep08-seed200008-v1
[3976/6120] A-kem768-gilbert-prr0p50-L10-rep08-seed200008-v2
[3977/6120] A-kem768-gilbert-prr0p50-L10-rep09-seed200009-v1
[3978/6120] A-kem768-gilbert-prr0p50-L10-rep09-seed200009-v2
[3979/6120] A-kem768-gilbert-prr0p50-L10-rep10-seed200010-v1
[3980/6120] A-kem768-gilbert-prr0p50-L10-rep10-seed200010-v2
[3981/6120] A-kem768-gilbert-prr0p50-L10-rep11-seed200011-v1
[3982/6120] A-kem768-gilbert-prr0p50-L10-rep11-seed200011-v2
[3983/6120] A-kem768-gilbert-prr0p50-L10-rep12-seed200012-v1
[3984/6120] A-kem768-gilbert-prr0p50-L10-rep12-seed200012-v2
[3985/6120] A-kem768-gilbert-prr0p50-L10-rep13-seed200013-v1
[3986/6120] A-kem768-gilbert-prr0p50-L10-rep13-seed200013-v2
[3987/6120] A-kem768-gilbert-prr0p50-L10-rep14-seed200014-v1
[3988/6120] A-kem768-gilbert-prr0p50-L10-rep14-seed200014-v2
[3989/6120] A-kem768-gilbert-prr0p50-L10-rep15-seed200015-v1
[3990/6120] A-kem768-gilbert-prr0p50-L10-rep15-seed200015-v2
[3991/6120] A-kem768-gilbert-prr0p50-L10-rep16-seed200016-v1
[3992/6120] A-kem768-gilbert-prr0p50-L10-rep16-seed200016-v2
[3993/6120] A-kem768-gilbert-prr0p50-L10-rep17-seed200017-v1
[3994/6120] A-kem768-gilbert-prr0p50-L10-rep17-seed200017-v2
[3995/6120] A-kem768-gilbert-prr0p50-L10-rep18-seed200018-v1
[3996/6120] A-kem768-gilbert-prr0p50-L10-rep18-seed200018-v2
[3997/6120] A-kem768-gilbert-prr0p50-L10-rep19-seed200019-v1
[3998/6120] A-kem768-gilbert-prr0p50-L10-rep19-seed200019-v2
[3999/6120] A-kem768-gilbert-prr0p50-L10-rep20-seed200020-v1
[4000/6120] A-kem768-gilbert-prr0p50-L10-rep20-seed200020-v2
[4001/6120] A-kem768-gilbert-prr0p50-L10-rep21-seed200021-v1
[4002/6120] A-kem768-gilbert-prr0p50-L10-rep21-seed200021-v2
[4003/6120] A-kem768-gilbert-prr0p50-L10-rep22-seed200022-v1
[4004/6120] A-kem768-gilbert-prr0p50-L10-rep22-seed200022-v2
[4005/6120] A-kem768-gilbert-prr0p50-L10-rep23-seed200023-v1
[4006/6120] A-kem768-gilbert-prr0p50-L10-rep23-seed200023-v2
[4007/6120] A-kem768-gilbert-prr0p50-L10-rep24-seed200024-v1
[4008/6120] A-kem768-gilbert-prr0p50-L10-rep24-seed200024-v2
[4009/6120] A-kem768-gilbert-prr0p50-L10-rep25-seed200025-v1
[4010/6120] A-kem768-gilbert-prr0p50-L10-rep25-seed200025-v2
[4011/6120] A-kem768-gilbert-prr0p50-L10-rep26-seed200026-v1
[4012/6120] A-kem768-gilbert-prr0p50-L10-rep26-seed200026-v2
[4013/6120] A-kem768-gilbert-prr0p50-L10-rep27-seed200027-v1
[4014/6120] A-kem768-gilbert-prr0p50-L10-rep27-seed200027-v2
[4015/6120] A-kem768-gilbert-prr0p50-L10-rep28-seed200028-v1
[4016/6120] A-kem768-gilbert-prr0p50-L10-rep28-seed200028-v2
[4017/6120] A-kem768-gilbert-prr0p50-L10-rep29-seed200029-v1
[4018/6120] A-kem768-gilbert-prr0p50-L10-rep29-seed200029-v2
[4019/6120] A-kem768-gilbert-prr0p50-L10-rep30-seed200030-v1
[4020/6120] A-kem768-gilbert-prr0p50-L10-rep30-seed200030-v2
[4021/6120] B-kem768-gilbert-prr0p50-L10-loss1-rep01-seed200001-v3
[4022/6120] B-kem768-gilbert-prr0p50-L10-loss1-rep01-seed200001-v4
[4023/6120] B-kem768-gilbert-prr0p50-L10-loss1-rep02-seed200002-v3
[4024/6120] B-kem768-gilbert-prr0p50-L10-loss1-rep02-seed200002-v4
[4025/6120] B-kem768-gilbert-prr0p50-L10-loss1-rep03-seed200003-v3
[4026/6120] B-kem768-gilbert-prr0p50-L10-loss1-rep03-seed200003-v4
[4027/6120] B-kem768-gilbert-prr0p50-L10-loss1-rep04-seed200004-v3
[4028/6120] B-kem768-gilbert-prr0p50-L10-loss1-rep04-seed200004-v4
[4029/6120] B-kem768-gilbert-prr0p50-L10-loss1-rep05-seed200005-v3
[4030/6120] B-kem768-gilbert-prr0p50-L10-loss1-rep05-seed200005-v4
[4031/6120] B-kem768-gilbert-prr0p50-L10-loss1-rep06-seed200006-v3
[4032/6120] B-kem768-gilbert-prr0p50-L10-loss1-rep06-seed200006-v4
[4033/6120] B-kem768-gilbert-prr0p50-L10-loss1-rep07-seed200007-v3
[4034/6120] B-kem768-gilbert-prr0p50-L10-loss1-rep07-seed200007-v4
[4035/6120] B-kem768-gilbert-prr0p50-L10-loss1-rep08-seed200008-v3
[4036/6120] B-kem768-gilbert-prr0p50-L10-loss1-rep08-seed200008-v4
[4037/6120] B-kem768-gilbert-prr0p50-L10-loss1-rep09-seed200009-v3
[4038/6120] B-kem768-gilbert-prr0p50-L10-loss1-rep09-seed200009-v4
[4039/6120] B-kem768-gilbert-prr0p50-L10-loss1-rep10-seed200010-v3
[4040/6120] B-kem768-gilbert-prr0p50-L10-loss1-rep10-seed200010-v4
[4041/6120] B-kem768-gilbert-prr0p50-L10-loss1-rep11-seed200011-v3
[4042/6120] B-kem768-gilbert-prr0p50-L10-loss1-rep11-seed200011-v4
[4043/6120] B-kem768-gilbert-prr0p50-L10-loss1-rep12-seed200012-v3
[4044/6120] B-kem768-gilbert-prr0p50-L10-loss1-rep12-seed200012-v4
[4045/6120] B-kem768-gilbert-prr0p50-L10-loss1-rep13-seed200013-v3
[4046/6120] B-kem768-gilbert-prr0p50-L10-loss1-rep13-seed200013-v4
[4047/6120] B-kem768-gilbert-prr0p50-L10-loss1-rep14-seed200014-v3
[4048/6120] B-kem768-gilbert-prr0p50-L10-loss1-rep14-seed200014-v4
[4049/6120] B-kem768-gilbert-prr0p50-L10-loss1-rep15-seed200015-v3
[4050/6120] B-kem768-gilbert-prr0p50-L10-loss1-rep15-seed200015-v4
[4051/6120] B-kem768-gilbert-prr0p50-L10-loss1-rep16-seed200016-v3
[4052/6120] B-kem768-gilbert-prr0p50-L10-loss1-rep16-seed200016-v4
[4053/6120] B-kem768-gilbert-prr0p50-L10-loss1-rep17-seed200017-v3
[4054/6120] B-kem768-gilbert-prr0p50-L10-loss1-rep17-seed200017-v4
[4055/6120] B-kem768-gilbert-prr0p50-L10-loss1-rep18-seed200018-v3
[4056/6120] B-kem768-gilbert-prr0p50-L10-loss1-rep18-seed200018-v4
[4057/6120] B-kem768-gilbert-prr0p50-L10-loss1-rep19-seed200019-v3
[4058/6120] B-kem768-gilbert-prr0p50-L10-loss1-rep19-seed200019-v4
[4059/6120] B-kem768-gilbert-prr0p50-L10-loss1-rep20-seed200020-v3
[4060/6120] B-kem768-gilbert-prr0p50-L10-loss1-rep20-seed200020-v4
[4061/6120] B-kem768-gilbert-prr0p50-L10-loss1-rep21-seed200021-v3
[4062/6120] B-kem768-gilbert-prr0p50-L10-loss1-rep21-seed200021-v4
[4063/6120] B-kem768-gilbert-prr0p50-L10-loss1-rep22-seed200022-v3
[4064/6120] B-kem768-gilbert-prr0p50-L10-loss1-rep22-seed200022-v4
[4065/6120] B-kem768-gilbert-prr0p50-L10-loss1-rep23-seed200023-v3
[4066/6120] B-kem768-gilbert-prr0p50-L10-loss1-rep23-seed200023-v4
[4067/6120] B-kem768-gilbert-prr0p50-L10-loss1-rep24-seed200024-v3
[4068/6120] B-kem768-gilbert-prr0p50-L10-loss1-rep24-seed200024-v4
[4069/6120] B-kem768-gilbert-prr0p50-L10-loss1-rep25-seed200025-v3
[4070/6120] B-kem768-gilbert-prr0p50-L10-loss1-rep25-seed200025-v4
[4071/6120] B-kem768-gilbert-prr0p50-L10-loss1-rep26-seed200026-v3
[4072/6120] B-kem768-gilbert-prr0p50-L10-loss1-rep26-seed200026-v4
[4073/6120] B-kem768-gilbert-prr0p50-L10-loss1-rep27-seed200027-v3
[4074/6120] B-kem768-gilbert-prr0p50-L10-loss1-rep27-seed200027-v4
[4075/6120] B-kem768-gilbert-prr0p50-L10-loss1-rep28-seed200028-v3
[4076/6120] B-kem768-gilbert-prr0p50-L10-loss1-rep28-seed200028-v4
[4077/6120] B-kem768-gilbert-prr0p50-L10-loss1-rep29-seed200029-v3
[4078/6120] B-kem768-gilbert-prr0p50-L10-loss1-rep29-seed200029-v4
[4079/6120] B-kem768-gilbert-prr0p50-L10-loss1-rep30-seed200030-v3
[4080/6120] B-kem768-gilbert-prr0p50-L10-loss1-rep30-seed200030-v4
[4081/6120] A-kem1024-fixed-prr1p00-rep01-seed200001-v1
[4082/6120] A-kem1024-fixed-prr1p00-rep01-seed200001-v2
[4083/6120] A-kem1024-fixed-prr1p00-rep02-seed200002-v1
[4084/6120] A-kem1024-fixed-prr1p00-rep02-seed200002-v2
[4085/6120] A-kem1024-fixed-prr1p00-rep03-seed200003-v1
[4086/6120] A-kem1024-fixed-prr1p00-rep03-seed200003-v2
[4087/6120] A-kem1024-fixed-prr1p00-rep04-seed200004-v1
[4088/6120] A-kem1024-fixed-prr1p00-rep04-seed200004-v2
[4089/6120] A-kem1024-fixed-prr1p00-rep05-seed200005-v1
[4090/6120] A-kem1024-fixed-prr1p00-rep05-seed200005-v2
[4091/6120] A-kem1024-fixed-prr1p00-rep06-seed200006-v1
[4092/6120] A-kem1024-fixed-prr1p00-rep06-seed200006-v2
[4093/6120] A-kem1024-fixed-prr1p00-rep07-seed200007-v1
[4094/6120] A-kem1024-fixed-prr1p00-rep07-seed200007-v2
[4095/6120] A-kem1024-fixed-prr1p00-rep08-seed200008-v1
[4096/6120] A-kem1024-fixed-prr1p00-rep08-seed200008-v2
[4097/6120] A-kem1024-fixed-prr1p00-rep09-seed200009-v1
[4098/6120] A-kem1024-fixed-prr1p00-rep09-seed200009-v2
[4099/6120] A-kem1024-fixed-prr1p00-rep10-seed200010-v1
[4100/6120] A-kem1024-fixed-prr1p00-rep10-seed200010-v2
[4101/6120] A-kem1024-fixed-prr1p00-rep11-seed200011-v1
[4102/6120] A-kem1024-fixed-prr1p00-rep11-seed200011-v2
[4103/6120] A-kem1024-fixed-prr1p00-rep12-seed200012-v1
[4104/6120] A-kem1024-fixed-prr1p00-rep12-seed200012-v2
[4105/6120] A-kem1024-fixed-prr1p00-rep13-seed200013-v1
[4106/6120] A-kem1024-fixed-prr1p00-rep13-seed200013-v2
[4107/6120] A-kem1024-fixed-prr1p00-rep14-seed200014-v1
[4108/6120] A-kem1024-fixed-prr1p00-rep14-seed200014-v2
[4109/6120] A-kem1024-fixed-prr1p00-rep15-seed200015-v1
[4110/6120] A-kem1024-fixed-prr1p00-rep15-seed200015-v2
[4111/6120] A-kem1024-fixed-prr1p00-rep16-seed200016-v1
[4112/6120] A-kem1024-fixed-prr1p00-rep16-seed200016-v2
[4113/6120] A-kem1024-fixed-prr1p00-rep17-seed200017-v1
[4114/6120] A-kem1024-fixed-prr1p00-rep17-seed200017-v2
[4115/6120] A-kem1024-fixed-prr1p00-rep18-seed200018-v1
[4116/6120] A-kem1024-fixed-prr1p00-rep18-seed200018-v2
[4117/6120] A-kem1024-fixed-prr1p00-rep19-seed200019-v1
[4118/6120] A-kem1024-fixed-prr1p00-rep19-seed200019-v2
[4119/6120] A-kem1024-fixed-prr1p00-rep20-seed200020-v1
[4120/6120] A-kem1024-fixed-prr1p00-rep20-seed200020-v2
[4121/6120] A-kem1024-fixed-prr1p00-rep21-seed200021-v1
[4122/6120] A-kem1024-fixed-prr1p00-rep21-seed200021-v2
[4123/6120] A-kem1024-fixed-prr1p00-rep22-seed200022-v1
[4124/6120] A-kem1024-fixed-prr1p00-rep22-seed200022-v2
[4125/6120] A-kem1024-fixed-prr1p00-rep23-seed200023-v1
[4126/6120] A-kem1024-fixed-prr1p00-rep23-seed200023-v2
[4127/6120] A-kem1024-fixed-prr1p00-rep24-seed200024-v1
[4128/6120] A-kem1024-fixed-prr1p00-rep24-seed200024-v2
[4129/6120] A-kem1024-fixed-prr1p00-rep25-seed200025-v1
[4130/6120] A-kem1024-fixed-prr1p00-rep25-seed200025-v2
[4131/6120] A-kem1024-fixed-prr1p00-rep26-seed200026-v1
[4132/6120] A-kem1024-fixed-prr1p00-rep26-seed200026-v2
[4133/6120] A-kem1024-fixed-prr1p00-rep27-seed200027-v1
[4134/6120] A-kem1024-fixed-prr1p00-rep27-seed200027-v2
[4135/6120] A-kem1024-fixed-prr1p00-rep28-seed200028-v1
[4136/6120] A-kem1024-fixed-prr1p00-rep28-seed200028-v2
[4137/6120] A-kem1024-fixed-prr1p00-rep29-seed200029-v1
[4138/6120] A-kem1024-fixed-prr1p00-rep29-seed200029-v2
[4139/6120] A-kem1024-fixed-prr1p00-rep30-seed200030-v1
[4140/6120] A-kem1024-fixed-prr1p00-rep30-seed200030-v2
[4141/6120] B-kem1024-fixed-prr1p00-loss1-rep01-seed200001-v3
[4142/6120] B-kem1024-fixed-prr1p00-loss1-rep01-seed200001-v4
[4143/6120] B-kem1024-fixed-prr1p00-loss1-rep02-seed200002-v3
[4144/6120] B-kem1024-fixed-prr1p00-loss1-rep02-seed200002-v4
[4145/6120] B-kem1024-fixed-prr1p00-loss1-rep03-seed200003-v3
[4146/6120] B-kem1024-fixed-prr1p00-loss1-rep03-seed200003-v4
[4147/6120] B-kem1024-fixed-prr1p00-loss1-rep04-seed200004-v3
[4148/6120] B-kem1024-fixed-prr1p00-loss1-rep04-seed200004-v4
[4149/6120] B-kem1024-fixed-prr1p00-loss1-rep05-seed200005-v3
[4150/6120] B-kem1024-fixed-prr1p00-loss1-rep05-seed200005-v4
[4151/6120] B-kem1024-fixed-prr1p00-loss1-rep06-seed200006-v3
[4152/6120] B-kem1024-fixed-prr1p00-loss1-rep06-seed200006-v4
[4153/6120] B-kem1024-fixed-prr1p00-loss1-rep07-seed200007-v3
[4154/6120] B-kem1024-fixed-prr1p00-loss1-rep07-seed200007-v4
[4155/6120] B-kem1024-fixed-prr1p00-loss1-rep08-seed200008-v3
[4156/6120] B-kem1024-fixed-prr1p00-loss1-rep08-seed200008-v4
[4157/6120] B-kem1024-fixed-prr1p00-loss1-rep09-seed200009-v3
[4158/6120] B-kem1024-fixed-prr1p00-loss1-rep09-seed200009-v4
[4159/6120] B-kem1024-fixed-prr1p00-loss1-rep10-seed200010-v3
[4160/6120] B-kem1024-fixed-prr1p00-loss1-rep10-seed200010-v4
[4161/6120] B-kem1024-fixed-prr1p00-loss1-rep11-seed200011-v3
[4162/6120] B-kem1024-fixed-prr1p00-loss1-rep11-seed200011-v4
[4163/6120] B-kem1024-fixed-prr1p00-loss1-rep12-seed200012-v3
[4164/6120] B-kem1024-fixed-prr1p00-loss1-rep12-seed200012-v4
[4165/6120] B-kem1024-fixed-prr1p00-loss1-rep13-seed200013-v3
[4166/6120] B-kem1024-fixed-prr1p00-loss1-rep13-seed200013-v4
[4167/6120] B-kem1024-fixed-prr1p00-loss1-rep14-seed200014-v3
[4168/6120] B-kem1024-fixed-prr1p00-loss1-rep14-seed200014-v4
[4169/6120] B-kem1024-fixed-prr1p00-loss1-rep15-seed200015-v3
[4170/6120] B-kem1024-fixed-prr1p00-loss1-rep15-seed200015-v4
[4171/6120] B-kem1024-fixed-prr1p00-loss1-rep16-seed200016-v3
[4172/6120] B-kem1024-fixed-prr1p00-loss1-rep16-seed200016-v4
[4173/6120] B-kem1024-fixed-prr1p00-loss1-rep17-seed200017-v3
[4174/6120] B-kem1024-fixed-prr1p00-loss1-rep17-seed200017-v4
[4175/6120] B-kem1024-fixed-prr1p00-loss1-rep18-seed200018-v3
[4176/6120] B-kem1024-fixed-prr1p00-loss1-rep18-seed200018-v4
[4177/6120] B-kem1024-fixed-prr1p00-loss1-rep19-seed200019-v3
[4178/6120] B-kem1024-fixed-prr1p00-loss1-rep19-seed200019-v4
[4179/6120] B-kem1024-fixed-prr1p00-loss1-rep20-seed200020-v3
[4180/6120] B-kem1024-fixed-prr1p00-loss1-rep20-seed200020-v4
[4181/6120] B-kem1024-fixed-prr1p00-loss1-rep21-seed200021-v3
[4182/6120] B-kem1024-fixed-prr1p00-loss1-rep21-seed200021-v4
[4183/6120] B-kem1024-fixed-prr1p00-loss1-rep22-seed200022-v3
[4184/6120] B-kem1024-fixed-prr1p00-loss1-rep22-seed200022-v4
[4185/6120] B-kem1024-fixed-prr1p00-loss1-rep23-seed200023-v3
[4186/6120] B-kem1024-fixed-prr1p00-loss1-rep23-seed200023-v4
[4187/6120] B-kem1024-fixed-prr1p00-loss1-rep24-seed200024-v3
[4188/6120] B-kem1024-fixed-prr1p00-loss1-rep24-seed200024-v4
[4189/6120] B-kem1024-fixed-prr1p00-loss1-rep25-seed200025-v3
[4190/6120] B-kem1024-fixed-prr1p00-loss1-rep25-seed200025-v4
[4191/6120] B-kem1024-fixed-prr1p00-loss1-rep26-seed200026-v3
[4192/6120] B-kem1024-fixed-prr1p00-loss1-rep26-seed200026-v4
[4193/6120] B-kem1024-fixed-prr1p00-loss1-rep27-seed200027-v3
[4194/6120] B-kem1024-fixed-prr1p00-loss1-rep27-seed200027-v4
[4195/6120] B-kem1024-fixed-prr1p00-loss1-rep28-seed200028-v3
[4196/6120] B-kem1024-fixed-prr1p00-loss1-rep28-seed200028-v4
[4197/6120] B-kem1024-fixed-prr1p00-loss1-rep29-seed200029-v3
[4198/6120] B-kem1024-fixed-prr1p00-loss1-rep29-seed200029-v4
[4199/6120] B-kem1024-fixed-prr1p00-loss1-rep30-seed200030-v3
[4200/6120] B-kem1024-fixed-prr1p00-loss1-rep30-seed200030-v4
[4201/6120] A-kem1024-fixed-prr0p95-rep01-seed200001-v1
[4202/6120] A-kem1024-fixed-prr0p95-rep01-seed200001-v2
[4203/6120] A-kem1024-fixed-prr0p95-rep02-seed200002-v1
[4204/6120] A-kem1024-fixed-prr0p95-rep02-seed200002-v2
[4205/6120] A-kem1024-fixed-prr0p95-rep03-seed200003-v1
[4206/6120] A-kem1024-fixed-prr0p95-rep03-seed200003-v2
[4207/6120] A-kem1024-fixed-prr0p95-rep04-seed200004-v1
[4208/6120] A-kem1024-fixed-prr0p95-rep04-seed200004-v2
[4209/6120] A-kem1024-fixed-prr0p95-rep05-seed200005-v1
[4210/6120] A-kem1024-fixed-prr0p95-rep05-seed200005-v2
[4211/6120] A-kem1024-fixed-prr0p95-rep06-seed200006-v1
[4212/6120] A-kem1024-fixed-prr0p95-rep06-seed200006-v2
[4213/6120] A-kem1024-fixed-prr0p95-rep07-seed200007-v1
[4214/6120] A-kem1024-fixed-prr0p95-rep07-seed200007-v2
[4215/6120] A-kem1024-fixed-prr0p95-rep08-seed200008-v1
[4216/6120] A-kem1024-fixed-prr0p95-rep08-seed200008-v2
[4217/6120] A-kem1024-fixed-prr0p95-rep09-seed200009-v1
[4218/6120] A-kem1024-fixed-prr0p95-rep09-seed200009-v2
[4219/6120] A-kem1024-fixed-prr0p95-rep10-seed200010-v1
[4220/6120] A-kem1024-fixed-prr0p95-rep10-seed200010-v2
[4221/6120] A-kem1024-fixed-prr0p95-rep11-seed200011-v1
[4222/6120] A-kem1024-fixed-prr0p95-rep11-seed200011-v2
[4223/6120] A-kem1024-fixed-prr0p95-rep12-seed200012-v1
[4224/6120] A-kem1024-fixed-prr0p95-rep12-seed200012-v2
[4225/6120] A-kem1024-fixed-prr0p95-rep13-seed200013-v1
[4226/6120] A-kem1024-fixed-prr0p95-rep13-seed200013-v2
[4227/6120] A-kem1024-fixed-prr0p95-rep14-seed200014-v1
[4228/6120] A-kem1024-fixed-prr0p95-rep14-seed200014-v2
[4229/6120] A-kem1024-fixed-prr0p95-rep15-seed200015-v1
[4230/6120] A-kem1024-fixed-prr0p95-rep15-seed200015-v2
[4231/6120] A-kem1024-fixed-prr0p95-rep16-seed200016-v1
[4232/6120] A-kem1024-fixed-prr0p95-rep16-seed200016-v2
[4233/6120] A-kem1024-fixed-prr0p95-rep17-seed200017-v1
[4234/6120] A-kem1024-fixed-prr0p95-rep17-seed200017-v2
[4235/6120] A-kem1024-fixed-prr0p95-rep18-seed200018-v1
[4236/6120] A-kem1024-fixed-prr0p95-rep18-seed200018-v2
[4237/6120] A-kem1024-fixed-prr0p95-rep19-seed200019-v1
[4238/6120] A-kem1024-fixed-prr0p95-rep19-seed200019-v2
[4239/6120] A-kem1024-fixed-prr0p95-rep20-seed200020-v1
[4240/6120] A-kem1024-fixed-prr0p95-rep20-seed200020-v2
[4241/6120] A-kem1024-fixed-prr0p95-rep21-seed200021-v1
[4242/6120] A-kem1024-fixed-prr0p95-rep21-seed200021-v2
[4243/6120] A-kem1024-fixed-prr0p95-rep22-seed200022-v1
[4244/6120] A-kem1024-fixed-prr0p95-rep22-seed200022-v2
[4245/6120] A-kem1024-fixed-prr0p95-rep23-seed200023-v1
[4246/6120] A-kem1024-fixed-prr0p95-rep23-seed200023-v2
[4247/6120] A-kem1024-fixed-prr0p95-rep24-seed200024-v1
[4248/6120] A-kem1024-fixed-prr0p95-rep24-seed200024-v2
[4249/6120] A-kem1024-fixed-prr0p95-rep25-seed200025-v1
[4250/6120] A-kem1024-fixed-prr0p95-rep25-seed200025-v2
[4251/6120] A-kem1024-fixed-prr0p95-rep26-seed200026-v1
[4252/6120] A-kem1024-fixed-prr0p95-rep26-seed200026-v2
[4253/6120] A-kem1024-fixed-prr0p95-rep27-seed200027-v1
[4254/6120] A-kem1024-fixed-prr0p95-rep27-seed200027-v2
[4255/6120] A-kem1024-fixed-prr0p95-rep28-seed200028-v1
[4256/6120] A-kem1024-fixed-prr0p95-rep28-seed200028-v2
[4257/6120] A-kem1024-fixed-prr0p95-rep29-seed200029-v1
[4258/6120] A-kem1024-fixed-prr0p95-rep29-seed200029-v2
[4259/6120] A-kem1024-fixed-prr0p95-rep30-seed200030-v1
[4260/6120] A-kem1024-fixed-prr0p95-rep30-seed200030-v2
[4261/6120] B-kem1024-fixed-prr0p95-loss1-rep01-seed200001-v3
[4262/6120] B-kem1024-fixed-prr0p95-loss1-rep01-seed200001-v4
[4263/6120] B-kem1024-fixed-prr0p95-loss1-rep02-seed200002-v3
[4264/6120] B-kem1024-fixed-prr0p95-loss1-rep02-seed200002-v4
[4265/6120] B-kem1024-fixed-prr0p95-loss1-rep03-seed200003-v3
[4266/6120] B-kem1024-fixed-prr0p95-loss1-rep03-seed200003-v4
[4267/6120] B-kem1024-fixed-prr0p95-loss1-rep04-seed200004-v3
[4268/6120] B-kem1024-fixed-prr0p95-loss1-rep04-seed200004-v4
[4269/6120] B-kem1024-fixed-prr0p95-loss1-rep05-seed200005-v3
[4270/6120] B-kem1024-fixed-prr0p95-loss1-rep05-seed200005-v4
[4271/6120] B-kem1024-fixed-prr0p95-loss1-rep06-seed200006-v3
[4272/6120] B-kem1024-fixed-prr0p95-loss1-rep06-seed200006-v4
[4273/6120] B-kem1024-fixed-prr0p95-loss1-rep07-seed200007-v3
[4274/6120] B-kem1024-fixed-prr0p95-loss1-rep07-seed200007-v4
[4275/6120] B-kem1024-fixed-prr0p95-loss1-rep08-seed200008-v3
[4276/6120] B-kem1024-fixed-prr0p95-loss1-rep08-seed200008-v4
[4277/6120] B-kem1024-fixed-prr0p95-loss1-rep09-seed200009-v3
[4278/6120] B-kem1024-fixed-prr0p95-loss1-rep09-seed200009-v4
[4279/6120] B-kem1024-fixed-prr0p95-loss1-rep10-seed200010-v3
[4280/6120] B-kem1024-fixed-prr0p95-loss1-rep10-seed200010-v4
[4281/6120] B-kem1024-fixed-prr0p95-loss1-rep11-seed200011-v3
[4282/6120] B-kem1024-fixed-prr0p95-loss1-rep11-seed200011-v4
[4283/6120] B-kem1024-fixed-prr0p95-loss1-rep12-seed200012-v3
[4284/6120] B-kem1024-fixed-prr0p95-loss1-rep12-seed200012-v4
[4285/6120] B-kem1024-fixed-prr0p95-loss1-rep13-seed200013-v3
[4286/6120] B-kem1024-fixed-prr0p95-loss1-rep13-seed200013-v4
[4287/6120] B-kem1024-fixed-prr0p95-loss1-rep14-seed200014-v3
[4288/6120] B-kem1024-fixed-prr0p95-loss1-rep14-seed200014-v4
[4289/6120] B-kem1024-fixed-prr0p95-loss1-rep15-seed200015-v3
[4290/6120] B-kem1024-fixed-prr0p95-loss1-rep15-seed200015-v4
[4291/6120] B-kem1024-fixed-prr0p95-loss1-rep16-seed200016-v3
[4292/6120] B-kem1024-fixed-prr0p95-loss1-rep16-seed200016-v4
[4293/6120] B-kem1024-fixed-prr0p95-loss1-rep17-seed200017-v3
[4294/6120] B-kem1024-fixed-prr0p95-loss1-rep17-seed200017-v4
[4295/6120] B-kem1024-fixed-prr0p95-loss1-rep18-seed200018-v3
[4296/6120] B-kem1024-fixed-prr0p95-loss1-rep18-seed200018-v4
[4297/6120] B-kem1024-fixed-prr0p95-loss1-rep19-seed200019-v3
[4298/6120] B-kem1024-fixed-prr0p95-loss1-rep19-seed200019-v4
[4299/6120] B-kem1024-fixed-prr0p95-loss1-rep20-seed200020-v3
[4300/6120] B-kem1024-fixed-prr0p95-loss1-rep20-seed200020-v4
[4301/6120] B-kem1024-fixed-prr0p95-loss1-rep21-seed200021-v3
[4302/6120] B-kem1024-fixed-prr0p95-loss1-rep21-seed200021-v4
[4303/6120] B-kem1024-fixed-prr0p95-loss1-rep22-seed200022-v3
[4304/6120] B-kem1024-fixed-prr0p95-loss1-rep22-seed200022-v4
[4305/6120] B-kem1024-fixed-prr0p95-loss1-rep23-seed200023-v3
[4306/6120] B-kem1024-fixed-prr0p95-loss1-rep23-seed200023-v4
[4307/6120] B-kem1024-fixed-prr0p95-loss1-rep24-seed200024-v3
[4308/6120] B-kem1024-fixed-prr0p95-loss1-rep24-seed200024-v4
[4309/6120] B-kem1024-fixed-prr0p95-loss1-rep25-seed200025-v3
[4310/6120] B-kem1024-fixed-prr0p95-loss1-rep25-seed200025-v4
[4311/6120] B-kem1024-fixed-prr0p95-loss1-rep26-seed200026-v3
[4312/6120] B-kem1024-fixed-prr0p95-loss1-rep26-seed200026-v4
[4313/6120] B-kem1024-fixed-prr0p95-loss1-rep27-seed200027-v3
[4314/6120] B-kem1024-fixed-prr0p95-loss1-rep27-seed200027-v4
[4315/6120] B-kem1024-fixed-prr0p95-loss1-rep28-seed200028-v3
[4316/6120] B-kem1024-fixed-prr0p95-loss1-rep28-seed200028-v4
[4317/6120] B-kem1024-fixed-prr0p95-loss1-rep29-seed200029-v3
[4318/6120] B-kem1024-fixed-prr0p95-loss1-rep29-seed200029-v4
[4319/6120] B-kem1024-fixed-prr0p95-loss1-rep30-seed200030-v3
[4320/6120] B-kem1024-fixed-prr0p95-loss1-rep30-seed200030-v4
[4321/6120] A-kem1024-fixed-prr0p90-rep01-seed200001-v1
[4322/6120] A-kem1024-fixed-prr0p90-rep01-seed200001-v2
[4323/6120] A-kem1024-fixed-prr0p90-rep02-seed200002-v1
[4324/6120] A-kem1024-fixed-prr0p90-rep02-seed200002-v2
[4325/6120] A-kem1024-fixed-prr0p90-rep03-seed200003-v1
[4326/6120] A-kem1024-fixed-prr0p90-rep03-seed200003-v2
[4327/6120] A-kem1024-fixed-prr0p90-rep04-seed200004-v1
[4328/6120] A-kem1024-fixed-prr0p90-rep04-seed200004-v2
[4329/6120] A-kem1024-fixed-prr0p90-rep05-seed200005-v1
[4330/6120] A-kem1024-fixed-prr0p90-rep05-seed200005-v2
[4331/6120] A-kem1024-fixed-prr0p90-rep06-seed200006-v1
[4332/6120] A-kem1024-fixed-prr0p90-rep06-seed200006-v2
[4333/6120] A-kem1024-fixed-prr0p90-rep07-seed200007-v1
[4334/6120] A-kem1024-fixed-prr0p90-rep07-seed200007-v2
[4335/6120] A-kem1024-fixed-prr0p90-rep08-seed200008-v1
[4336/6120] A-kem1024-fixed-prr0p90-rep08-seed200008-v2
[4337/6120] A-kem1024-fixed-prr0p90-rep09-seed200009-v1
[4338/6120] A-kem1024-fixed-prr0p90-rep09-seed200009-v2
[4339/6120] A-kem1024-fixed-prr0p90-rep10-seed200010-v1
[4340/6120] A-kem1024-fixed-prr0p90-rep10-seed200010-v2
[4341/6120] A-kem1024-fixed-prr0p90-rep11-seed200011-v1
[4342/6120] A-kem1024-fixed-prr0p90-rep11-seed200011-v2
[4343/6120] A-kem1024-fixed-prr0p90-rep12-seed200012-v1
[4344/6120] A-kem1024-fixed-prr0p90-rep12-seed200012-v2
[4345/6120] A-kem1024-fixed-prr0p90-rep13-seed200013-v1
[4346/6120] A-kem1024-fixed-prr0p90-rep13-seed200013-v2
[4347/6120] A-kem1024-fixed-prr0p90-rep14-seed200014-v1
[4348/6120] A-kem1024-fixed-prr0p90-rep14-seed200014-v2
[4349/6120] A-kem1024-fixed-prr0p90-rep15-seed200015-v1
[4350/6120] A-kem1024-fixed-prr0p90-rep15-seed200015-v2
[4351/6120] A-kem1024-fixed-prr0p90-rep16-seed200016-v1
[4352/6120] A-kem1024-fixed-prr0p90-rep16-seed200016-v2
[4353/6120] A-kem1024-fixed-prr0p90-rep17-seed200017-v1
[4354/6120] A-kem1024-fixed-prr0p90-rep17-seed200017-v2
[4355/6120] A-kem1024-fixed-prr0p90-rep18-seed200018-v1
[4356/6120] A-kem1024-fixed-prr0p90-rep18-seed200018-v2
[4357/6120] A-kem1024-fixed-prr0p90-rep19-seed200019-v1
[4358/6120] A-kem1024-fixed-prr0p90-rep19-seed200019-v2
[4359/6120] A-kem1024-fixed-prr0p90-rep20-seed200020-v1
[4360/6120] A-kem1024-fixed-prr0p90-rep20-seed200020-v2
[4361/6120] A-kem1024-fixed-prr0p90-rep21-seed200021-v1
[4362/6120] A-kem1024-fixed-prr0p90-rep21-seed200021-v2
[4363/6120] A-kem1024-fixed-prr0p90-rep22-seed200022-v1
[4364/6120] A-kem1024-fixed-prr0p90-rep22-seed200022-v2
[4365/6120] A-kem1024-fixed-prr0p90-rep23-seed200023-v1
[4366/6120] A-kem1024-fixed-prr0p90-rep23-seed200023-v2
[4367/6120] A-kem1024-fixed-prr0p90-rep24-seed200024-v1
[4368/6120] A-kem1024-fixed-prr0p90-rep24-seed200024-v2
[4369/6120] A-kem1024-fixed-prr0p90-rep25-seed200025-v1
[4370/6120] A-kem1024-fixed-prr0p90-rep25-seed200025-v2
[4371/6120] A-kem1024-fixed-prr0p90-rep26-seed200026-v1
[4372/6120] A-kem1024-fixed-prr0p90-rep26-seed200026-v2
[4373/6120] A-kem1024-fixed-prr0p90-rep27-seed200027-v1
[4374/6120] A-kem1024-fixed-prr0p90-rep27-seed200027-v2
[4375/6120] A-kem1024-fixed-prr0p90-rep28-seed200028-v1
[4376/6120] A-kem1024-fixed-prr0p90-rep28-seed200028-v2
[4377/6120] A-kem1024-fixed-prr0p90-rep29-seed200029-v1
[4378/6120] A-kem1024-fixed-prr0p90-rep29-seed200029-v2
[4379/6120] A-kem1024-fixed-prr0p90-rep30-seed200030-v1
[4380/6120] A-kem1024-fixed-prr0p90-rep30-seed200030-v2
[4381/6120] B-kem1024-fixed-prr0p90-loss1-rep01-seed200001-v3
[4382/6120] B-kem1024-fixed-prr0p90-loss1-rep01-seed200001-v4
[4383/6120] B-kem1024-fixed-prr0p90-loss1-rep02-seed200002-v3
[4384/6120] B-kem1024-fixed-prr0p90-loss1-rep02-seed200002-v4
[4385/6120] B-kem1024-fixed-prr0p90-loss1-rep03-seed200003-v3
[4386/6120] B-kem1024-fixed-prr0p90-loss1-rep03-seed200003-v4
[4387/6120] B-kem1024-fixed-prr0p90-loss1-rep04-seed200004-v3
[4388/6120] B-kem1024-fixed-prr0p90-loss1-rep04-seed200004-v4
[4389/6120] B-kem1024-fixed-prr0p90-loss1-rep05-seed200005-v3
[4390/6120] B-kem1024-fixed-prr0p90-loss1-rep05-seed200005-v4
[4391/6120] B-kem1024-fixed-prr0p90-loss1-rep06-seed200006-v3
[4392/6120] B-kem1024-fixed-prr0p90-loss1-rep06-seed200006-v4
[4393/6120] B-kem1024-fixed-prr0p90-loss1-rep07-seed200007-v3
[4394/6120] B-kem1024-fixed-prr0p90-loss1-rep07-seed200007-v4
[4395/6120] B-kem1024-fixed-prr0p90-loss1-rep08-seed200008-v3
[4396/6120] B-kem1024-fixed-prr0p90-loss1-rep08-seed200008-v4
[4397/6120] B-kem1024-fixed-prr0p90-loss1-rep09-seed200009-v3
[4398/6120] B-kem1024-fixed-prr0p90-loss1-rep09-seed200009-v4
[4399/6120] B-kem1024-fixed-prr0p90-loss1-rep10-seed200010-v3
[4400/6120] B-kem1024-fixed-prr0p90-loss1-rep10-seed200010-v4
[4401/6120] B-kem1024-fixed-prr0p90-loss1-rep11-seed200011-v3
[4402/6120] B-kem1024-fixed-prr0p90-loss1-rep11-seed200011-v4
[4403/6120] B-kem1024-fixed-prr0p90-loss1-rep12-seed200012-v3
[4404/6120] B-kem1024-fixed-prr0p90-loss1-rep12-seed200012-v4
[4405/6120] B-kem1024-fixed-prr0p90-loss1-rep13-seed200013-v3
[4406/6120] B-kem1024-fixed-prr0p90-loss1-rep13-seed200013-v4
[4407/6120] B-kem1024-fixed-prr0p90-loss1-rep14-seed200014-v3
[4408/6120] B-kem1024-fixed-prr0p90-loss1-rep14-seed200014-v4
[4409/6120] B-kem1024-fixed-prr0p90-loss1-rep15-seed200015-v3
[4410/6120] B-kem1024-fixed-prr0p90-loss1-rep15-seed200015-v4
[4411/6120] B-kem1024-fixed-prr0p90-loss1-rep16-seed200016-v3
[4412/6120] B-kem1024-fixed-prr0p90-loss1-rep16-seed200016-v4
[4413/6120] B-kem1024-fixed-prr0p90-loss1-rep17-seed200017-v3
[4414/6120] B-kem1024-fixed-prr0p90-loss1-rep17-seed200017-v4
[4415/6120] B-kem1024-fixed-prr0p90-loss1-rep18-seed200018-v3
[4416/6120] B-kem1024-fixed-prr0p90-loss1-rep18-seed200018-v4
[4417/6120] B-kem1024-fixed-prr0p90-loss1-rep19-seed200019-v3
[4418/6120] B-kem1024-fixed-prr0p90-loss1-rep19-seed200019-v4
[4419/6120] B-kem1024-fixed-prr0p90-loss1-rep20-seed200020-v3
[4420/6120] B-kem1024-fixed-prr0p90-loss1-rep20-seed200020-v4
[4421/6120] B-kem1024-fixed-prr0p90-loss1-rep21-seed200021-v3
[4422/6120] B-kem1024-fixed-prr0p90-loss1-rep21-seed200021-v4
[4423/6120] B-kem1024-fixed-prr0p90-loss1-rep22-seed200022-v3
[4424/6120] B-kem1024-fixed-prr0p90-loss1-rep22-seed200022-v4
[4425/6120] B-kem1024-fixed-prr0p90-loss1-rep23-seed200023-v3
[4426/6120] B-kem1024-fixed-prr0p90-loss1-rep23-seed200023-v4
[4427/6120] B-kem1024-fixed-prr0p90-loss1-rep24-seed200024-v3
[4428/6120] B-kem1024-fixed-prr0p90-loss1-rep24-seed200024-v4
[4429/6120] B-kem1024-fixed-prr0p90-loss1-rep25-seed200025-v3
[4430/6120] B-kem1024-fixed-prr0p90-loss1-rep25-seed200025-v4
[4431/6120] B-kem1024-fixed-prr0p90-loss1-rep26-seed200026-v3
[4432/6120] B-kem1024-fixed-prr0p90-loss1-rep26-seed200026-v4
[4433/6120] B-kem1024-fixed-prr0p90-loss1-rep27-seed200027-v3
[4434/6120] B-kem1024-fixed-prr0p90-loss1-rep27-seed200027-v4
[4435/6120] B-kem1024-fixed-prr0p90-loss1-rep28-seed200028-v3
[4436/6120] B-kem1024-fixed-prr0p90-loss1-rep28-seed200028-v4
[4437/6120] B-kem1024-fixed-prr0p90-loss1-rep29-seed200029-v3
[4438/6120] B-kem1024-fixed-prr0p90-loss1-rep29-seed200029-v4
[4439/6120] B-kem1024-fixed-prr0p90-loss1-rep30-seed200030-v3
[4440/6120] B-kem1024-fixed-prr0p90-loss1-rep30-seed200030-v4
[4441/6120] A-kem1024-fixed-prr0p85-rep01-seed200001-v1
[4442/6120] A-kem1024-fixed-prr0p85-rep01-seed200001-v2
[4443/6120] A-kem1024-fixed-prr0p85-rep02-seed200002-v1
[4444/6120] A-kem1024-fixed-prr0p85-rep02-seed200002-v2
[4445/6120] A-kem1024-fixed-prr0p85-rep03-seed200003-v1
[4446/6120] A-kem1024-fixed-prr0p85-rep03-seed200003-v2
[4447/6120] A-kem1024-fixed-prr0p85-rep04-seed200004-v1
[4448/6120] A-kem1024-fixed-prr0p85-rep04-seed200004-v2
[4449/6120] A-kem1024-fixed-prr0p85-rep05-seed200005-v1
[4450/6120] A-kem1024-fixed-prr0p85-rep05-seed200005-v2
[4451/6120] A-kem1024-fixed-prr0p85-rep06-seed200006-v1
[4452/6120] A-kem1024-fixed-prr0p85-rep06-seed200006-v2
[4453/6120] A-kem1024-fixed-prr0p85-rep07-seed200007-v1
[4454/6120] A-kem1024-fixed-prr0p85-rep07-seed200007-v2
[4455/6120] A-kem1024-fixed-prr0p85-rep08-seed200008-v1
[4456/6120] A-kem1024-fixed-prr0p85-rep08-seed200008-v2
[4457/6120] A-kem1024-fixed-prr0p85-rep09-seed200009-v1
[4458/6120] A-kem1024-fixed-prr0p85-rep09-seed200009-v2
[4459/6120] A-kem1024-fixed-prr0p85-rep10-seed200010-v1
[4460/6120] A-kem1024-fixed-prr0p85-rep10-seed200010-v2
[4461/6120] A-kem1024-fixed-prr0p85-rep11-seed200011-v1
[4462/6120] A-kem1024-fixed-prr0p85-rep11-seed200011-v2
[4463/6120] A-kem1024-fixed-prr0p85-rep12-seed200012-v1
[4464/6120] A-kem1024-fixed-prr0p85-rep12-seed200012-v2
[4465/6120] A-kem1024-fixed-prr0p85-rep13-seed200013-v1
[4466/6120] A-kem1024-fixed-prr0p85-rep13-seed200013-v2
[4467/6120] A-kem1024-fixed-prr0p85-rep14-seed200014-v1
[4468/6120] A-kem1024-fixed-prr0p85-rep14-seed200014-v2
[4469/6120] A-kem1024-fixed-prr0p85-rep15-seed200015-v1
[4470/6120] A-kem1024-fixed-prr0p85-rep15-seed200015-v2
[4471/6120] A-kem1024-fixed-prr0p85-rep16-seed200016-v1
[4472/6120] A-kem1024-fixed-prr0p85-rep16-seed200016-v2
[4473/6120] A-kem1024-fixed-prr0p85-rep17-seed200017-v1
[4474/6120] A-kem1024-fixed-prr0p85-rep17-seed200017-v2
[4475/6120] A-kem1024-fixed-prr0p85-rep18-seed200018-v1
[4476/6120] A-kem1024-fixed-prr0p85-rep18-seed200018-v2
[4477/6120] A-kem1024-fixed-prr0p85-rep19-seed200019-v1
[4478/6120] A-kem1024-fixed-prr0p85-rep19-seed200019-v2
[4479/6120] A-kem1024-fixed-prr0p85-rep20-seed200020-v1
[4480/6120] A-kem1024-fixed-prr0p85-rep20-seed200020-v2
[4481/6120] A-kem1024-fixed-prr0p85-rep21-seed200021-v1
[4482/6120] A-kem1024-fixed-prr0p85-rep21-seed200021-v2
[4483/6120] A-kem1024-fixed-prr0p85-rep22-seed200022-v1
[4484/6120] A-kem1024-fixed-prr0p85-rep22-seed200022-v2
[4485/6120] A-kem1024-fixed-prr0p85-rep23-seed200023-v1
[4486/6120] A-kem1024-fixed-prr0p85-rep23-seed200023-v2
[4487/6120] A-kem1024-fixed-prr0p85-rep24-seed200024-v1
[4488/6120] A-kem1024-fixed-prr0p85-rep24-seed200024-v2
[4489/6120] A-kem1024-fixed-prr0p85-rep25-seed200025-v1
[4490/6120] A-kem1024-fixed-prr0p85-rep25-seed200025-v2
[4491/6120] A-kem1024-fixed-prr0p85-rep26-seed200026-v1
[4492/6120] A-kem1024-fixed-prr0p85-rep26-seed200026-v2
[4493/6120] A-kem1024-fixed-prr0p85-rep27-seed200027-v1
[4494/6120] A-kem1024-fixed-prr0p85-rep27-seed200027-v2
[4495/6120] A-kem1024-fixed-prr0p85-rep28-seed200028-v1
[4496/6120] A-kem1024-fixed-prr0p85-rep28-seed200028-v2
[4497/6120] A-kem1024-fixed-prr0p85-rep29-seed200029-v1
[4498/6120] A-kem1024-fixed-prr0p85-rep29-seed200029-v2
[4499/6120] A-kem1024-fixed-prr0p85-rep30-seed200030-v1
[4500/6120] A-kem1024-fixed-prr0p85-rep30-seed200030-v2
[4501/6120] B-kem1024-fixed-prr0p85-loss1-rep01-seed200001-v3
[4502/6120] B-kem1024-fixed-prr0p85-loss1-rep01-seed200001-v4
[4503/6120] B-kem1024-fixed-prr0p85-loss1-rep02-seed200002-v3
[4504/6120] B-kem1024-fixed-prr0p85-loss1-rep02-seed200002-v4
[4505/6120] B-kem1024-fixed-prr0p85-loss1-rep03-seed200003-v3
[4506/6120] B-kem1024-fixed-prr0p85-loss1-rep03-seed200003-v4
[4507/6120] B-kem1024-fixed-prr0p85-loss1-rep04-seed200004-v3
[4508/6120] B-kem1024-fixed-prr0p85-loss1-rep04-seed200004-v4
[4509/6120] B-kem1024-fixed-prr0p85-loss1-rep05-seed200005-v3
[4510/6120] B-kem1024-fixed-prr0p85-loss1-rep05-seed200005-v4
[4511/6120] B-kem1024-fixed-prr0p85-loss1-rep06-seed200006-v3
[4512/6120] B-kem1024-fixed-prr0p85-loss1-rep06-seed200006-v4
[4513/6120] B-kem1024-fixed-prr0p85-loss1-rep07-seed200007-v3
[4514/6120] B-kem1024-fixed-prr0p85-loss1-rep07-seed200007-v4
[4515/6120] B-kem1024-fixed-prr0p85-loss1-rep08-seed200008-v3
[4516/6120] B-kem1024-fixed-prr0p85-loss1-rep08-seed200008-v4
[4517/6120] B-kem1024-fixed-prr0p85-loss1-rep09-seed200009-v3
[4518/6120] B-kem1024-fixed-prr0p85-loss1-rep09-seed200009-v4
[4519/6120] B-kem1024-fixed-prr0p85-loss1-rep10-seed200010-v3
[4520/6120] B-kem1024-fixed-prr0p85-loss1-rep10-seed200010-v4
[4521/6120] B-kem1024-fixed-prr0p85-loss1-rep11-seed200011-v3
[4522/6120] B-kem1024-fixed-prr0p85-loss1-rep11-seed200011-v4
[4523/6120] B-kem1024-fixed-prr0p85-loss1-rep12-seed200012-v3
[4524/6120] B-kem1024-fixed-prr0p85-loss1-rep12-seed200012-v4
[4525/6120] B-kem1024-fixed-prr0p85-loss1-rep13-seed200013-v3
[4526/6120] B-kem1024-fixed-prr0p85-loss1-rep13-seed200013-v4
[4527/6120] B-kem1024-fixed-prr0p85-loss1-rep14-seed200014-v3
[4528/6120] B-kem1024-fixed-prr0p85-loss1-rep14-seed200014-v4
[4529/6120] B-kem1024-fixed-prr0p85-loss1-rep15-seed200015-v3
[4530/6120] B-kem1024-fixed-prr0p85-loss1-rep15-seed200015-v4
[4531/6120] B-kem1024-fixed-prr0p85-loss1-rep16-seed200016-v3
[4532/6120] B-kem1024-fixed-prr0p85-loss1-rep16-seed200016-v4
[4533/6120] B-kem1024-fixed-prr0p85-loss1-rep17-seed200017-v3
[4534/6120] B-kem1024-fixed-prr0p85-loss1-rep17-seed200017-v4
[4535/6120] B-kem1024-fixed-prr0p85-loss1-rep18-seed200018-v3
[4536/6120] B-kem1024-fixed-prr0p85-loss1-rep18-seed200018-v4
[4537/6120] B-kem1024-fixed-prr0p85-loss1-rep19-seed200019-v3
[4538/6120] B-kem1024-fixed-prr0p85-loss1-rep19-seed200019-v4
[4539/6120] B-kem1024-fixed-prr0p85-loss1-rep20-seed200020-v3
[4540/6120] B-kem1024-fixed-prr0p85-loss1-rep20-seed200020-v4
[4541/6120] B-kem1024-fixed-prr0p85-loss1-rep21-seed200021-v3
[4542/6120] B-kem1024-fixed-prr0p85-loss1-rep21-seed200021-v4
[4543/6120] B-kem1024-fixed-prr0p85-loss1-rep22-seed200022-v3
[4544/6120] B-kem1024-fixed-prr0p85-loss1-rep22-seed200022-v4
[4545/6120] B-kem1024-fixed-prr0p85-loss1-rep23-seed200023-v3
[4546/6120] B-kem1024-fixed-prr0p85-loss1-rep23-seed200023-v4
[4547/6120] B-kem1024-fixed-prr0p85-loss1-rep24-seed200024-v3
[4548/6120] B-kem1024-fixed-prr0p85-loss1-rep24-seed200024-v4
[4549/6120] B-kem1024-fixed-prr0p85-loss1-rep25-seed200025-v3
[4550/6120] B-kem1024-fixed-prr0p85-loss1-rep25-seed200025-v4
[4551/6120] B-kem1024-fixed-prr0p85-loss1-rep26-seed200026-v3
[4552/6120] B-kem1024-fixed-prr0p85-loss1-rep26-seed200026-v4
[4553/6120] B-kem1024-fixed-prr0p85-loss1-rep27-seed200027-v3
[4554/6120] B-kem1024-fixed-prr0p85-loss1-rep27-seed200027-v4
[4555/6120] B-kem1024-fixed-prr0p85-loss1-rep28-seed200028-v3
[4556/6120] B-kem1024-fixed-prr0p85-loss1-rep28-seed200028-v4
[4557/6120] B-kem1024-fixed-prr0p85-loss1-rep29-seed200029-v3
[4558/6120] B-kem1024-fixed-prr0p85-loss1-rep29-seed200029-v4
[4559/6120] B-kem1024-fixed-prr0p85-loss1-rep30-seed200030-v3
[4560/6120] B-kem1024-fixed-prr0p85-loss1-rep30-seed200030-v4
[4561/6120] A-kem1024-fixed-prr0p50-rep01-seed200001-v1
[4562/6120] A-kem1024-fixed-prr0p50-rep01-seed200001-v2
[4563/6120] A-kem1024-fixed-prr0p50-rep02-seed200002-v1
[4564/6120] A-kem1024-fixed-prr0p50-rep02-seed200002-v2
[4565/6120] A-kem1024-fixed-prr0p50-rep03-seed200003-v1
[4566/6120] A-kem1024-fixed-prr0p50-rep03-seed200003-v2
[4567/6120] A-kem1024-fixed-prr0p50-rep04-seed200004-v1
[4568/6120] A-kem1024-fixed-prr0p50-rep04-seed200004-v2
[4569/6120] A-kem1024-fixed-prr0p50-rep05-seed200005-v1
[4570/6120] A-kem1024-fixed-prr0p50-rep05-seed200005-v2
[4571/6120] A-kem1024-fixed-prr0p50-rep06-seed200006-v1
[4572/6120] A-kem1024-fixed-prr0p50-rep06-seed200006-v2
[4573/6120] A-kem1024-fixed-prr0p50-rep07-seed200007-v1
[4574/6120] A-kem1024-fixed-prr0p50-rep07-seed200007-v2
[4575/6120] A-kem1024-fixed-prr0p50-rep08-seed200008-v1
[4576/6120] A-kem1024-fixed-prr0p50-rep08-seed200008-v2
[4577/6120] A-kem1024-fixed-prr0p50-rep09-seed200009-v1
[4578/6120] A-kem1024-fixed-prr0p50-rep09-seed200009-v2
[4579/6120] A-kem1024-fixed-prr0p50-rep10-seed200010-v1
[4580/6120] A-kem1024-fixed-prr0p50-rep10-seed200010-v2
[4581/6120] A-kem1024-fixed-prr0p50-rep11-seed200011-v1
[4582/6120] A-kem1024-fixed-prr0p50-rep11-seed200011-v2
[4583/6120] A-kem1024-fixed-prr0p50-rep12-seed200012-v1
[4584/6120] A-kem1024-fixed-prr0p50-rep12-seed200012-v2
[4585/6120] A-kem1024-fixed-prr0p50-rep13-seed200013-v1
[4586/6120] A-kem1024-fixed-prr0p50-rep13-seed200013-v2
[4587/6120] A-kem1024-fixed-prr0p50-rep14-seed200014-v1
[4588/6120] A-kem1024-fixed-prr0p50-rep14-seed200014-v2
[4589/6120] A-kem1024-fixed-prr0p50-rep15-seed200015-v1
[4590/6120] A-kem1024-fixed-prr0p50-rep15-seed200015-v2
[4591/6120] A-kem1024-fixed-prr0p50-rep16-seed200016-v1
[4592/6120] A-kem1024-fixed-prr0p50-rep16-seed200016-v2
[4593/6120] A-kem1024-fixed-prr0p50-rep17-seed200017-v1
[4594/6120] A-kem1024-fixed-prr0p50-rep17-seed200017-v2
[4595/6120] A-kem1024-fixed-prr0p50-rep18-seed200018-v1
[4596/6120] A-kem1024-fixed-prr0p50-rep18-seed200018-v2
[4597/6120] A-kem1024-fixed-prr0p50-rep19-seed200019-v1
[4598/6120] A-kem1024-fixed-prr0p50-rep19-seed200019-v2
[4599/6120] A-kem1024-fixed-prr0p50-rep20-seed200020-v1
[4600/6120] A-kem1024-fixed-prr0p50-rep20-seed200020-v2
[4601/6120] A-kem1024-fixed-prr0p50-rep21-seed200021-v1
[4602/6120] A-kem1024-fixed-prr0p50-rep21-seed200021-v2
[4603/6120] A-kem1024-fixed-prr0p50-rep22-seed200022-v1
[4604/6120] A-kem1024-fixed-prr0p50-rep22-seed200022-v2
[4605/6120] A-kem1024-fixed-prr0p50-rep23-seed200023-v1
[4606/6120] A-kem1024-fixed-prr0p50-rep23-seed200023-v2
[4607/6120] A-kem1024-fixed-prr0p50-rep24-seed200024-v1
[4608/6120] A-kem1024-fixed-prr0p50-rep24-seed200024-v2
[4609/6120] A-kem1024-fixed-prr0p50-rep25-seed200025-v1
[4610/6120] A-kem1024-fixed-prr0p50-rep25-seed200025-v2
[4611/6120] A-kem1024-fixed-prr0p50-rep26-seed200026-v1
[4612/6120] A-kem1024-fixed-prr0p50-rep26-seed200026-v2
[4613/6120] A-kem1024-fixed-prr0p50-rep27-seed200027-v1
[4614/6120] A-kem1024-fixed-prr0p50-rep27-seed200027-v2
[4615/6120] A-kem1024-fixed-prr0p50-rep28-seed200028-v1
[4616/6120] A-kem1024-fixed-prr0p50-rep28-seed200028-v2
[4617/6120] A-kem1024-fixed-prr0p50-rep29-seed200029-v1
[4618/6120] A-kem1024-fixed-prr0p50-rep29-seed200029-v2
[4619/6120] A-kem1024-fixed-prr0p50-rep30-seed200030-v1
[4620/6120] A-kem1024-fixed-prr0p50-rep30-seed200030-v2
[4621/6120] B-kem1024-fixed-prr0p50-loss1-rep01-seed200001-v3
[4622/6120] B-kem1024-fixed-prr0p50-loss1-rep01-seed200001-v4
[4623/6120] B-kem1024-fixed-prr0p50-loss1-rep02-seed200002-v3
[4624/6120] B-kem1024-fixed-prr0p50-loss1-rep02-seed200002-v4
[4625/6120] B-kem1024-fixed-prr0p50-loss1-rep03-seed200003-v3
[4626/6120] B-kem1024-fixed-prr0p50-loss1-rep03-seed200003-v4
[4627/6120] B-kem1024-fixed-prr0p50-loss1-rep04-seed200004-v3
[4628/6120] B-kem1024-fixed-prr0p50-loss1-rep04-seed200004-v4
[4629/6120] B-kem1024-fixed-prr0p50-loss1-rep05-seed200005-v3
[4630/6120] B-kem1024-fixed-prr0p50-loss1-rep05-seed200005-v4
[4631/6120] B-kem1024-fixed-prr0p50-loss1-rep06-seed200006-v3
[4632/6120] B-kem1024-fixed-prr0p50-loss1-rep06-seed200006-v4
[4633/6120] B-kem1024-fixed-prr0p50-loss1-rep07-seed200007-v3
[4634/6120] B-kem1024-fixed-prr0p50-loss1-rep07-seed200007-v4
[4635/6120] B-kem1024-fixed-prr0p50-loss1-rep08-seed200008-v3
[4636/6120] B-kem1024-fixed-prr0p50-loss1-rep08-seed200008-v4
[4637/6120] B-kem1024-fixed-prr0p50-loss1-rep09-seed200009-v3
[4638/6120] B-kem1024-fixed-prr0p50-loss1-rep09-seed200009-v4
[4639/6120] B-kem1024-fixed-prr0p50-loss1-rep10-seed200010-v3
[4640/6120] B-kem1024-fixed-prr0p50-loss1-rep10-seed200010-v4
[4641/6120] B-kem1024-fixed-prr0p50-loss1-rep11-seed200011-v3
[4642/6120] B-kem1024-fixed-prr0p50-loss1-rep11-seed200011-v4
[4643/6120] B-kem1024-fixed-prr0p50-loss1-rep12-seed200012-v3
[4644/6120] B-kem1024-fixed-prr0p50-loss1-rep12-seed200012-v4
[4645/6120] B-kem1024-fixed-prr0p50-loss1-rep13-seed200013-v3
[4646/6120] B-kem1024-fixed-prr0p50-loss1-rep13-seed200013-v4
[4647/6120] B-kem1024-fixed-prr0p50-loss1-rep14-seed200014-v3
[4648/6120] B-kem1024-fixed-prr0p50-loss1-rep14-seed200014-v4
[4649/6120] B-kem1024-fixed-prr0p50-loss1-rep15-seed200015-v3
[4650/6120] B-kem1024-fixed-prr0p50-loss1-rep15-seed200015-v4
[4651/6120] B-kem1024-fixed-prr0p50-loss1-rep16-seed200016-v3
[4652/6120] B-kem1024-fixed-prr0p50-loss1-rep16-seed200016-v4
[4653/6120] B-kem1024-fixed-prr0p50-loss1-rep17-seed200017-v3
[4654/6120] B-kem1024-fixed-prr0p50-loss1-rep17-seed200017-v4
[4655/6120] B-kem1024-fixed-prr0p50-loss1-rep18-seed200018-v3
[4656/6120] B-kem1024-fixed-prr0p50-loss1-rep18-seed200018-v4
[4657/6120] B-kem1024-fixed-prr0p50-loss1-rep19-seed200019-v3
[4658/6120] B-kem1024-fixed-prr0p50-loss1-rep19-seed200019-v4
[4659/6120] B-kem1024-fixed-prr0p50-loss1-rep20-seed200020-v3
[4660/6120] B-kem1024-fixed-prr0p50-loss1-rep20-seed200020-v4
[4661/6120] B-kem1024-fixed-prr0p50-loss1-rep21-seed200021-v3
[4662/6120] B-kem1024-fixed-prr0p50-loss1-rep21-seed200021-v4
[4663/6120] B-kem1024-fixed-prr0p50-loss1-rep22-seed200022-v3
[4664/6120] B-kem1024-fixed-prr0p50-loss1-rep22-seed200022-v4
[4665/6120] B-kem1024-fixed-prr0p50-loss1-rep23-seed200023-v3
[4666/6120] B-kem1024-fixed-prr0p50-loss1-rep23-seed200023-v4
[4667/6120] B-kem1024-fixed-prr0p50-loss1-rep24-seed200024-v3
[4668/6120] B-kem1024-fixed-prr0p50-loss1-rep24-seed200024-v4
[4669/6120] B-kem1024-fixed-prr0p50-loss1-rep25-seed200025-v3
[4670/6120] B-kem1024-fixed-prr0p50-loss1-rep25-seed200025-v4
[4671/6120] B-kem1024-fixed-prr0p50-loss1-rep26-seed200026-v3
[4672/6120] B-kem1024-fixed-prr0p50-loss1-rep26-seed200026-v4
[4673/6120] B-kem1024-fixed-prr0p50-loss1-rep27-seed200027-v3
[4674/6120] B-kem1024-fixed-prr0p50-loss1-rep27-seed200027-v4
[4675/6120] B-kem1024-fixed-prr0p50-loss1-rep28-seed200028-v3
[4676/6120] B-kem1024-fixed-prr0p50-loss1-rep28-seed200028-v4
[4677/6120] B-kem1024-fixed-prr0p50-loss1-rep29-seed200029-v3
[4678/6120] B-kem1024-fixed-prr0p50-loss1-rep29-seed200029-v4
[4679/6120] B-kem1024-fixed-prr0p50-loss1-rep30-seed200030-v3
[4680/6120] B-kem1024-fixed-prr0p50-loss1-rep30-seed200030-v4
[4681/6120] A-kem1024-gilbert-prr0p95-L2-rep01-seed200001-v1
[4682/6120] A-kem1024-gilbert-prr0p95-L2-rep01-seed200001-v2
[4683/6120] A-kem1024-gilbert-prr0p95-L2-rep02-seed200002-v1
[4684/6120] A-kem1024-gilbert-prr0p95-L2-rep02-seed200002-v2
[4685/6120] A-kem1024-gilbert-prr0p95-L2-rep03-seed200003-v1
[4686/6120] A-kem1024-gilbert-prr0p95-L2-rep03-seed200003-v2
[4687/6120] A-kem1024-gilbert-prr0p95-L2-rep04-seed200004-v1
[4688/6120] A-kem1024-gilbert-prr0p95-L2-rep04-seed200004-v2
[4689/6120] A-kem1024-gilbert-prr0p95-L2-rep05-seed200005-v1
[4690/6120] A-kem1024-gilbert-prr0p95-L2-rep05-seed200005-v2
[4691/6120] A-kem1024-gilbert-prr0p95-L2-rep06-seed200006-v1
[4692/6120] A-kem1024-gilbert-prr0p95-L2-rep06-seed200006-v2
[4693/6120] A-kem1024-gilbert-prr0p95-L2-rep07-seed200007-v1
[4694/6120] A-kem1024-gilbert-prr0p95-L2-rep07-seed200007-v2
[4695/6120] A-kem1024-gilbert-prr0p95-L2-rep08-seed200008-v1
[4696/6120] A-kem1024-gilbert-prr0p95-L2-rep08-seed200008-v2
[4697/6120] A-kem1024-gilbert-prr0p95-L2-rep09-seed200009-v1
[4698/6120] A-kem1024-gilbert-prr0p95-L2-rep09-seed200009-v2
[4699/6120] A-kem1024-gilbert-prr0p95-L2-rep10-seed200010-v1
[4700/6120] A-kem1024-gilbert-prr0p95-L2-rep10-seed200010-v2
[4701/6120] A-kem1024-gilbert-prr0p95-L2-rep11-seed200011-v1
[4702/6120] A-kem1024-gilbert-prr0p95-L2-rep11-seed200011-v2
[4703/6120] A-kem1024-gilbert-prr0p95-L2-rep12-seed200012-v1
[4704/6120] A-kem1024-gilbert-prr0p95-L2-rep12-seed200012-v2
[4705/6120] A-kem1024-gilbert-prr0p95-L2-rep13-seed200013-v1
[4706/6120] A-kem1024-gilbert-prr0p95-L2-rep13-seed200013-v2
[4707/6120] A-kem1024-gilbert-prr0p95-L2-rep14-seed200014-v1
[4708/6120] A-kem1024-gilbert-prr0p95-L2-rep14-seed200014-v2
[4709/6120] A-kem1024-gilbert-prr0p95-L2-rep15-seed200015-v1
[4710/6120] A-kem1024-gilbert-prr0p95-L2-rep15-seed200015-v2
[4711/6120] A-kem1024-gilbert-prr0p95-L2-rep16-seed200016-v1
[4712/6120] A-kem1024-gilbert-prr0p95-L2-rep16-seed200016-v2
[4713/6120] A-kem1024-gilbert-prr0p95-L2-rep17-seed200017-v1
[4714/6120] A-kem1024-gilbert-prr0p95-L2-rep17-seed200017-v2
[4715/6120] A-kem1024-gilbert-prr0p95-L2-rep18-seed200018-v1
[4716/6120] A-kem1024-gilbert-prr0p95-L2-rep18-seed200018-v2
[4717/6120] A-kem1024-gilbert-prr0p95-L2-rep19-seed200019-v1
[4718/6120] A-kem1024-gilbert-prr0p95-L2-rep19-seed200019-v2
[4719/6120] A-kem1024-gilbert-prr0p95-L2-rep20-seed200020-v1
[4720/6120] A-kem1024-gilbert-prr0p95-L2-rep20-seed200020-v2
[4721/6120] A-kem1024-gilbert-prr0p95-L2-rep21-seed200021-v1
[4722/6120] A-kem1024-gilbert-prr0p95-L2-rep21-seed200021-v2
[4723/6120] A-kem1024-gilbert-prr0p95-L2-rep22-seed200022-v1
[4724/6120] A-kem1024-gilbert-prr0p95-L2-rep22-seed200022-v2
[4725/6120] A-kem1024-gilbert-prr0p95-L2-rep23-seed200023-v1
[4726/6120] A-kem1024-gilbert-prr0p95-L2-rep23-seed200023-v2
[4727/6120] A-kem1024-gilbert-prr0p95-L2-rep24-seed200024-v1
[4728/6120] A-kem1024-gilbert-prr0p95-L2-rep24-seed200024-v2
[4729/6120] A-kem1024-gilbert-prr0p95-L2-rep25-seed200025-v1
[4730/6120] A-kem1024-gilbert-prr0p95-L2-rep25-seed200025-v2
[4731/6120] A-kem1024-gilbert-prr0p95-L2-rep26-seed200026-v1
[4732/6120] A-kem1024-gilbert-prr0p95-L2-rep26-seed200026-v2
[4733/6120] A-kem1024-gilbert-prr0p95-L2-rep27-seed200027-v1
[4734/6120] A-kem1024-gilbert-prr0p95-L2-rep27-seed200027-v2
[4735/6120] A-kem1024-gilbert-prr0p95-L2-rep28-seed200028-v1
[4736/6120] A-kem1024-gilbert-prr0p95-L2-rep28-seed200028-v2
[4737/6120] A-kem1024-gilbert-prr0p95-L2-rep29-seed200029-v1
[4738/6120] A-kem1024-gilbert-prr0p95-L2-rep29-seed200029-v2
[4739/6120] A-kem1024-gilbert-prr0p95-L2-rep30-seed200030-v1
[4740/6120] A-kem1024-gilbert-prr0p95-L2-rep30-seed200030-v2
[4741/6120] B-kem1024-gilbert-prr0p95-L2-loss1-rep01-seed200001-v3
[4742/6120] B-kem1024-gilbert-prr0p95-L2-loss1-rep01-seed200001-v4
[4743/6120] B-kem1024-gilbert-prr0p95-L2-loss1-rep02-seed200002-v3
[4744/6120] B-kem1024-gilbert-prr0p95-L2-loss1-rep02-seed200002-v4
[4745/6120] B-kem1024-gilbert-prr0p95-L2-loss1-rep03-seed200003-v3
[4746/6120] B-kem1024-gilbert-prr0p95-L2-loss1-rep03-seed200003-v4
[4747/6120] B-kem1024-gilbert-prr0p95-L2-loss1-rep04-seed200004-v3
[4748/6120] B-kem1024-gilbert-prr0p95-L2-loss1-rep04-seed200004-v4
[4749/6120] B-kem1024-gilbert-prr0p95-L2-loss1-rep05-seed200005-v3
[4750/6120] B-kem1024-gilbert-prr0p95-L2-loss1-rep05-seed200005-v4
[4751/6120] B-kem1024-gilbert-prr0p95-L2-loss1-rep06-seed200006-v3
[4752/6120] B-kem1024-gilbert-prr0p95-L2-loss1-rep06-seed200006-v4
[4753/6120] B-kem1024-gilbert-prr0p95-L2-loss1-rep07-seed200007-v3
[4754/6120] B-kem1024-gilbert-prr0p95-L2-loss1-rep07-seed200007-v4
[4755/6120] B-kem1024-gilbert-prr0p95-L2-loss1-rep08-seed200008-v3
[4756/6120] B-kem1024-gilbert-prr0p95-L2-loss1-rep08-seed200008-v4
[4757/6120] B-kem1024-gilbert-prr0p95-L2-loss1-rep09-seed200009-v3
[4758/6120] B-kem1024-gilbert-prr0p95-L2-loss1-rep09-seed200009-v4
[4759/6120] B-kem1024-gilbert-prr0p95-L2-loss1-rep10-seed200010-v3
[4760/6120] B-kem1024-gilbert-prr0p95-L2-loss1-rep10-seed200010-v4
[4761/6120] B-kem1024-gilbert-prr0p95-L2-loss1-rep11-seed200011-v3
[4762/6120] B-kem1024-gilbert-prr0p95-L2-loss1-rep11-seed200011-v4
[4763/6120] B-kem1024-gilbert-prr0p95-L2-loss1-rep12-seed200012-v3
[4764/6120] B-kem1024-gilbert-prr0p95-L2-loss1-rep12-seed200012-v4
[4765/6120] B-kem1024-gilbert-prr0p95-L2-loss1-rep13-seed200013-v3
[4766/6120] B-kem1024-gilbert-prr0p95-L2-loss1-rep13-seed200013-v4
[4767/6120] B-kem1024-gilbert-prr0p95-L2-loss1-rep14-seed200014-v3
[4768/6120] B-kem1024-gilbert-prr0p95-L2-loss1-rep14-seed200014-v4
[4769/6120] B-kem1024-gilbert-prr0p95-L2-loss1-rep15-seed200015-v3
[4770/6120] B-kem1024-gilbert-prr0p95-L2-loss1-rep15-seed200015-v4
[4771/6120] B-kem1024-gilbert-prr0p95-L2-loss1-rep16-seed200016-v3
[4772/6120] B-kem1024-gilbert-prr0p95-L2-loss1-rep16-seed200016-v4
[4773/6120] B-kem1024-gilbert-prr0p95-L2-loss1-rep17-seed200017-v3
[4774/6120] B-kem1024-gilbert-prr0p95-L2-loss1-rep17-seed200017-v4
[4775/6120] B-kem1024-gilbert-prr0p95-L2-loss1-rep18-seed200018-v3
[4776/6120] B-kem1024-gilbert-prr0p95-L2-loss1-rep18-seed200018-v4
[4777/6120] B-kem1024-gilbert-prr0p95-L2-loss1-rep19-seed200019-v3
[4778/6120] B-kem1024-gilbert-prr0p95-L2-loss1-rep19-seed200019-v4
[4779/6120] B-kem1024-gilbert-prr0p95-L2-loss1-rep20-seed200020-v3
[4780/6120] B-kem1024-gilbert-prr0p95-L2-loss1-rep20-seed200020-v4
[4781/6120] B-kem1024-gilbert-prr0p95-L2-loss1-rep21-seed200021-v3
[4782/6120] B-kem1024-gilbert-prr0p95-L2-loss1-rep21-seed200021-v4
[4783/6120] B-kem1024-gilbert-prr0p95-L2-loss1-rep22-seed200022-v3
[4784/6120] B-kem1024-gilbert-prr0p95-L2-loss1-rep22-seed200022-v4
[4785/6120] B-kem1024-gilbert-prr0p95-L2-loss1-rep23-seed200023-v3
[4786/6120] B-kem1024-gilbert-prr0p95-L2-loss1-rep23-seed200023-v4
[4787/6120] B-kem1024-gilbert-prr0p95-L2-loss1-rep24-seed200024-v3
[4788/6120] B-kem1024-gilbert-prr0p95-L2-loss1-rep24-seed200024-v4
[4789/6120] B-kem1024-gilbert-prr0p95-L2-loss1-rep25-seed200025-v3
[4790/6120] B-kem1024-gilbert-prr0p95-L2-loss1-rep25-seed200025-v4
[4791/6120] B-kem1024-gilbert-prr0p95-L2-loss1-rep26-seed200026-v3
[4792/6120] B-kem1024-gilbert-prr0p95-L2-loss1-rep26-seed200026-v4
[4793/6120] B-kem1024-gilbert-prr0p95-L2-loss1-rep27-seed200027-v3
[4794/6120] B-kem1024-gilbert-prr0p95-L2-loss1-rep27-seed200027-v4
[4795/6120] B-kem1024-gilbert-prr0p95-L2-loss1-rep28-seed200028-v3
[4796/6120] B-kem1024-gilbert-prr0p95-L2-loss1-rep28-seed200028-v4
[4797/6120] B-kem1024-gilbert-prr0p95-L2-loss1-rep29-seed200029-v3
[4798/6120] B-kem1024-gilbert-prr0p95-L2-loss1-rep29-seed200029-v4
[4799/6120] B-kem1024-gilbert-prr0p95-L2-loss1-rep30-seed200030-v3
[4800/6120] B-kem1024-gilbert-prr0p95-L2-loss1-rep30-seed200030-v4
[4801/6120] A-kem1024-gilbert-prr0p95-L5-rep01-seed200001-v1
[4802/6120] A-kem1024-gilbert-prr0p95-L5-rep01-seed200001-v2
[4803/6120] A-kem1024-gilbert-prr0p95-L5-rep02-seed200002-v1
[4804/6120] A-kem1024-gilbert-prr0p95-L5-rep02-seed200002-v2
[4805/6120] A-kem1024-gilbert-prr0p95-L5-rep03-seed200003-v1
[4806/6120] A-kem1024-gilbert-prr0p95-L5-rep03-seed200003-v2
[4807/6120] A-kem1024-gilbert-prr0p95-L5-rep04-seed200004-v1
[4808/6120] A-kem1024-gilbert-prr0p95-L5-rep04-seed200004-v2
[4809/6120] A-kem1024-gilbert-prr0p95-L5-rep05-seed200005-v1
[4810/6120] A-kem1024-gilbert-prr0p95-L5-rep05-seed200005-v2
[4811/6120] A-kem1024-gilbert-prr0p95-L5-rep06-seed200006-v1
[4812/6120] A-kem1024-gilbert-prr0p95-L5-rep06-seed200006-v2
[4813/6120] A-kem1024-gilbert-prr0p95-L5-rep07-seed200007-v1
[4814/6120] A-kem1024-gilbert-prr0p95-L5-rep07-seed200007-v2
[4815/6120] A-kem1024-gilbert-prr0p95-L5-rep08-seed200008-v1
[4816/6120] A-kem1024-gilbert-prr0p95-L5-rep08-seed200008-v2
[4817/6120] A-kem1024-gilbert-prr0p95-L5-rep09-seed200009-v1
[4818/6120] A-kem1024-gilbert-prr0p95-L5-rep09-seed200009-v2
[4819/6120] A-kem1024-gilbert-prr0p95-L5-rep10-seed200010-v1
[4820/6120] A-kem1024-gilbert-prr0p95-L5-rep10-seed200010-v2
[4821/6120] A-kem1024-gilbert-prr0p95-L5-rep11-seed200011-v1
[4822/6120] A-kem1024-gilbert-prr0p95-L5-rep11-seed200011-v2
[4823/6120] A-kem1024-gilbert-prr0p95-L5-rep12-seed200012-v1
[4824/6120] A-kem1024-gilbert-prr0p95-L5-rep12-seed200012-v2
[4825/6120] A-kem1024-gilbert-prr0p95-L5-rep13-seed200013-v1
[4826/6120] A-kem1024-gilbert-prr0p95-L5-rep13-seed200013-v2
[4827/6120] A-kem1024-gilbert-prr0p95-L5-rep14-seed200014-v1
[4828/6120] A-kem1024-gilbert-prr0p95-L5-rep14-seed200014-v2
[4829/6120] A-kem1024-gilbert-prr0p95-L5-rep15-seed200015-v1
[4830/6120] A-kem1024-gilbert-prr0p95-L5-rep15-seed200015-v2
[4831/6120] A-kem1024-gilbert-prr0p95-L5-rep16-seed200016-v1
[4832/6120] A-kem1024-gilbert-prr0p95-L5-rep16-seed200016-v2
[4833/6120] A-kem1024-gilbert-prr0p95-L5-rep17-seed200017-v1
[4834/6120] A-kem1024-gilbert-prr0p95-L5-rep17-seed200017-v2
[4835/6120] A-kem1024-gilbert-prr0p95-L5-rep18-seed200018-v1
[4836/6120] A-kem1024-gilbert-prr0p95-L5-rep18-seed200018-v2
[4837/6120] A-kem1024-gilbert-prr0p95-L5-rep19-seed200019-v1
[4838/6120] A-kem1024-gilbert-prr0p95-L5-rep19-seed200019-v2
[4839/6120] A-kem1024-gilbert-prr0p95-L5-rep20-seed200020-v1
[4840/6120] A-kem1024-gilbert-prr0p95-L5-rep20-seed200020-v2
[4841/6120] A-kem1024-gilbert-prr0p95-L5-rep21-seed200021-v1
[4842/6120] A-kem1024-gilbert-prr0p95-L5-rep21-seed200021-v2
[4843/6120] A-kem1024-gilbert-prr0p95-L5-rep22-seed200022-v1
[4844/6120] A-kem1024-gilbert-prr0p95-L5-rep22-seed200022-v2
[4845/6120] A-kem1024-gilbert-prr0p95-L5-rep23-seed200023-v1
[4846/6120] A-kem1024-gilbert-prr0p95-L5-rep23-seed200023-v2
[4847/6120] A-kem1024-gilbert-prr0p95-L5-rep24-seed200024-v1
[4848/6120] A-kem1024-gilbert-prr0p95-L5-rep24-seed200024-v2
[4849/6120] A-kem1024-gilbert-prr0p95-L5-rep25-seed200025-v1
[4850/6120] A-kem1024-gilbert-prr0p95-L5-rep25-seed200025-v2
[4851/6120] A-kem1024-gilbert-prr0p95-L5-rep26-seed200026-v1
[4852/6120] A-kem1024-gilbert-prr0p95-L5-rep26-seed200026-v2
[4853/6120] A-kem1024-gilbert-prr0p95-L5-rep27-seed200027-v1
[4854/6120] A-kem1024-gilbert-prr0p95-L5-rep27-seed200027-v2
[4855/6120] A-kem1024-gilbert-prr0p95-L5-rep28-seed200028-v1
[4856/6120] A-kem1024-gilbert-prr0p95-L5-rep28-seed200028-v2
[4857/6120] A-kem1024-gilbert-prr0p95-L5-rep29-seed200029-v1
[4858/6120] A-kem1024-gilbert-prr0p95-L5-rep29-seed200029-v2
[4859/6120] A-kem1024-gilbert-prr0p95-L5-rep30-seed200030-v1
[4860/6120] A-kem1024-gilbert-prr0p95-L5-rep30-seed200030-v2
[4861/6120] B-kem1024-gilbert-prr0p95-L5-loss1-rep01-seed200001-v3
[4862/6120] B-kem1024-gilbert-prr0p95-L5-loss1-rep01-seed200001-v4
[4863/6120] B-kem1024-gilbert-prr0p95-L5-loss1-rep02-seed200002-v3
[4864/6120] B-kem1024-gilbert-prr0p95-L5-loss1-rep02-seed200002-v4
[4865/6120] B-kem1024-gilbert-prr0p95-L5-loss1-rep03-seed200003-v3
[4866/6120] B-kem1024-gilbert-prr0p95-L5-loss1-rep03-seed200003-v4
[4867/6120] B-kem1024-gilbert-prr0p95-L5-loss1-rep04-seed200004-v3
[4868/6120] B-kem1024-gilbert-prr0p95-L5-loss1-rep04-seed200004-v4
[4869/6120] B-kem1024-gilbert-prr0p95-L5-loss1-rep05-seed200005-v3
[4870/6120] B-kem1024-gilbert-prr0p95-L5-loss1-rep05-seed200005-v4
[4871/6120] B-kem1024-gilbert-prr0p95-L5-loss1-rep06-seed200006-v3
[4872/6120] B-kem1024-gilbert-prr0p95-L5-loss1-rep06-seed200006-v4
[4873/6120] B-kem1024-gilbert-prr0p95-L5-loss1-rep07-seed200007-v3
[4874/6120] B-kem1024-gilbert-prr0p95-L5-loss1-rep07-seed200007-v4
[4875/6120] B-kem1024-gilbert-prr0p95-L5-loss1-rep08-seed200008-v3
[4876/6120] B-kem1024-gilbert-prr0p95-L5-loss1-rep08-seed200008-v4
[4877/6120] B-kem1024-gilbert-prr0p95-L5-loss1-rep09-seed200009-v3
[4878/6120] B-kem1024-gilbert-prr0p95-L5-loss1-rep09-seed200009-v4
[4879/6120] B-kem1024-gilbert-prr0p95-L5-loss1-rep10-seed200010-v3
[4880/6120] B-kem1024-gilbert-prr0p95-L5-loss1-rep10-seed200010-v4
[4881/6120] B-kem1024-gilbert-prr0p95-L5-loss1-rep11-seed200011-v3
[4882/6120] B-kem1024-gilbert-prr0p95-L5-loss1-rep11-seed200011-v4
[4883/6120] B-kem1024-gilbert-prr0p95-L5-loss1-rep12-seed200012-v3
[4884/6120] B-kem1024-gilbert-prr0p95-L5-loss1-rep12-seed200012-v4
[4885/6120] B-kem1024-gilbert-prr0p95-L5-loss1-rep13-seed200013-v3
[4886/6120] B-kem1024-gilbert-prr0p95-L5-loss1-rep13-seed200013-v4
[4887/6120] B-kem1024-gilbert-prr0p95-L5-loss1-rep14-seed200014-v3
[4888/6120] B-kem1024-gilbert-prr0p95-L5-loss1-rep14-seed200014-v4
[4889/6120] B-kem1024-gilbert-prr0p95-L5-loss1-rep15-seed200015-v3
[4890/6120] B-kem1024-gilbert-prr0p95-L5-loss1-rep15-seed200015-v4
[4891/6120] B-kem1024-gilbert-prr0p95-L5-loss1-rep16-seed200016-v3
[4892/6120] B-kem1024-gilbert-prr0p95-L5-loss1-rep16-seed200016-v4
[4893/6120] B-kem1024-gilbert-prr0p95-L5-loss1-rep17-seed200017-v3
[4894/6120] B-kem1024-gilbert-prr0p95-L5-loss1-rep17-seed200017-v4
[4895/6120] B-kem1024-gilbert-prr0p95-L5-loss1-rep18-seed200018-v3
[4896/6120] B-kem1024-gilbert-prr0p95-L5-loss1-rep18-seed200018-v4
[4897/6120] B-kem1024-gilbert-prr0p95-L5-loss1-rep19-seed200019-v3
[4898/6120] B-kem1024-gilbert-prr0p95-L5-loss1-rep19-seed200019-v4
[4899/6120] B-kem1024-gilbert-prr0p95-L5-loss1-rep20-seed200020-v3
[4900/6120] B-kem1024-gilbert-prr0p95-L5-loss1-rep20-seed200020-v4
[4901/6120] B-kem1024-gilbert-prr0p95-L5-loss1-rep21-seed200021-v3
[4902/6120] B-kem1024-gilbert-prr0p95-L5-loss1-rep21-seed200021-v4
[4903/6120] B-kem1024-gilbert-prr0p95-L5-loss1-rep22-seed200022-v3
[4904/6120] B-kem1024-gilbert-prr0p95-L5-loss1-rep22-seed200022-v4
[4905/6120] B-kem1024-gilbert-prr0p95-L5-loss1-rep23-seed200023-v3
[4906/6120] B-kem1024-gilbert-prr0p95-L5-loss1-rep23-seed200023-v4
[4907/6120] B-kem1024-gilbert-prr0p95-L5-loss1-rep24-seed200024-v3
[4908/6120] B-kem1024-gilbert-prr0p95-L5-loss1-rep24-seed200024-v4
[4909/6120] B-kem1024-gilbert-prr0p95-L5-loss1-rep25-seed200025-v3
[4910/6120] B-kem1024-gilbert-prr0p95-L5-loss1-rep25-seed200025-v4
[4911/6120] B-kem1024-gilbert-prr0p95-L5-loss1-rep26-seed200026-v3
[4912/6120] B-kem1024-gilbert-prr0p95-L5-loss1-rep26-seed200026-v4
[4913/6120] B-kem1024-gilbert-prr0p95-L5-loss1-rep27-seed200027-v3
[4914/6120] B-kem1024-gilbert-prr0p95-L5-loss1-rep27-seed200027-v4
[4915/6120] B-kem1024-gilbert-prr0p95-L5-loss1-rep28-seed200028-v3
[4916/6120] B-kem1024-gilbert-prr0p95-L5-loss1-rep28-seed200028-v4
[4917/6120] B-kem1024-gilbert-prr0p95-L5-loss1-rep29-seed200029-v3
[4918/6120] B-kem1024-gilbert-prr0p95-L5-loss1-rep29-seed200029-v4
[4919/6120] B-kem1024-gilbert-prr0p95-L5-loss1-rep30-seed200030-v3
[4920/6120] B-kem1024-gilbert-prr0p95-L5-loss1-rep30-seed200030-v4
[4921/6120] A-kem1024-gilbert-prr0p95-L10-rep01-seed200001-v1
[4922/6120] A-kem1024-gilbert-prr0p95-L10-rep01-seed200001-v2
[4923/6120] A-kem1024-gilbert-prr0p95-L10-rep02-seed200002-v1
[4924/6120] A-kem1024-gilbert-prr0p95-L10-rep02-seed200002-v2
[4925/6120] A-kem1024-gilbert-prr0p95-L10-rep03-seed200003-v1
[4926/6120] A-kem1024-gilbert-prr0p95-L10-rep03-seed200003-v2
[4927/6120] A-kem1024-gilbert-prr0p95-L10-rep04-seed200004-v1
[4928/6120] A-kem1024-gilbert-prr0p95-L10-rep04-seed200004-v2
[4929/6120] A-kem1024-gilbert-prr0p95-L10-rep05-seed200005-v1
[4930/6120] A-kem1024-gilbert-prr0p95-L10-rep05-seed200005-v2
[4931/6120] A-kem1024-gilbert-prr0p95-L10-rep06-seed200006-v1
[4932/6120] A-kem1024-gilbert-prr0p95-L10-rep06-seed200006-v2
[4933/6120] A-kem1024-gilbert-prr0p95-L10-rep07-seed200007-v1
[4934/6120] A-kem1024-gilbert-prr0p95-L10-rep07-seed200007-v2
[4935/6120] A-kem1024-gilbert-prr0p95-L10-rep08-seed200008-v1
[4936/6120] A-kem1024-gilbert-prr0p95-L10-rep08-seed200008-v2
[4937/6120] A-kem1024-gilbert-prr0p95-L10-rep09-seed200009-v1
[4938/6120] A-kem1024-gilbert-prr0p95-L10-rep09-seed200009-v2
[4939/6120] A-kem1024-gilbert-prr0p95-L10-rep10-seed200010-v1
[4940/6120] A-kem1024-gilbert-prr0p95-L10-rep10-seed200010-v2
[4941/6120] A-kem1024-gilbert-prr0p95-L10-rep11-seed200011-v1
[4942/6120] A-kem1024-gilbert-prr0p95-L10-rep11-seed200011-v2
[4943/6120] A-kem1024-gilbert-prr0p95-L10-rep12-seed200012-v1
[4944/6120] A-kem1024-gilbert-prr0p95-L10-rep12-seed200012-v2
[4945/6120] A-kem1024-gilbert-prr0p95-L10-rep13-seed200013-v1
[4946/6120] A-kem1024-gilbert-prr0p95-L10-rep13-seed200013-v2
[4947/6120] A-kem1024-gilbert-prr0p95-L10-rep14-seed200014-v1
[4948/6120] A-kem1024-gilbert-prr0p95-L10-rep14-seed200014-v2
[4949/6120] A-kem1024-gilbert-prr0p95-L10-rep15-seed200015-v1
[4950/6120] A-kem1024-gilbert-prr0p95-L10-rep15-seed200015-v2
[4951/6120] A-kem1024-gilbert-prr0p95-L10-rep16-seed200016-v1
[4952/6120] A-kem1024-gilbert-prr0p95-L10-rep16-seed200016-v2
[4953/6120] A-kem1024-gilbert-prr0p95-L10-rep17-seed200017-v1
[4954/6120] A-kem1024-gilbert-prr0p95-L10-rep17-seed200017-v2
[4955/6120] A-kem1024-gilbert-prr0p95-L10-rep18-seed200018-v1
[4956/6120] A-kem1024-gilbert-prr0p95-L10-rep18-seed200018-v2
[4957/6120] A-kem1024-gilbert-prr0p95-L10-rep19-seed200019-v1
[4958/6120] A-kem1024-gilbert-prr0p95-L10-rep19-seed200019-v2
[4959/6120] A-kem1024-gilbert-prr0p95-L10-rep20-seed200020-v1
[4960/6120] A-kem1024-gilbert-prr0p95-L10-rep20-seed200020-v2
[4961/6120] A-kem1024-gilbert-prr0p95-L10-rep21-seed200021-v1
[4962/6120] A-kem1024-gilbert-prr0p95-L10-rep21-seed200021-v2
[4963/6120] A-kem1024-gilbert-prr0p95-L10-rep22-seed200022-v1
[4964/6120] A-kem1024-gilbert-prr0p95-L10-rep22-seed200022-v2
[4965/6120] A-kem1024-gilbert-prr0p95-L10-rep23-seed200023-v1
[4966/6120] A-kem1024-gilbert-prr0p95-L10-rep23-seed200023-v2
[4967/6120] A-kem1024-gilbert-prr0p95-L10-rep24-seed200024-v1
[4968/6120] A-kem1024-gilbert-prr0p95-L10-rep24-seed200024-v2
[4969/6120] A-kem1024-gilbert-prr0p95-L10-rep25-seed200025-v1
[4970/6120] A-kem1024-gilbert-prr0p95-L10-rep25-seed200025-v2
[4971/6120] A-kem1024-gilbert-prr0p95-L10-rep26-seed200026-v1
[4972/6120] A-kem1024-gilbert-prr0p95-L10-rep26-seed200026-v2
[4973/6120] A-kem1024-gilbert-prr0p95-L10-rep27-seed200027-v1
[4974/6120] A-kem1024-gilbert-prr0p95-L10-rep27-seed200027-v2
[4975/6120] A-kem1024-gilbert-prr0p95-L10-rep28-seed200028-v1
[4976/6120] A-kem1024-gilbert-prr0p95-L10-rep28-seed200028-v2
[4977/6120] A-kem1024-gilbert-prr0p95-L10-rep29-seed200029-v1
[4978/6120] A-kem1024-gilbert-prr0p95-L10-rep29-seed200029-v2
[4979/6120] A-kem1024-gilbert-prr0p95-L10-rep30-seed200030-v1
[4980/6120] A-kem1024-gilbert-prr0p95-L10-rep30-seed200030-v2
[4981/6120] B-kem1024-gilbert-prr0p95-L10-loss1-rep01-seed200001-v3
[4982/6120] B-kem1024-gilbert-prr0p95-L10-loss1-rep01-seed200001-v4
[4983/6120] B-kem1024-gilbert-prr0p95-L10-loss1-rep02-seed200002-v3
[4984/6120] B-kem1024-gilbert-prr0p95-L10-loss1-rep02-seed200002-v4
[4985/6120] B-kem1024-gilbert-prr0p95-L10-loss1-rep03-seed200003-v3
[4986/6120] B-kem1024-gilbert-prr0p95-L10-loss1-rep03-seed200003-v4
[4987/6120] B-kem1024-gilbert-prr0p95-L10-loss1-rep04-seed200004-v3
[4988/6120] B-kem1024-gilbert-prr0p95-L10-loss1-rep04-seed200004-v4
[4989/6120] B-kem1024-gilbert-prr0p95-L10-loss1-rep05-seed200005-v3
[4990/6120] B-kem1024-gilbert-prr0p95-L10-loss1-rep05-seed200005-v4
[4991/6120] B-kem1024-gilbert-prr0p95-L10-loss1-rep06-seed200006-v3
[4992/6120] B-kem1024-gilbert-prr0p95-L10-loss1-rep06-seed200006-v4
[4993/6120] B-kem1024-gilbert-prr0p95-L10-loss1-rep07-seed200007-v3
[4994/6120] B-kem1024-gilbert-prr0p95-L10-loss1-rep07-seed200007-v4
[4995/6120] B-kem1024-gilbert-prr0p95-L10-loss1-rep08-seed200008-v3
[4996/6120] B-kem1024-gilbert-prr0p95-L10-loss1-rep08-seed200008-v4
[4997/6120] B-kem1024-gilbert-prr0p95-L10-loss1-rep09-seed200009-v3
[4998/6120] B-kem1024-gilbert-prr0p95-L10-loss1-rep09-seed200009-v4
[4999/6120] B-kem1024-gilbert-prr0p95-L10-loss1-rep10-seed200010-v3
[5000/6120] B-kem1024-gilbert-prr0p95-L10-loss1-rep10-seed200010-v4
[5001/6120] B-kem1024-gilbert-prr0p95-L10-loss1-rep11-seed200011-v3
[5002/6120] B-kem1024-gilbert-prr0p95-L10-loss1-rep11-seed200011-v4
[5003/6120] B-kem1024-gilbert-prr0p95-L10-loss1-rep12-seed200012-v3
[5004/6120] B-kem1024-gilbert-prr0p95-L10-loss1-rep12-seed200012-v4
[5005/6120] B-kem1024-gilbert-prr0p95-L10-loss1-rep13-seed200013-v3
[5006/6120] B-kem1024-gilbert-prr0p95-L10-loss1-rep13-seed200013-v4
[5007/6120] B-kem1024-gilbert-prr0p95-L10-loss1-rep14-seed200014-v3
[5008/6120] B-kem1024-gilbert-prr0p95-L10-loss1-rep14-seed200014-v4
[5009/6120] B-kem1024-gilbert-prr0p95-L10-loss1-rep15-seed200015-v3
[5010/6120] B-kem1024-gilbert-prr0p95-L10-loss1-rep15-seed200015-v4
[5011/6120] B-kem1024-gilbert-prr0p95-L10-loss1-rep16-seed200016-v3
[5012/6120] B-kem1024-gilbert-prr0p95-L10-loss1-rep16-seed200016-v4
[5013/6120] B-kem1024-gilbert-prr0p95-L10-loss1-rep17-seed200017-v3
[5014/6120] B-kem1024-gilbert-prr0p95-L10-loss1-rep17-seed200017-v4
[5015/6120] B-kem1024-gilbert-prr0p95-L10-loss1-rep18-seed200018-v3
[5016/6120] B-kem1024-gilbert-prr0p95-L10-loss1-rep18-seed200018-v4
[5017/6120] B-kem1024-gilbert-prr0p95-L10-loss1-rep19-seed200019-v3
[5018/6120] B-kem1024-gilbert-prr0p95-L10-loss1-rep19-seed200019-v4
[5019/6120] B-kem1024-gilbert-prr0p95-L10-loss1-rep20-seed200020-v3
[5020/6120] B-kem1024-gilbert-prr0p95-L10-loss1-rep20-seed200020-v4
[5021/6120] B-kem1024-gilbert-prr0p95-L10-loss1-rep21-seed200021-v3
[5022/6120] B-kem1024-gilbert-prr0p95-L10-loss1-rep21-seed200021-v4
[5023/6120] B-kem1024-gilbert-prr0p95-L10-loss1-rep22-seed200022-v3
[5024/6120] B-kem1024-gilbert-prr0p95-L10-loss1-rep22-seed200022-v4
[5025/6120] B-kem1024-gilbert-prr0p95-L10-loss1-rep23-seed200023-v3
[5026/6120] B-kem1024-gilbert-prr0p95-L10-loss1-rep23-seed200023-v4
[5027/6120] B-kem1024-gilbert-prr0p95-L10-loss1-rep24-seed200024-v3
[5028/6120] B-kem1024-gilbert-prr0p95-L10-loss1-rep24-seed200024-v4
[5029/6120] B-kem1024-gilbert-prr0p95-L10-loss1-rep25-seed200025-v3
[5030/6120] B-kem1024-gilbert-prr0p95-L10-loss1-rep25-seed200025-v4
[5031/6120] B-kem1024-gilbert-prr0p95-L10-loss1-rep26-seed200026-v3
[5032/6120] B-kem1024-gilbert-prr0p95-L10-loss1-rep26-seed200026-v4
[5033/6120] B-kem1024-gilbert-prr0p95-L10-loss1-rep27-seed200027-v3
[5034/6120] B-kem1024-gilbert-prr0p95-L10-loss1-rep27-seed200027-v4
[5035/6120] B-kem1024-gilbert-prr0p95-L10-loss1-rep28-seed200028-v3
[5036/6120] B-kem1024-gilbert-prr0p95-L10-loss1-rep28-seed200028-v4
[5037/6120] B-kem1024-gilbert-prr0p95-L10-loss1-rep29-seed200029-v3
[5038/6120] B-kem1024-gilbert-prr0p95-L10-loss1-rep29-seed200029-v4
[5039/6120] B-kem1024-gilbert-prr0p95-L10-loss1-rep30-seed200030-v3
[5040/6120] B-kem1024-gilbert-prr0p95-L10-loss1-rep30-seed200030-v4
[5041/6120] A-kem1024-gilbert-prr0p90-L2-rep01-seed200001-v1
[5042/6120] A-kem1024-gilbert-prr0p90-L2-rep01-seed200001-v2
[5043/6120] A-kem1024-gilbert-prr0p90-L2-rep02-seed200002-v1
[5044/6120] A-kem1024-gilbert-prr0p90-L2-rep02-seed200002-v2
[5045/6120] A-kem1024-gilbert-prr0p90-L2-rep03-seed200003-v1
[5046/6120] A-kem1024-gilbert-prr0p90-L2-rep03-seed200003-v2
[5047/6120] A-kem1024-gilbert-prr0p90-L2-rep04-seed200004-v1
[5048/6120] A-kem1024-gilbert-prr0p90-L2-rep04-seed200004-v2
[5049/6120] A-kem1024-gilbert-prr0p90-L2-rep05-seed200005-v1
[5050/6120] A-kem1024-gilbert-prr0p90-L2-rep05-seed200005-v2
[5051/6120] A-kem1024-gilbert-prr0p90-L2-rep06-seed200006-v1
[5052/6120] A-kem1024-gilbert-prr0p90-L2-rep06-seed200006-v2
[5053/6120] A-kem1024-gilbert-prr0p90-L2-rep07-seed200007-v1
[5054/6120] A-kem1024-gilbert-prr0p90-L2-rep07-seed200007-v2
[5055/6120] A-kem1024-gilbert-prr0p90-L2-rep08-seed200008-v1
[5056/6120] A-kem1024-gilbert-prr0p90-L2-rep08-seed200008-v2
[5057/6120] A-kem1024-gilbert-prr0p90-L2-rep09-seed200009-v1
[5058/6120] A-kem1024-gilbert-prr0p90-L2-rep09-seed200009-v2
[5059/6120] A-kem1024-gilbert-prr0p90-L2-rep10-seed200010-v1
[5060/6120] A-kem1024-gilbert-prr0p90-L2-rep10-seed200010-v2
[5061/6120] A-kem1024-gilbert-prr0p90-L2-rep11-seed200011-v1
[5062/6120] A-kem1024-gilbert-prr0p90-L2-rep11-seed200011-v2
[5063/6120] A-kem1024-gilbert-prr0p90-L2-rep12-seed200012-v1
[5064/6120] A-kem1024-gilbert-prr0p90-L2-rep12-seed200012-v2
[5065/6120] A-kem1024-gilbert-prr0p90-L2-rep13-seed200013-v1
[5066/6120] A-kem1024-gilbert-prr0p90-L2-rep13-seed200013-v2
[5067/6120] A-kem1024-gilbert-prr0p90-L2-rep14-seed200014-v1
[5068/6120] A-kem1024-gilbert-prr0p90-L2-rep14-seed200014-v2
[5069/6120] A-kem1024-gilbert-prr0p90-L2-rep15-seed200015-v1
[5070/6120] A-kem1024-gilbert-prr0p90-L2-rep15-seed200015-v2
[5071/6120] A-kem1024-gilbert-prr0p90-L2-rep16-seed200016-v1
[5072/6120] A-kem1024-gilbert-prr0p90-L2-rep16-seed200016-v2
[5073/6120] A-kem1024-gilbert-prr0p90-L2-rep17-seed200017-v1
[5074/6120] A-kem1024-gilbert-prr0p90-L2-rep17-seed200017-v2
[5075/6120] A-kem1024-gilbert-prr0p90-L2-rep18-seed200018-v1
[5076/6120] A-kem1024-gilbert-prr0p90-L2-rep18-seed200018-v2
[5077/6120] A-kem1024-gilbert-prr0p90-L2-rep19-seed200019-v1
[5078/6120] A-kem1024-gilbert-prr0p90-L2-rep19-seed200019-v2
[5079/6120] A-kem1024-gilbert-prr0p90-L2-rep20-seed200020-v1
[5080/6120] A-kem1024-gilbert-prr0p90-L2-rep20-seed200020-v2
[5081/6120] A-kem1024-gilbert-prr0p90-L2-rep21-seed200021-v1
[5082/6120] A-kem1024-gilbert-prr0p90-L2-rep21-seed200021-v2
[5083/6120] A-kem1024-gilbert-prr0p90-L2-rep22-seed200022-v1
[5084/6120] A-kem1024-gilbert-prr0p90-L2-rep22-seed200022-v2
[5085/6120] A-kem1024-gilbert-prr0p90-L2-rep23-seed200023-v1
[5086/6120] A-kem1024-gilbert-prr0p90-L2-rep23-seed200023-v2
[5087/6120] A-kem1024-gilbert-prr0p90-L2-rep24-seed200024-v1
[5088/6120] A-kem1024-gilbert-prr0p90-L2-rep24-seed200024-v2
[5089/6120] A-kem1024-gilbert-prr0p90-L2-rep25-seed200025-v1
[5090/6120] A-kem1024-gilbert-prr0p90-L2-rep25-seed200025-v2
[5091/6120] A-kem1024-gilbert-prr0p90-L2-rep26-seed200026-v1
[5092/6120] A-kem1024-gilbert-prr0p90-L2-rep26-seed200026-v2
[5093/6120] A-kem1024-gilbert-prr0p90-L2-rep27-seed200027-v1
[5094/6120] A-kem1024-gilbert-prr0p90-L2-rep27-seed200027-v2
[5095/6120] A-kem1024-gilbert-prr0p90-L2-rep28-seed200028-v1
[5096/6120] A-kem1024-gilbert-prr0p90-L2-rep28-seed200028-v2
[5097/6120] A-kem1024-gilbert-prr0p90-L2-rep29-seed200029-v1
[5098/6120] A-kem1024-gilbert-prr0p90-L2-rep29-seed200029-v2
[5099/6120] A-kem1024-gilbert-prr0p90-L2-rep30-seed200030-v1
[5100/6120] A-kem1024-gilbert-prr0p90-L2-rep30-seed200030-v2
[5101/6120] B-kem1024-gilbert-prr0p90-L2-loss1-rep01-seed200001-v3
[5102/6120] B-kem1024-gilbert-prr0p90-L2-loss1-rep01-seed200001-v4
[5103/6120] B-kem1024-gilbert-prr0p90-L2-loss1-rep02-seed200002-v3
[5104/6120] B-kem1024-gilbert-prr0p90-L2-loss1-rep02-seed200002-v4
[5105/6120] B-kem1024-gilbert-prr0p90-L2-loss1-rep03-seed200003-v3
[5106/6120] B-kem1024-gilbert-prr0p90-L2-loss1-rep03-seed200003-v4
[5107/6120] B-kem1024-gilbert-prr0p90-L2-loss1-rep04-seed200004-v3
[5108/6120] B-kem1024-gilbert-prr0p90-L2-loss1-rep04-seed200004-v4
[5109/6120] B-kem1024-gilbert-prr0p90-L2-loss1-rep05-seed200005-v3
[5110/6120] B-kem1024-gilbert-prr0p90-L2-loss1-rep05-seed200005-v4
[5111/6120] B-kem1024-gilbert-prr0p90-L2-loss1-rep06-seed200006-v3
[5112/6120] B-kem1024-gilbert-prr0p90-L2-loss1-rep06-seed200006-v4
[5113/6120] B-kem1024-gilbert-prr0p90-L2-loss1-rep07-seed200007-v3
[5114/6120] B-kem1024-gilbert-prr0p90-L2-loss1-rep07-seed200007-v4
[5115/6120] B-kem1024-gilbert-prr0p90-L2-loss1-rep08-seed200008-v3
[5116/6120] B-kem1024-gilbert-prr0p90-L2-loss1-rep08-seed200008-v4
[5117/6120] B-kem1024-gilbert-prr0p90-L2-loss1-rep09-seed200009-v3
[5118/6120] B-kem1024-gilbert-prr0p90-L2-loss1-rep09-seed200009-v4
[5119/6120] B-kem1024-gilbert-prr0p90-L2-loss1-rep10-seed200010-v3
[5120/6120] B-kem1024-gilbert-prr0p90-L2-loss1-rep10-seed200010-v4
[5121/6120] B-kem1024-gilbert-prr0p90-L2-loss1-rep11-seed200011-v3
[5122/6120] B-kem1024-gilbert-prr0p90-L2-loss1-rep11-seed200011-v4
[5123/6120] B-kem1024-gilbert-prr0p90-L2-loss1-rep12-seed200012-v3
[5124/6120] B-kem1024-gilbert-prr0p90-L2-loss1-rep12-seed200012-v4
[5125/6120] B-kem1024-gilbert-prr0p90-L2-loss1-rep13-seed200013-v3
[5126/6120] B-kem1024-gilbert-prr0p90-L2-loss1-rep13-seed200013-v4
[5127/6120] B-kem1024-gilbert-prr0p90-L2-loss1-rep14-seed200014-v3
[5128/6120] B-kem1024-gilbert-prr0p90-L2-loss1-rep14-seed200014-v4
[5129/6120] B-kem1024-gilbert-prr0p90-L2-loss1-rep15-seed200015-v3
[5130/6120] B-kem1024-gilbert-prr0p90-L2-loss1-rep15-seed200015-v4
[5131/6120] B-kem1024-gilbert-prr0p90-L2-loss1-rep16-seed200016-v3
[5132/6120] B-kem1024-gilbert-prr0p90-L2-loss1-rep16-seed200016-v4
[5133/6120] B-kem1024-gilbert-prr0p90-L2-loss1-rep17-seed200017-v3
[5134/6120] B-kem1024-gilbert-prr0p90-L2-loss1-rep17-seed200017-v4
[5135/6120] B-kem1024-gilbert-prr0p90-L2-loss1-rep18-seed200018-v3
[5136/6120] B-kem1024-gilbert-prr0p90-L2-loss1-rep18-seed200018-v4
[5137/6120] B-kem1024-gilbert-prr0p90-L2-loss1-rep19-seed200019-v3
[5138/6120] B-kem1024-gilbert-prr0p90-L2-loss1-rep19-seed200019-v4
[5139/6120] B-kem1024-gilbert-prr0p90-L2-loss1-rep20-seed200020-v3
[5140/6120] B-kem1024-gilbert-prr0p90-L2-loss1-rep20-seed200020-v4
[5141/6120] B-kem1024-gilbert-prr0p90-L2-loss1-rep21-seed200021-v3
[5142/6120] B-kem1024-gilbert-prr0p90-L2-loss1-rep21-seed200021-v4
[5143/6120] B-kem1024-gilbert-prr0p90-L2-loss1-rep22-seed200022-v3
[5144/6120] B-kem1024-gilbert-prr0p90-L2-loss1-rep22-seed200022-v4
[5145/6120] B-kem1024-gilbert-prr0p90-L2-loss1-rep23-seed200023-v3
[5146/6120] B-kem1024-gilbert-prr0p90-L2-loss1-rep23-seed200023-v4
[5147/6120] B-kem1024-gilbert-prr0p90-L2-loss1-rep24-seed200024-v3
[5148/6120] B-kem1024-gilbert-prr0p90-L2-loss1-rep24-seed200024-v4
[5149/6120] B-kem1024-gilbert-prr0p90-L2-loss1-rep25-seed200025-v3
[5150/6120] B-kem1024-gilbert-prr0p90-L2-loss1-rep25-seed200025-v4
[5151/6120] B-kem1024-gilbert-prr0p90-L2-loss1-rep26-seed200026-v3
[5152/6120] B-kem1024-gilbert-prr0p90-L2-loss1-rep26-seed200026-v4
[5153/6120] B-kem1024-gilbert-prr0p90-L2-loss1-rep27-seed200027-v3
[5154/6120] B-kem1024-gilbert-prr0p90-L2-loss1-rep27-seed200027-v4
[5155/6120] B-kem1024-gilbert-prr0p90-L2-loss1-rep28-seed200028-v3
[5156/6120] B-kem1024-gilbert-prr0p90-L2-loss1-rep28-seed200028-v4
[5157/6120] B-kem1024-gilbert-prr0p90-L2-loss1-rep29-seed200029-v3
[5158/6120] B-kem1024-gilbert-prr0p90-L2-loss1-rep29-seed200029-v4
[5159/6120] B-kem1024-gilbert-prr0p90-L2-loss1-rep30-seed200030-v3
[5160/6120] B-kem1024-gilbert-prr0p90-L2-loss1-rep30-seed200030-v4
[5161/6120] A-kem1024-gilbert-prr0p90-L5-rep01-seed200001-v1
[5162/6120] A-kem1024-gilbert-prr0p90-L5-rep01-seed200001-v2
[5163/6120] A-kem1024-gilbert-prr0p90-L5-rep02-seed200002-v1
[5164/6120] A-kem1024-gilbert-prr0p90-L5-rep02-seed200002-v2
[5165/6120] A-kem1024-gilbert-prr0p90-L5-rep03-seed200003-v1
[5166/6120] A-kem1024-gilbert-prr0p90-L5-rep03-seed200003-v2
[5167/6120] A-kem1024-gilbert-prr0p90-L5-rep04-seed200004-v1
[5168/6120] A-kem1024-gilbert-prr0p90-L5-rep04-seed200004-v2
[5169/6120] A-kem1024-gilbert-prr0p90-L5-rep05-seed200005-v1
[5170/6120] A-kem1024-gilbert-prr0p90-L5-rep05-seed200005-v2
[5171/6120] A-kem1024-gilbert-prr0p90-L5-rep06-seed200006-v1
[5172/6120] A-kem1024-gilbert-prr0p90-L5-rep06-seed200006-v2
[5173/6120] A-kem1024-gilbert-prr0p90-L5-rep07-seed200007-v1
[5174/6120] A-kem1024-gilbert-prr0p90-L5-rep07-seed200007-v2
[5175/6120] A-kem1024-gilbert-prr0p90-L5-rep08-seed200008-v1
[5176/6120] A-kem1024-gilbert-prr0p90-L5-rep08-seed200008-v2
[5177/6120] A-kem1024-gilbert-prr0p90-L5-rep09-seed200009-v1
[5178/6120] A-kem1024-gilbert-prr0p90-L5-rep09-seed200009-v2
[5179/6120] A-kem1024-gilbert-prr0p90-L5-rep10-seed200010-v1
[5180/6120] A-kem1024-gilbert-prr0p90-L5-rep10-seed200010-v2
[5181/6120] A-kem1024-gilbert-prr0p90-L5-rep11-seed200011-v1
[5182/6120] A-kem1024-gilbert-prr0p90-L5-rep11-seed200011-v2
[5183/6120] A-kem1024-gilbert-prr0p90-L5-rep12-seed200012-v1
[5184/6120] A-kem1024-gilbert-prr0p90-L5-rep12-seed200012-v2
[5185/6120] A-kem1024-gilbert-prr0p90-L5-rep13-seed200013-v1
[5186/6120] A-kem1024-gilbert-prr0p90-L5-rep13-seed200013-v2
[5187/6120] A-kem1024-gilbert-prr0p90-L5-rep14-seed200014-v1
[5188/6120] A-kem1024-gilbert-prr0p90-L5-rep14-seed200014-v2
[5189/6120] A-kem1024-gilbert-prr0p90-L5-rep15-seed200015-v1
[5190/6120] A-kem1024-gilbert-prr0p90-L5-rep15-seed200015-v2
[5191/6120] A-kem1024-gilbert-prr0p90-L5-rep16-seed200016-v1
[5192/6120] A-kem1024-gilbert-prr0p90-L5-rep16-seed200016-v2
[5193/6120] A-kem1024-gilbert-prr0p90-L5-rep17-seed200017-v1
[5194/6120] A-kem1024-gilbert-prr0p90-L5-rep17-seed200017-v2
[5195/6120] A-kem1024-gilbert-prr0p90-L5-rep18-seed200018-v1
[5196/6120] A-kem1024-gilbert-prr0p90-L5-rep18-seed200018-v2
[5197/6120] A-kem1024-gilbert-prr0p90-L5-rep19-seed200019-v1
[5198/6120] A-kem1024-gilbert-prr0p90-L5-rep19-seed200019-v2
[5199/6120] A-kem1024-gilbert-prr0p90-L5-rep20-seed200020-v1
[5200/6120] A-kem1024-gilbert-prr0p90-L5-rep20-seed200020-v2
[5201/6120] A-kem1024-gilbert-prr0p90-L5-rep21-seed200021-v1
[5202/6120] A-kem1024-gilbert-prr0p90-L5-rep21-seed200021-v2
[5203/6120] A-kem1024-gilbert-prr0p90-L5-rep22-seed200022-v1
[5204/6120] A-kem1024-gilbert-prr0p90-L5-rep22-seed200022-v2
[5205/6120] A-kem1024-gilbert-prr0p90-L5-rep23-seed200023-v1
[5206/6120] A-kem1024-gilbert-prr0p90-L5-rep23-seed200023-v2
[5207/6120] A-kem1024-gilbert-prr0p90-L5-rep24-seed200024-v1
[5208/6120] A-kem1024-gilbert-prr0p90-L5-rep24-seed200024-v2
[5209/6120] A-kem1024-gilbert-prr0p90-L5-rep25-seed200025-v1
[5210/6120] A-kem1024-gilbert-prr0p90-L5-rep25-seed200025-v2
[5211/6120] A-kem1024-gilbert-prr0p90-L5-rep26-seed200026-v1
[5212/6120] A-kem1024-gilbert-prr0p90-L5-rep26-seed200026-v2
[5213/6120] A-kem1024-gilbert-prr0p90-L5-rep27-seed200027-v1
[5214/6120] A-kem1024-gilbert-prr0p90-L5-rep27-seed200027-v2
[5215/6120] A-kem1024-gilbert-prr0p90-L5-rep28-seed200028-v1
[5216/6120] A-kem1024-gilbert-prr0p90-L5-rep28-seed200028-v2
[5217/6120] A-kem1024-gilbert-prr0p90-L5-rep29-seed200029-v1
[5218/6120] A-kem1024-gilbert-prr0p90-L5-rep29-seed200029-v2
[5219/6120] A-kem1024-gilbert-prr0p90-L5-rep30-seed200030-v1
[5220/6120] A-kem1024-gilbert-prr0p90-L5-rep30-seed200030-v2
[5221/6120] B-kem1024-gilbert-prr0p90-L5-loss1-rep01-seed200001-v3
[5222/6120] B-kem1024-gilbert-prr0p90-L5-loss1-rep01-seed200001-v4
[5223/6120] B-kem1024-gilbert-prr0p90-L5-loss1-rep02-seed200002-v3
[5224/6120] B-kem1024-gilbert-prr0p90-L5-loss1-rep02-seed200002-v4
[5225/6120] B-kem1024-gilbert-prr0p90-L5-loss1-rep03-seed200003-v3
[5226/6120] B-kem1024-gilbert-prr0p90-L5-loss1-rep03-seed200003-v4
[5227/6120] B-kem1024-gilbert-prr0p90-L5-loss1-rep04-seed200004-v3
[5228/6120] B-kem1024-gilbert-prr0p90-L5-loss1-rep04-seed200004-v4
[5229/6120] B-kem1024-gilbert-prr0p90-L5-loss1-rep05-seed200005-v3
[5230/6120] B-kem1024-gilbert-prr0p90-L5-loss1-rep05-seed200005-v4
[5231/6120] B-kem1024-gilbert-prr0p90-L5-loss1-rep06-seed200006-v3
[5232/6120] B-kem1024-gilbert-prr0p90-L5-loss1-rep06-seed200006-v4
[5233/6120] B-kem1024-gilbert-prr0p90-L5-loss1-rep07-seed200007-v3
[5234/6120] B-kem1024-gilbert-prr0p90-L5-loss1-rep07-seed200007-v4
[5235/6120] B-kem1024-gilbert-prr0p90-L5-loss1-rep08-seed200008-v3
[5236/6120] B-kem1024-gilbert-prr0p90-L5-loss1-rep08-seed200008-v4
[5237/6120] B-kem1024-gilbert-prr0p90-L5-loss1-rep09-seed200009-v3
[5238/6120] B-kem1024-gilbert-prr0p90-L5-loss1-rep09-seed200009-v4
[5239/6120] B-kem1024-gilbert-prr0p90-L5-loss1-rep10-seed200010-v3
[5240/6120] B-kem1024-gilbert-prr0p90-L5-loss1-rep10-seed200010-v4
[5241/6120] B-kem1024-gilbert-prr0p90-L5-loss1-rep11-seed200011-v3
[5242/6120] B-kem1024-gilbert-prr0p90-L5-loss1-rep11-seed200011-v4
[5243/6120] B-kem1024-gilbert-prr0p90-L5-loss1-rep12-seed200012-v3
[5244/6120] B-kem1024-gilbert-prr0p90-L5-loss1-rep12-seed200012-v4
[5245/6120] B-kem1024-gilbert-prr0p90-L5-loss1-rep13-seed200013-v3
[5246/6120] B-kem1024-gilbert-prr0p90-L5-loss1-rep13-seed200013-v4
[5247/6120] B-kem1024-gilbert-prr0p90-L5-loss1-rep14-seed200014-v3
[5248/6120] B-kem1024-gilbert-prr0p90-L5-loss1-rep14-seed200014-v4
[5249/6120] B-kem1024-gilbert-prr0p90-L5-loss1-rep15-seed200015-v3
[5250/6120] B-kem1024-gilbert-prr0p90-L5-loss1-rep15-seed200015-v4
[5251/6120] B-kem1024-gilbert-prr0p90-L5-loss1-rep16-seed200016-v3
[5252/6120] B-kem1024-gilbert-prr0p90-L5-loss1-rep16-seed200016-v4
[5253/6120] B-kem1024-gilbert-prr0p90-L5-loss1-rep17-seed200017-v3
[5254/6120] B-kem1024-gilbert-prr0p90-L5-loss1-rep17-seed200017-v4
[5255/6120] B-kem1024-gilbert-prr0p90-L5-loss1-rep18-seed200018-v3
[5256/6120] B-kem1024-gilbert-prr0p90-L5-loss1-rep18-seed200018-v4
[5257/6120] B-kem1024-gilbert-prr0p90-L5-loss1-rep19-seed200019-v3
[5258/6120] B-kem1024-gilbert-prr0p90-L5-loss1-rep19-seed200019-v4
[5259/6120] B-kem1024-gilbert-prr0p90-L5-loss1-rep20-seed200020-v3
[5260/6120] B-kem1024-gilbert-prr0p90-L5-loss1-rep20-seed200020-v4
[5261/6120] B-kem1024-gilbert-prr0p90-L5-loss1-rep21-seed200021-v3
[5262/6120] B-kem1024-gilbert-prr0p90-L5-loss1-rep21-seed200021-v4
[5263/6120] B-kem1024-gilbert-prr0p90-L5-loss1-rep22-seed200022-v3
[5264/6120] B-kem1024-gilbert-prr0p90-L5-loss1-rep22-seed200022-v4
[5265/6120] B-kem1024-gilbert-prr0p90-L5-loss1-rep23-seed200023-v3
[5266/6120] B-kem1024-gilbert-prr0p90-L5-loss1-rep23-seed200023-v4
[5267/6120] B-kem1024-gilbert-prr0p90-L5-loss1-rep24-seed200024-v3
[5268/6120] B-kem1024-gilbert-prr0p90-L5-loss1-rep24-seed200024-v4
[5269/6120] B-kem1024-gilbert-prr0p90-L5-loss1-rep25-seed200025-v3
[5270/6120] B-kem1024-gilbert-prr0p90-L5-loss1-rep25-seed200025-v4
[5271/6120] B-kem1024-gilbert-prr0p90-L5-loss1-rep26-seed200026-v3
[5272/6120] B-kem1024-gilbert-prr0p90-L5-loss1-rep26-seed200026-v4
[5273/6120] B-kem1024-gilbert-prr0p90-L5-loss1-rep27-seed200027-v3
[5274/6120] B-kem1024-gilbert-prr0p90-L5-loss1-rep27-seed200027-v4
[5275/6120] B-kem1024-gilbert-prr0p90-L5-loss1-rep28-seed200028-v3
[5276/6120] B-kem1024-gilbert-prr0p90-L5-loss1-rep28-seed200028-v4
[5277/6120] B-kem1024-gilbert-prr0p90-L5-loss1-rep29-seed200029-v3
[5278/6120] B-kem1024-gilbert-prr0p90-L5-loss1-rep29-seed200029-v4
[5279/6120] B-kem1024-gilbert-prr0p90-L5-loss1-rep30-seed200030-v3
[5280/6120] B-kem1024-gilbert-prr0p90-L5-loss1-rep30-seed200030-v4
[5281/6120] A-kem1024-gilbert-prr0p90-L10-rep01-seed200001-v1
[5282/6120] A-kem1024-gilbert-prr0p90-L10-rep01-seed200001-v2
[5283/6120] A-kem1024-gilbert-prr0p90-L10-rep02-seed200002-v1
[5284/6120] A-kem1024-gilbert-prr0p90-L10-rep02-seed200002-v2
[5285/6120] A-kem1024-gilbert-prr0p90-L10-rep03-seed200003-v1
[5286/6120] A-kem1024-gilbert-prr0p90-L10-rep03-seed200003-v2
[5287/6120] A-kem1024-gilbert-prr0p90-L10-rep04-seed200004-v1
[5288/6120] A-kem1024-gilbert-prr0p90-L10-rep04-seed200004-v2
[5289/6120] A-kem1024-gilbert-prr0p90-L10-rep05-seed200005-v1
[5290/6120] A-kem1024-gilbert-prr0p90-L10-rep05-seed200005-v2
[5291/6120] A-kem1024-gilbert-prr0p90-L10-rep06-seed200006-v1
[5292/6120] A-kem1024-gilbert-prr0p90-L10-rep06-seed200006-v2
[5293/6120] A-kem1024-gilbert-prr0p90-L10-rep07-seed200007-v1
[5294/6120] A-kem1024-gilbert-prr0p90-L10-rep07-seed200007-v2
[5295/6120] A-kem1024-gilbert-prr0p90-L10-rep08-seed200008-v1
[5296/6120] A-kem1024-gilbert-prr0p90-L10-rep08-seed200008-v2
[5297/6120] A-kem1024-gilbert-prr0p90-L10-rep09-seed200009-v1
[5298/6120] A-kem1024-gilbert-prr0p90-L10-rep09-seed200009-v2
[5299/6120] A-kem1024-gilbert-prr0p90-L10-rep10-seed200010-v1
[5300/6120] A-kem1024-gilbert-prr0p90-L10-rep10-seed200010-v2
[5301/6120] A-kem1024-gilbert-prr0p90-L10-rep11-seed200011-v1
[5302/6120] A-kem1024-gilbert-prr0p90-L10-rep11-seed200011-v2
[5303/6120] A-kem1024-gilbert-prr0p90-L10-rep12-seed200012-v1
[5304/6120] A-kem1024-gilbert-prr0p90-L10-rep12-seed200012-v2
[5305/6120] A-kem1024-gilbert-prr0p90-L10-rep13-seed200013-v1
[5306/6120] A-kem1024-gilbert-prr0p90-L10-rep13-seed200013-v2
[5307/6120] A-kem1024-gilbert-prr0p90-L10-rep14-seed200014-v1
[5308/6120] A-kem1024-gilbert-prr0p90-L10-rep14-seed200014-v2
[5309/6120] A-kem1024-gilbert-prr0p90-L10-rep15-seed200015-v1
[5310/6120] A-kem1024-gilbert-prr0p90-L10-rep15-seed200015-v2
[5311/6120] A-kem1024-gilbert-prr0p90-L10-rep16-seed200016-v1
[5312/6120] A-kem1024-gilbert-prr0p90-L10-rep16-seed200016-v2
[5313/6120] A-kem1024-gilbert-prr0p90-L10-rep17-seed200017-v1
[5314/6120] A-kem1024-gilbert-prr0p90-L10-rep17-seed200017-v2
[5315/6120] A-kem1024-gilbert-prr0p90-L10-rep18-seed200018-v1
[5316/6120] A-kem1024-gilbert-prr0p90-L10-rep18-seed200018-v2
[5317/6120] A-kem1024-gilbert-prr0p90-L10-rep19-seed200019-v1
[5318/6120] A-kem1024-gilbert-prr0p90-L10-rep19-seed200019-v2
[5319/6120] A-kem1024-gilbert-prr0p90-L10-rep20-seed200020-v1
[5320/6120] A-kem1024-gilbert-prr0p90-L10-rep20-seed200020-v2
[5321/6120] A-kem1024-gilbert-prr0p90-L10-rep21-seed200021-v1
[5322/6120] A-kem1024-gilbert-prr0p90-L10-rep21-seed200021-v2
[5323/6120] A-kem1024-gilbert-prr0p90-L10-rep22-seed200022-v1
[5324/6120] A-kem1024-gilbert-prr0p90-L10-rep22-seed200022-v2
[5325/6120] A-kem1024-gilbert-prr0p90-L10-rep23-seed200023-v1
[5326/6120] A-kem1024-gilbert-prr0p90-L10-rep23-seed200023-v2
[5327/6120] A-kem1024-gilbert-prr0p90-L10-rep24-seed200024-v1
[5328/6120] A-kem1024-gilbert-prr0p90-L10-rep24-seed200024-v2
[5329/6120] A-kem1024-gilbert-prr0p90-L10-rep25-seed200025-v1
[5330/6120] A-kem1024-gilbert-prr0p90-L10-rep25-seed200025-v2
[5331/6120] A-kem1024-gilbert-prr0p90-L10-rep26-seed200026-v1
[5332/6120] A-kem1024-gilbert-prr0p90-L10-rep26-seed200026-v2
[5333/6120] A-kem1024-gilbert-prr0p90-L10-rep27-seed200027-v1
[5334/6120] A-kem1024-gilbert-prr0p90-L10-rep27-seed200027-v2
[5335/6120] A-kem1024-gilbert-prr0p90-L10-rep28-seed200028-v1
[5336/6120] A-kem1024-gilbert-prr0p90-L10-rep28-seed200028-v2
[5337/6120] A-kem1024-gilbert-prr0p90-L10-rep29-seed200029-v1
[5338/6120] A-kem1024-gilbert-prr0p90-L10-rep29-seed200029-v2
[5339/6120] A-kem1024-gilbert-prr0p90-L10-rep30-seed200030-v1
[5340/6120] A-kem1024-gilbert-prr0p90-L10-rep30-seed200030-v2
[5341/6120] B-kem1024-gilbert-prr0p90-L10-loss1-rep01-seed200001-v3
[5342/6120] B-kem1024-gilbert-prr0p90-L10-loss1-rep01-seed200001-v4
[5343/6120] B-kem1024-gilbert-prr0p90-L10-loss1-rep02-seed200002-v3
[5344/6120] B-kem1024-gilbert-prr0p90-L10-loss1-rep02-seed200002-v4
[5345/6120] B-kem1024-gilbert-prr0p90-L10-loss1-rep03-seed200003-v3
[5346/6120] B-kem1024-gilbert-prr0p90-L10-loss1-rep03-seed200003-v4
[5347/6120] B-kem1024-gilbert-prr0p90-L10-loss1-rep04-seed200004-v3
[5348/6120] B-kem1024-gilbert-prr0p90-L10-loss1-rep04-seed200004-v4
[5349/6120] B-kem1024-gilbert-prr0p90-L10-loss1-rep05-seed200005-v3
[5350/6120] B-kem1024-gilbert-prr0p90-L10-loss1-rep05-seed200005-v4
[5351/6120] B-kem1024-gilbert-prr0p90-L10-loss1-rep06-seed200006-v3
[5352/6120] B-kem1024-gilbert-prr0p90-L10-loss1-rep06-seed200006-v4
[5353/6120] B-kem1024-gilbert-prr0p90-L10-loss1-rep07-seed200007-v3
[5354/6120] B-kem1024-gilbert-prr0p90-L10-loss1-rep07-seed200007-v4
[5355/6120] B-kem1024-gilbert-prr0p90-L10-loss1-rep08-seed200008-v3
[5356/6120] B-kem1024-gilbert-prr0p90-L10-loss1-rep08-seed200008-v4
[5357/6120] B-kem1024-gilbert-prr0p90-L10-loss1-rep09-seed200009-v3
[5358/6120] B-kem1024-gilbert-prr0p90-L10-loss1-rep09-seed200009-v4
[5359/6120] B-kem1024-gilbert-prr0p90-L10-loss1-rep10-seed200010-v3
[5360/6120] B-kem1024-gilbert-prr0p90-L10-loss1-rep10-seed200010-v4
[5361/6120] B-kem1024-gilbert-prr0p90-L10-loss1-rep11-seed200011-v3
[5362/6120] B-kem1024-gilbert-prr0p90-L10-loss1-rep11-seed200011-v4
[5363/6120] B-kem1024-gilbert-prr0p90-L10-loss1-rep12-seed200012-v3
[5364/6120] B-kem1024-gilbert-prr0p90-L10-loss1-rep12-seed200012-v4
[5365/6120] B-kem1024-gilbert-prr0p90-L10-loss1-rep13-seed200013-v3
[5366/6120] B-kem1024-gilbert-prr0p90-L10-loss1-rep13-seed200013-v4
[5367/6120] B-kem1024-gilbert-prr0p90-L10-loss1-rep14-seed200014-v3
[5368/6120] B-kem1024-gilbert-prr0p90-L10-loss1-rep14-seed200014-v4
[5369/6120] B-kem1024-gilbert-prr0p90-L10-loss1-rep15-seed200015-v3
[5370/6120] B-kem1024-gilbert-prr0p90-L10-loss1-rep15-seed200015-v4
[5371/6120] B-kem1024-gilbert-prr0p90-L10-loss1-rep16-seed200016-v3
[5372/6120] B-kem1024-gilbert-prr0p90-L10-loss1-rep16-seed200016-v4
[5373/6120] B-kem1024-gilbert-prr0p90-L10-loss1-rep17-seed200017-v3
[5374/6120] B-kem1024-gilbert-prr0p90-L10-loss1-rep17-seed200017-v4
[5375/6120] B-kem1024-gilbert-prr0p90-L10-loss1-rep18-seed200018-v3
[5376/6120] B-kem1024-gilbert-prr0p90-L10-loss1-rep18-seed200018-v4
[5377/6120] B-kem1024-gilbert-prr0p90-L10-loss1-rep19-seed200019-v3
[5378/6120] B-kem1024-gilbert-prr0p90-L10-loss1-rep19-seed200019-v4
[5379/6120] B-kem1024-gilbert-prr0p90-L10-loss1-rep20-seed200020-v3
[5380/6120] B-kem1024-gilbert-prr0p90-L10-loss1-rep20-seed200020-v4
[5381/6120] B-kem1024-gilbert-prr0p90-L10-loss1-rep21-seed200021-v3
[5382/6120] B-kem1024-gilbert-prr0p90-L10-loss1-rep21-seed200021-v4
[5383/6120] B-kem1024-gilbert-prr0p90-L10-loss1-rep22-seed200022-v3
[5384/6120] B-kem1024-gilbert-prr0p90-L10-loss1-rep22-seed200022-v4
[5385/6120] B-kem1024-gilbert-prr0p90-L10-loss1-rep23-seed200023-v3
[5386/6120] B-kem1024-gilbert-prr0p90-L10-loss1-rep23-seed200023-v4
[5387/6120] B-kem1024-gilbert-prr0p90-L10-loss1-rep24-seed200024-v3
[5388/6120] B-kem1024-gilbert-prr0p90-L10-loss1-rep24-seed200024-v4
[5389/6120] B-kem1024-gilbert-prr0p90-L10-loss1-rep25-seed200025-v3
[5390/6120] B-kem1024-gilbert-prr0p90-L10-loss1-rep25-seed200025-v4
[5391/6120] B-kem1024-gilbert-prr0p90-L10-loss1-rep26-seed200026-v3
[5392/6120] B-kem1024-gilbert-prr0p90-L10-loss1-rep26-seed200026-v4
[5393/6120] B-kem1024-gilbert-prr0p90-L10-loss1-rep27-seed200027-v3
[5394/6120] B-kem1024-gilbert-prr0p90-L10-loss1-rep27-seed200027-v4
[5395/6120] B-kem1024-gilbert-prr0p90-L10-loss1-rep28-seed200028-v3
[5396/6120] B-kem1024-gilbert-prr0p90-L10-loss1-rep28-seed200028-v4
[5397/6120] B-kem1024-gilbert-prr0p90-L10-loss1-rep29-seed200029-v3
[5398/6120] B-kem1024-gilbert-prr0p90-L10-loss1-rep29-seed200029-v4
[5399/6120] B-kem1024-gilbert-prr0p90-L10-loss1-rep30-seed200030-v3
[5400/6120] B-kem1024-gilbert-prr0p90-L10-loss1-rep30-seed200030-v4
[5401/6120] A-kem1024-gilbert-prr0p85-L2-rep01-seed200001-v1
[5402/6120] A-kem1024-gilbert-prr0p85-L2-rep01-seed200001-v2
[5403/6120] A-kem1024-gilbert-prr0p85-L2-rep02-seed200002-v1
[5404/6120] A-kem1024-gilbert-prr0p85-L2-rep02-seed200002-v2
[5405/6120] A-kem1024-gilbert-prr0p85-L2-rep03-seed200003-v1
[5406/6120] A-kem1024-gilbert-prr0p85-L2-rep03-seed200003-v2
[5407/6120] A-kem1024-gilbert-prr0p85-L2-rep04-seed200004-v1
[5408/6120] A-kem1024-gilbert-prr0p85-L2-rep04-seed200004-v2
[5409/6120] A-kem1024-gilbert-prr0p85-L2-rep05-seed200005-v1
[5410/6120] A-kem1024-gilbert-prr0p85-L2-rep05-seed200005-v2
[5411/6120] A-kem1024-gilbert-prr0p85-L2-rep06-seed200006-v1
[5412/6120] A-kem1024-gilbert-prr0p85-L2-rep06-seed200006-v2
[5413/6120] A-kem1024-gilbert-prr0p85-L2-rep07-seed200007-v1
[5414/6120] A-kem1024-gilbert-prr0p85-L2-rep07-seed200007-v2
[5415/6120] A-kem1024-gilbert-prr0p85-L2-rep08-seed200008-v1
[5416/6120] A-kem1024-gilbert-prr0p85-L2-rep08-seed200008-v2
[5417/6120] A-kem1024-gilbert-prr0p85-L2-rep09-seed200009-v1
[5418/6120] A-kem1024-gilbert-prr0p85-L2-rep09-seed200009-v2
[5419/6120] A-kem1024-gilbert-prr0p85-L2-rep10-seed200010-v1
[5420/6120] A-kem1024-gilbert-prr0p85-L2-rep10-seed200010-v2
[5421/6120] A-kem1024-gilbert-prr0p85-L2-rep11-seed200011-v1
[5422/6120] A-kem1024-gilbert-prr0p85-L2-rep11-seed200011-v2
[5423/6120] A-kem1024-gilbert-prr0p85-L2-rep12-seed200012-v1
[5424/6120] A-kem1024-gilbert-prr0p85-L2-rep12-seed200012-v2
[5425/6120] A-kem1024-gilbert-prr0p85-L2-rep13-seed200013-v1
[5426/6120] A-kem1024-gilbert-prr0p85-L2-rep13-seed200013-v2
[5427/6120] A-kem1024-gilbert-prr0p85-L2-rep14-seed200014-v1
[5428/6120] A-kem1024-gilbert-prr0p85-L2-rep14-seed200014-v2
[5429/6120] A-kem1024-gilbert-prr0p85-L2-rep15-seed200015-v1
[5430/6120] A-kem1024-gilbert-prr0p85-L2-rep15-seed200015-v2
[5431/6120] A-kem1024-gilbert-prr0p85-L2-rep16-seed200016-v1
[5432/6120] A-kem1024-gilbert-prr0p85-L2-rep16-seed200016-v2
[5433/6120] A-kem1024-gilbert-prr0p85-L2-rep17-seed200017-v1
[5434/6120] A-kem1024-gilbert-prr0p85-L2-rep17-seed200017-v2
[5435/6120] A-kem1024-gilbert-prr0p85-L2-rep18-seed200018-v1
[5436/6120] A-kem1024-gilbert-prr0p85-L2-rep18-seed200018-v2
[5437/6120] A-kem1024-gilbert-prr0p85-L2-rep19-seed200019-v1
[5438/6120] A-kem1024-gilbert-prr0p85-L2-rep19-seed200019-v2
[5439/6120] A-kem1024-gilbert-prr0p85-L2-rep20-seed200020-v1
[5440/6120] A-kem1024-gilbert-prr0p85-L2-rep20-seed200020-v2
[5441/6120] A-kem1024-gilbert-prr0p85-L2-rep21-seed200021-v1
[5442/6120] A-kem1024-gilbert-prr0p85-L2-rep21-seed200021-v2
[5443/6120] A-kem1024-gilbert-prr0p85-L2-rep22-seed200022-v1
[5444/6120] A-kem1024-gilbert-prr0p85-L2-rep22-seed200022-v2
[5445/6120] A-kem1024-gilbert-prr0p85-L2-rep23-seed200023-v1
[5446/6120] A-kem1024-gilbert-prr0p85-L2-rep23-seed200023-v2
[5447/6120] A-kem1024-gilbert-prr0p85-L2-rep24-seed200024-v1
[5448/6120] A-kem1024-gilbert-prr0p85-L2-rep24-seed200024-v2
[5449/6120] A-kem1024-gilbert-prr0p85-L2-rep25-seed200025-v1
[5450/6120] A-kem1024-gilbert-prr0p85-L2-rep25-seed200025-v2
[5451/6120] A-kem1024-gilbert-prr0p85-L2-rep26-seed200026-v1
[5452/6120] A-kem1024-gilbert-prr0p85-L2-rep26-seed200026-v2
[5453/6120] A-kem1024-gilbert-prr0p85-L2-rep27-seed200027-v1
[5454/6120] A-kem1024-gilbert-prr0p85-L2-rep27-seed200027-v2
[5455/6120] A-kem1024-gilbert-prr0p85-L2-rep28-seed200028-v1
[5456/6120] A-kem1024-gilbert-prr0p85-L2-rep28-seed200028-v2
[5457/6120] A-kem1024-gilbert-prr0p85-L2-rep29-seed200029-v1
[5458/6120] A-kem1024-gilbert-prr0p85-L2-rep29-seed200029-v2
[5459/6120] A-kem1024-gilbert-prr0p85-L2-rep30-seed200030-v1
[5460/6120] A-kem1024-gilbert-prr0p85-L2-rep30-seed200030-v2
[5461/6120] B-kem1024-gilbert-prr0p85-L2-loss1-rep01-seed200001-v3
[5462/6120] B-kem1024-gilbert-prr0p85-L2-loss1-rep01-seed200001-v4
[5463/6120] B-kem1024-gilbert-prr0p85-L2-loss1-rep02-seed200002-v3
[5464/6120] B-kem1024-gilbert-prr0p85-L2-loss1-rep02-seed200002-v4
[5465/6120] B-kem1024-gilbert-prr0p85-L2-loss1-rep03-seed200003-v3
[5466/6120] B-kem1024-gilbert-prr0p85-L2-loss1-rep03-seed200003-v4
[5467/6120] B-kem1024-gilbert-prr0p85-L2-loss1-rep04-seed200004-v3
[5468/6120] B-kem1024-gilbert-prr0p85-L2-loss1-rep04-seed200004-v4
[5469/6120] B-kem1024-gilbert-prr0p85-L2-loss1-rep05-seed200005-v3
[5470/6120] B-kem1024-gilbert-prr0p85-L2-loss1-rep05-seed200005-v4
[5471/6120] B-kem1024-gilbert-prr0p85-L2-loss1-rep06-seed200006-v3
[5472/6120] B-kem1024-gilbert-prr0p85-L2-loss1-rep06-seed200006-v4
[5473/6120] B-kem1024-gilbert-prr0p85-L2-loss1-rep07-seed200007-v3
[5474/6120] B-kem1024-gilbert-prr0p85-L2-loss1-rep07-seed200007-v4
[5475/6120] B-kem1024-gilbert-prr0p85-L2-loss1-rep08-seed200008-v3
[5476/6120] B-kem1024-gilbert-prr0p85-L2-loss1-rep08-seed200008-v4
[5477/6120] B-kem1024-gilbert-prr0p85-L2-loss1-rep09-seed200009-v3
[5478/6120] B-kem1024-gilbert-prr0p85-L2-loss1-rep09-seed200009-v4
[5479/6120] B-kem1024-gilbert-prr0p85-L2-loss1-rep10-seed200010-v3
[5480/6120] B-kem1024-gilbert-prr0p85-L2-loss1-rep10-seed200010-v4
[5481/6120] B-kem1024-gilbert-prr0p85-L2-loss1-rep11-seed200011-v3
[5482/6120] B-kem1024-gilbert-prr0p85-L2-loss1-rep11-seed200011-v4
[5483/6120] B-kem1024-gilbert-prr0p85-L2-loss1-rep12-seed200012-v3
[5484/6120] B-kem1024-gilbert-prr0p85-L2-loss1-rep12-seed200012-v4
[5485/6120] B-kem1024-gilbert-prr0p85-L2-loss1-rep13-seed200013-v3
[5486/6120] B-kem1024-gilbert-prr0p85-L2-loss1-rep13-seed200013-v4
[5487/6120] B-kem1024-gilbert-prr0p85-L2-loss1-rep14-seed200014-v3
[5488/6120] B-kem1024-gilbert-prr0p85-L2-loss1-rep14-seed200014-v4
[5489/6120] B-kem1024-gilbert-prr0p85-L2-loss1-rep15-seed200015-v3
[5490/6120] B-kem1024-gilbert-prr0p85-L2-loss1-rep15-seed200015-v4
[5491/6120] B-kem1024-gilbert-prr0p85-L2-loss1-rep16-seed200016-v3
[5492/6120] B-kem1024-gilbert-prr0p85-L2-loss1-rep16-seed200016-v4
[5493/6120] B-kem1024-gilbert-prr0p85-L2-loss1-rep17-seed200017-v3
[5494/6120] B-kem1024-gilbert-prr0p85-L2-loss1-rep17-seed200017-v4
[5495/6120] B-kem1024-gilbert-prr0p85-L2-loss1-rep18-seed200018-v3
[5496/6120] B-kem1024-gilbert-prr0p85-L2-loss1-rep18-seed200018-v4
[5497/6120] B-kem1024-gilbert-prr0p85-L2-loss1-rep19-seed200019-v3
[5498/6120] B-kem1024-gilbert-prr0p85-L2-loss1-rep19-seed200019-v4
[5499/6120] B-kem1024-gilbert-prr0p85-L2-loss1-rep20-seed200020-v3
[5500/6120] B-kem1024-gilbert-prr0p85-L2-loss1-rep20-seed200020-v4
[5501/6120] B-kem1024-gilbert-prr0p85-L2-loss1-rep21-seed200021-v3
[5502/6120] B-kem1024-gilbert-prr0p85-L2-loss1-rep21-seed200021-v4
[5503/6120] B-kem1024-gilbert-prr0p85-L2-loss1-rep22-seed200022-v3
[5504/6120] B-kem1024-gilbert-prr0p85-L2-loss1-rep22-seed200022-v4
[5505/6120] B-kem1024-gilbert-prr0p85-L2-loss1-rep23-seed200023-v3
[5506/6120] B-kem1024-gilbert-prr0p85-L2-loss1-rep23-seed200023-v4
[5507/6120] B-kem1024-gilbert-prr0p85-L2-loss1-rep24-seed200024-v3
[5508/6120] B-kem1024-gilbert-prr0p85-L2-loss1-rep24-seed200024-v4
[5509/6120] B-kem1024-gilbert-prr0p85-L2-loss1-rep25-seed200025-v3
[5510/6120] B-kem1024-gilbert-prr0p85-L2-loss1-rep25-seed200025-v4
[5511/6120] B-kem1024-gilbert-prr0p85-L2-loss1-rep26-seed200026-v3
[5512/6120] B-kem1024-gilbert-prr0p85-L2-loss1-rep26-seed200026-v4
[5513/6120] B-kem1024-gilbert-prr0p85-L2-loss1-rep27-seed200027-v3
[5514/6120] B-kem1024-gilbert-prr0p85-L2-loss1-rep27-seed200027-v4
[5515/6120] B-kem1024-gilbert-prr0p85-L2-loss1-rep28-seed200028-v3
[5516/6120] B-kem1024-gilbert-prr0p85-L2-loss1-rep28-seed200028-v4
[5517/6120] B-kem1024-gilbert-prr0p85-L2-loss1-rep29-seed200029-v3
[5518/6120] B-kem1024-gilbert-prr0p85-L2-loss1-rep29-seed200029-v4
[5519/6120] B-kem1024-gilbert-prr0p85-L2-loss1-rep30-seed200030-v3
[5520/6120] B-kem1024-gilbert-prr0p85-L2-loss1-rep30-seed200030-v4
[5521/6120] A-kem1024-gilbert-prr0p85-L5-rep01-seed200001-v1
[5522/6120] A-kem1024-gilbert-prr0p85-L5-rep01-seed200001-v2
[5523/6120] A-kem1024-gilbert-prr0p85-L5-rep02-seed200002-v1
[5524/6120] A-kem1024-gilbert-prr0p85-L5-rep02-seed200002-v2
[5525/6120] A-kem1024-gilbert-prr0p85-L5-rep03-seed200003-v1
[5526/6120] A-kem1024-gilbert-prr0p85-L5-rep03-seed200003-v2
[5527/6120] A-kem1024-gilbert-prr0p85-L5-rep04-seed200004-v1
[5528/6120] A-kem1024-gilbert-prr0p85-L5-rep04-seed200004-v2
[5529/6120] A-kem1024-gilbert-prr0p85-L5-rep05-seed200005-v1
[5530/6120] A-kem1024-gilbert-prr0p85-L5-rep05-seed200005-v2
[5531/6120] A-kem1024-gilbert-prr0p85-L5-rep06-seed200006-v1
[5532/6120] A-kem1024-gilbert-prr0p85-L5-rep06-seed200006-v2
[5533/6120] A-kem1024-gilbert-prr0p85-L5-rep07-seed200007-v1
[5534/6120] A-kem1024-gilbert-prr0p85-L5-rep07-seed200007-v2
[5535/6120] A-kem1024-gilbert-prr0p85-L5-rep08-seed200008-v1
[5536/6120] A-kem1024-gilbert-prr0p85-L5-rep08-seed200008-v2
[5537/6120] A-kem1024-gilbert-prr0p85-L5-rep09-seed200009-v1
[5538/6120] A-kem1024-gilbert-prr0p85-L5-rep09-seed200009-v2
[5539/6120] A-kem1024-gilbert-prr0p85-L5-rep10-seed200010-v1
[5540/6120] A-kem1024-gilbert-prr0p85-L5-rep10-seed200010-v2
[5541/6120] A-kem1024-gilbert-prr0p85-L5-rep11-seed200011-v1
[5542/6120] A-kem1024-gilbert-prr0p85-L5-rep11-seed200011-v2
[5543/6120] A-kem1024-gilbert-prr0p85-L5-rep12-seed200012-v1
[5544/6120] A-kem1024-gilbert-prr0p85-L5-rep12-seed200012-v2
[5545/6120] A-kem1024-gilbert-prr0p85-L5-rep13-seed200013-v1
[5546/6120] A-kem1024-gilbert-prr0p85-L5-rep13-seed200013-v2
[5547/6120] A-kem1024-gilbert-prr0p85-L5-rep14-seed200014-v1
[5548/6120] A-kem1024-gilbert-prr0p85-L5-rep14-seed200014-v2
[5549/6120] A-kem1024-gilbert-prr0p85-L5-rep15-seed200015-v1
[5550/6120] A-kem1024-gilbert-prr0p85-L5-rep15-seed200015-v2
[5551/6120] A-kem1024-gilbert-prr0p85-L5-rep16-seed200016-v1
[5552/6120] A-kem1024-gilbert-prr0p85-L5-rep16-seed200016-v2
[5553/6120] A-kem1024-gilbert-prr0p85-L5-rep17-seed200017-v1
[5554/6120] A-kem1024-gilbert-prr0p85-L5-rep17-seed200017-v2
[5555/6120] A-kem1024-gilbert-prr0p85-L5-rep18-seed200018-v1
[5556/6120] A-kem1024-gilbert-prr0p85-L5-rep18-seed200018-v2
[5557/6120] A-kem1024-gilbert-prr0p85-L5-rep19-seed200019-v1
[5558/6120] A-kem1024-gilbert-prr0p85-L5-rep19-seed200019-v2
[5559/6120] A-kem1024-gilbert-prr0p85-L5-rep20-seed200020-v1
[5560/6120] A-kem1024-gilbert-prr0p85-L5-rep20-seed200020-v2
[5561/6120] A-kem1024-gilbert-prr0p85-L5-rep21-seed200021-v1
[5562/6120] A-kem1024-gilbert-prr0p85-L5-rep21-seed200021-v2
[5563/6120] A-kem1024-gilbert-prr0p85-L5-rep22-seed200022-v1
[5564/6120] A-kem1024-gilbert-prr0p85-L5-rep22-seed200022-v2
[5565/6120] A-kem1024-gilbert-prr0p85-L5-rep23-seed200023-v1
[5566/6120] A-kem1024-gilbert-prr0p85-L5-rep23-seed200023-v2
[5567/6120] A-kem1024-gilbert-prr0p85-L5-rep24-seed200024-v1
[5568/6120] A-kem1024-gilbert-prr0p85-L5-rep24-seed200024-v2
[5569/6120] A-kem1024-gilbert-prr0p85-L5-rep25-seed200025-v1
[5570/6120] A-kem1024-gilbert-prr0p85-L5-rep25-seed200025-v2
[5571/6120] A-kem1024-gilbert-prr0p85-L5-rep26-seed200026-v1
[5572/6120] A-kem1024-gilbert-prr0p85-L5-rep26-seed200026-v2
[5573/6120] A-kem1024-gilbert-prr0p85-L5-rep27-seed200027-v1
[5574/6120] A-kem1024-gilbert-prr0p85-L5-rep27-seed200027-v2
[5575/6120] A-kem1024-gilbert-prr0p85-L5-rep28-seed200028-v1
[5576/6120] A-kem1024-gilbert-prr0p85-L5-rep28-seed200028-v2
[5577/6120] A-kem1024-gilbert-prr0p85-L5-rep29-seed200029-v1
[5578/6120] A-kem1024-gilbert-prr0p85-L5-rep29-seed200029-v2
[5579/6120] A-kem1024-gilbert-prr0p85-L5-rep30-seed200030-v1
[5580/6120] A-kem1024-gilbert-prr0p85-L5-rep30-seed200030-v2
[5581/6120] B-kem1024-gilbert-prr0p85-L5-loss1-rep01-seed200001-v3
[5582/6120] B-kem1024-gilbert-prr0p85-L5-loss1-rep01-seed200001-v4
[5583/6120] B-kem1024-gilbert-prr0p85-L5-loss1-rep02-seed200002-v3
[5584/6120] B-kem1024-gilbert-prr0p85-L5-loss1-rep02-seed200002-v4
[5585/6120] B-kem1024-gilbert-prr0p85-L5-loss1-rep03-seed200003-v3
[5586/6120] B-kem1024-gilbert-prr0p85-L5-loss1-rep03-seed200003-v4
[5587/6120] B-kem1024-gilbert-prr0p85-L5-loss1-rep04-seed200004-v3
[5588/6120] B-kem1024-gilbert-prr0p85-L5-loss1-rep04-seed200004-v4
[5589/6120] B-kem1024-gilbert-prr0p85-L5-loss1-rep05-seed200005-v3
[5590/6120] B-kem1024-gilbert-prr0p85-L5-loss1-rep05-seed200005-v4
[5591/6120] B-kem1024-gilbert-prr0p85-L5-loss1-rep06-seed200006-v3
[5592/6120] B-kem1024-gilbert-prr0p85-L5-loss1-rep06-seed200006-v4
[5593/6120] B-kem1024-gilbert-prr0p85-L5-loss1-rep07-seed200007-v3
[5594/6120] B-kem1024-gilbert-prr0p85-L5-loss1-rep07-seed200007-v4
[5595/6120] B-kem1024-gilbert-prr0p85-L5-loss1-rep08-seed200008-v3
[5596/6120] B-kem1024-gilbert-prr0p85-L5-loss1-rep08-seed200008-v4
[5597/6120] B-kem1024-gilbert-prr0p85-L5-loss1-rep09-seed200009-v3
[5598/6120] B-kem1024-gilbert-prr0p85-L5-loss1-rep09-seed200009-v4
[5599/6120] B-kem1024-gilbert-prr0p85-L5-loss1-rep10-seed200010-v3
[5600/6120] B-kem1024-gilbert-prr0p85-L5-loss1-rep10-seed200010-v4
[5601/6120] B-kem1024-gilbert-prr0p85-L5-loss1-rep11-seed200011-v3
[5602/6120] B-kem1024-gilbert-prr0p85-L5-loss1-rep11-seed200011-v4
[5603/6120] B-kem1024-gilbert-prr0p85-L5-loss1-rep12-seed200012-v3
[5604/6120] B-kem1024-gilbert-prr0p85-L5-loss1-rep12-seed200012-v4
[5605/6120] B-kem1024-gilbert-prr0p85-L5-loss1-rep13-seed200013-v3
[5606/6120] B-kem1024-gilbert-prr0p85-L5-loss1-rep13-seed200013-v4
[5607/6120] B-kem1024-gilbert-prr0p85-L5-loss1-rep14-seed200014-v3
[5608/6120] B-kem1024-gilbert-prr0p85-L5-loss1-rep14-seed200014-v4
[5609/6120] B-kem1024-gilbert-prr0p85-L5-loss1-rep15-seed200015-v3
[5610/6120] B-kem1024-gilbert-prr0p85-L5-loss1-rep15-seed200015-v4
[5611/6120] B-kem1024-gilbert-prr0p85-L5-loss1-rep16-seed200016-v3
[5612/6120] B-kem1024-gilbert-prr0p85-L5-loss1-rep16-seed200016-v4
[5613/6120] B-kem1024-gilbert-prr0p85-L5-loss1-rep17-seed200017-v3
[5614/6120] B-kem1024-gilbert-prr0p85-L5-loss1-rep17-seed200017-v4
[5615/6120] B-kem1024-gilbert-prr0p85-L5-loss1-rep18-seed200018-v3
[5616/6120] B-kem1024-gilbert-prr0p85-L5-loss1-rep18-seed200018-v4
[5617/6120] B-kem1024-gilbert-prr0p85-L5-loss1-rep19-seed200019-v3
[5618/6120] B-kem1024-gilbert-prr0p85-L5-loss1-rep19-seed200019-v4
[5619/6120] B-kem1024-gilbert-prr0p85-L5-loss1-rep20-seed200020-v3
[5620/6120] B-kem1024-gilbert-prr0p85-L5-loss1-rep20-seed200020-v4
[5621/6120] B-kem1024-gilbert-prr0p85-L5-loss1-rep21-seed200021-v3
[5622/6120] B-kem1024-gilbert-prr0p85-L5-loss1-rep21-seed200021-v4
[5623/6120] B-kem1024-gilbert-prr0p85-L5-loss1-rep22-seed200022-v3
[5624/6120] B-kem1024-gilbert-prr0p85-L5-loss1-rep22-seed200022-v4
[5625/6120] B-kem1024-gilbert-prr0p85-L5-loss1-rep23-seed200023-v3
[5626/6120] B-kem1024-gilbert-prr0p85-L5-loss1-rep23-seed200023-v4
[5627/6120] B-kem1024-gilbert-prr0p85-L5-loss1-rep24-seed200024-v3
[5628/6120] B-kem1024-gilbert-prr0p85-L5-loss1-rep24-seed200024-v4
[5629/6120] B-kem1024-gilbert-prr0p85-L5-loss1-rep25-seed200025-v3
[5630/6120] B-kem1024-gilbert-prr0p85-L5-loss1-rep25-seed200025-v4
[5631/6120] B-kem1024-gilbert-prr0p85-L5-loss1-rep26-seed200026-v3
[5632/6120] B-kem1024-gilbert-prr0p85-L5-loss1-rep26-seed200026-v4
[5633/6120] B-kem1024-gilbert-prr0p85-L5-loss1-rep27-seed200027-v3
[5634/6120] B-kem1024-gilbert-prr0p85-L5-loss1-rep27-seed200027-v4
[5635/6120] B-kem1024-gilbert-prr0p85-L5-loss1-rep28-seed200028-v3
[5636/6120] B-kem1024-gilbert-prr0p85-L5-loss1-rep28-seed200028-v4
[5637/6120] B-kem1024-gilbert-prr0p85-L5-loss1-rep29-seed200029-v3
[5638/6120] B-kem1024-gilbert-prr0p85-L5-loss1-rep29-seed200029-v4
[5639/6120] B-kem1024-gilbert-prr0p85-L5-loss1-rep30-seed200030-v3
[5640/6120] B-kem1024-gilbert-prr0p85-L5-loss1-rep30-seed200030-v4
[5641/6120] A-kem1024-gilbert-prr0p85-L10-rep01-seed200001-v1
[5642/6120] A-kem1024-gilbert-prr0p85-L10-rep01-seed200001-v2
[5643/6120] A-kem1024-gilbert-prr0p85-L10-rep02-seed200002-v1
[5644/6120] A-kem1024-gilbert-prr0p85-L10-rep02-seed200002-v2
[5645/6120] A-kem1024-gilbert-prr0p85-L10-rep03-seed200003-v1
[5646/6120] A-kem1024-gilbert-prr0p85-L10-rep03-seed200003-v2
[5647/6120] A-kem1024-gilbert-prr0p85-L10-rep04-seed200004-v1
[5648/6120] A-kem1024-gilbert-prr0p85-L10-rep04-seed200004-v2
[5649/6120] A-kem1024-gilbert-prr0p85-L10-rep05-seed200005-v1
[5650/6120] A-kem1024-gilbert-prr0p85-L10-rep05-seed200005-v2
[5651/6120] A-kem1024-gilbert-prr0p85-L10-rep06-seed200006-v1
[5652/6120] A-kem1024-gilbert-prr0p85-L10-rep06-seed200006-v2
[5653/6120] A-kem1024-gilbert-prr0p85-L10-rep07-seed200007-v1
[5654/6120] A-kem1024-gilbert-prr0p85-L10-rep07-seed200007-v2
[5655/6120] A-kem1024-gilbert-prr0p85-L10-rep08-seed200008-v1
[5656/6120] A-kem1024-gilbert-prr0p85-L10-rep08-seed200008-v2
[5657/6120] A-kem1024-gilbert-prr0p85-L10-rep09-seed200009-v1
[5658/6120] A-kem1024-gilbert-prr0p85-L10-rep09-seed200009-v2
[5659/6120] A-kem1024-gilbert-prr0p85-L10-rep10-seed200010-v1
[5660/6120] A-kem1024-gilbert-prr0p85-L10-rep10-seed200010-v2
[5661/6120] A-kem1024-gilbert-prr0p85-L10-rep11-seed200011-v1
[5662/6120] A-kem1024-gilbert-prr0p85-L10-rep11-seed200011-v2
[5663/6120] A-kem1024-gilbert-prr0p85-L10-rep12-seed200012-v1
[5664/6120] A-kem1024-gilbert-prr0p85-L10-rep12-seed200012-v2
[5665/6120] A-kem1024-gilbert-prr0p85-L10-rep13-seed200013-v1
[5666/6120] A-kem1024-gilbert-prr0p85-L10-rep13-seed200013-v2
[5667/6120] A-kem1024-gilbert-prr0p85-L10-rep14-seed200014-v1
[5668/6120] A-kem1024-gilbert-prr0p85-L10-rep14-seed200014-v2
[5669/6120] A-kem1024-gilbert-prr0p85-L10-rep15-seed200015-v1
[5670/6120] A-kem1024-gilbert-prr0p85-L10-rep15-seed200015-v2
[5671/6120] A-kem1024-gilbert-prr0p85-L10-rep16-seed200016-v1
[5672/6120] A-kem1024-gilbert-prr0p85-L10-rep16-seed200016-v2
[5673/6120] A-kem1024-gilbert-prr0p85-L10-rep17-seed200017-v1
[5674/6120] A-kem1024-gilbert-prr0p85-L10-rep17-seed200017-v2
[5675/6120] A-kem1024-gilbert-prr0p85-L10-rep18-seed200018-v1
[5676/6120] A-kem1024-gilbert-prr0p85-L10-rep18-seed200018-v2
[5677/6120] A-kem1024-gilbert-prr0p85-L10-rep19-seed200019-v1
[5678/6120] A-kem1024-gilbert-prr0p85-L10-rep19-seed200019-v2
[5679/6120] A-kem1024-gilbert-prr0p85-L10-rep20-seed200020-v1
[5680/6120] A-kem1024-gilbert-prr0p85-L10-rep20-seed200020-v2
[5681/6120] A-kem1024-gilbert-prr0p85-L10-rep21-seed200021-v1
[5682/6120] A-kem1024-gilbert-prr0p85-L10-rep21-seed200021-v2
[5683/6120] A-kem1024-gilbert-prr0p85-L10-rep22-seed200022-v1
[5684/6120] A-kem1024-gilbert-prr0p85-L10-rep22-seed200022-v2
[5685/6120] A-kem1024-gilbert-prr0p85-L10-rep23-seed200023-v1
[5686/6120] A-kem1024-gilbert-prr0p85-L10-rep23-seed200023-v2
[5687/6120] A-kem1024-gilbert-prr0p85-L10-rep24-seed200024-v1
[5688/6120] A-kem1024-gilbert-prr0p85-L10-rep24-seed200024-v2
[5689/6120] A-kem1024-gilbert-prr0p85-L10-rep25-seed200025-v1
[5690/6120] A-kem1024-gilbert-prr0p85-L10-rep25-seed200025-v2
[5691/6120] A-kem1024-gilbert-prr0p85-L10-rep26-seed200026-v1
[5692/6120] A-kem1024-gilbert-prr0p85-L10-rep26-seed200026-v2
[5693/6120] A-kem1024-gilbert-prr0p85-L10-rep27-seed200027-v1
[5694/6120] A-kem1024-gilbert-prr0p85-L10-rep27-seed200027-v2
[5695/6120] A-kem1024-gilbert-prr0p85-L10-rep28-seed200028-v1
[5696/6120] A-kem1024-gilbert-prr0p85-L10-rep28-seed200028-v2
[5697/6120] A-kem1024-gilbert-prr0p85-L10-rep29-seed200029-v1
[5698/6120] A-kem1024-gilbert-prr0p85-L10-rep29-seed200029-v2
[5699/6120] A-kem1024-gilbert-prr0p85-L10-rep30-seed200030-v1
[5700/6120] A-kem1024-gilbert-prr0p85-L10-rep30-seed200030-v2
[5701/6120] B-kem1024-gilbert-prr0p85-L10-loss1-rep01-seed200001-v3
[5702/6120] B-kem1024-gilbert-prr0p85-L10-loss1-rep01-seed200001-v4
[5703/6120] B-kem1024-gilbert-prr0p85-L10-loss1-rep02-seed200002-v3
[5704/6120] B-kem1024-gilbert-prr0p85-L10-loss1-rep02-seed200002-v4
[5705/6120] B-kem1024-gilbert-prr0p85-L10-loss1-rep03-seed200003-v3
[5706/6120] B-kem1024-gilbert-prr0p85-L10-loss1-rep03-seed200003-v4
[5707/6120] B-kem1024-gilbert-prr0p85-L10-loss1-rep04-seed200004-v3
[5708/6120] B-kem1024-gilbert-prr0p85-L10-loss1-rep04-seed200004-v4
[5709/6120] B-kem1024-gilbert-prr0p85-L10-loss1-rep05-seed200005-v3
[5710/6120] B-kem1024-gilbert-prr0p85-L10-loss1-rep05-seed200005-v4
[5711/6120] B-kem1024-gilbert-prr0p85-L10-loss1-rep06-seed200006-v3
[5712/6120] B-kem1024-gilbert-prr0p85-L10-loss1-rep06-seed200006-v4
[5713/6120] B-kem1024-gilbert-prr0p85-L10-loss1-rep07-seed200007-v3
[5714/6120] B-kem1024-gilbert-prr0p85-L10-loss1-rep07-seed200007-v4
[5715/6120] B-kem1024-gilbert-prr0p85-L10-loss1-rep08-seed200008-v3
[5716/6120] B-kem1024-gilbert-prr0p85-L10-loss1-rep08-seed200008-v4
[5717/6120] B-kem1024-gilbert-prr0p85-L10-loss1-rep09-seed200009-v3
[5718/6120] B-kem1024-gilbert-prr0p85-L10-loss1-rep09-seed200009-v4
[5719/6120] B-kem1024-gilbert-prr0p85-L10-loss1-rep10-seed200010-v3
[5720/6120] B-kem1024-gilbert-prr0p85-L10-loss1-rep10-seed200010-v4
[5721/6120] B-kem1024-gilbert-prr0p85-L10-loss1-rep11-seed200011-v3
[5722/6120] B-kem1024-gilbert-prr0p85-L10-loss1-rep11-seed200011-v4
[5723/6120] B-kem1024-gilbert-prr0p85-L10-loss1-rep12-seed200012-v3
[5724/6120] B-kem1024-gilbert-prr0p85-L10-loss1-rep12-seed200012-v4
[5725/6120] B-kem1024-gilbert-prr0p85-L10-loss1-rep13-seed200013-v3
[5726/6120] B-kem1024-gilbert-prr0p85-L10-loss1-rep13-seed200013-v4
[5727/6120] B-kem1024-gilbert-prr0p85-L10-loss1-rep14-seed200014-v3
[5728/6120] B-kem1024-gilbert-prr0p85-L10-loss1-rep14-seed200014-v4
[5729/6120] B-kem1024-gilbert-prr0p85-L10-loss1-rep15-seed200015-v3
[5730/6120] B-kem1024-gilbert-prr0p85-L10-loss1-rep15-seed200015-v4
[5731/6120] B-kem1024-gilbert-prr0p85-L10-loss1-rep16-seed200016-v3
[5732/6120] B-kem1024-gilbert-prr0p85-L10-loss1-rep16-seed200016-v4
[5733/6120] B-kem1024-gilbert-prr0p85-L10-loss1-rep17-seed200017-v3
[5734/6120] B-kem1024-gilbert-prr0p85-L10-loss1-rep17-seed200017-v4
[5735/6120] B-kem1024-gilbert-prr0p85-L10-loss1-rep18-seed200018-v3
[5736/6120] B-kem1024-gilbert-prr0p85-L10-loss1-rep18-seed200018-v4
[5737/6120] B-kem1024-gilbert-prr0p85-L10-loss1-rep19-seed200019-v3
[5738/6120] B-kem1024-gilbert-prr0p85-L10-loss1-rep19-seed200019-v4
[5739/6120] B-kem1024-gilbert-prr0p85-L10-loss1-rep20-seed200020-v3
[5740/6120] B-kem1024-gilbert-prr0p85-L10-loss1-rep20-seed200020-v4
[5741/6120] B-kem1024-gilbert-prr0p85-L10-loss1-rep21-seed200021-v3
[5742/6120] B-kem1024-gilbert-prr0p85-L10-loss1-rep21-seed200021-v4
[5743/6120] B-kem1024-gilbert-prr0p85-L10-loss1-rep22-seed200022-v3
[5744/6120] B-kem1024-gilbert-prr0p85-L10-loss1-rep22-seed200022-v4
[5745/6120] B-kem1024-gilbert-prr0p85-L10-loss1-rep23-seed200023-v3
[5746/6120] B-kem1024-gilbert-prr0p85-L10-loss1-rep23-seed200023-v4
[5747/6120] B-kem1024-gilbert-prr0p85-L10-loss1-rep24-seed200024-v3
[5748/6120] B-kem1024-gilbert-prr0p85-L10-loss1-rep24-seed200024-v4
[5749/6120] B-kem1024-gilbert-prr0p85-L10-loss1-rep25-seed200025-v3
[5750/6120] B-kem1024-gilbert-prr0p85-L10-loss1-rep25-seed200025-v4
[5751/6120] B-kem1024-gilbert-prr0p85-L10-loss1-rep26-seed200026-v3
[5752/6120] B-kem1024-gilbert-prr0p85-L10-loss1-rep26-seed200026-v4
[5753/6120] B-kem1024-gilbert-prr0p85-L10-loss1-rep27-seed200027-v3
[5754/6120] B-kem1024-gilbert-prr0p85-L10-loss1-rep27-seed200027-v4
[5755/6120] B-kem1024-gilbert-prr0p85-L10-loss1-rep28-seed200028-v3
[5756/6120] B-kem1024-gilbert-prr0p85-L10-loss1-rep28-seed200028-v4
[5757/6120] B-kem1024-gilbert-prr0p85-L10-loss1-rep29-seed200029-v3
[5758/6120] B-kem1024-gilbert-prr0p85-L10-loss1-rep29-seed200029-v4
[5759/6120] B-kem1024-gilbert-prr0p85-L10-loss1-rep30-seed200030-v3
[5760/6120] B-kem1024-gilbert-prr0p85-L10-loss1-rep30-seed200030-v4
[5761/6120] A-kem1024-gilbert-prr0p50-L2-rep01-seed200001-v1
[5762/6120] A-kem1024-gilbert-prr0p50-L2-rep01-seed200001-v2
[5763/6120] A-kem1024-gilbert-prr0p50-L2-rep02-seed200002-v1
[5764/6120] A-kem1024-gilbert-prr0p50-L2-rep02-seed200002-v2
[5765/6120] A-kem1024-gilbert-prr0p50-L2-rep03-seed200003-v1
[5766/6120] A-kem1024-gilbert-prr0p50-L2-rep03-seed200003-v2
[5767/6120] A-kem1024-gilbert-prr0p50-L2-rep04-seed200004-v1
[5768/6120] A-kem1024-gilbert-prr0p50-L2-rep04-seed200004-v2
[5769/6120] A-kem1024-gilbert-prr0p50-L2-rep05-seed200005-v1
[5770/6120] A-kem1024-gilbert-prr0p50-L2-rep05-seed200005-v2
[5771/6120] A-kem1024-gilbert-prr0p50-L2-rep06-seed200006-v1
[5772/6120] A-kem1024-gilbert-prr0p50-L2-rep06-seed200006-v2
[5773/6120] A-kem1024-gilbert-prr0p50-L2-rep07-seed200007-v1
[5774/6120] A-kem1024-gilbert-prr0p50-L2-rep07-seed200007-v2
[5775/6120] A-kem1024-gilbert-prr0p50-L2-rep08-seed200008-v1
[5776/6120] A-kem1024-gilbert-prr0p50-L2-rep08-seed200008-v2
[5777/6120] A-kem1024-gilbert-prr0p50-L2-rep09-seed200009-v1
[5778/6120] A-kem1024-gilbert-prr0p50-L2-rep09-seed200009-v2
[5779/6120] A-kem1024-gilbert-prr0p50-L2-rep10-seed200010-v1
[5780/6120] A-kem1024-gilbert-prr0p50-L2-rep10-seed200010-v2
[5781/6120] A-kem1024-gilbert-prr0p50-L2-rep11-seed200011-v1
[5782/6120] A-kem1024-gilbert-prr0p50-L2-rep11-seed200011-v2
[5783/6120] A-kem1024-gilbert-prr0p50-L2-rep12-seed200012-v1
[5784/6120] A-kem1024-gilbert-prr0p50-L2-rep12-seed200012-v2
[5785/6120] A-kem1024-gilbert-prr0p50-L2-rep13-seed200013-v1
[5786/6120] A-kem1024-gilbert-prr0p50-L2-rep13-seed200013-v2
[5787/6120] A-kem1024-gilbert-prr0p50-L2-rep14-seed200014-v1
[5788/6120] A-kem1024-gilbert-prr0p50-L2-rep14-seed200014-v2
[5789/6120] A-kem1024-gilbert-prr0p50-L2-rep15-seed200015-v1
[5790/6120] A-kem1024-gilbert-prr0p50-L2-rep15-seed200015-v2
[5791/6120] A-kem1024-gilbert-prr0p50-L2-rep16-seed200016-v1
[5792/6120] A-kem1024-gilbert-prr0p50-L2-rep16-seed200016-v2
[5793/6120] A-kem1024-gilbert-prr0p50-L2-rep17-seed200017-v1
[5794/6120] A-kem1024-gilbert-prr0p50-L2-rep17-seed200017-v2
[5795/6120] A-kem1024-gilbert-prr0p50-L2-rep18-seed200018-v1
[5796/6120] A-kem1024-gilbert-prr0p50-L2-rep18-seed200018-v2
[5797/6120] A-kem1024-gilbert-prr0p50-L2-rep19-seed200019-v1
[5798/6120] A-kem1024-gilbert-prr0p50-L2-rep19-seed200019-v2
[5799/6120] A-kem1024-gilbert-prr0p50-L2-rep20-seed200020-v1
[5800/6120] A-kem1024-gilbert-prr0p50-L2-rep20-seed200020-v2
[5801/6120] A-kem1024-gilbert-prr0p50-L2-rep21-seed200021-v1
[5802/6120] A-kem1024-gilbert-prr0p50-L2-rep21-seed200021-v2
[5803/6120] A-kem1024-gilbert-prr0p50-L2-rep22-seed200022-v1
[5804/6120] A-kem1024-gilbert-prr0p50-L2-rep22-seed200022-v2
[5805/6120] A-kem1024-gilbert-prr0p50-L2-rep23-seed200023-v1
[5806/6120] A-kem1024-gilbert-prr0p50-L2-rep23-seed200023-v2
[5807/6120] A-kem1024-gilbert-prr0p50-L2-rep24-seed200024-v1
[5808/6120] A-kem1024-gilbert-prr0p50-L2-rep24-seed200024-v2
[5809/6120] A-kem1024-gilbert-prr0p50-L2-rep25-seed200025-v1
[5810/6120] A-kem1024-gilbert-prr0p50-L2-rep25-seed200025-v2
[5811/6120] A-kem1024-gilbert-prr0p50-L2-rep26-seed200026-v1
[5812/6120] A-kem1024-gilbert-prr0p50-L2-rep26-seed200026-v2
[5813/6120] A-kem1024-gilbert-prr0p50-L2-rep27-seed200027-v1
[5814/6120] A-kem1024-gilbert-prr0p50-L2-rep27-seed200027-v2
[5815/6120] A-kem1024-gilbert-prr0p50-L2-rep28-seed200028-v1
[5816/6120] A-kem1024-gilbert-prr0p50-L2-rep28-seed200028-v2
[5817/6120] A-kem1024-gilbert-prr0p50-L2-rep29-seed200029-v1
[5818/6120] A-kem1024-gilbert-prr0p50-L2-rep29-seed200029-v2
[5819/6120] A-kem1024-gilbert-prr0p50-L2-rep30-seed200030-v1
[5820/6120] A-kem1024-gilbert-prr0p50-L2-rep30-seed200030-v2
[5821/6120] B-kem1024-gilbert-prr0p50-L2-loss1-rep01-seed200001-v3
[5822/6120] B-kem1024-gilbert-prr0p50-L2-loss1-rep01-seed200001-v4
[5823/6120] B-kem1024-gilbert-prr0p50-L2-loss1-rep02-seed200002-v3
[5824/6120] B-kem1024-gilbert-prr0p50-L2-loss1-rep02-seed200002-v4
[5825/6120] B-kem1024-gilbert-prr0p50-L2-loss1-rep03-seed200003-v3
[5826/6120] B-kem1024-gilbert-prr0p50-L2-loss1-rep03-seed200003-v4
[5827/6120] B-kem1024-gilbert-prr0p50-L2-loss1-rep04-seed200004-v3
[5828/6120] B-kem1024-gilbert-prr0p50-L2-loss1-rep04-seed200004-v4
[5829/6120] B-kem1024-gilbert-prr0p50-L2-loss1-rep05-seed200005-v3
[5830/6120] B-kem1024-gilbert-prr0p50-L2-loss1-rep05-seed200005-v4
[5831/6120] B-kem1024-gilbert-prr0p50-L2-loss1-rep06-seed200006-v3
[5832/6120] B-kem1024-gilbert-prr0p50-L2-loss1-rep06-seed200006-v4
[5833/6120] B-kem1024-gilbert-prr0p50-L2-loss1-rep07-seed200007-v3
[5834/6120] B-kem1024-gilbert-prr0p50-L2-loss1-rep07-seed200007-v4
[5835/6120] B-kem1024-gilbert-prr0p50-L2-loss1-rep08-seed200008-v3
[5836/6120] B-kem1024-gilbert-prr0p50-L2-loss1-rep08-seed200008-v4
[5837/6120] B-kem1024-gilbert-prr0p50-L2-loss1-rep09-seed200009-v3
[5838/6120] B-kem1024-gilbert-prr0p50-L2-loss1-rep09-seed200009-v4
[5839/6120] B-kem1024-gilbert-prr0p50-L2-loss1-rep10-seed200010-v3
[5840/6120] B-kem1024-gilbert-prr0p50-L2-loss1-rep10-seed200010-v4
[5841/6120] B-kem1024-gilbert-prr0p50-L2-loss1-rep11-seed200011-v3
[5842/6120] B-kem1024-gilbert-prr0p50-L2-loss1-rep11-seed200011-v4
[5843/6120] B-kem1024-gilbert-prr0p50-L2-loss1-rep12-seed200012-v3
[5844/6120] B-kem1024-gilbert-prr0p50-L2-loss1-rep12-seed200012-v4
[5845/6120] B-kem1024-gilbert-prr0p50-L2-loss1-rep13-seed200013-v3
[5846/6120] B-kem1024-gilbert-prr0p50-L2-loss1-rep13-seed200013-v4
[5847/6120] B-kem1024-gilbert-prr0p50-L2-loss1-rep14-seed200014-v3
[5848/6120] B-kem1024-gilbert-prr0p50-L2-loss1-rep14-seed200014-v4
[5849/6120] B-kem1024-gilbert-prr0p50-L2-loss1-rep15-seed200015-v3
[5850/6120] B-kem1024-gilbert-prr0p50-L2-loss1-rep15-seed200015-v4
[5851/6120] B-kem1024-gilbert-prr0p50-L2-loss1-rep16-seed200016-v3
[5852/6120] B-kem1024-gilbert-prr0p50-L2-loss1-rep16-seed200016-v4
[5853/6120] B-kem1024-gilbert-prr0p50-L2-loss1-rep17-seed200017-v3
[5854/6120] B-kem1024-gilbert-prr0p50-L2-loss1-rep17-seed200017-v4
[5855/6120] B-kem1024-gilbert-prr0p50-L2-loss1-rep18-seed200018-v3
[5856/6120] B-kem1024-gilbert-prr0p50-L2-loss1-rep18-seed200018-v4
[5857/6120] B-kem1024-gilbert-prr0p50-L2-loss1-rep19-seed200019-v3
[5858/6120] B-kem1024-gilbert-prr0p50-L2-loss1-rep19-seed200019-v4
[5859/6120] B-kem1024-gilbert-prr0p50-L2-loss1-rep20-seed200020-v3
[5860/6120] B-kem1024-gilbert-prr0p50-L2-loss1-rep20-seed200020-v4
[5861/6120] B-kem1024-gilbert-prr0p50-L2-loss1-rep21-seed200021-v3
[5862/6120] B-kem1024-gilbert-prr0p50-L2-loss1-rep21-seed200021-v4
[5863/6120] B-kem1024-gilbert-prr0p50-L2-loss1-rep22-seed200022-v3
[5864/6120] B-kem1024-gilbert-prr0p50-L2-loss1-rep22-seed200022-v4
[5865/6120] B-kem1024-gilbert-prr0p50-L2-loss1-rep23-seed200023-v3
[5866/6120] B-kem1024-gilbert-prr0p50-L2-loss1-rep23-seed200023-v4
[5867/6120] B-kem1024-gilbert-prr0p50-L2-loss1-rep24-seed200024-v3
[5868/6120] B-kem1024-gilbert-prr0p50-L2-loss1-rep24-seed200024-v4
[5869/6120] B-kem1024-gilbert-prr0p50-L2-loss1-rep25-seed200025-v3
[5870/6120] B-kem1024-gilbert-prr0p50-L2-loss1-rep25-seed200025-v4
[5871/6120] B-kem1024-gilbert-prr0p50-L2-loss1-rep26-seed200026-v3
[5872/6120] B-kem1024-gilbert-prr0p50-L2-loss1-rep26-seed200026-v4
[5873/6120] B-kem1024-gilbert-prr0p50-L2-loss1-rep27-seed200027-v3
[5874/6120] B-kem1024-gilbert-prr0p50-L2-loss1-rep27-seed200027-v4
[5875/6120] B-kem1024-gilbert-prr0p50-L2-loss1-rep28-seed200028-v3
[5876/6120] B-kem1024-gilbert-prr0p50-L2-loss1-rep28-seed200028-v4
[5877/6120] B-kem1024-gilbert-prr0p50-L2-loss1-rep29-seed200029-v3
[5878/6120] B-kem1024-gilbert-prr0p50-L2-loss1-rep29-seed200029-v4
[5879/6120] B-kem1024-gilbert-prr0p50-L2-loss1-rep30-seed200030-v3
[5880/6120] B-kem1024-gilbert-prr0p50-L2-loss1-rep30-seed200030-v4
[5881/6120] A-kem1024-gilbert-prr0p50-L5-rep01-seed200001-v1
[5882/6120] A-kem1024-gilbert-prr0p50-L5-rep01-seed200001-v2
[5883/6120] A-kem1024-gilbert-prr0p50-L5-rep02-seed200002-v1
[5884/6120] A-kem1024-gilbert-prr0p50-L5-rep02-seed200002-v2
[5885/6120] A-kem1024-gilbert-prr0p50-L5-rep03-seed200003-v1
[5886/6120] A-kem1024-gilbert-prr0p50-L5-rep03-seed200003-v2
[5887/6120] A-kem1024-gilbert-prr0p50-L5-rep04-seed200004-v1
[5888/6120] A-kem1024-gilbert-prr0p50-L5-rep04-seed200004-v2
[5889/6120] A-kem1024-gilbert-prr0p50-L5-rep05-seed200005-v1
[5890/6120] A-kem1024-gilbert-prr0p50-L5-rep05-seed200005-v2
[5891/6120] A-kem1024-gilbert-prr0p50-L5-rep06-seed200006-v1
[5892/6120] A-kem1024-gilbert-prr0p50-L5-rep06-seed200006-v2
[5893/6120] A-kem1024-gilbert-prr0p50-L5-rep07-seed200007-v1
[5894/6120] A-kem1024-gilbert-prr0p50-L5-rep07-seed200007-v2
[5895/6120] A-kem1024-gilbert-prr0p50-L5-rep08-seed200008-v1
[5896/6120] A-kem1024-gilbert-prr0p50-L5-rep08-seed200008-v2
[5897/6120] A-kem1024-gilbert-prr0p50-L5-rep09-seed200009-v1
[5898/6120] A-kem1024-gilbert-prr0p50-L5-rep09-seed200009-v2
[5899/6120] A-kem1024-gilbert-prr0p50-L5-rep10-seed200010-v1
[5900/6120] A-kem1024-gilbert-prr0p50-L5-rep10-seed200010-v2
[5901/6120] A-kem1024-gilbert-prr0p50-L5-rep11-seed200011-v1
[5902/6120] A-kem1024-gilbert-prr0p50-L5-rep11-seed200011-v2
[5903/6120] A-kem1024-gilbert-prr0p50-L5-rep12-seed200012-v1
[5904/6120] A-kem1024-gilbert-prr0p50-L5-rep12-seed200012-v2
[5905/6120] A-kem1024-gilbert-prr0p50-L5-rep13-seed200013-v1
[5906/6120] A-kem1024-gilbert-prr0p50-L5-rep13-seed200013-v2
[5907/6120] A-kem1024-gilbert-prr0p50-L5-rep14-seed200014-v1
[5908/6120] A-kem1024-gilbert-prr0p50-L5-rep14-seed200014-v2
[5909/6120] A-kem1024-gilbert-prr0p50-L5-rep15-seed200015-v1
[5910/6120] A-kem1024-gilbert-prr0p50-L5-rep15-seed200015-v2
[5911/6120] A-kem1024-gilbert-prr0p50-L5-rep16-seed200016-v1
[5912/6120] A-kem1024-gilbert-prr0p50-L5-rep16-seed200016-v2
[5913/6120] A-kem1024-gilbert-prr0p50-L5-rep17-seed200017-v1
[5914/6120] A-kem1024-gilbert-prr0p50-L5-rep17-seed200017-v2
[5915/6120] A-kem1024-gilbert-prr0p50-L5-rep18-seed200018-v1
[5916/6120] A-kem1024-gilbert-prr0p50-L5-rep18-seed200018-v2
[5917/6120] A-kem1024-gilbert-prr0p50-L5-rep19-seed200019-v1
[5918/6120] A-kem1024-gilbert-prr0p50-L5-rep19-seed200019-v2
[5919/6120] A-kem1024-gilbert-prr0p50-L5-rep20-seed200020-v1
[5920/6120] A-kem1024-gilbert-prr0p50-L5-rep20-seed200020-v2
[5921/6120] A-kem1024-gilbert-prr0p50-L5-rep21-seed200021-v1
[5922/6120] A-kem1024-gilbert-prr0p50-L5-rep21-seed200021-v2
[5923/6120] A-kem1024-gilbert-prr0p50-L5-rep22-seed200022-v1
[5924/6120] A-kem1024-gilbert-prr0p50-L5-rep22-seed200022-v2
[5925/6120] A-kem1024-gilbert-prr0p50-L5-rep23-seed200023-v1
[5926/6120] A-kem1024-gilbert-prr0p50-L5-rep23-seed200023-v2
[5927/6120] A-kem1024-gilbert-prr0p50-L5-rep24-seed200024-v1
[5928/6120] A-kem1024-gilbert-prr0p50-L5-rep24-seed200024-v2
[5929/6120] A-kem1024-gilbert-prr0p50-L5-rep25-seed200025-v1
[5930/6120] A-kem1024-gilbert-prr0p50-L5-rep25-seed200025-v2
[5931/6120] A-kem1024-gilbert-prr0p50-L5-rep26-seed200026-v1
[5932/6120] A-kem1024-gilbert-prr0p50-L5-rep26-seed200026-v2
[5933/6120] A-kem1024-gilbert-prr0p50-L5-rep27-seed200027-v1
[5934/6120] A-kem1024-gilbert-prr0p50-L5-rep27-seed200027-v2
[5935/6120] A-kem1024-gilbert-prr0p50-L5-rep28-seed200028-v1
[5936/6120] A-kem1024-gilbert-prr0p50-L5-rep28-seed200028-v2
[5937/6120] A-kem1024-gilbert-prr0p50-L5-rep29-seed200029-v1
[5938/6120] A-kem1024-gilbert-prr0p50-L5-rep29-seed200029-v2
[5939/6120] A-kem1024-gilbert-prr0p50-L5-rep30-seed200030-v1
[5940/6120] A-kem1024-gilbert-prr0p50-L5-rep30-seed200030-v2
[5941/6120] B-kem1024-gilbert-prr0p50-L5-loss1-rep01-seed200001-v3
[5942/6120] B-kem1024-gilbert-prr0p50-L5-loss1-rep01-seed200001-v4
[5943/6120] B-kem1024-gilbert-prr0p50-L5-loss1-rep02-seed200002-v3
[5944/6120] B-kem1024-gilbert-prr0p50-L5-loss1-rep02-seed200002-v4
[5945/6120] B-kem1024-gilbert-prr0p50-L5-loss1-rep03-seed200003-v3
[5946/6120] B-kem1024-gilbert-prr0p50-L5-loss1-rep03-seed200003-v4
[5947/6120] B-kem1024-gilbert-prr0p50-L5-loss1-rep04-seed200004-v3
[5948/6120] B-kem1024-gilbert-prr0p50-L5-loss1-rep04-seed200004-v4
[5949/6120] B-kem1024-gilbert-prr0p50-L5-loss1-rep05-seed200005-v3
[5950/6120] B-kem1024-gilbert-prr0p50-L5-loss1-rep05-seed200005-v4
[5951/6120] B-kem1024-gilbert-prr0p50-L5-loss1-rep06-seed200006-v3
[5952/6120] B-kem1024-gilbert-prr0p50-L5-loss1-rep06-seed200006-v4
[5953/6120] B-kem1024-gilbert-prr0p50-L5-loss1-rep07-seed200007-v3
[5954/6120] B-kem1024-gilbert-prr0p50-L5-loss1-rep07-seed200007-v4
[5955/6120] B-kem1024-gilbert-prr0p50-L5-loss1-rep08-seed200008-v3
[5956/6120] B-kem1024-gilbert-prr0p50-L5-loss1-rep08-seed200008-v4
[5957/6120] B-kem1024-gilbert-prr0p50-L5-loss1-rep09-seed200009-v3
[5958/6120] B-kem1024-gilbert-prr0p50-L5-loss1-rep09-seed200009-v4
[5959/6120] B-kem1024-gilbert-prr0p50-L5-loss1-rep10-seed200010-v3
[5960/6120] B-kem1024-gilbert-prr0p50-L5-loss1-rep10-seed200010-v4
[5961/6120] B-kem1024-gilbert-prr0p50-L5-loss1-rep11-seed200011-v3
[5962/6120] B-kem1024-gilbert-prr0p50-L5-loss1-rep11-seed200011-v4
[5963/6120] B-kem1024-gilbert-prr0p50-L5-loss1-rep12-seed200012-v3
[5964/6120] B-kem1024-gilbert-prr0p50-L5-loss1-rep12-seed200012-v4
[5965/6120] B-kem1024-gilbert-prr0p50-L5-loss1-rep13-seed200013-v3
[5966/6120] B-kem1024-gilbert-prr0p50-L5-loss1-rep13-seed200013-v4
[5967/6120] B-kem1024-gilbert-prr0p50-L5-loss1-rep14-seed200014-v3
[5968/6120] B-kem1024-gilbert-prr0p50-L5-loss1-rep14-seed200014-v4
[5969/6120] B-kem1024-gilbert-prr0p50-L5-loss1-rep15-seed200015-v3
[5970/6120] B-kem1024-gilbert-prr0p50-L5-loss1-rep15-seed200015-v4
[5971/6120] B-kem1024-gilbert-prr0p50-L5-loss1-rep16-seed200016-v3
[5972/6120] B-kem1024-gilbert-prr0p50-L5-loss1-rep16-seed200016-v4
[5973/6120] B-kem1024-gilbert-prr0p50-L5-loss1-rep17-seed200017-v3
[5974/6120] B-kem1024-gilbert-prr0p50-L5-loss1-rep17-seed200017-v4
[5975/6120] B-kem1024-gilbert-prr0p50-L5-loss1-rep18-seed200018-v3
[5976/6120] B-kem1024-gilbert-prr0p50-L5-loss1-rep18-seed200018-v4
[5977/6120] B-kem1024-gilbert-prr0p50-L5-loss1-rep19-seed200019-v3
[5978/6120] B-kem1024-gilbert-prr0p50-L5-loss1-rep19-seed200019-v4
[5979/6120] B-kem1024-gilbert-prr0p50-L5-loss1-rep20-seed200020-v3
[5980/6120] B-kem1024-gilbert-prr0p50-L5-loss1-rep20-seed200020-v4
[5981/6120] B-kem1024-gilbert-prr0p50-L5-loss1-rep21-seed200021-v3
[5982/6120] B-kem1024-gilbert-prr0p50-L5-loss1-rep21-seed200021-v4
[5983/6120] B-kem1024-gilbert-prr0p50-L5-loss1-rep22-seed200022-v3
[5984/6120] B-kem1024-gilbert-prr0p50-L5-loss1-rep22-seed200022-v4
[5985/6120] B-kem1024-gilbert-prr0p50-L5-loss1-rep23-seed200023-v3
[5986/6120] B-kem1024-gilbert-prr0p50-L5-loss1-rep23-seed200023-v4
[5987/6120] B-kem1024-gilbert-prr0p50-L5-loss1-rep24-seed200024-v3
[5988/6120] B-kem1024-gilbert-prr0p50-L5-loss1-rep24-seed200024-v4
[5989/6120] B-kem1024-gilbert-prr0p50-L5-loss1-rep25-seed200025-v3
[5990/6120] B-kem1024-gilbert-prr0p50-L5-loss1-rep25-seed200025-v4
[5991/6120] B-kem1024-gilbert-prr0p50-L5-loss1-rep26-seed200026-v3
[5992/6120] B-kem1024-gilbert-prr0p50-L5-loss1-rep26-seed200026-v4
[5993/6120] B-kem1024-gilbert-prr0p50-L5-loss1-rep27-seed200027-v3
[5994/6120] B-kem1024-gilbert-prr0p50-L5-loss1-rep27-seed200027-v4
[5995/6120] B-kem1024-gilbert-prr0p50-L5-loss1-rep28-seed200028-v3
[5996/6120] B-kem1024-gilbert-prr0p50-L5-loss1-rep28-seed200028-v4
[5997/6120] B-kem1024-gilbert-prr0p50-L5-loss1-rep29-seed200029-v3
[5998/6120] B-kem1024-gilbert-prr0p50-L5-loss1-rep29-seed200029-v4
[5999/6120] B-kem1024-gilbert-prr0p50-L5-loss1-rep30-seed200030-v3
[6000/6120] B-kem1024-gilbert-prr0p50-L5-loss1-rep30-seed200030-v4
[6001/6120] A-kem1024-gilbert-prr0p50-L10-rep01-seed200001-v1
[6002/6120] A-kem1024-gilbert-prr0p50-L10-rep01-seed200001-v2
[6003/6120] A-kem1024-gilbert-prr0p50-L10-rep02-seed200002-v1
[6004/6120] A-kem1024-gilbert-prr0p50-L10-rep02-seed200002-v2
[6005/6120] A-kem1024-gilbert-prr0p50-L10-rep03-seed200003-v1
[6006/6120] A-kem1024-gilbert-prr0p50-L10-rep03-seed200003-v2
[6007/6120] A-kem1024-gilbert-prr0p50-L10-rep04-seed200004-v1
[6008/6120] A-kem1024-gilbert-prr0p50-L10-rep04-seed200004-v2
[6009/6120] A-kem1024-gilbert-prr0p50-L10-rep05-seed200005-v1
[6010/6120] A-kem1024-gilbert-prr0p50-L10-rep05-seed200005-v2
[6011/6120] A-kem1024-gilbert-prr0p50-L10-rep06-seed200006-v1
[6012/6120] A-kem1024-gilbert-prr0p50-L10-rep06-seed200006-v2
[6013/6120] A-kem1024-gilbert-prr0p50-L10-rep07-seed200007-v1
[6014/6120] A-kem1024-gilbert-prr0p50-L10-rep07-seed200007-v2
[6015/6120] A-kem1024-gilbert-prr0p50-L10-rep08-seed200008-v1
[6016/6120] A-kem1024-gilbert-prr0p50-L10-rep08-seed200008-v2
[6017/6120] A-kem1024-gilbert-prr0p50-L10-rep09-seed200009-v1
[6018/6120] A-kem1024-gilbert-prr0p50-L10-rep09-seed200009-v2
[6019/6120] A-kem1024-gilbert-prr0p50-L10-rep10-seed200010-v1
[6020/6120] A-kem1024-gilbert-prr0p50-L10-rep10-seed200010-v2
[6021/6120] A-kem1024-gilbert-prr0p50-L10-rep11-seed200011-v1
[6022/6120] A-kem1024-gilbert-prr0p50-L10-rep11-seed200011-v2
[6023/6120] A-kem1024-gilbert-prr0p50-L10-rep12-seed200012-v1
[6024/6120] A-kem1024-gilbert-prr0p50-L10-rep12-seed200012-v2
[6025/6120] A-kem1024-gilbert-prr0p50-L10-rep13-seed200013-v1
[6026/6120] A-kem1024-gilbert-prr0p50-L10-rep13-seed200013-v2
[6027/6120] A-kem1024-gilbert-prr0p50-L10-rep14-seed200014-v1
[6028/6120] A-kem1024-gilbert-prr0p50-L10-rep14-seed200014-v2
[6029/6120] A-kem1024-gilbert-prr0p50-L10-rep15-seed200015-v1
[6030/6120] A-kem1024-gilbert-prr0p50-L10-rep15-seed200015-v2
[6031/6120] A-kem1024-gilbert-prr0p50-L10-rep16-seed200016-v1
[6032/6120] A-kem1024-gilbert-prr0p50-L10-rep16-seed200016-v2
[6033/6120] A-kem1024-gilbert-prr0p50-L10-rep17-seed200017-v1
[6034/6120] A-kem1024-gilbert-prr0p50-L10-rep17-seed200017-v2
[6035/6120] A-kem1024-gilbert-prr0p50-L10-rep18-seed200018-v1
[6036/6120] A-kem1024-gilbert-prr0p50-L10-rep18-seed200018-v2
[6037/6120] A-kem1024-gilbert-prr0p50-L10-rep19-seed200019-v1
[6038/6120] A-kem1024-gilbert-prr0p50-L10-rep19-seed200019-v2
[6039/6120] A-kem1024-gilbert-prr0p50-L10-rep20-seed200020-v1
[6040/6120] A-kem1024-gilbert-prr0p50-L10-rep20-seed200020-v2
[6041/6120] A-kem1024-gilbert-prr0p50-L10-rep21-seed200021-v1
[6042/6120] A-kem1024-gilbert-prr0p50-L10-rep21-seed200021-v2
[6043/6120] A-kem1024-gilbert-prr0p50-L10-rep22-seed200022-v1
[6044/6120] A-kem1024-gilbert-prr0p50-L10-rep22-seed200022-v2
[6045/6120] A-kem1024-gilbert-prr0p50-L10-rep23-seed200023-v1
[6046/6120] A-kem1024-gilbert-prr0p50-L10-rep23-seed200023-v2
[6047/6120] A-kem1024-gilbert-prr0p50-L10-rep24-seed200024-v1
[6048/6120] A-kem1024-gilbert-prr0p50-L10-rep24-seed200024-v2
[6049/6120] A-kem1024-gilbert-prr0p50-L10-rep25-seed200025-v1
[6050/6120] A-kem1024-gilbert-prr0p50-L10-rep25-seed200025-v2
[6051/6120] A-kem1024-gilbert-prr0p50-L10-rep26-seed200026-v1
[6052/6120] A-kem1024-gilbert-prr0p50-L10-rep26-seed200026-v2
[6053/6120] A-kem1024-gilbert-prr0p50-L10-rep27-seed200027-v1
[6054/6120] A-kem1024-gilbert-prr0p50-L10-rep27-seed200027-v2
[6055/6120] A-kem1024-gilbert-prr0p50-L10-rep28-seed200028-v1
[6056/6120] A-kem1024-gilbert-prr0p50-L10-rep28-seed200028-v2
[6057/6120] A-kem1024-gilbert-prr0p50-L10-rep29-seed200029-v1
[6058/6120] A-kem1024-gilbert-prr0p50-L10-rep29-seed200029-v2
[6059/6120] A-kem1024-gilbert-prr0p50-L10-rep30-seed200030-v1
[6060/6120] A-kem1024-gilbert-prr0p50-L10-rep30-seed200030-v2
[6061/6120] B-kem1024-gilbert-prr0p50-L10-loss1-rep01-seed200001-v3
[6062/6120] B-kem1024-gilbert-prr0p50-L10-loss1-rep01-seed200001-v4
[6063/6120] B-kem1024-gilbert-prr0p50-L10-loss1-rep02-seed200002-v3
[6064/6120] B-kem1024-gilbert-prr0p50-L10-loss1-rep02-seed200002-v4
[6065/6120] B-kem1024-gilbert-prr0p50-L10-loss1-rep03-seed200003-v3
[6066/6120] B-kem1024-gilbert-prr0p50-L10-loss1-rep03-seed200003-v4
[6067/6120] B-kem1024-gilbert-prr0p50-L10-loss1-rep04-seed200004-v3
[6068/6120] B-kem1024-gilbert-prr0p50-L10-loss1-rep04-seed200004-v4
[6069/6120] B-kem1024-gilbert-prr0p50-L10-loss1-rep05-seed200005-v3
[6070/6120] B-kem1024-gilbert-prr0p50-L10-loss1-rep05-seed200005-v4
[6071/6120] B-kem1024-gilbert-prr0p50-L10-loss1-rep06-seed200006-v3
[6072/6120] B-kem1024-gilbert-prr0p50-L10-loss1-rep06-seed200006-v4
[6073/6120] B-kem1024-gilbert-prr0p50-L10-loss1-rep07-seed200007-v3
[6074/6120] B-kem1024-gilbert-prr0p50-L10-loss1-rep07-seed200007-v4
[6075/6120] B-kem1024-gilbert-prr0p50-L10-loss1-rep08-seed200008-v3
[6076/6120] B-kem1024-gilbert-prr0p50-L10-loss1-rep08-seed200008-v4
[6077/6120] B-kem1024-gilbert-prr0p50-L10-loss1-rep09-seed200009-v3
[6078/6120] B-kem1024-gilbert-prr0p50-L10-loss1-rep09-seed200009-v4
[6079/6120] B-kem1024-gilbert-prr0p50-L10-loss1-rep10-seed200010-v3
[6080/6120] B-kem1024-gilbert-prr0p50-L10-loss1-rep10-seed200010-v4
[6081/6120] B-kem1024-gilbert-prr0p50-L10-loss1-rep11-seed200011-v3
[6082/6120] B-kem1024-gilbert-prr0p50-L10-loss1-rep11-seed200011-v4
[6083/6120] B-kem1024-gilbert-prr0p50-L10-loss1-rep12-seed200012-v3
[6084/6120] B-kem1024-gilbert-prr0p50-L10-loss1-rep12-seed200012-v4
[6085/6120] B-kem1024-gilbert-prr0p50-L10-loss1-rep13-seed200013-v3
[6086/6120] B-kem1024-gilbert-prr0p50-L10-loss1-rep13-seed200013-v4
[6087/6120] B-kem1024-gilbert-prr0p50-L10-loss1-rep14-seed200014-v3
[6088/6120] B-kem1024-gilbert-prr0p50-L10-loss1-rep14-seed200014-v4
[6089/6120] B-kem1024-gilbert-prr0p50-L10-loss1-rep15-seed200015-v3
[6090/6120] B-kem1024-gilbert-prr0p50-L10-loss1-rep15-seed200015-v4
[6091/6120] B-kem1024-gilbert-prr0p50-L10-loss1-rep16-seed200016-v3
[6092/6120] B-kem1024-gilbert-prr0p50-L10-loss1-rep16-seed200016-v4
[6093/6120] B-kem1024-gilbert-prr0p50-L10-loss1-rep17-seed200017-v3
[6094/6120] B-kem1024-gilbert-prr0p50-L10-loss1-rep17-seed200017-v4
[6095/6120] B-kem1024-gilbert-prr0p50-L10-loss1-rep18-seed200018-v3
[6096/6120] B-kem1024-gilbert-prr0p50-L10-loss1-rep18-seed200018-v4
[6097/6120] B-kem1024-gilbert-prr0p50-L10-loss1-rep19-seed200019-v3
[6098/6120] B-kem1024-gilbert-prr0p50-L10-loss1-rep19-seed200019-v4
[6099/6120] B-kem1024-gilbert-prr0p50-L10-loss1-rep20-seed200020-v3
[6100/6120] B-kem1024-gilbert-prr0p50-L10-loss1-rep20-seed200020-v4
[6101/6120] B-kem1024-gilbert-prr0p50-L10-loss1-rep21-seed200021-v3
[6102/6120] B-kem1024-gilbert-prr0p50-L10-loss1-rep21-seed200021-v4
[6103/6120] B-kem1024-gilbert-prr0p50-L10-loss1-rep22-seed200022-v3
[6104/6120] B-kem1024-gilbert-prr0p50-L10-loss1-rep22-seed200022-v4
[6105/6120] B-kem1024-gilbert-prr0p50-L10-loss1-rep23-seed200023-v3
[6106/6120] B-kem1024-gilbert-prr0p50-L10-loss1-rep23-seed200023-v4
[6107/6120] B-kem1024-gilbert-prr0p50-L10-loss1-rep24-seed200024-v3
[6108/6120] B-kem1024-gilbert-prr0p50-L10-loss1-rep24-seed200024-v4
[6109/6120] B-kem1024-gilbert-prr0p50-L10-loss1-rep25-seed200025-v3
[6110/6120] B-kem1024-gilbert-prr0p50-L10-loss1-rep25-seed200025-v4
[6111/6120] B-kem1024-gilbert-prr0p50-L10-loss1-rep26-seed200026-v3
[6112/6120] B-kem1024-gilbert-prr0p50-L10-loss1-rep26-seed200026-v4
[6113/6120] B-kem1024-gilbert-prr0p50-L10-loss1-rep27-seed200027-v3
[6114/6120] B-kem1024-gilbert-prr0p50-L10-loss1-rep27-seed200027-v4
[6115/6120] B-kem1024-gilbert-prr0p50-L10-loss1-rep28-seed200028-v3
[6116/6120] B-kem1024-gilbert-prr0p50-L10-loss1-rep28-seed200028-v4
[6117/6120] B-kem1024-gilbert-prr0p50-L10-loss1-rep29-seed200029-v3
[6118/6120] B-kem1024-gilbert-prr0p50-L10-loss1-rep29-seed200029-v4
[6119/6120] B-kem1024-gilbert-prr0p50-L10-loss1-rep30-seed200030-v3
[6120/6120] B-kem1024-gilbert-prr0p50-L10-loss1-rep30-seed200030-v4
VALIDATION WARNING: B-kem512-fixed-prr0p50-loss1-rep02-seed200002-v3: perte forcée configurée mais cible/événements observés incohérents
VALIDATION ERROR: B-kem512-fixed-prr0p50-loss1-rep02-seed200002-v3: injection de perte forcée non validée dans le log
VALIDATION ERROR: B-kem512-fixed-prr0p50-loss1-rep02-seed200002-v3: mode d'application de perte forcée inattendu: invalid
VALIDATION WARNING: B-kem512-fixed-prr0p50-loss1-rep02-seed200002-v4: perte forcée configurée mais cible/événements observés incohérents
VALIDATION ERROR: B-kem512-fixed-prr0p50-loss1-rep02-seed200002-v4: injection de perte forcée non validée dans le log
VALIDATION ERROR: B-kem512-fixed-prr0p50-loss1-rep02-seed200002-v4: mode d'application de perte forcée inattendu: invalid
VALIDATION WARNING: B-kem512-fixed-prr0p50-loss1-rep04-seed200004-v3: perte forcée configurée mais cible/événements observés incohérents
VALIDATION ERROR: B-kem512-fixed-prr0p50-loss1-rep04-seed200004-v3: injection de perte forcée non validée dans le log
VALIDATION ERROR: B-kem512-fixed-prr0p50-loss1-rep04-seed200004-v3: mode d'application de perte forcée inattendu: invalid
VALIDATION WARNING: B-kem512-fixed-prr0p50-loss1-rep04-seed200004-v4: perte forcée configurée mais cible/événements observés incohérents
VALIDATION ERROR: B-kem512-fixed-prr0p50-loss1-rep04-seed200004-v4: injection de perte forcée non validée dans le log
VALIDATION ERROR: B-kem512-fixed-prr0p50-loss1-rep04-seed200004-v4: mode d'application de perte forcée inattendu: invalid
VALIDATION WARNING: B-kem512-fixed-prr0p50-loss1-rep05-seed200005-v3: perte forcée configurée mais cible/événements observés incohérents
VALIDATION ERROR: B-kem512-fixed-prr0p50-loss1-rep05-seed200005-v3: injection de perte forcée non validée dans le log
VALIDATION ERROR: B-kem512-fixed-prr0p50-loss1-rep05-seed200005-v3: mode d'application de perte forcée inattendu: invalid
VALIDATION WARNING: B-kem512-fixed-prr0p50-loss1-rep05-seed200005-v4: perte forcée configurée mais cible/événements observés incohérents
VALIDATION ERROR: B-kem512-fixed-prr0p50-loss1-rep05-seed200005-v4: injection de perte forcée non validée dans le log
VALIDATION ERROR: B-kem512-fixed-prr0p50-loss1-rep05-seed200005-v4: mode d'application de perte forcée inattendu: invalid
VALIDATION WARNING: B-kem512-fixed-prr0p50-loss1-rep07-seed200007-v3: perte forcée configurée mais cible/événements observés incohérents
VALIDATION ERROR: B-kem512-fixed-prr0p50-loss1-rep07-seed200007-v3: injection de perte forcée non validée dans le log
VALIDATION ERROR: B-kem512-fixed-prr0p50-loss1-rep07-seed200007-v3: mode d'application de perte forcée inattendu: invalid
VALIDATION WARNING: B-kem512-fixed-prr0p50-loss1-rep07-seed200007-v4: perte forcée configurée mais cible/événements observés incohérents
VALIDATION ERROR: B-kem512-fixed-prr0p50-loss1-rep07-seed200007-v4: injection de perte forcée non validée dans le log
VALIDATION ERROR: B-kem512-fixed-prr0p50-loss1-rep07-seed200007-v4: mode d'application de perte forcée inattendu: invalid
VALIDATION WARNING: B-kem512-fixed-prr0p50-loss1-rep09-seed200009-v3: perte forcée configurée mais cible/événements observés incohérents
VALIDATION ERROR: B-kem512-fixed-prr0p50-loss1-rep09-seed200009-v3: injection de perte forcée non validée dans le log
VALIDATION ERROR: B-kem512-fixed-prr0p50-loss1-rep09-seed200009-v3: mode d'application de perte forcée inattendu: invalid
VALIDATION WARNING: B-kem512-fixed-prr0p50-loss1-rep09-seed200009-v4: perte forcée configurée mais cible/événements observés incohérents
VALIDATION ERROR: B-kem512-fixed-prr0p50-loss1-rep09-seed200009-v4: injection de perte forcée non validée dans le log
VALIDATION ERROR: B-kem512-fixed-prr0p50-loss1-rep09-seed200009-v4: mode d'application de perte forcée inattendu: invalid
VALIDATION WARNING: B-kem512-fixed-prr0p50-loss1-rep10-seed200010-v3: perte forcée configurée mais cible/événements observés incohérents
VALIDATION ERROR: B-kem512-fixed-prr0p50-loss1-rep10-seed200010-v3: injection de perte forcée non validée dans le log
VALIDATION ERROR: B-kem512-fixed-prr0p50-loss1-rep10-seed200010-v3: mode d'application de perte forcée inattendu: invalid
VALIDATION WARNING: B-kem512-fixed-prr0p50-loss1-rep10-seed200010-v4: perte forcée configurée mais cible/événements observés incohérents
VALIDATION ERROR: B-kem512-fixed-prr0p50-loss1-rep10-seed200010-v4: injection de perte forcée non validée dans le log
VALIDATION ERROR: B-kem512-fixed-prr0p50-loss1-rep10-seed200010-v4: mode d'application de perte forcée inattendu: invalid
VALIDATION WARNING: B-kem512-fixed-prr0p50-loss1-rep12-seed200012-v3: perte forcée configurée mais cible/événements observés incohérents
VALIDATION ERROR: B-kem512-fixed-prr0p50-loss1-rep12-seed200012-v3: injection de perte forcée non validée dans le log
VALIDATION ERROR: B-kem512-fixed-prr0p50-loss1-rep12-seed200012-v3: mode d'application de perte forcée inattendu: invalid
VALIDATION WARNING: B-kem512-fixed-prr0p50-loss1-rep12-seed200012-v4: perte forcée configurée mais cible/événements observés incohérents
VALIDATION ERROR: B-kem512-fixed-prr0p50-loss1-rep12-seed200012-v4: injection de perte forcée non validée dans le log
VALIDATION ERROR: B-kem512-fixed-prr0p50-loss1-rep12-seed200012-v4: mode d'application de perte forcée inattendu: invalid
VALIDATION WARNING: B-kem512-fixed-prr0p50-loss1-rep13-seed200013-v3: perte forcée configurée mais cible/événements observés incohérents
VALIDATION ERROR: B-kem512-fixed-prr0p50-loss1-rep13-seed200013-v3: injection de perte forcée non validée dans le log
VALIDATION ERROR: B-kem512-fixed-prr0p50-loss1-rep13-seed200013-v3: mode d'application de perte forcée inattendu: invalid
VALIDATION WARNING: B-kem512-fixed-prr0p50-loss1-rep13-seed200013-v4: perte forcée configurée mais cible/événements observés incohérents
VALIDATION ERROR: B-kem512-fixed-prr0p50-loss1-rep13-seed200013-v4: injection de perte forcée non validée dans le log
VALIDATION ERROR: B-kem512-fixed-prr0p50-loss1-rep13-seed200013-v4: mode d'application de perte forcée inattendu: invalid
VALIDATION WARNING: B-kem512-fixed-prr0p50-loss1-rep14-seed200014-v3: perte forcée configurée mais cible/événements observés incohérents
VALIDATION ERROR: B-kem512-fixed-prr0p50-loss1-rep14-seed200014-v3: injection de perte forcée non validée dans le log
VALIDATION ERROR: B-kem512-fixed-prr0p50-loss1-rep14-seed200014-v3: mode d'application de perte forcée inattendu: invalid
VALIDATION WARNING: B-kem512-fixed-prr0p50-loss1-rep14-seed200014-v4: perte forcée configurée mais cible/événements observés incohérents
VALIDATION ERROR: B-kem512-fixed-prr0p50-loss1-rep14-seed200014-v4: injection de perte forcée non validée dans le log
VALIDATION ERROR: B-kem512-fixed-prr0p50-loss1-rep14-seed200014-v4: mode d'application de perte forcée inattendu: invalid
VALIDATION WARNING: B-kem512-fixed-prr0p50-loss1-rep16-seed200016-v3: perte forcée configurée mais cible/événements observés incohérents
VALIDATION ERROR: B-kem512-fixed-prr0p50-loss1-rep16-seed200016-v3: injection de perte forcée non validée dans le log
VALIDATION ERROR: B-kem512-fixed-prr0p50-loss1-rep16-seed200016-v3: mode d'application de perte forcée inattendu: invalid
VALIDATION WARNING: B-kem512-fixed-prr0p50-loss1-rep16-seed200016-v4: perte forcée configurée mais cible/événements observés incohérents
VALIDATION ERROR: B-kem512-fixed-prr0p50-loss1-rep16-seed200016-v4: injection de perte forcée non validée dans le log
VALIDATION ERROR: B-kem512-fixed-prr0p50-loss1-rep16-seed200016-v4: mode d'application de perte forcée inattendu: invalid
VALIDATION WARNING: B-kem512-fixed-prr0p50-loss1-rep18-seed200018-v3: perte forcée configurée mais cible/événements observés incohérents
VALIDATION ERROR: B-kem512-fixed-prr0p50-loss1-rep18-seed200018-v3: injection de perte forcée non validée dans le log
VALIDATION ERROR: B-kem512-fixed-prr0p50-loss1-rep18-seed200018-v3: mode d'application de perte forcée inattendu: invalid
VALIDATION WARNING: B-kem512-fixed-prr0p50-loss1-rep18-seed200018-v4: perte forcée configurée mais cible/événements observés incohérents
VALIDATION ERROR: B-kem512-fixed-prr0p50-loss1-rep18-seed200018-v4: injection de perte forcée non validée dans le log
VALIDATION ERROR: B-kem512-fixed-prr0p50-loss1-rep18-seed200018-v4: mode d'application de perte forcée inattendu: invalid
VALIDATION WARNING: B-kem512-fixed-prr0p50-loss1-rep20-seed200020-v3: perte ciblée armée, mais le canal/radio a perdu la trame avant le hook receiver
VALIDATION WARNING: B-kem512-fixed-prr0p50-loss1-rep20-seed200020-v3: cible armée mais perdue par le canal/radio avant FORCED_LOSS_APPLIED
VALIDATION WARNING: B-kem512-fixed-prr0p50-loss1-rep20-seed200020-v4: perte ciblée armée, mais le canal/radio a perdu la trame avant le hook receiver
VALIDATION WARNING: B-kem512-fixed-prr0p50-loss1-rep20-seed200020-v4: cible armée mais perdue par le canal/radio avant FORCED_LOSS_APPLIED
VALIDATION WARNING: B-kem512-fixed-prr0p50-loss1-rep21-seed200021-v3: perte forcée configurée mais cible/événements observés incohérents
VALIDATION ERROR: B-kem512-fixed-prr0p50-loss1-rep21-seed200021-v3: injection de perte forcée non validée dans le log
VALIDATION ERROR: B-kem512-fixed-prr0p50-loss1-rep21-seed200021-v3: mode d'application de perte forcée inattendu: invalid
VALIDATION WARNING: B-kem512-fixed-prr0p50-loss1-rep21-seed200021-v4: perte forcée configurée mais cible/événements observés incohérents
VALIDATION ERROR: B-kem512-fixed-prr0p50-loss1-rep21-seed200021-v4: injection de perte forcée non validée dans le log
VALIDATION ERROR: B-kem512-fixed-prr0p50-loss1-rep21-seed200021-v4: mode d'application de perte forcée inattendu: invalid
VALIDATION WARNING: B-kem512-fixed-prr0p50-loss1-rep22-seed200022-v3: perte forcée configurée mais cible/événements observés incohérents
VALIDATION ERROR: B-kem512-fixed-prr0p50-loss1-rep22-seed200022-v3: injection de perte forcée non validée dans le log
VALIDATION ERROR: B-kem512-fixed-prr0p50-loss1-rep22-seed200022-v3: mode d'application de perte forcée inattendu: invalid
VALIDATION WARNING: B-kem512-fixed-prr0p50-loss1-rep22-seed200022-v4: perte forcée configurée mais cible/événements observés incohérents
VALIDATION ERROR: B-kem512-fixed-prr0p50-loss1-rep22-seed200022-v4: injection de perte forcée non validée dans le log
VALIDATION ERROR: B-kem512-fixed-prr0p50-loss1-rep22-seed200022-v4: mode d'application de perte forcée inattendu: invalid
VALIDATION WARNING: B-kem512-fixed-prr0p50-loss1-rep24-seed200024-v3: perte forcée configurée mais cible/événements observés incohérents
VALIDATION ERROR: B-kem512-fixed-prr0p50-loss1-rep24-seed200024-v3: injection de perte forcée non validée dans le log
VALIDATION ERROR: B-kem512-fixed-prr0p50-loss1-rep24-seed200024-v3: mode d'application de perte forcée inattendu: invalid
VALIDATION WARNING: B-kem512-fixed-prr0p50-loss1-rep24-seed200024-v4: perte forcée configurée mais cible/événements observés incohérents
VALIDATION ERROR: B-kem512-fixed-prr0p50-loss1-rep24-seed200024-v4: injection de perte forcée non validée dans le log
VALIDATION ERROR: B-kem512-fixed-prr0p50-loss1-rep24-seed200024-v4: mode d'application de perte forcée inattendu: invalid
VALIDATION WARNING: B-kem512-fixed-prr0p50-loss1-rep26-seed200026-v3: perte forcée configurée mais cible/événements observés incohérents
VALIDATION ERROR: B-kem512-fixed-prr0p50-loss1-rep26-seed200026-v3: injection de perte forcée non validée dans le log
VALIDATION ERROR: B-kem512-fixed-prr0p50-loss1-rep26-seed200026-v3: mode d'application de perte forcée inattendu: invalid
VALIDATION WARNING: B-kem512-fixed-prr0p50-loss1-rep26-seed200026-v4: perte forcée configurée mais cible/événements observés incohérents
VALIDATION ERROR: B-kem512-fixed-prr0p50-loss1-rep26-seed200026-v4: injection de perte forcée non validée dans le log
VALIDATION ERROR: B-kem512-fixed-prr0p50-loss1-rep26-seed200026-v4: mode d'application de perte forcée inattendu: invalid
VALIDATION WARNING: B-kem512-fixed-prr0p50-loss1-rep27-seed200027-v3: perte forcée configurée mais cible/événements observés incohérents
VALIDATION ERROR: B-kem512-fixed-prr0p50-loss1-rep27-seed200027-v3: injection de perte forcée non validée dans le log
VALIDATION ERROR: B-kem512-fixed-prr0p50-loss1-rep27-seed200027-v3: mode d'application de perte forcée inattendu: invalid
VALIDATION WARNING: B-kem512-fixed-prr0p50-loss1-rep27-seed200027-v4: perte forcée configurée mais cible/événements observés incohérents
VALIDATION ERROR: B-kem512-fixed-prr0p50-loss1-rep27-seed200027-v4: injection de perte forcée non validée dans le log
VALIDATION ERROR: B-kem512-fixed-prr0p50-loss1-rep27-seed200027-v4: mode d'application de perte forcée inattendu: invalid
VALIDATION WARNING: B-kem512-fixed-prr0p50-loss1-rep28-seed200028-v3: perte forcée configurée mais cible/événements observés incohérents
VALIDATION ERROR: B-kem512-fixed-prr0p50-loss1-rep28-seed200028-v3: injection de perte forcée non validée dans le log
VALIDATION ERROR: B-kem512-fixed-prr0p50-loss1-rep28-seed200028-v3: mode d'application de perte forcée inattendu: invalid
VALIDATION WARNING: B-kem512-fixed-prr0p50-loss1-rep28-seed200028-v4: perte forcée configurée mais cible/événements observés incohérents
VALIDATION ERROR: B-kem512-fixed-prr0p50-loss1-rep28-seed200028-v4: injection de perte forcée non validée dans le log
VALIDATION ERROR: B-kem512-fixed-prr0p50-loss1-rep28-seed200028-v4: mode d'application de perte forcée inattendu: invalid
VALIDATION WARNING: B-kem512-fixed-prr0p50-loss1-rep29-seed200029-v3: perte forcée configurée mais cible/événements observés incohérents
VALIDATION ERROR: B-kem512-fixed-prr0p50-loss1-rep29-seed200029-v3: injection de perte forcée non validée dans le log
VALIDATION ERROR: B-kem512-fixed-prr0p50-loss1-rep29-seed200029-v3: mode d'application de perte forcée inattendu: invalid
VALIDATION WARNING: B-kem512-fixed-prr0p50-loss1-rep29-seed200029-v4: perte forcée configurée mais cible/événements observés incohérents
VALIDATION ERROR: B-kem512-fixed-prr0p50-loss1-rep29-seed200029-v4: injection de perte forcée non validée dans le log
VALIDATION ERROR: B-kem512-fixed-prr0p50-loss1-rep29-seed200029-v4: mode d'application de perte forcée inattendu: invalid
VALIDATION WARNING: B-kem512-fixed-prr0p50-loss1-rep30-seed200030-v3: perte ciblée armée, mais le canal/radio a perdu la trame avant le hook receiver
VALIDATION WARNING: B-kem512-fixed-prr0p50-loss1-rep30-seed200030-v3: cible armée mais perdue par le canal/radio avant FORCED_LOSS_APPLIED
VALIDATION WARNING: B-kem512-fixed-prr0p50-loss1-rep30-seed200030-v4: perte ciblée armée, mais le canal/radio a perdu la trame avant le hook receiver
VALIDATION WARNING: B-kem512-fixed-prr0p50-loss1-rep30-seed200030-v4: cible armée mais perdue par le canal/radio avant FORCED_LOSS_APPLIED
VALIDATION WARNING: B-kem512-fixed-prr0p85-loss1-rep02-seed200002-v3: perte forcée configurée mais cible/événements observés incohérents
VALIDATION ERROR: B-kem512-fixed-prr0p85-loss1-rep02-seed200002-v3: injection de perte forcée non validée dans le log
VALIDATION ERROR: B-kem512-fixed-prr0p85-loss1-rep02-seed200002-v3: mode d'application de perte forcée inattendu: invalid
VALIDATION WARNING: B-kem512-fixed-prr0p85-loss1-rep02-seed200002-v4: perte forcée configurée mais cible/événements observés incohérents
VALIDATION ERROR: B-kem512-fixed-prr0p85-loss1-rep02-seed200002-v4: injection de perte forcée non validée dans le log
VALIDATION ERROR: B-kem512-fixed-prr0p85-loss1-rep02-seed200002-v4: mode d'application de perte forcée inattendu: invalid
VALIDATION WARNING: B-kem512-fixed-prr0p85-loss1-rep04-seed200004-v3: perte forcée configurée mais cible/événements observés incohérents
VALIDATION ERROR: B-kem512-fixed-prr0p85-loss1-rep04-seed200004-v3: injection de perte forcée non validée dans le log
VALIDATION ERROR: B-kem512-fixed-prr0p85-loss1-rep04-seed200004-v3: mode d'application de perte forcée inattendu: invalid
VALIDATION WARNING: B-kem512-fixed-prr0p85-loss1-rep04-seed200004-v4: perte forcée configurée mais cible/événements observés incohérents
VALIDATION ERROR: B-kem512-fixed-prr0p85-loss1-rep04-seed200004-v4: injection de perte forcée non validée dans le log
VALIDATION ERROR: B-kem512-fixed-prr0p85-loss1-rep04-seed200004-v4: mode d'application de perte forcée inattendu: invalid
VALIDATION WARNING: B-kem512-fixed-prr0p85-loss1-rep05-seed200005-v3: perte forcée configurée mais cible/événements observés incohérents
VALIDATION ERROR: B-kem512-fixed-prr0p85-loss1-rep05-seed200005-v3: injection de perte forcée non validée dans le log
VALIDATION ERROR: B-kem512-fixed-prr0p85-loss1-rep05-seed200005-v3: mode d'application de perte forcée inattendu: invalid
VALIDATION WARNING: B-kem512-fixed-prr0p85-loss1-rep05-seed200005-v4: perte forcée configurée mais cible/événements observés incohérents
VALIDATION ERROR: B-kem512-fixed-prr0p85-loss1-rep05-seed200005-v4: injection de perte forcée non validée dans le log
VALIDATION ERROR: B-kem512-fixed-prr0p85-loss1-rep05-seed200005-v4: mode d'application de perte forcée inattendu: invalid
VALIDATION WARNING: B-kem512-fixed-prr0p85-loss1-rep12-seed200012-v3: perte forcée configurée mais cible/événements observés incohérents
VALIDATION ERROR: B-kem512-fixed-prr0p85-loss1-rep12-seed200012-v3: injection de perte forcée non validée dans le log
VALIDATION ERROR: B-kem512-fixed-prr0p85-loss1-rep12-seed200012-v3: mode d'application de perte forcée inattendu: invalid
VALIDATION WARNING: B-kem512-fixed-prr0p85-loss1-rep12-seed200012-v4: perte forcée configurée mais cible/événements observés incohérents
VALIDATION ERROR: B-kem512-fixed-prr0p85-loss1-rep12-seed200012-v4: injection de perte forcée non validée dans le log
VALIDATION ERROR: B-kem512-fixed-prr0p85-loss1-rep12-seed200012-v4: mode d'application de perte forcée inattendu: invalid
VALIDATION WARNING: B-kem512-fixed-prr0p85-loss1-rep13-seed200013-v3: perte forcée configurée mais cible/événements observés incohérents
VALIDATION ERROR: B-kem512-fixed-prr0p85-loss1-rep13-seed200013-v3: injection de perte forcée non validée dans le log
VALIDATION ERROR: B-kem512-fixed-prr0p85-loss1-rep13-seed200013-v3: mode d'application de perte forcée inattendu: invalid
VALIDATION WARNING: B-kem512-fixed-prr0p85-loss1-rep13-seed200013-v4: perte forcée configurée mais cible/événements observés incohérents
VALIDATION ERROR: B-kem512-fixed-prr0p85-loss1-rep13-seed200013-v4: injection de perte forcée non validée dans le log
VALIDATION ERROR: B-kem512-fixed-prr0p85-loss1-rep13-seed200013-v4: mode d'application de perte forcée inattendu: invalid
VALIDATION WARNING: B-kem512-fixed-prr0p85-loss1-rep14-seed200014-v3: perte forcée configurée mais cible/événements observés incohérents
VALIDATION ERROR: B-kem512-fixed-prr0p85-loss1-rep14-seed200014-v3: injection de perte forcée non validée dans le log
VALIDATION ERROR: B-kem512-fixed-prr0p85-loss1-rep14-seed200014-v3: mode d'application de perte forcée inattendu: invalid
VALIDATION WARNING: B-kem512-fixed-prr0p85-loss1-rep14-seed200014-v4: perte forcée configurée mais cible/événements observés incohérents
VALIDATION ERROR: B-kem512-fixed-prr0p85-loss1-rep14-seed200014-v4: injection de perte forcée non validée dans le log
VALIDATION ERROR: B-kem512-fixed-prr0p85-loss1-rep14-seed200014-v4: mode d'application de perte forcée inattendu: invalid
VALIDATION WARNING: B-kem512-fixed-prr0p85-loss1-rep16-seed200016-v3: perte forcée configurée mais cible/événements observés incohérents
VALIDATION ERROR: B-kem512-fixed-prr0p85-loss1-rep16-seed200016-v3: injection de perte forcée non validée dans le log
VALIDATION ERROR: B-kem512-fixed-prr0p85-loss1-rep16-seed200016-v3: mode d'application de perte forcée inattendu: invalid
VALIDATION WARNING: B-kem512-fixed-prr0p85-loss1-rep16-seed200016-v4: perte forcée configurée mais cible/événements observés incohérents
VALIDATION ERROR: B-kem512-fixed-prr0p85-loss1-rep16-seed200016-v4: injection de perte forcée non validée dans le log
VALIDATION ERROR: B-kem512-fixed-prr0p85-loss1-rep16-seed200016-v4: mode d'application de perte forcée inattendu: invalid
VALIDATION WARNING: B-kem512-fixed-prr0p85-loss1-rep21-seed200021-v3: perte forcée configurée mais cible/événements observés incohérents
VALIDATION ERROR: B-kem512-fixed-prr0p85-loss1-rep21-seed200021-v3: injection de perte forcée non validée dans le log
VALIDATION ERROR: B-kem512-fixed-prr0p85-loss1-rep21-seed200021-v3: mode d'application de perte forcée inattendu: invalid
VALIDATION WARNING: B-kem512-fixed-prr0p85-loss1-rep21-seed200021-v4: perte forcée configurée mais cible/événements observés incohérents
VALIDATION ERROR: B-kem512-fixed-prr0p85-loss1-rep21-seed200021-v4: injection de perte forcée non validée dans le log
VALIDATION ERROR: B-kem512-fixed-prr0p85-loss1-rep21-seed200021-v4: mode d'application de perte forcée inattendu: invalid
VALIDATION WARNING: B-kem512-fixed-prr0p85-loss1-rep26-seed200026-v3: perte forcée configurée mais cible/événements observés incohérents
VALIDATION ERROR: B-kem512-fixed-prr0p85-loss1-rep26-seed200026-v3: injection de perte forcée non validée dans le log
VALIDATION ERROR: B-kem512-fixed-prr0p85-loss1-rep26-seed200026-v3: mode d'application de perte forcée inattendu: invalid
VALIDATION WARNING: B-kem512-fixed-prr0p85-loss1-rep26-seed200026-v4: perte forcée configurée mais cible/événements observés incohérents
VALIDATION ERROR: B-kem512-fixed-prr0p85-loss1-rep26-seed200026-v4: injection de perte forcée non validée dans le log
VALIDATION ERROR: B-kem512-fixed-prr0p85-loss1-rep26-seed200026-v4: mode d'application de perte forcée inattendu: invalid
VALIDATION WARNING: B-kem512-fixed-prr0p85-loss1-rep27-seed200027-v3: perte forcée configurée mais cible/événements observés incohérents
VALIDATION ERROR: B-kem512-fixed-prr0p85-loss1-rep27-seed200027-v3: injection de perte forcée non validée dans le log
VALIDATION ERROR: B-kem512-fixed-prr0p85-loss1-rep27-seed200027-v3: mode d'application de perte forcée inattendu: invalid
VALIDATION WARNING: B-kem512-fixed-prr0p85-loss1-rep27-seed200027-v4: perte forcée configurée mais cible/événements observés incohérents
VALIDATION ERROR: B-kem512-fixed-prr0p85-loss1-rep27-seed200027-v4: injection de perte forcée non validée dans le log
VALIDATION ERROR: B-kem512-fixed-prr0p85-loss1-rep27-seed200027-v4: mode d'application de perte forcée inattendu: invalid
VALIDATION WARNING: B-kem512-fixed-prr0p90-loss1-rep02-seed200002-v3: perte forcée configurée mais cible/événements observés incohérents
VALIDATION ERROR: B-kem512-fixed-prr0p90-loss1-rep02-seed200002-v3: injection de perte forcée non validée dans le log
VALIDATION ERROR: B-kem512-fixed-prr0p90-loss1-rep02-seed200002-v3: mode d'application de perte forcée inattendu: invalid
VALIDATION WARNING: B-kem512-fixed-prr0p90-loss1-rep02-seed200002-v4: perte forcée configurée mais cible/événements observés incohérents
VALIDATION ERROR: B-kem512-fixed-prr0p90-loss1-rep02-seed200002-v4: injection de perte forcée non validée dans le log
VALIDATION ERROR: B-kem512-fixed-prr0p90-loss1-rep02-seed200002-v4: mode d'application de perte forcée inattendu: invalid
VALIDATION WARNING: B-kem512-fixed-prr0p90-loss1-rep04-seed200004-v3: perte forcée configurée mais cible/événements observés incohérents
VALIDATION ERROR: B-kem512-fixed-prr0p90-loss1-rep04-seed200004-v3: injection de perte forcée non validée dans le log
VALIDATION ERROR: B-kem512-fixed-prr0p90-loss1-rep04-seed200004-v3: mode d'application de perte forcée inattendu: invalid
VALIDATION WARNING: B-kem512-fixed-prr0p90-loss1-rep04-seed200004-v4: perte forcée configurée mais cible/événements observés incohérents
VALIDATION ERROR: B-kem512-fixed-prr0p90-loss1-rep04-seed200004-v4: injection de perte forcée non validée dans le log
VALIDATION ERROR: B-kem512-fixed-prr0p90-loss1-rep04-seed200004-v4: mode d'application de perte forcée inattendu: invalid
VALIDATION WARNING: B-kem512-fixed-prr0p90-loss1-rep05-seed200005-v3: perte forcée configurée mais cible/événements observés incohérents
VALIDATION ERROR: B-kem512-fixed-prr0p90-loss1-rep05-seed200005-v3: injection de perte forcée non validée dans le log
VALIDATION ERROR: B-kem512-fixed-prr0p90-loss1-rep05-seed200005-v3: mode d'application de perte forcée inattendu: invalid
VALIDATION WARNING: B-kem512-fixed-prr0p90-loss1-rep05-seed200005-v4: perte forcée configurée mais cible/événements observés incohérents
VALIDATION ERROR: B-kem512-fixed-prr0p90-loss1-rep05-seed200005-v4: injection de perte forcée non validée dans le log
VALIDATION ERROR: B-kem512-fixed-prr0p90-loss1-rep05-seed200005-v4: mode d'application de perte forcée inattendu: invalid
VALIDATION WARNING: B-kem512-fixed-prr0p90-loss1-rep14-seed200014-v3: perte forcée configurée mais cible/événements observés incohérents
VALIDATION ERROR: B-kem512-fixed-prr0p90-loss1-rep14-seed200014-v3: injection de perte forcée non validée dans le log
VALIDATION ERROR: B-kem512-fixed-prr0p90-loss1-rep14-seed200014-v3: mode d'application de perte forcée inattendu: invalid
VALIDATION WARNING: B-kem512-fixed-prr0p90-loss1-rep14-seed200014-v4: perte forcée configurée mais cible/événements observés incohérents
VALIDATION ERROR: B-kem512-fixed-prr0p90-loss1-rep14-seed200014-v4: injection de perte forcée non validée dans le log
VALIDATION ERROR: B-kem512-fixed-prr0p90-loss1-rep14-seed200014-v4: mode d'application de perte forcée inattendu: invalid
VALIDATION WARNING: B-kem512-fixed-prr0p90-loss1-rep16-seed200016-v3: perte forcée configurée mais cible/événements observés incohérents
VALIDATION ERROR: B-kem512-fixed-prr0p90-loss1-rep16-seed200016-v3: injection de perte forcée non validée dans le log
VALIDATION ERROR: B-kem512-fixed-prr0p90-loss1-rep16-seed200016-v3: mode d'application de perte forcée inattendu: invalid
VALIDATION WARNING: B-kem512-fixed-prr0p90-loss1-rep16-seed200016-v4: perte forcée configurée mais cible/événements observés incohérents
VALIDATION ERROR: B-kem512-fixed-prr0p90-loss1-rep16-seed200016-v4: injection de perte forcée non validée dans le log
VALIDATION ERROR: B-kem512-fixed-prr0p90-loss1-rep16-seed200016-v4: mode d'application de perte forcée inattendu: invalid
VALIDATION WARNING: B-kem512-fixed-prr0p90-loss1-rep21-seed200021-v3: perte forcée configurée mais cible/événements observés incohérents
VALIDATION ERROR: B-kem512-fixed-prr0p90-loss1-rep21-seed200021-v3: injection de perte forcée non validée dans le log
VALIDATION ERROR: B-kem512-fixed-prr0p90-loss1-rep21-seed200021-v3: mode d'application de perte forcée inattendu: invalid
VALIDATION WARNING: B-kem512-fixed-prr0p90-loss1-rep21-seed200021-v4: perte forcée configurée mais cible/événements observés incohérents
VALIDATION ERROR: B-kem512-fixed-prr0p90-loss1-rep21-seed200021-v4: injection de perte forcée non validée dans le log
VALIDATION ERROR: B-kem512-fixed-prr0p90-loss1-rep21-seed200021-v4: mode d'application de perte forcée inattendu: invalid
VALIDATION WARNING: B-kem512-fixed-prr0p90-loss1-rep26-seed200026-v3: perte ciblée armée, mais le canal/radio a perdu la trame avant le hook receiver
VALIDATION WARNING: B-kem512-fixed-prr0p90-loss1-rep26-seed200026-v3: cible armée mais perdue par le canal/radio avant FORCED_LOSS_APPLIED
VALIDATION WARNING: B-kem512-fixed-prr0p90-loss1-rep26-seed200026-v4: perte ciblée armée, mais le canal/radio a perdu la trame avant le hook receiver
VALIDATION WARNING: B-kem512-fixed-prr0p90-loss1-rep26-seed200026-v4: cible armée mais perdue par le canal/radio avant FORCED_LOSS_APPLIED
VALIDATION WARNING: B-kem512-fixed-prr0p90-loss1-rep27-seed200027-v3: perte forcée configurée mais cible/événements observés incohérents
VALIDATION ERROR: B-kem512-fixed-prr0p90-loss1-rep27-seed200027-v3: injection de perte forcée non validée dans le log
VALIDATION ERROR: B-kem512-fixed-prr0p90-loss1-rep27-seed200027-v3: mode d'application de perte forcée inattendu: invalid
VALIDATION WARNING: B-kem512-fixed-prr0p90-loss1-rep27-seed200027-v4: perte forcée configurée mais cible/événements observés incohérents
VALIDATION ERROR: B-kem512-fixed-prr0p90-loss1-rep27-seed200027-v4: injection de perte forcée non validée dans le log
VALIDATION ERROR: B-kem512-fixed-prr0p90-loss1-rep27-seed200027-v4: mode d'application de perte forcée inattendu: invalid
VALIDATION WARNING: B-kem512-fixed-prr0p95-loss1-rep14-seed200014-v3: perte forcée configurée mais cible/événements observés incohérents
VALIDATION ERROR: B-kem512-fixed-prr0p95-loss1-rep14-seed200014-v3: injection de perte forcée non validée dans le log
VALIDATION ERROR: B-kem512-fixed-prr0p95-loss1-rep14-seed200014-v3: mode d'application de perte forcée inattendu: invalid
VALIDATION WARNING: B-kem512-fixed-prr0p95-loss1-rep14-seed200014-v4: perte forcée configurée mais cible/événements observés incohérents
VALIDATION ERROR: B-kem512-fixed-prr0p95-loss1-rep14-seed200014-v4: injection de perte forcée non validée dans le log
VALIDATION ERROR: B-kem512-fixed-prr0p95-loss1-rep14-seed200014-v4: mode d'application de perte forcée inattendu: invalid
VALIDATION WARNING: B-kem512-fixed-prr0p95-loss1-rep16-seed200016-v3: perte forcée configurée mais cible/événements observés incohérents
VALIDATION ERROR: B-kem512-fixed-prr0p95-loss1-rep16-seed200016-v3: injection de perte forcée non validée dans le log
VALIDATION ERROR: B-kem512-fixed-prr0p95-loss1-rep16-seed200016-v3: mode d'application de perte forcée inattendu: invalid
VALIDATION WARNING: B-kem512-fixed-prr0p95-loss1-rep16-seed200016-v4: perte forcée configurée mais cible/événements observés incohérents
VALIDATION ERROR: B-kem512-fixed-prr0p95-loss1-rep16-seed200016-v4: injection de perte forcée non validée dans le log
VALIDATION ERROR: B-kem512-fixed-prr0p95-loss1-rep16-seed200016-v4: mode d'application de perte forcée inattendu: invalid
VALIDATION WARNING: B-kem512-fixed-prr0p95-loss1-rep27-seed200027-v3: perte forcée configurée mais cible/événements observés incohérents
VALIDATION ERROR: B-kem512-fixed-prr0p95-loss1-rep27-seed200027-v3: injection de perte forcée non validée dans le log
VALIDATION ERROR: B-kem512-fixed-prr0p95-loss1-rep27-seed200027-v3: mode d'application de perte forcée inattendu: invalid
VALIDATION WARNING: B-kem512-fixed-prr0p95-loss1-rep27-seed200027-v4: perte forcée configurée mais cible/événements observés incohérents
VALIDATION ERROR: B-kem512-fixed-prr0p95-loss1-rep27-seed200027-v4: injection de perte forcée non validée dans le log
VALIDATION ERROR: B-kem512-fixed-prr0p95-loss1-rep27-seed200027-v4: mode d'application de perte forcée inattendu: invalid
VALIDATION WARNING: B-kem512-gilbert-prr0p50-L2-loss1-rep01-seed200001-v3: perte forcée configurée mais cible/événements observés incohérents
VALIDATION ERROR: B-kem512-gilbert-prr0p50-L2-loss1-rep01-seed200001-v3: injection de perte forcée non validée dans le log
VALIDATION ERROR: B-kem512-gilbert-prr0p50-L2-loss1-rep01-seed200001-v3: mode d'application de perte forcée inattendu: invalid
VALIDATION WARNING: B-kem512-gilbert-prr0p50-L2-loss1-rep01-seed200001-v4: perte forcée configurée mais cible/événements observés incohérents
VALIDATION ERROR: B-kem512-gilbert-prr0p50-L2-loss1-rep01-seed200001-v4: injection de perte forcée non validée dans le log
VALIDATION ERROR: B-kem512-gilbert-prr0p50-L2-loss1-rep01-seed200001-v4: mode d'application de perte forcée inattendu: invalid
VALIDATION WARNING: B-kem512-gilbert-prr0p50-L2-loss1-rep02-seed200002-v3: perte forcée configurée mais cible/événements observés incohérents
VALIDATION ERROR: B-kem512-gilbert-prr0p50-L2-loss1-rep02-seed200002-v3: injection de perte forcée non validée dans le log
VALIDATION ERROR: B-kem512-gilbert-prr0p50-L2-loss1-rep02-seed200002-v3: mode d'application de perte forcée inattendu: invalid
VALIDATION WARNING: B-kem512-gilbert-prr0p50-L2-loss1-rep02-seed200002-v4: perte forcée configurée mais cible/événements observés incohérents
VALIDATION ERROR: B-kem512-gilbert-prr0p50-L2-loss1-rep02-seed200002-v4: injection de perte forcée non validée dans le log
VALIDATION ERROR: B-kem512-gilbert-prr0p50-L2-loss1-rep02-seed200002-v4: mode d'application de perte forcée inattendu: invalid
VALIDATION WARNING: B-kem512-gilbert-prr0p50-L2-loss1-rep03-seed200003-v3: perte forcée configurée mais cible/événements observés incohérents
VALIDATION ERROR: B-kem512-gilbert-prr0p50-L2-loss1-rep03-seed200003-v3: injection de perte forcée non validée dans le log
VALIDATION ERROR: B-kem512-gilbert-prr0p50-L2-loss1-rep03-seed200003-v3: mode d'application de perte forcée inattendu: invalid
VALIDATION WARNING: B-kem512-gilbert-prr0p50-L2-loss1-rep03-seed200003-v4: perte forcée configurée mais cible/événements observés incohérents
VALIDATION ERROR: B-kem512-gilbert-prr0p50-L2-loss1-rep03-seed200003-v4: injection de perte forcée non validée dans le log
VALIDATION ERROR: B-kem512-gilbert-prr0p50-L2-loss1-rep03-seed200003-v4: mode d'application de perte forcée inattendu: invalid
VALIDATION WARNING: B-kem512-gilbert-prr0p50-L2-loss1-rep04-seed200004-v3: perte forcée configurée mais cible/événements observés incohérents
VALIDATION ERROR: B-kem512-gilbert-prr0p50-L2-loss1-rep04-seed200004-v3: injection de perte forcée non validée dans le log
VALIDATION ERROR: B-kem512-gilbert-prr0p50-L2-loss1-rep04-seed200004-v3: mode d'application de perte forcée inattendu: invalid
VALIDATION WARNING: B-kem512-gilbert-prr0p50-L2-loss1-rep04-seed200004-v4: perte forcée configurée mais cible/événements observés incohérents
VALIDATION ERROR: B-kem512-gilbert-prr0p50-L2-loss1-rep04-seed200004-v4: injection de perte forcée non validée dans le log
VALIDATION ERROR: B-kem512-gilbert-prr0p50-L2-loss1-rep04-seed200004-v4: mode d'application de perte forcée inattendu: invalid
VALIDATION WARNING: B-kem512-gilbert-prr0p50-L2-loss1-rep05-seed200005-v3: perte forcée configurée mais cible/événements observés incohérents
VALIDATION ERROR: B-kem512-gilbert-prr0p50-L2-loss1-rep05-seed200005-v3: injection de perte forcée non validée dans le log
VALIDATION ERROR: B-kem512-gilbert-prr0p50-L2-loss1-rep05-seed200005-v3: mode d'application de perte forcée inattendu: invalid
VALIDATION WARNING: B-kem512-gilbert-prr0p50-L2-loss1-rep05-seed200005-v4: perte forcée configurée mais cible/événements observés incohérents
VALIDATION ERROR: B-kem512-gilbert-prr0p50-L2-loss1-rep05-seed200005-v4: injection de perte forcée non validée dans le log
VALIDATION ERROR: B-kem512-gilbert-prr0p50-L2-loss1-rep05-seed200005-v4: mode d'application de perte forcée inattendu: invalid
VALIDATION WARNING: B-kem512-gilbert-prr0p50-L2-loss1-rep06-seed200006-v3: perte forcée configurée mais cible/événements observés incohérents
VALIDATION ERROR: B-kem512-gilbert-prr0p50-L2-loss1-rep06-seed200006-v3: injection de perte forcée non validée dans le log
VALIDATION ERROR: B-kem512-gilbert-prr0p50-L2-loss1-rep06-seed200006-v3: mode d'application de perte forcée inattendu: invalid
VALIDATION WARNING: B-kem512-gilbert-prr0p50-L2-loss1-rep06-seed200006-v4: perte forcée configurée mais cible/événements observés incohérents
VALIDATION ERROR: B-kem512-gilbert-prr0p50-L2-loss1-rep06-seed200006-v4: injection de perte forcée non validée dans le log
VALIDATION ERROR: B-kem512-gilbert-prr0p50-L2-loss1-rep06-seed200006-v4: mode d'application de perte forcée inattendu: invalid
VALIDATION WARNING: B-kem512-gilbert-prr0p50-L2-loss1-rep07-seed200007-v3: perte forcée configurée mais cible/événements observés incohérents
VALIDATION ERROR: B-kem512-gilbert-prr0p50-L2-loss1-rep07-seed200007-v3: injection de perte forcée non validée dans le log
VALIDATION ERROR: B-kem512-gilbert-prr0p50-L2-loss1-rep07-seed200007-v3: mode d'application de perte forcée inattendu: invalid
VALIDATION WARNING: B-kem512-gilbert-prr0p50-L2-loss1-rep07-seed200007-v4: perte forcée configurée mais cible/événements observés incohérents
VALIDATION ERROR: B-kem512-gilbert-prr0p50-L2-loss1-rep07-seed200007-v4: injection de perte forcée non validée dans le log
VALIDATION ERROR: B-kem512-gilbert-prr0p50-L2-loss1-rep07-seed200007-v4: mode d'application de perte forcée inattendu: invalid
VALIDATION WARNING: B-kem512-gilbert-prr0p50-L2-loss1-rep08-seed200008-v3: perte forcée configurée mais cible/événements observés incohérents
VALIDATION ERROR: B-kem512-gilbert-prr0p50-L2-loss1-rep08-seed200008-v3: injection de perte forcée non validée dans le log
VALIDATION ERROR: B-kem512-gilbert-prr0p50-L2-loss1-rep08-seed200008-v3: mode d'application de perte forcée inattendu: invalid
VALIDATION WARNING: B-kem512-gilbert-prr0p50-L2-loss1-rep08-seed200008-v4: perte forcée configurée mais cible/événements observés incohérents
VALIDATION ERROR: B-kem512-gilbert-prr0p50-L2-loss1-rep08-seed200008-v4: injection de perte forcée non validée dans le log
VALIDATION ERROR: B-kem512-gilbert-prr0p50-L2-loss1-rep08-seed200008-v4: mode d'application de perte forcée inattendu: invalid
VALIDATION WARNING: B-kem512-gilbert-prr0p50-L2-loss1-rep09-seed200009-v3: perte forcée configurée mais cible/événements observés incohérents
VALIDATION ERROR: B-kem512-gilbert-prr0p50-L2-loss1-rep09-seed200009-v3: injection de perte forcée non validée dans le log
VALIDATION ERROR: B-kem512-gilbert-prr0p50-L2-loss1-rep09-seed200009-v3: mode d'application de perte forcée inattendu: invalid
VALIDATION WARNING: B-kem512-gilbert-prr0p50-L2-loss1-rep09-seed200009-v4: perte forcée configurée mais cible/événements observés incohérents
VALIDATION ERROR: B-kem512-gilbert-prr0p50-L2-loss1-rep09-seed200009-v4: injection de perte forcée non validée dans le log
VALIDATION ERROR: B-kem512-gilbert-prr0p50-L2-loss1-rep09-seed200009-v4: mode d'application de perte forcée inattendu: invalid
VALIDATION WARNING: B-kem512-gilbert-prr0p50-L2-loss1-rep10-seed200010-v3: perte forcée configurée mais cible/événements observés incohérents
VALIDATION ERROR: B-kem512-gilbert-prr0p50-L2-loss1-rep10-seed200010-v3: injection de perte forcée non validée dans le log
VALIDATION ERROR: B-kem512-gilbert-prr0p50-L2-loss1-rep10-seed200010-v3: mode d'application de perte forcée inattendu: invalid
VALIDATION WARNING: B-kem512-gilbert-prr0p50-L2-loss1-rep10-seed200010-v4: perte forcée configurée mais cible/événements observés incohérents
VALIDATION ERROR: B-kem512-gilbert-prr0p50-L2-loss1-rep10-seed200010-v4: injection de perte forcée non validée dans le log
VALIDATION ERROR: B-kem512-gilbert-prr0p50-L2-loss1-rep10-seed200010-v4: mode d'application de perte forcée inattendu: invalid
VALIDATION WARNING: B-kem512-gilbert-prr0p50-L2-loss1-rep11-seed200011-v3: perte forcée configurée mais cible/événements observés incohérents
VALIDATION ERROR: B-kem512-gilbert-prr0p50-L2-loss1-rep11-seed200011-v3: injection de perte forcée non validée dans le log
VALIDATION ERROR: B-kem512-gilbert-prr0p50-L2-loss1-rep11-seed200011-v3: mode d'application de perte forcée inattendu: invalid
VALIDATION WARNING: B-kem512-gilbert-prr0p50-L2-loss1-rep11-seed200011-v4: perte forcée configurée mais cible/événements observés incohérents
VALIDATION ERROR: B-kem512-gilbert-prr0p50-L2-loss1-rep11-seed200011-v4: injection de perte forcée non validée dans le log
VALIDATION ERROR: B-kem512-gilbert-prr0p50-L2-loss1-rep11-seed200011-v4: mode d'application de perte forcée inattendu: invalid
VALIDATION WARNING: B-kem512-gilbert-prr0p50-L2-loss1-rep12-seed200012-v3: perte forcée configurée mais cible/événements observés incohérents
VALIDATION ERROR: B-kem512-gilbert-prr0p50-L2-loss1-rep12-seed200012-v3: injection de perte forcée non validée dans le log
VALIDATION ERROR: B-kem512-gilbert-prr0p50-L2-loss1-rep12-seed200012-v3: mode d'application de perte forcée inattendu: invalid
VALIDATION WARNING: B-kem512-gilbert-prr0p50-L2-loss1-rep12-seed200012-v4: perte forcée configurée mais cible/événements observés incohérents
VALIDATION ERROR: B-kem512-gilbert-prr0p50-L2-loss1-rep12-seed200012-v4: injection de perte forcée non validée dans le log
VALIDATION ERROR: B-kem512-gilbert-prr0p50-L2-loss1-rep12-seed200012-v4: mode d'application de perte forcée inattendu: invalid
VALIDATION WARNING: B-kem512-gilbert-prr0p50-L2-loss1-rep13-seed200013-v3: perte forcée configurée mais cible/événements observés incohérents
VALIDATION ERROR: B-kem512-gilbert-prr0p50-L2-loss1-rep13-seed200013-v3: injection de perte forcée non validée dans le log
VALIDATION ERROR: B-kem512-gilbert-prr0p50-L2-loss1-rep13-seed200013-v3: mode d'application de perte forcée inattendu: invalid
VALIDATION WARNING: B-kem512-gilbert-prr0p50-L2-loss1-rep13-seed200013-v4: perte forcée configurée mais cible/événements observés incohérents
VALIDATION ERROR: B-kem512-gilbert-prr0p50-L2-loss1-rep13-seed200013-v4: injection de perte forcée non validée dans le log
VALIDATION ERROR: B-kem512-gilbert-prr0p50-L2-loss1-rep13-seed200013-v4: mode d'application de perte forcée inattendu: invalid
VALIDATION WARNING: B-kem512-gilbert-prr0p50-L2-loss1-rep14-seed200014-v3: perte forcée configurée mais cible/événements observés incohérents
VALIDATION ERROR: B-kem512-gilbert-prr0p50-L2-loss1-rep14-seed200014-v3: injection de perte forcée non validée dans le log
VALIDATION ERROR: B-kem512-gilbert-prr0p50-L2-loss1-rep14-seed200014-v3: mode d'application de perte forcée inattendu: invalid
VALIDATION WARNING: B-kem512-gilbert-prr0p50-L2-loss1-rep14-seed200014-v4: perte forcée configurée mais cible/événements observés incohérents
VALIDATION ERROR: B-kem512-gilbert-prr0p50-L2-loss1-rep14-seed200014-v4: injection de perte forcée non validée dans le log
VALIDATION ERROR: B-kem512-gilbert-prr0p50-L2-loss1-rep14-seed200014-v4: mode d'application de perte forcée inattendu: invalid
VALIDATION WARNING: B-kem512-gilbert-prr0p50-L2-loss1-rep15-seed200015-v3: perte forcée configurée mais cible/événements observés incohérents
VALIDATION ERROR: B-kem512-gilbert-prr0p50-L2-loss1-rep15-seed200015-v3: injection de perte forcée non validée dans le log
VALIDATION ERROR: B-kem512-gilbert-prr0p50-L2-loss1-rep15-seed200015-v3: mode d'application de perte forcée inattendu: invalid
VALIDATION WARNING: B-kem512-gilbert-prr0p50-L2-loss1-rep15-seed200015-v4: perte forcée configurée mais cible/événements observés incohérents
VALIDATION ERROR: B-kem512-gilbert-prr0p50-L2-loss1-rep15-seed200015-v4: injection de perte forcée non validée dans le log
VALIDATION ERROR: B-kem512-gilbert-prr0p50-L2-loss1-rep15-seed200015-v4: mode d'application de perte forcée inattendu: invalid
VALIDATION WARNING: B-kem512-gilbert-prr0p50-L2-loss1-rep16-seed200016-v3: perte forcée configurée mais cible/événements observés incohérents
VALIDATION ERROR: B-kem512-gilbert-prr0p50-L2-loss1-rep16-seed200016-v3: injection de perte forcée non validée dans le log
VALIDATION ERROR: B-kem512-gilbert-prr0p50-L2-loss1-rep16-seed200016-v3: mode d'application de perte forcée inattendu: invalid
VALIDATION WARNING: B-kem512-gilbert-prr0p50-L2-loss1-rep16-seed200016-v4: perte forcée configurée mais cible/événements observés incohérents
VALIDATION ERROR: B-kem512-gilbert-prr0p50-L2-loss1-rep16-seed200016-v4: injection de perte forcée non validée dans le log
VALIDATION ERROR: B-kem512-gilbert-prr0p50-L2-loss1-rep16-seed200016-v4: mode d'application de perte forcée inattendu: invalid
VALIDATION WARNING: B-kem512-gilbert-prr0p50-L2-loss1-rep17-seed200017-v3: perte forcée configurée mais cible/événements observés incohérents
VALIDATION ERROR: B-kem512-gilbert-prr0p50-L2-loss1-rep17-seed200017-v3: injection de perte forcée non validée dans le log
VALIDATION ERROR: B-kem512-gilbert-prr0p50-L2-loss1-rep17-seed200017-v3: mode d'application de perte forcée inattendu: invalid
VALIDATION WARNING: B-kem512-gilbert-prr0p50-L2-loss1-rep17-seed200017-v4: perte forcée configurée mais cible/événements observés incohérents
VALIDATION ERROR: B-kem512-gilbert-prr0p50-L2-loss1-rep17-seed200017-v4: injection de perte forcée non validée dans le log
VALIDATION ERROR: B-kem512-gilbert-prr0p50-L2-loss1-rep17-seed200017-v4: mode d'application de perte forcée inattendu: invalid
VALIDATION WARNING: B-kem512-gilbert-prr0p50-L2-loss1-rep18-seed200018-v3: perte forcée configurée mais cible/événements observés incohérents
VALIDATION ERROR: B-kem512-gilbert-prr0p50-L2-loss1-rep18-seed200018-v3: injection de perte forcée non validée dans le log
VALIDATION ERROR: B-kem512-gilbert-prr0p50-L2-loss1-rep18-seed200018-v3: mode d'application de perte forcée inattendu: invalid
VALIDATION WARNING: B-kem512-gilbert-prr0p50-L2-loss1-rep18-seed200018-v4: perte forcée configurée mais cible/événements observés incohérents
VALIDATION ERROR: B-kem512-gilbert-prr0p50-L2-loss1-rep18-seed200018-v4: injection de perte forcée non validée dans le log
VALIDATION ERROR: B-kem512-gilbert-prr0p50-L2-loss1-rep18-seed200018-v4: mode d'application de perte forcée inattendu: invalid
VALIDATION WARNING: B-kem512-gilbert-prr0p50-L2-loss1-rep19-seed200019-v3: perte forcée configurée mais cible/événements observés incohérents
VALIDATION ERROR: B-kem512-gilbert-prr0p50-L2-loss1-rep19-seed200019-v3: injection de perte forcée non validée dans le log
VALIDATION ERROR: B-kem512-gilbert-prr0p50-L2-loss1-rep19-seed200019-v3: mode d'application de perte forcée inattendu: invalid
VALIDATION WARNING: B-kem512-gilbert-prr0p50-L2-loss1-rep19-seed200019-v4: perte forcée configurée mais cible/événements observés incohérents
VALIDATION ERROR: B-kem512-gilbert-prr0p50-L2-loss1-rep19-seed200019-v4: injection de perte forcée non validée dans le log
VALIDATION ERROR: B-kem512-gilbert-prr0p50-L2-loss1-rep19-seed200019-v4: mode d'application de perte forcée inattendu: invalid
VALIDATION WARNING: B-kem512-gilbert-prr0p50-L2-loss1-rep20-seed200020-v3: perte forcée configurée mais cible/événements observés incohérents
VALIDATION ERROR: B-kem512-gilbert-prr0p50-L2-loss1-rep20-seed200020-v3: injection de perte forcée non validée dans le log
VALIDATION ERROR: B-kem512-gilbert-prr0p50-L2-loss1-rep20-seed200020-v3: mode d'application de perte forcée inattendu: invalid
VALIDATION WARNING: B-kem512-gilbert-prr0p50-L2-loss1-rep20-seed200020-v4: perte forcée configurée mais cible/événements observés incohérents
VALIDATION ERROR: B-kem512-gilbert-prr0p50-L2-loss1-rep20-seed200020-v4: injection de perte forcée non validée dans le log
VALIDATION ERROR: B-kem512-gilbert-prr0p50-L2-loss1-rep20-seed200020-v4: mode d'application de perte forcée inattendu: invalid
VALIDATION WARNING: B-kem512-gilbert-prr0p50-L2-loss1-rep21-seed200021-v3: perte forcée configurée mais cible/événements observés incohérents
VALIDATION ERROR: B-kem512-gilbert-prr0p50-L2-loss1-rep21-seed200021-v3: injection de perte forcée non validée dans le log
VALIDATION ERROR: B-kem512-gilbert-prr0p50-L2-loss1-rep21-seed200021-v3: mode d'application de perte forcée inattendu: invalid
VALIDATION WARNING: B-kem512-gilbert-prr0p50-L2-loss1-rep21-seed200021-v4: perte forcée configurée mais cible/événements observés incohérents
VALIDATION ERROR: B-kem512-gilbert-prr0p50-L2-loss1-rep21-seed200021-v4: injection de perte forcée non validée dans le log
VALIDATION ERROR: B-kem512-gilbert-prr0p50-L2-loss1-rep21-seed200021-v4: mode d'application de perte forcée inattendu: invalid
VALIDATION WARNING: B-kem512-gilbert-prr0p50-L2-loss1-rep22-seed200022-v3: perte forcée configurée mais cible/événements observés incohérents
VALIDATION ERROR: B-kem512-gilbert-prr0p50-L2-loss1-rep22-seed200022-v3: injection de perte forcée non validée dans le log
VALIDATION ERROR: B-kem512-gilbert-prr0p50-L2-loss1-rep22-seed200022-v3: mode d'application de perte forcée inattendu: invalid
VALIDATION WARNING: B-kem512-gilbert-prr0p50-L2-loss1-rep22-seed200022-v4: perte forcée configurée mais cible/événements observés incohérents
VALIDATION ERROR: B-kem512-gilbert-prr0p50-L2-loss1-rep22-seed200022-v4: injection de perte forcée non validée dans le log
VALIDATION ERROR: B-kem512-gilbert-prr0p50-L2-loss1-rep22-seed200022-v4: mode d'application de perte forcée inattendu: invalid
VALIDATION WARNING: B-kem512-gilbert-prr0p50-L2-loss1-rep23-seed200023-v3: perte forcée configurée mais cible/événements observés incohérents
VALIDATION ERROR: B-kem512-gilbert-prr0p50-L2-loss1-rep23-seed200023-v3: injection de perte forcée non validée dans le log
VALIDATION ERROR: B-kem512-gilbert-prr0p50-L2-loss1-rep23-seed200023-v3: mode d'application de perte forcée inattendu: invalid
VALIDATION WARNING: B-kem512-gilbert-prr0p50-L2-loss1-rep23-seed200023-v4: perte forcée configurée mais cible/événements observés incohérents
VALIDATION ERROR: B-kem512-gilbert-prr0p50-L2-loss1-rep23-seed200023-v4: injection de perte forcée non validée dans le log
VALIDATION ERROR: B-kem512-gilbert-prr0p50-L2-loss1-rep23-seed200023-v4: mode d'application de perte forcée inattendu: invalid
VALIDATION WARNING: B-kem512-gilbert-prr0p50-L2-loss1-rep24-seed200024-v3: perte forcée configurée mais cible/événements observés incohérents
VALIDATION ERROR: B-kem512-gilbert-prr0p50-L2-loss1-rep24-seed200024-v3: injection de perte forcée non validée dans le log
VALIDATION ERROR: B-kem512-gilbert-prr0p50-L2-loss1-rep24-seed200024-v3: mode d'application de perte forcée inattendu: invalid
VALIDATION WARNING: B-kem512-gilbert-prr0p50-L2-loss1-rep24-seed200024-v4: perte forcée configurée mais cible/événements observés incohérents
VALIDATION ERROR: B-kem512-gilbert-prr0p50-L2-loss1-rep24-seed200024-v4: injection de perte forcée non validée dans le log
VALIDATION ERROR: B-kem512-gilbert-prr0p50-L2-loss1-rep24-seed200024-v4: mode d'application de perte forcée inattendu: invalid
VALIDATION WARNING: B-kem512-gilbert-prr0p50-L2-loss1-rep25-seed200025-v3: perte forcée configurée mais cible/événements observés incohérents
VALIDATION ERROR: B-kem512-gilbert-prr0p50-L2-loss1-rep25-seed200025-v3: injection de perte forcée non validée dans le log
VALIDATION ERROR: B-kem512-gilbert-prr0p50-L2-loss1-rep25-seed200025-v3: mode d'application de perte forcée inattendu: invalid
VALIDATION WARNING: B-kem512-gilbert-prr0p50-L2-loss1-rep25-seed200025-v4: perte forcée configurée mais cible/événements observés incohérents
VALIDATION ERROR: B-kem512-gilbert-prr0p50-L2-loss1-rep25-seed200025-v4: injection de perte forcée non validée dans le log
VALIDATION ERROR: B-kem512-gilbert-prr0p50-L2-loss1-rep25-seed200025-v4: mode d'application de perte forcée inattendu: invalid
VALIDATION WARNING: B-kem512-gilbert-prr0p50-L2-loss1-rep26-seed200026-v3: perte forcée configurée mais cible/événements observés incohérents
VALIDATION ERROR: B-kem512-gilbert-prr0p50-L2-loss1-rep26-seed200026-v3: injection de perte forcée non validée dans le log
VALIDATION ERROR: B-kem512-gilbert-prr0p50-L2-loss1-rep26-seed200026-v3: mode d'application de perte forcée inattendu: invalid
VALIDATION WARNING: B-kem512-gilbert-prr0p50-L2-loss1-rep26-seed200026-v4: perte forcée configurée mais cible/événements observés incohérents
VALIDATION ERROR: B-kem512-gilbert-prr0p50-L2-loss1-rep26-seed200026-v4: injection de perte forcée non validée dans le log
VALIDATION ERROR: B-kem512-gilbert-prr0p50-L2-loss1-rep26-seed200026-v4: mode d'application de perte forcée inattendu: invalid
VALIDATION WARNING: B-kem512-gilbert-prr0p50-L2-loss1-rep27-seed200027-v3: perte forcée configurée mais cible/événements observés incohérents
VALIDATION ERROR: B-kem512-gilbert-prr0p50-L2-loss1-rep27-seed200027-v3: injection de perte forcée non validée dans le log
VALIDATION ERROR: B-kem512-gilbert-prr0p50-L2-loss1-rep27-seed200027-v3: mode d'application de perte forcée inattendu: invalid
VALIDATION WARNING: B-kem512-gilbert-prr0p50-L2-loss1-rep27-seed200027-v4: perte forcée configurée mais cible/événements observés incohérents
VALIDATION ERROR: B-kem512-gilbert-prr0p50-L2-loss1-rep27-seed200027-v4: injection de perte forcée non validée dans le log
VALIDATION ERROR: B-kem512-gilbert-prr0p50-L2-loss1-rep27-seed200027-v4: mode d'application de perte forcée inattendu: invalid
VALIDATION WARNING: B-kem512-gilbert-prr0p50-L2-loss1-rep28-seed200028-v3: perte forcée configurée mais cible/événements observés incohérents
VALIDATION ERROR: B-kem512-gilbert-prr0p50-L2-loss1-rep28-seed200028-v3: injection de perte forcée non validée dans le log
VALIDATION ERROR: B-kem512-gilbert-prr0p50-L2-loss1-rep28-seed200028-v3: mode d'application de perte forcée inattendu: invalid
VALIDATION WARNING: B-kem512-gilbert-prr0p50-L2-loss1-rep28-seed200028-v4: perte forcée configurée mais cible/événements observés incohérents
VALIDATION ERROR: B-kem512-gilbert-prr0p50-L2-loss1-rep28-seed200028-v4: injection de perte forcée non validée dans le log
VALIDATION ERROR: B-kem512-gilbert-prr0p50-L2-loss1-rep28-seed200028-v4: mode d'application de perte forcée inattendu: invalid
VALIDATION WARNING: B-kem512-gilbert-prr0p50-L2-loss1-rep29-seed200029-v3: perte forcée configurée mais cible/événements observés incohérents
VALIDATION ERROR: B-kem512-gilbert-prr0p50-L2-loss1-rep29-seed200029-v3: injection de perte forcée non validée dans le log
VALIDATION ERROR: B-kem512-gilbert-prr0p50-L2-loss1-rep29-seed200029-v3: mode d'application de perte forcée inattendu: invalid
VALIDATION WARNING: B-kem512-gilbert-prr0p50-L2-loss1-rep29-seed200029-v4: perte forcée configurée mais cible/événements observés incohérents
VALIDATION ERROR: B-kem512-gilbert-prr0p50-L2-loss1-rep29-seed200029-v4: injection de perte forcée non validée dans le log
VALIDATION ERROR: B-kem512-gilbert-prr0p50-L2-loss1-rep29-seed200029-v4: mode d'application de perte forcée inattendu: invalid
VALIDATION WARNING: B-kem512-gilbert-prr0p50-L2-loss1-rep30-seed200030-v3: perte forcée configurée mais cible/événements observés incohérents
VALIDATION ERROR: B-kem512-gilbert-prr0p50-L2-loss1-rep30-seed200030-v3: injection de perte forcée non validée dans le log
VALIDATION ERROR: B-kem512-gilbert-prr0p50-L2-loss1-rep30-seed200030-v3: mode d'application de perte forcée inattendu: invalid
VALIDATION WARNING: B-kem512-gilbert-prr0p50-L2-loss1-rep30-seed200030-v4: perte forcée configurée mais cible/événements observés incohérents
VALIDATION ERROR: B-kem512-gilbert-prr0p50-L2-loss1-rep30-seed200030-v4: injection de perte forcée non validée dans le log
VALIDATION ERROR: B-kem512-gilbert-prr0p50-L2-loss1-rep30-seed200030-v4: mode d'application de perte forcée inattendu: invalid
VALIDATION WARNING: B-kem512-gilbert-prr0p50-L5-loss1-rep01-seed200001-v3: perte forcée configurée mais cible/événements observés incohérents
VALIDATION ERROR: B-kem512-gilbert-prr0p50-L5-loss1-rep01-seed200001-v3: injection de perte forcée non validée dans le log
VALIDATION ERROR: B-kem512-gilbert-prr0p50-L5-loss1-rep01-seed200001-v3: mode d'application de perte forcée inattendu: invalid
VALIDATION WARNING: B-kem512-gilbert-prr0p50-L5-loss1-rep01-seed200001-v4: perte forcée configurée mais cible/événements observés incohérents
VALIDATION ERROR: B-kem512-gilbert-prr0p50-L5-loss1-rep01-seed200001-v4: injection de perte forcée non validée dans le log
VALIDATION ERROR: B-kem512-gilbert-prr0p50-L5-loss1-rep01-seed200001-v4: mode d'application de perte forcée inattendu: invalid
VALIDATION WARNING: B-kem512-gilbert-prr0p50-L5-loss1-rep02-seed200002-v3: perte forcée configurée mais cible/événements observés incohérents
VALIDATION ERROR: B-kem512-gilbert-prr0p50-L5-loss1-rep02-seed200002-v3: injection de perte forcée non validée dans le log
VALIDATION ERROR: B-kem512-gilbert-prr0p50-L5-loss1-rep02-seed200002-v3: mode d'application de perte forcée inattendu: invalid
VALIDATION WARNING: B-kem512-gilbert-prr0p50-L5-loss1-rep02-seed200002-v4: perte forcée configurée mais cible/événements observés incohérents
VALIDATION ERROR: B-kem512-gilbert-prr0p50-L5-loss1-rep02-seed200002-v4: injection de perte forcée non validée dans le log
VALIDATION ERROR: B-kem512-gilbert-prr0p50-L5-loss1-rep02-seed200002-v4: mode d'application de perte forcée inattendu: invalid
VALIDATION WARNING: B-kem512-gilbert-prr0p50-L5-loss1-rep03-seed200003-v3: perte forcée configurée mais cible/événements observés incohérents
VALIDATION ERROR: B-kem512-gilbert-prr0p50-L5-loss1-rep03-seed200003-v3: injection de perte forcée non validée dans le log
VALIDATION ERROR: B-kem512-gilbert-prr0p50-L5-loss1-rep03-seed200003-v3: mode d'application de perte forcée inattendu: invalid
VALIDATION WARNING: B-kem512-gilbert-prr0p50-L5-loss1-rep03-seed200003-v4: perte forcée configurée mais cible/événements observés incohérents
VALIDATION ERROR: B-kem512-gilbert-prr0p50-L5-loss1-rep03-seed200003-v4: injection de perte forcée non validée dans le log
VALIDATION ERROR: B-kem512-gilbert-prr0p50-L5-loss1-rep03-seed200003-v4: mode d'application de perte forcée inattendu: invalid
VALIDATION WARNING: B-kem512-gilbert-prr0p50-L5-loss1-rep04-seed200004-v3: perte forcée configurée mais cible/événements observés incohérents
VALIDATION ERROR: B-kem512-gilbert-prr0p50-L5-loss1-rep04-seed200004-v3: injection de perte forcée non validée dans le log
VALIDATION ERROR: B-kem512-gilbert-prr0p50-L5-loss1-rep04-seed200004-v3: mode d'application de perte forcée inattendu: invalid
VALIDATION WARNING: B-kem512-gilbert-prr0p50-L5-loss1-rep04-seed200004-v4: perte forcée configurée mais cible/événements observés incohérents
VALIDATION ERROR: B-kem512-gilbert-prr0p50-L5-loss1-rep04-seed200004-v4: injection de perte forcée non validée dans le log
VALIDATION ERROR: B-kem512-gilbert-prr0p50-L5-loss1-rep04-seed200004-v4: mode d'application de perte forcée inattendu: invalid
VALIDATION WARNING: B-kem512-gilbert-prr0p50-L5-loss1-rep05-seed200005-v3: perte forcée configurée mais cible/événements observés incohérents
VALIDATION ERROR: B-kem512-gilbert-prr0p50-L5-loss1-rep05-seed200005-v3: injection de perte forcée non validée dans le log
VALIDATION ERROR: B-kem512-gilbert-prr0p50-L5-loss1-rep05-seed200005-v3: mode d'application de perte forcée inattendu: invalid
VALIDATION WARNING: B-kem512-gilbert-prr0p50-L5-loss1-rep05-seed200005-v4: perte forcée configurée mais cible/événements observés incohérents
VALIDATION ERROR: B-kem512-gilbert-prr0p50-L5-loss1-rep05-seed200005-v4: injection de perte forcée non validée dans le log
VALIDATION ERROR: B-kem512-gilbert-prr0p50-L5-loss1-rep05-seed200005-v4: mode d'application de perte forcée inattendu: invalid
VALIDATION WARNING: B-kem512-gilbert-prr0p50-L5-loss1-rep06-seed200006-v3: perte forcée configurée mais cible/événements observés incohérents
VALIDATION ERROR: B-kem512-gilbert-prr0p50-L5-loss1-rep06-seed200006-v3: injection de perte forcée non validée dans le log
VALIDATION ERROR: B-kem512-gilbert-prr0p50-L5-loss1-rep06-seed200006-v3: mode d'application de perte forcée inattendu: invalid
VALIDATION WARNING: B-kem512-gilbert-prr0p50-L5-loss1-rep06-seed200006-v4: perte forcée configurée mais cible/événements observés incohérents
VALIDATION ERROR: B-kem512-gilbert-prr0p50-L5-loss1-rep06-seed200006-v4: injection de perte forcée non validée dans le log
VALIDATION ERROR: B-kem512-gilbert-prr0p50-L5-loss1-rep06-seed200006-v4: mode d'application de perte forcée inattendu: invalid
VALIDATION WARNING: B-kem512-gilbert-prr0p50-L5-loss1-rep07-seed200007-v3: perte forcée configurée mais cible/événements observés incohérents
VALIDATION ERROR: B-kem512-gilbert-prr0p50-L5-loss1-rep07-seed200007-v3: injection de perte forcée non validée dans le log
VALIDATION ERROR: B-kem512-gilbert-prr0p50-L5-loss1-rep07-seed200007-v3: mode d'application de perte forcée inattendu: invalid
VALIDATION WARNING: B-kem512-gilbert-prr0p50-L5-loss1-rep07-seed200007-v4: perte forcée configurée mais cible/événements observés incohérents
VALIDATION ERROR: B-kem512-gilbert-prr0p50-L5-loss1-rep07-seed200007-v4: injection de perte forcée non validée dans le log
VALIDATION ERROR: B-kem512-gilbert-prr0p50-L5-loss1-rep07-seed200007-v4: mode d'application de perte forcée inattendu: invalid
VALIDATION WARNING: B-kem512-gilbert-prr0p50-L5-loss1-rep08-seed200008-v3: perte forcée configurée mais cible/événements observés incohérents
VALIDATION ERROR: B-kem512-gilbert-prr0p50-L5-loss1-rep08-seed200008-v3: injection de perte forcée non validée dans le log
VALIDATION ERROR: B-kem512-gilbert-prr0p50-L5-loss1-rep08-seed200008-v3: mode d'application de perte forcée inattendu: invalid
VALIDATION WARNING: B-kem512-gilbert-prr0p50-L5-loss1-rep08-seed200008-v4: perte forcée configurée mais cible/événements observés incohérents
VALIDATION ERROR: B-kem512-gilbert-prr0p50-L5-loss1-rep08-seed200008-v4: injection de perte forcée non validée dans le log
VALIDATION ERROR: B-kem512-gilbert-prr0p50-L5-loss1-rep08-seed200008-v4: mode d'application de perte forcée inattendu: invalid
VALIDATION WARNING: B-kem512-gilbert-prr0p50-L5-loss1-rep09-seed200009-v3: perte forcée configurée mais cible/événements observés incohérents
VALIDATION ERROR: B-kem512-gilbert-prr0p50-L5-loss1-rep09-seed200009-v3: injection de perte forcée non validée dans le log
VALIDATION ERROR: B-kem512-gilbert-prr0p50-L5-loss1-rep09-seed200009-v3: mode d'application de perte forcée inattendu: invalid
VALIDATION WARNING: B-kem512-gilbert-prr0p50-L5-loss1-rep09-seed200009-v4: perte forcée configurée mais cible/événements observés incohérents
VALIDATION ERROR: B-kem512-gilbert-prr0p50-L5-loss1-rep09-seed200009-v4: injection de perte forcée non validée dans le log
VALIDATION ERROR: B-kem512-gilbert-prr0p50-L5-loss1-rep09-seed200009-v4: mode d'application de perte forcée inattendu: invalid
VALIDATION WARNING: B-kem512-gilbert-prr0p50-L5-loss1-rep10-seed200010-v3: perte forcée configurée mais cible/événements observés incohérents
VALIDATION ERROR: B-kem512-gilbert-prr0p50-L5-loss1-rep10-seed200010-v3: injection de perte forcée non validée dans le log
VALIDATION ERROR: B-kem512-gilbert-prr0p50-L5-loss1-rep10-seed200010-v3: mode d'application de perte forcée inattendu: invalid
VALIDATION WARNING: B-kem512-gilbert-prr0p50-L5-loss1-rep10-seed200010-v4: perte forcée configurée mais cible/événements observés incohérents
VALIDATION ERROR: B-kem512-gilbert-prr0p50-L5-loss1-rep10-seed200010-v4: injection de perte forcée non validée dans le log
VALIDATION ERROR: B-kem512-gilbert-prr0p50-L5-loss1-rep10-seed200010-v4: mode d'application de perte forcée inattendu: invalid
VALIDATION WARNING: B-kem512-gilbert-prr0p50-L5-loss1-rep11-seed200011-v3: perte forcée configurée mais cible/événements observés incohérents
VALIDATION ERROR: B-kem512-gilbert-prr0p50-L5-loss1-rep11-seed200011-v3: injection de perte forcée non validée dans le log
VALIDATION ERROR: B-kem512-gilbert-prr0p50-L5-loss1-rep11-seed200011-v3: mode d'application de perte forcée inattendu: invalid
VALIDATION WARNING: B-kem512-gilbert-prr0p50-L5-loss1-rep11-seed200011-v4: perte forcée configurée mais cible/événements observés incohérents
VALIDATION ERROR: B-kem512-gilbert-prr0p50-L5-loss1-rep11-seed200011-v4: injection de perte forcée non validée dans le log
VALIDATION ERROR: B-kem512-gilbert-prr0p50-L5-loss1-rep11-seed200011-v4: mode d'application de perte forcée inattendu: invalid
VALIDATION WARNING: B-kem512-gilbert-prr0p50-L5-loss1-rep12-seed200012-v3: perte forcée configurée mais cible/événements observés incohérents
VALIDATION ERROR: B-kem512-gilbert-prr0p50-L5-loss1-rep12-seed200012-v3: injection de perte forcée non validée dans le log
VALIDATION ERROR: B-kem512-gilbert-prr0p50-L5-loss1-rep12-seed200012-v3: mode d'application de perte forcée inattendu: invalid
VALIDATION WARNING: B-kem512-gilbert-prr0p50-L5-loss1-rep12-seed200012-v4: perte forcée configurée mais cible/événements observés incohérents
VALIDATION ERROR: B-kem512-gilbert-prr0p50-L5-loss1-rep12-seed200012-v4: injection de perte forcée non validée dans le log
VALIDATION ERROR: B-kem512-gilbert-prr0p50-L5-loss1-rep12-seed200012-v4: mode d'application de perte forcée inattendu: invalid
VALIDATION WARNING: B-kem512-gilbert-prr0p50-L5-loss1-rep13-seed200013-v3: perte forcée configurée mais cible/événements observés incohérents
VALIDATION ERROR: B-kem512-gilbert-prr0p50-L5-loss1-rep13-seed200013-v3: injection de perte forcée non validée dans le log
VALIDATION ERROR: B-kem512-gilbert-prr0p50-L5-loss1-rep13-seed200013-v3: mode d'application de perte forcée inattendu: invalid
VALIDATION WARNING: B-kem512-gilbert-prr0p50-L5-loss1-rep13-seed200013-v4: perte forcée configurée mais cible/événements observés incohérents
VALIDATION ERROR: B-kem512-gilbert-prr0p50-L5-loss1-rep13-seed200013-v4: injection de perte forcée non validée dans le log
VALIDATION ERROR: B-kem512-gilbert-prr0p50-L5-loss1-rep13-seed200013-v4: mode d'application de perte forcée inattendu: invalid
VALIDATION WARNING: B-kem512-gilbert-prr0p50-L5-loss1-rep14-seed200014-v3: perte forcée configurée mais cible/événements observés incohérents
VALIDATION ERROR: B-kem512-gilbert-prr0p50-L5-loss1-rep14-seed200014-v3: injection de perte forcée non validée dans le log
VALIDATION ERROR: B-kem512-gilbert-prr0p50-L5-loss1-rep14-seed200014-v3: mode d'application de perte forcée inattendu: invalid
VALIDATION WARNING: B-kem512-gilbert-prr0p50-L5-loss1-rep14-seed200014-v4: perte forcée configurée mais cible/événements observés incohérents
VALIDATION ERROR: B-kem512-gilbert-prr0p50-L5-loss1-rep14-seed200014-v4: injection de perte forcée non validée dans le log
VALIDATION ERROR: B-kem512-gilbert-prr0p50-L5-loss1-rep14-seed200014-v4: mode d'application de perte forcée inattendu: invalid
VALIDATION WARNING: B-kem512-gilbert-prr0p50-L5-loss1-rep15-seed200015-v3: perte forcée configurée mais cible/événements observés incohérents
VALIDATION ERROR: B-kem512-gilbert-prr0p50-L5-loss1-rep15-seed200015-v3: injection de perte forcée non validée dans le log
VALIDATION ERROR: B-kem512-gilbert-prr0p50-L5-loss1-rep15-seed200015-v3: mode d'application de perte forcée inattendu: invalid
VALIDATION WARNING: B-kem512-gilbert-prr0p50-L5-loss1-rep15-seed200015-v4: perte forcée configurée mais cible/événements observés incohérents
VALIDATION ERROR: B-kem512-gilbert-prr0p50-L5-loss1-rep15-seed200015-v4: injection de perte forcée non validée dans le log
VALIDATION ERROR: B-kem512-gilbert-prr0p50-L5-loss1-rep15-seed200015-v4: mode d'application de perte forcée inattendu: invalid
VALIDATION WARNING: B-kem512-gilbert-prr0p50-L5-loss1-rep16-seed200016-v3: perte forcée configurée mais cible/événements observés incohérents
VALIDATION ERROR: B-kem512-gilbert-prr0p50-L5-loss1-rep16-seed200016-v3: injection de perte forcée non validée dans le log
VALIDATION ERROR: B-kem512-gilbert-prr0p50-L5-loss1-rep16-seed200016-v3: mode d'application de perte forcée inattendu: invalid
VALIDATION WARNING: B-kem512-gilbert-prr0p50-L5-loss1-rep16-seed200016-v4: perte forcée configurée mais cible/événements observés incohérents
VALIDATION ERROR: B-kem512-gilbert-prr0p50-L5-loss1-rep16-seed200016-v4: injection de perte forcée non validée dans le log
VALIDATION ERROR: B-kem512-gilbert-prr0p50-L5-loss1-rep16-seed200016-v4: mode d'application de perte forcée inattendu: invalid
VALIDATION WARNING: B-kem512-gilbert-prr0p50-L5-loss1-rep17-seed200017-v3: perte forcée configurée mais cible/événements observés incohérents
VALIDATION ERROR: B-kem512-gilbert-prr0p50-L5-loss1-rep17-seed200017-v3: injection de perte forcée non validée dans le log
VALIDATION ERROR: B-kem512-gilbert-prr0p50-L5-loss1-rep17-seed200017-v3: mode d'application de perte forcée inattendu: invalid
VALIDATION WARNING: B-kem512-gilbert-prr0p50-L5-loss1-rep17-seed200017-v4: perte forcée configurée mais cible/événements observés incohérents
VALIDATION ERROR: B-kem512-gilbert-prr0p50-L5-loss1-rep17-seed200017-v4: injection de perte forcée non validée dans le log
VALIDATION ERROR: B-kem512-gilbert-prr0p50-L5-loss1-rep17-seed200017-v4: mode d'application de perte forcée inattendu: invalid
VALIDATION WARNING: B-kem512-gilbert-prr0p50-L5-loss1-rep18-seed200018-v3: perte forcée configurée mais cible/événements observés incohérents
VALIDATION ERROR: B-kem512-gilbert-prr0p50-L5-loss1-rep18-seed200018-v3: injection de perte forcée non validée dans le log
VALIDATION ERROR: B-kem512-gilbert-prr0p50-L5-loss1-rep18-seed200018-v3: mode d'application de perte forcée inattendu: invalid
VALIDATION WARNING: B-kem512-gilbert-prr0p50-L5-loss1-rep18-seed200018-v4: perte forcée configurée mais cible/événements observés incohérents
VALIDATION ERROR: B-kem512-gilbert-prr0p50-L5-loss1-rep18-seed200018-v4: injection de perte forcée non validée dans le log
VALIDATION ERROR: B-kem512-gilbert-prr0p50-L5-loss1-rep18-seed200018-v4: mode d'application de perte forcée inattendu: invalid
VALIDATION WARNING: B-kem512-gilbert-prr0p50-L5-loss1-rep19-seed200019-v3: perte forcée configurée mais cible/événements observés incohérents
VALIDATION ERROR: B-kem512-gilbert-prr0p50-L5-loss1-rep19-seed200019-v3: injection de perte forcée non validée dans le log
VALIDATION ERROR: B-kem512-gilbert-prr0p50-L5-loss1-rep19-seed200019-v3: mode d'application de perte forcée inattendu: invalid
VALIDATION WARNING: B-kem512-gilbert-prr0p50-L5-loss1-rep19-seed200019-v4: perte forcée configurée mais cible/événements observés incohérents
VALIDATION ERROR: B-kem512-gilbert-prr0p50-L5-loss1-rep19-seed200019-v4: injection de perte forcée non validée dans le log
VALIDATION ERROR: B-kem512-gilbert-prr0p50-L5-loss1-rep19-seed200019-v4: mode d'application de perte forcée inattendu: invalid
VALIDATION WARNING: B-kem512-gilbert-prr0p50-L5-loss1-rep20-seed200020-v3: perte forcée configurée mais cible/événements observés incohérents
VALIDATION ERROR: B-kem512-gilbert-prr0p50-L5-loss1-rep20-seed200020-v3: injection de perte forcée non validée dans le log
VALIDATION ERROR: B-kem512-gilbert-prr0p50-L5-loss1-rep20-seed200020-v3: mode d'application de perte forcée inattendu: invalid
VALIDATION WARNING: B-kem512-gilbert-prr0p50-L5-loss1-rep20-seed200020-v4: perte forcée configurée mais cible/événements observés incohérents
VALIDATION ERROR: B-kem512-gilbert-prr0p50-L5-loss1-rep20-seed200020-v4: injection de perte forcée non validée dans le log
VALIDATION ERROR: B-kem512-gilbert-prr0p50-L5-loss1-rep20-seed200020-v4: mode d'application de perte forcée inattendu: invalid
VALIDATION WARNING: B-kem512-gilbert-prr0p50-L5-loss1-rep21-seed200021-v3: perte forcée configurée mais cible/événements observés incohérents
VALIDATION ERROR: B-kem512-gilbert-prr0p50-L5-loss1-rep21-seed200021-v3: injection de perte forcée non validée dans le log
VALIDATION ERROR: B-kem512-gilbert-prr0p50-L5-loss1-rep21-seed200021-v3: mode d'application de perte forcée inattendu: invalid
VALIDATION WARNING: B-kem512-gilbert-prr0p50-L5-loss1-rep21-seed200021-v4: perte forcée configurée mais cible/événements observés incohérents
VALIDATION ERROR: B-kem512-gilbert-prr0p50-L5-loss1-rep21-seed200021-v4: injection de perte forcée non validée dans le log
VALIDATION ERROR: B-kem512-gilbert-prr0p50-L5-loss1-rep21-seed200021-v4: mode d'application de perte forcée inattendu: invalid
VALIDATION WARNING: B-kem512-gilbert-prr0p50-L5-loss1-rep22-seed200022-v3: perte forcée configurée mais cible/événements observés incohérents
VALIDATION ERROR: B-kem512-gilbert-prr0p50-L5-loss1-rep22-seed200022-v3: injection de perte forcée non validée dans le log
VALIDATION ERROR: B-kem512-gilbert-prr0p50-L5-loss1-rep22-seed200022-v3: mode d'application de perte forcée inattendu: invalid
VALIDATION WARNING: B-kem512-gilbert-prr0p50-L5-loss1-rep22-seed200022-v4: perte forcée configurée mais cible/événements observés incohérents
VALIDATION ERROR: B-kem512-gilbert-prr0p50-L5-loss1-rep22-seed200022-v4: injection de perte forcée non validée dans le log
VALIDATION ERROR: B-kem512-gilbert-prr0p50-L5-loss1-rep22-seed200022-v4: mode d'application de perte forcée inattendu: invalid
VALIDATION WARNING: B-kem512-gilbert-prr0p50-L5-loss1-rep23-seed200023-v3: perte forcée configurée mais cible/événements observés incohérents
VALIDATION ERROR: B-kem512-gilbert-prr0p50-L5-loss1-rep23-seed200023-v3: injection de perte forcée non validée dans le log
VALIDATION ERROR: B-kem512-gilbert-prr0p50-L5-loss1-rep23-seed200023-v3: mode d'application de perte forcée inattendu: invalid
VALIDATION WARNING: B-kem512-gilbert-prr0p50-L5-loss1-rep23-seed200023-v4: perte forcée configurée mais cible/événements observés incohérents
VALIDATION ERROR: B-kem512-gilbert-prr0p50-L5-loss1-rep23-seed200023-v4: injection de perte forcée non validée dans le log
VALIDATION ERROR: B-kem512-gilbert-prr0p50-L5-loss1-rep23-seed200023-v4: mode d'application de perte forcée inattendu: invalid
VALIDATION WARNING: B-kem512-gilbert-prr0p50-L5-loss1-rep24-seed200024-v3: perte forcée configurée mais cible/événements observés incohérents
VALIDATION ERROR: B-kem512-gilbert-prr0p50-L5-loss1-rep24-seed200024-v3: injection de perte forcée non validée dans le log
VALIDATION ERROR: B-kem512-gilbert-prr0p50-L5-loss1-rep24-seed200024-v3: mode d'application de perte forcée inattendu: invalid
VALIDATION WARNING: B-kem512-gilbert-prr0p50-L5-loss1-rep24-seed200024-v4: perte forcée configurée mais cible/événements observés incohérents
VALIDATION ERROR: B-kem512-gilbert-prr0p50-L5-loss1-rep24-seed200024-v4: injection de perte forcée non validée dans le log
VALIDATION ERROR: B-kem512-gilbert-prr0p50-L5-loss1-rep24-seed200024-v4: mode d'application de perte forcée inattendu: invalid
VALIDATION WARNING: B-kem512-gilbert-prr0p50-L5-loss1-rep25-seed200025-v3: perte forcée configurée mais cible/événements observés incohérents
VALIDATION ERROR: B-kem512-gilbert-prr0p50-L5-loss1-rep25-seed200025-v3: injection de perte forcée non validée dans le log
VALIDATION ERROR: B-kem512-gilbert-prr0p50-L5-loss1-rep25-seed200025-v3: mode d'application de perte forcée inattendu: invalid
VALIDATION WARNING: B-kem512-gilbert-prr0p50-L5-loss1-rep25-seed200025-v4: perte forcée configurée mais cible/événements observés incohérents
VALIDATION ERROR: B-kem512-gilbert-prr0p50-L5-loss1-rep25-seed200025-v4: injection de perte forcée non validée dans le log
VALIDATION ERROR: B-kem512-gilbert-prr0p50-L5-loss1-rep25-seed200025-v4: mode d'application de perte forcée inattendu: invalid
VALIDATION WARNING: B-kem512-gilbert-prr0p50-L5-loss1-rep26-seed200026-v3: perte forcée configurée mais cible/événements observés incohérents
VALIDATION ERROR: B-kem512-gilbert-prr0p50-L5-loss1-rep26-seed200026-v3: injection de perte forcée non validée dans le log
VALIDATION ERROR: B-kem512-gilbert-prr0p50-L5-loss1-rep26-seed200026-v3: mode d'application de perte forcée inattendu: invalid
VALIDATION WARNING: B-kem512-gilbert-prr0p50-L5-loss1-rep26-seed200026-v4: perte forcée configurée mais cible/événements observés incohérents
VALIDATION ERROR: B-kem512-gilbert-prr0p50-L5-loss1-rep26-seed200026-v4: injection de perte forcée non validée dans le log
VALIDATION ERROR: B-kem512-gilbert-prr0p50-L5-loss1-rep26-seed200026-v4: mode d'application de perte forcée inattendu: invalid
VALIDATION WARNING: B-kem512-gilbert-prr0p50-L5-loss1-rep27-seed200027-v3: perte forcée configurée mais cible/événements observés incohérents
VALIDATION ERROR: B-kem512-gilbert-prr0p50-L5-loss1-rep27-seed200027-v3: injection de perte forcée non validée dans le log
VALIDATION ERROR: B-kem512-gilbert-prr0p50-L5-loss1-rep27-seed200027-v3: mode d'application de perte forcée inattendu: invalid
VALIDATION WARNING: B-kem512-gilbert-prr0p50-L5-loss1-rep27-seed200027-v4: perte forcée configurée mais cible/événements observés incohérents
VALIDATION ERROR: B-kem512-gilbert-prr0p50-L5-loss1-rep27-seed200027-v4: injection de perte forcée non validée dans le log
VALIDATION ERROR: B-kem512-gilbert-prr0p50-L5-loss1-rep27-seed200027-v4: mode d'application de perte forcée inattendu: invalid
VALIDATION WARNING: B-kem512-gilbert-prr0p50-L5-loss1-rep28-seed200028-v3: perte forcée configurée mais cible/événements observés incohérents
VALIDATION ERROR: B-kem512-gilbert-prr0p50-L5-loss1-rep28-seed200028-v3: injection de perte forcée non validée dans le log
VALIDATION ERROR: B-kem512-gilbert-prr0p50-L5-loss1-rep28-seed200028-v3: mode d'application de perte forcée inattendu: invalid
VALIDATION WARNING: B-kem512-gilbert-prr0p50-L5-loss1-rep28-seed200028-v4: perte forcée configurée mais cible/événements observés incohérents
VALIDATION ERROR: B-kem512-gilbert-prr0p50-L5-loss1-rep28-seed200028-v4: injection de perte forcée non validée dans le log
VALIDATION ERROR: B-kem512-gilbert-prr0p50-L5-loss1-rep28-seed200028-v4: mode d'application de perte forcée inattendu: invalid
VALIDATION WARNING: B-kem512-gilbert-prr0p50-L5-loss1-rep30-seed200030-v3: perte forcée configurée mais cible/événements observés incohérents
VALIDATION ERROR: B-kem512-gilbert-prr0p50-L5-loss1-rep30-seed200030-v3: injection de perte forcée non validée dans le log
VALIDATION ERROR: B-kem512-gilbert-prr0p50-L5-loss1-rep30-seed200030-v3: mode d'application de perte forcée inattendu: invalid
VALIDATION WARNING: B-kem512-gilbert-prr0p50-L5-loss1-rep30-seed200030-v4: perte forcée configurée mais cible/événements observés incohérents
VALIDATION ERROR: B-kem512-gilbert-prr0p50-L5-loss1-rep30-seed200030-v4: injection de perte forcée non validée dans le log
VALIDATION ERROR: B-kem512-gilbert-prr0p50-L5-loss1-rep30-seed200030-v4: mode d'application de perte forcée inattendu: invalid
VALIDATION WARNING: B-kem512-gilbert-prr0p50-L10-loss1-rep01-seed200001-v3: perte forcée configurée mais cible/événements observés incohérents
VALIDATION ERROR: B-kem512-gilbert-prr0p50-L10-loss1-rep01-seed200001-v3: injection de perte forcée non validée dans le log
VALIDATION ERROR: B-kem512-gilbert-prr0p50-L10-loss1-rep01-seed200001-v3: mode d'application de perte forcée inattendu: invalid
VALIDATION WARNING: B-kem512-gilbert-prr0p50-L10-loss1-rep01-seed200001-v4: perte forcée configurée mais cible/événements observés incohérents
VALIDATION ERROR: B-kem512-gilbert-prr0p50-L10-loss1-rep01-seed200001-v4: injection de perte forcée non validée dans le log
VALIDATION ERROR: B-kem512-gilbert-prr0p50-L10-loss1-rep01-seed200001-v4: mode d'application de perte forcée inattendu: invalid
VALIDATION WARNING: B-kem512-gilbert-prr0p50-L10-loss1-rep02-seed200002-v3: perte forcée configurée mais cible/événements observés incohérents
VALIDATION ERROR: B-kem512-gilbert-prr0p50-L10-loss1-rep02-seed200002-v3: injection de perte forcée non validée dans le log
VALIDATION ERROR: B-kem512-gilbert-prr0p50-L10-loss1-rep02-seed200002-v3: mode d'application de perte forcée inattendu: invalid
VALIDATION WARNING: B-kem512-gilbert-prr0p50-L10-loss1-rep02-seed200002-v4: perte forcée configurée mais cible/événements observés incohérents
VALIDATION ERROR: B-kem512-gilbert-prr0p50-L10-loss1-rep02-seed200002-v4: injection de perte forcée non validée dans le log
VALIDATION ERROR: B-kem512-gilbert-prr0p50-L10-loss1-rep02-seed200002-v4: mode d'application de perte forcée inattendu: invalid
VALIDATION WARNING: B-kem512-gilbert-prr0p50-L10-loss1-rep03-seed200003-v3: perte forcée configurée mais cible/événements observés incohérents
VALIDATION ERROR: B-kem512-gilbert-prr0p50-L10-loss1-rep03-seed200003-v3: injection de perte forcée non validée dans le log
VALIDATION ERROR: B-kem512-gilbert-prr0p50-L10-loss1-rep03-seed200003-v3: mode d'application de perte forcée inattendu: invalid
VALIDATION WARNING: B-kem512-gilbert-prr0p50-L10-loss1-rep03-seed200003-v4: perte forcée configurée mais cible/événements observés incohérents
VALIDATION ERROR: B-kem512-gilbert-prr0p50-L10-loss1-rep03-seed200003-v4: injection de perte forcée non validée dans le log
VALIDATION ERROR: B-kem512-gilbert-prr0p50-L10-loss1-rep03-seed200003-v4: mode d'application de perte forcée inattendu: invalid
VALIDATION WARNING: B-kem512-gilbert-prr0p50-L10-loss1-rep05-seed200005-v3: perte forcée configurée mais cible/événements observés incohérents
VALIDATION ERROR: B-kem512-gilbert-prr0p50-L10-loss1-rep05-seed200005-v3: injection de perte forcée non validée dans le log
VALIDATION ERROR: B-kem512-gilbert-prr0p50-L10-loss1-rep05-seed200005-v3: mode d'application de perte forcée inattendu: invalid
VALIDATION WARNING: B-kem512-gilbert-prr0p50-L10-loss1-rep05-seed200005-v4: perte forcée configurée mais cible/événements observés incohérents
VALIDATION ERROR: B-kem512-gilbert-prr0p50-L10-loss1-rep05-seed200005-v4: injection de perte forcée non validée dans le log
VALIDATION ERROR: B-kem512-gilbert-prr0p50-L10-loss1-rep05-seed200005-v4: mode d'application de perte forcée inattendu: invalid
VALIDATION WARNING: B-kem512-gilbert-prr0p50-L10-loss1-rep07-seed200007-v3: perte forcée configurée mais cible/événements observés incohérents
VALIDATION ERROR: B-kem512-gilbert-prr0p50-L10-loss1-rep07-seed200007-v3: injection de perte forcée non validée dans le log
VALIDATION ERROR: B-kem512-gilbert-prr0p50-L10-loss1-rep07-seed200007-v3: mode d'application de perte forcée inattendu: invalid
VALIDATION WARNING: B-kem512-gilbert-prr0p50-L10-loss1-rep07-seed200007-v4: perte forcée configurée mais cible/événements observés incohérents
VALIDATION ERROR: B-kem512-gilbert-prr0p50-L10-loss1-rep07-seed200007-v4: injection de perte forcée non validée dans le log
VALIDATION ERROR: B-kem512-gilbert-prr0p50-L10-loss1-rep07-seed200007-v4: mode d'application de perte forcée inattendu: invalid
VALIDATION WARNING: B-kem512-gilbert-prr0p50-L10-loss1-rep08-seed200008-v3: perte forcée configurée mais cible/événements observés incohérents
VALIDATION ERROR: B-kem512-gilbert-prr0p50-L10-loss1-rep08-seed200008-v3: injection de perte forcée non validée dans le log
VALIDATION ERROR: B-kem512-gilbert-prr0p50-L10-loss1-rep08-seed200008-v3: mode d'application de perte forcée inattendu: invalid
VALIDATION WARNING: B-kem512-gilbert-prr0p50-L10-loss1-rep08-seed200008-v4: perte forcée configurée mais cible/événements observés incohérents
VALIDATION ERROR: B-kem512-gilbert-prr0p50-L10-loss1-rep08-seed200008-v4: injection de perte forcée non validée dans le log
VALIDATION ERROR: B-kem512-gilbert-prr0p50-L10-loss1-rep08-seed200008-v4: mode d'application de perte forcée inattendu: invalid
VALIDATION WARNING: B-kem512-gilbert-prr0p50-L10-loss1-rep09-seed200009-v3: perte forcée configurée mais cible/événements observés incohérents
VALIDATION ERROR: B-kem512-gilbert-prr0p50-L10-loss1-rep09-seed200009-v3: injection de perte forcée non validée dans le log
VALIDATION ERROR: B-kem512-gilbert-prr0p50-L10-loss1-rep09-seed200009-v3: mode d'application de perte forcée inattendu: invalid
VALIDATION WARNING: B-kem512-gilbert-prr0p50-L10-loss1-rep09-seed200009-v4: perte forcée configurée mais cible/événements observés incohérents
VALIDATION ERROR: B-kem512-gilbert-prr0p50-L10-loss1-rep09-seed200009-v4: injection de perte forcée non validée dans le log
VALIDATION ERROR: B-kem512-gilbert-prr0p50-L10-loss1-rep09-seed200009-v4: mode d'application de perte forcée inattendu: invalid
VALIDATION WARNING: B-kem512-gilbert-prr0p50-L10-loss1-rep10-seed200010-v3: perte forcée configurée mais cible/événements observés incohérents
VALIDATION ERROR: B-kem512-gilbert-prr0p50-L10-loss1-rep10-seed200010-v3: injection de perte forcée non validée dans le log
VALIDATION ERROR: B-kem512-gilbert-prr0p50-L10-loss1-rep10-seed200010-v3: mode d'application de perte forcée inattendu: invalid
VALIDATION WARNING: B-kem512-gilbert-prr0p50-L10-loss1-rep10-seed200010-v4: perte forcée configurée mais cible/événements observés incohérents
VALIDATION ERROR: B-kem512-gilbert-prr0p50-L10-loss1-rep10-seed200010-v4: injection de perte forcée non validée dans le log
VALIDATION ERROR: B-kem512-gilbert-prr0p50-L10-loss1-rep10-seed200010-v4: mode d'application de perte forcée inattendu: invalid
VALIDATION WARNING: B-kem512-gilbert-prr0p50-L10-loss1-rep11-seed200011-v3: perte forcée configurée mais cible/événements observés incohérents
VALIDATION ERROR: B-kem512-gilbert-prr0p50-L10-loss1-rep11-seed200011-v3: injection de perte forcée non validée dans le log
VALIDATION ERROR: B-kem512-gilbert-prr0p50-L10-loss1-rep11-seed200011-v3: mode d'application de perte forcée inattendu: invalid
VALIDATION WARNING: B-kem512-gilbert-prr0p50-L10-loss1-rep11-seed200011-v4: perte forcée configurée mais cible/événements observés incohérents
VALIDATION ERROR: B-kem512-gilbert-prr0p50-L10-loss1-rep11-seed200011-v4: injection de perte forcée non validée dans le log
VALIDATION ERROR: B-kem512-gilbert-prr0p50-L10-loss1-rep11-seed200011-v4: mode d'application de perte forcée inattendu: invalid
VALIDATION WARNING: B-kem512-gilbert-prr0p50-L10-loss1-rep12-seed200012-v3: perte forcée configurée mais cible/événements observés incohérents
VALIDATION ERROR: B-kem512-gilbert-prr0p50-L10-loss1-rep12-seed200012-v3: injection de perte forcée non validée dans le log
VALIDATION ERROR: B-kem512-gilbert-prr0p50-L10-loss1-rep12-seed200012-v3: mode d'application de perte forcée inattendu: invalid
VALIDATION WARNING: B-kem512-gilbert-prr0p50-L10-loss1-rep12-seed200012-v4: perte forcée configurée mais cible/événements observés incohérents
VALIDATION ERROR: B-kem512-gilbert-prr0p50-L10-loss1-rep12-seed200012-v4: injection de perte forcée non validée dans le log
VALIDATION ERROR: B-kem512-gilbert-prr0p50-L10-loss1-rep12-seed200012-v4: mode d'application de perte forcée inattendu: invalid
VALIDATION WARNING: B-kem512-gilbert-prr0p50-L10-loss1-rep13-seed200013-v3: perte forcée configurée mais cible/événements observés incohérents
VALIDATION ERROR: B-kem512-gilbert-prr0p50-L10-loss1-rep13-seed200013-v3: injection de perte forcée non validée dans le log
VALIDATION ERROR: B-kem512-gilbert-prr0p50-L10-loss1-rep13-seed200013-v3: mode d'application de perte forcée inattendu: invalid
VALIDATION WARNING: B-kem512-gilbert-prr0p50-L10-loss1-rep13-seed200013-v4: perte forcée configurée mais cible/événements observés incohérents
VALIDATION ERROR: B-kem512-gilbert-prr0p50-L10-loss1-rep13-seed200013-v4: injection de perte forcée non validée dans le log
VALIDATION ERROR: B-kem512-gilbert-prr0p50-L10-loss1-rep13-seed200013-v4: mode d'application de perte forcée inattendu: invalid
VALIDATION WARNING: B-kem512-gilbert-prr0p50-L10-loss1-rep14-seed200014-v3: perte forcée configurée mais cible/événements observés incohérents
VALIDATION ERROR: B-kem512-gilbert-prr0p50-L10-loss1-rep14-seed200014-v3: injection de perte forcée non validée dans le log
VALIDATION ERROR: B-kem512-gilbert-prr0p50-L10-loss1-rep14-seed200014-v3: mode d'application de perte forcée inattendu: invalid
VALIDATION WARNING: B-kem512-gilbert-prr0p50-L10-loss1-rep14-seed200014-v4: perte forcée configurée mais cible/événements observés incohérents
VALIDATION ERROR: B-kem512-gilbert-prr0p50-L10-loss1-rep14-seed200014-v4: injection de perte forcée non validée dans le log
VALIDATION ERROR: B-kem512-gilbert-prr0p50-L10-loss1-rep14-seed200014-v4: mode d'application de perte forcée inattendu: invalid
VALIDATION WARNING: B-kem512-gilbert-prr0p50-L10-loss1-rep15-seed200015-v3: perte forcée configurée mais cible/événements observés incohérents
VALIDATION ERROR: B-kem512-gilbert-prr0p50-L10-loss1-rep15-seed200015-v3: injection de perte forcée non validée dans le log
VALIDATION ERROR: B-kem512-gilbert-prr0p50-L10-loss1-rep15-seed200015-v3: mode d'application de perte forcée inattendu: invalid
VALIDATION WARNING: B-kem512-gilbert-prr0p50-L10-loss1-rep15-seed200015-v4: perte forcée configurée mais cible/événements observés incohérents
VALIDATION ERROR: B-kem512-gilbert-prr0p50-L10-loss1-rep15-seed200015-v4: injection de perte forcée non validée dans le log
VALIDATION ERROR: B-kem512-gilbert-prr0p50-L10-loss1-rep15-seed200015-v4: mode d'application de perte forcée inattendu: invalid
VALIDATION WARNING: B-kem512-gilbert-prr0p50-L10-loss1-rep16-seed200016-v3: perte forcée configurée mais cible/événements observés incohérents
VALIDATION ERROR: B-kem512-gilbert-prr0p50-L10-loss1-rep16-seed200016-v3: injection de perte forcée non validée dans le log
VALIDATION ERROR: B-kem512-gilbert-prr0p50-L10-loss1-rep16-seed200016-v3: mode d'application de perte forcée inattendu: invalid
VALIDATION WARNING: B-kem512-gilbert-prr0p50-L10-loss1-rep16-seed200016-v4: perte forcée configurée mais cible/événements observés incohérents
VALIDATION ERROR: B-kem512-gilbert-prr0p50-L10-loss1-rep16-seed200016-v4: injection de perte forcée non validée dans le log
VALIDATION ERROR: B-kem512-gilbert-prr0p50-L10-loss1-rep16-seed200016-v4: mode d'application de perte forcée inattendu: invalid
VALIDATION WARNING: B-kem512-gilbert-prr0p50-L10-loss1-rep17-seed200017-v3: perte forcée configurée mais cible/événements observés incohérents
VALIDATION ERROR: B-kem512-gilbert-prr0p50-L10-loss1-rep17-seed200017-v3: injection de perte forcée non validée dans le log
VALIDATION ERROR: B-kem512-gilbert-prr0p50-L10-loss1-rep17-seed200017-v3: mode d'application de perte forcée inattendu: invalid
VALIDATION WARNING: B-kem512-gilbert-prr0p50-L10-loss1-rep17-seed200017-v4: perte forcée configurée mais cible/événements observés incohérents
VALIDATION ERROR: B-kem512-gilbert-prr0p50-L10-loss1-rep17-seed200017-v4: injection de perte forcée non validée dans le log
VALIDATION ERROR: B-kem512-gilbert-prr0p50-L10-loss1-rep17-seed200017-v4: mode d'application de perte forcée inattendu: invalid
VALIDATION WARNING: B-kem512-gilbert-prr0p50-L10-loss1-rep18-seed200018-v3: perte forcée configurée mais cible/événements observés incohérents
VALIDATION ERROR: B-kem512-gilbert-prr0p50-L10-loss1-rep18-seed200018-v3: injection de perte forcée non validée dans le log
VALIDATION ERROR: B-kem512-gilbert-prr0p50-L10-loss1-rep18-seed200018-v3: mode d'application de perte forcée inattendu: invalid
VALIDATION WARNING: B-kem512-gilbert-prr0p50-L10-loss1-rep18-seed200018-v4: perte forcée configurée mais cible/événements observés incohérents
VALIDATION ERROR: B-kem512-gilbert-prr0p50-L10-loss1-rep18-seed200018-v4: injection de perte forcée non validée dans le log
VALIDATION ERROR: B-kem512-gilbert-prr0p50-L10-loss1-rep18-seed200018-v4: mode d'application de perte forcée inattendu: invalid
VALIDATION WARNING: B-kem512-gilbert-prr0p50-L10-loss1-rep19-seed200019-v3: perte ciblée armée, mais le canal/radio a perdu la trame avant le hook receiver
VALIDATION WARNING: B-kem512-gilbert-prr0p50-L10-loss1-rep19-seed200019-v3: cible armée mais perdue par le canal/radio avant FORCED_LOSS_APPLIED
VALIDATION WARNING: B-kem512-gilbert-prr0p50-L10-loss1-rep19-seed200019-v4: perte ciblée armée, mais le canal/radio a perdu la trame avant le hook receiver
VALIDATION WARNING: B-kem512-gilbert-prr0p50-L10-loss1-rep19-seed200019-v4: cible armée mais perdue par le canal/radio avant FORCED_LOSS_APPLIED
VALIDATION WARNING: B-kem512-gilbert-prr0p50-L10-loss1-rep20-seed200020-v3: perte forcée configurée mais cible/événements observés incohérents
VALIDATION ERROR: B-kem512-gilbert-prr0p50-L10-loss1-rep20-seed200020-v3: injection de perte forcée non validée dans le log
VALIDATION ERROR: B-kem512-gilbert-prr0p50-L10-loss1-rep20-seed200020-v3: mode d'application de perte forcée inattendu: invalid
VALIDATION WARNING: B-kem512-gilbert-prr0p50-L10-loss1-rep20-seed200020-v4: perte forcée configurée mais cible/événements observés incohérents
VALIDATION ERROR: B-kem512-gilbert-prr0p50-L10-loss1-rep20-seed200020-v4: injection de perte forcée non validée dans le log
VALIDATION ERROR: B-kem512-gilbert-prr0p50-L10-loss1-rep20-seed200020-v4: mode d'application de perte forcée inattendu: invalid
VALIDATION WARNING: B-kem512-gilbert-prr0p50-L10-loss1-rep21-seed200021-v3: perte forcée configurée mais cible/événements observés incohérents
VALIDATION ERROR: B-kem512-gilbert-prr0p50-L10-loss1-rep21-seed200021-v3: injection de perte forcée non validée dans le log
VALIDATION ERROR: B-kem512-gilbert-prr0p50-L10-loss1-rep21-seed200021-v3: mode d'application de perte forcée inattendu: invalid
VALIDATION WARNING: B-kem512-gilbert-prr0p50-L10-loss1-rep21-seed200021-v4: perte forcée configurée mais cible/événements observés incohérents
VALIDATION ERROR: B-kem512-gilbert-prr0p50-L10-loss1-rep21-seed200021-v4: injection de perte forcée non validée dans le log
VALIDATION ERROR: B-kem512-gilbert-prr0p50-L10-loss1-rep21-seed200021-v4: mode d'application de perte forcée inattendu: invalid
VALIDATION WARNING: B-kem512-gilbert-prr0p50-L10-loss1-rep22-seed200022-v3: perte forcée configurée mais cible/événements observés incohérents
VALIDATION ERROR: B-kem512-gilbert-prr0p50-L10-loss1-rep22-seed200022-v3: injection de perte forcée non validée dans le log
VALIDATION ERROR: B-kem512-gilbert-prr0p50-L10-loss1-rep22-seed200022-v3: mode d'application de perte forcée inattendu: invalid
VALIDATION WARNING: B-kem512-gilbert-prr0p50-L10-loss1-rep22-seed200022-v4: perte forcée configurée mais cible/événements observés incohérents
VALIDATION ERROR: B-kem512-gilbert-prr0p50-L10-loss1-rep22-seed200022-v4: injection de perte forcée non validée dans le log
VALIDATION ERROR: B-kem512-gilbert-prr0p50-L10-loss1-rep22-seed200022-v4: mode d'application de perte forcée inattendu: invalid
VALIDATION WARNING: B-kem512-gilbert-prr0p50-L10-loss1-rep23-seed200023-v3: perte forcée configurée mais cible/événements observés incohérents
VALIDATION ERROR: B-kem512-gilbert-prr0p50-L10-loss1-rep23-seed200023-v3: injection de perte forcée non validée dans le log
VALIDATION ERROR: B-kem512-gilbert-prr0p50-L10-loss1-rep23-seed200023-v3: mode d'application de perte forcée inattendu: invalid
VALIDATION WARNING: B-kem512-gilbert-prr0p50-L10-loss1-rep23-seed200023-v4: perte forcée configurée mais cible/événements observés incohérents
VALIDATION ERROR: B-kem512-gilbert-prr0p50-L10-loss1-rep23-seed200023-v4: injection de perte forcée non validée dans le log
VALIDATION ERROR: B-kem512-gilbert-prr0p50-L10-loss1-rep23-seed200023-v4: mode d'application de perte forcée inattendu: invalid
VALIDATION WARNING: B-kem512-gilbert-prr0p50-L10-loss1-rep24-seed200024-v3: perte forcée configurée mais cible/événements observés incohérents
VALIDATION ERROR: B-kem512-gilbert-prr0p50-L10-loss1-rep24-seed200024-v3: injection de perte forcée non validée dans le log
VALIDATION ERROR: B-kem512-gilbert-prr0p50-L10-loss1-rep24-seed200024-v3: mode d'application de perte forcée inattendu: invalid
VALIDATION WARNING: B-kem512-gilbert-prr0p50-L10-loss1-rep24-seed200024-v4: perte forcée configurée mais cible/événements observés incohérents
VALIDATION ERROR: B-kem512-gilbert-prr0p50-L10-loss1-rep24-seed200024-v4: injection de perte forcée non validée dans le log
VALIDATION ERROR: B-kem512-gilbert-prr0p50-L10-loss1-rep24-seed200024-v4: mode d'application de perte forcée inattendu: invalid
VALIDATION WARNING: B-kem512-gilbert-prr0p50-L10-loss1-rep25-seed200025-v3: perte forcée configurée mais cible/événements observés incohérents
VALIDATION ERROR: B-kem512-gilbert-prr0p50-L10-loss1-rep25-seed200025-v3: injection de perte forcée non validée dans le log
VALIDATION ERROR: B-kem512-gilbert-prr0p50-L10-loss1-rep25-seed200025-v3: mode d'application de perte forcée inattendu: invalid
VALIDATION WARNING: B-kem512-gilbert-prr0p50-L10-loss1-rep25-seed200025-v4: perte forcée configurée mais cible/événements observés incohérents
VALIDATION ERROR: B-kem512-gilbert-prr0p50-L10-loss1-rep25-seed200025-v4: injection de perte forcée non validée dans le log
VALIDATION ERROR: B-kem512-gilbert-prr0p50-L10-loss1-rep25-seed200025-v4: mode d'application de perte forcée inattendu: invalid
VALIDATION WARNING: B-kem512-gilbert-prr0p50-L10-loss1-rep26-seed200026-v3: perte forcée configurée mais cible/événements observés incohérents
VALIDATION ERROR: B-kem512-gilbert-prr0p50-L10-loss1-rep26-seed200026-v3: injection de perte forcée non validée dans le log
VALIDATION ERROR: B-kem512-gilbert-prr0p50-L10-loss1-rep26-seed200026-v3: mode d'application de perte forcée inattendu: invalid
VALIDATION WARNING: B-kem512-gilbert-prr0p50-L10-loss1-rep26-seed200026-v4: perte forcée configurée mais cible/événements observés incohérents
VALIDATION ERROR: B-kem512-gilbert-prr0p50-L10-loss1-rep26-seed200026-v4: injection de perte forcée non validée dans le log
VALIDATION ERROR: B-kem512-gilbert-prr0p50-L10-loss1-rep26-seed200026-v4: mode d'application de perte forcée inattendu: invalid
VALIDATION WARNING: B-kem512-gilbert-prr0p50-L10-loss1-rep27-seed200027-v3: perte forcée configurée mais cible/événements observés incohérents
VALIDATION ERROR: B-kem512-gilbert-prr0p50-L10-loss1-rep27-seed200027-v3: injection de perte forcée non validée dans le log
VALIDATION ERROR: B-kem512-gilbert-prr0p50-L10-loss1-rep27-seed200027-v3: mode d'application de perte forcée inattendu: invalid
VALIDATION WARNING: B-kem512-gilbert-prr0p50-L10-loss1-rep27-seed200027-v4: perte forcée configurée mais cible/événements observés incohérents
VALIDATION ERROR: B-kem512-gilbert-prr0p50-L10-loss1-rep27-seed200027-v4: injection de perte forcée non validée dans le log
VALIDATION ERROR: B-kem512-gilbert-prr0p50-L10-loss1-rep27-seed200027-v4: mode d'application de perte forcée inattendu: invalid
VALIDATION WARNING: B-kem512-gilbert-prr0p50-L10-loss1-rep28-seed200028-v3: perte forcée configurée mais cible/événements observés incohérents
VALIDATION ERROR: B-kem512-gilbert-prr0p50-L10-loss1-rep28-seed200028-v3: injection de perte forcée non validée dans le log
VALIDATION ERROR: B-kem512-gilbert-prr0p50-L10-loss1-rep28-seed200028-v3: mode d'application de perte forcée inattendu: invalid
VALIDATION WARNING: B-kem512-gilbert-prr0p50-L10-loss1-rep28-seed200028-v4: perte forcée configurée mais cible/événements observés incohérents
VALIDATION ERROR: B-kem512-gilbert-prr0p50-L10-loss1-rep28-seed200028-v4: injection de perte forcée non validée dans le log
VALIDATION ERROR: B-kem512-gilbert-prr0p50-L10-loss1-rep28-seed200028-v4: mode d'application de perte forcée inattendu: invalid
VALIDATION WARNING: B-kem512-gilbert-prr0p50-L10-loss1-rep30-seed200030-v3: perte forcée configurée mais cible/événements observés incohérents
VALIDATION ERROR: B-kem512-gilbert-prr0p50-L10-loss1-rep30-seed200030-v3: injection de perte forcée non validée dans le log
VALIDATION ERROR: B-kem512-gilbert-prr0p50-L10-loss1-rep30-seed200030-v3: mode d'application de perte forcée inattendu: invalid
VALIDATION WARNING: B-kem512-gilbert-prr0p50-L10-loss1-rep30-seed200030-v4: perte forcée configurée mais cible/événements observés incohérents
VALIDATION ERROR: B-kem512-gilbert-prr0p50-L10-loss1-rep30-seed200030-v4: injection de perte forcée non validée dans le log
VALIDATION ERROR: B-kem512-gilbert-prr0p50-L10-loss1-rep30-seed200030-v4: mode d'application de perte forcée inattendu: invalid
VALIDATION WARNING: B-kem512-gilbert-prr0p85-L2-loss1-rep01-seed200001-v3: perte ciblée armée, mais le canal/radio a perdu la trame avant le hook receiver
VALIDATION WARNING: B-kem512-gilbert-prr0p85-L2-loss1-rep01-seed200001-v3: cible armée mais perdue par le canal/radio avant FORCED_LOSS_APPLIED
VALIDATION WARNING: B-kem512-gilbert-prr0p85-L2-loss1-rep01-seed200001-v4: perte ciblée armée, mais le canal/radio a perdu la trame avant le hook receiver
VALIDATION WARNING: B-kem512-gilbert-prr0p85-L2-loss1-rep01-seed200001-v4: cible armée mais perdue par le canal/radio avant FORCED_LOSS_APPLIED
VALIDATION WARNING: B-kem512-gilbert-prr0p85-L2-loss1-rep02-seed200002-v3: perte forcée configurée mais cible/événements observés incohérents
VALIDATION ERROR: B-kem512-gilbert-prr0p85-L2-loss1-rep02-seed200002-v3: injection de perte forcée non validée dans le log
VALIDATION ERROR: B-kem512-gilbert-prr0p85-L2-loss1-rep02-seed200002-v3: mode d'application de perte forcée inattendu: invalid
VALIDATION WARNING: B-kem512-gilbert-prr0p85-L2-loss1-rep02-seed200002-v4: perte forcée configurée mais cible/événements observés incohérents
VALIDATION ERROR: B-kem512-gilbert-prr0p85-L2-loss1-rep02-seed200002-v4: injection de perte forcée non validée dans le log
VALIDATION ERROR: B-kem512-gilbert-prr0p85-L2-loss1-rep02-seed200002-v4: mode d'application de perte forcée inattendu: invalid
VALIDATION WARNING: B-kem512-gilbert-prr0p85-L2-loss1-rep03-seed200003-v3: perte forcée configurée mais cible/événements observés incohérents
VALIDATION ERROR: B-kem512-gilbert-prr0p85-L2-loss1-rep03-seed200003-v3: injection de perte forcée non validée dans le log
VALIDATION ERROR: B-kem512-gilbert-prr0p85-L2-loss1-rep03-seed200003-v3: mode d'application de perte forcée inattendu: invalid
VALIDATION WARNING: B-kem512-gilbert-prr0p85-L2-loss1-rep03-seed200003-v4: perte forcée configurée mais cible/événements observés incohérents
VALIDATION ERROR: B-kem512-gilbert-prr0p85-L2-loss1-rep03-seed200003-v4: injection de perte forcée non validée dans le log
VALIDATION ERROR: B-kem512-gilbert-prr0p85-L2-loss1-rep03-seed200003-v4: mode d'application de perte forcée inattendu: invalid
VALIDATION WARNING: B-kem512-gilbert-prr0p85-L2-loss1-rep05-seed200005-v3: perte forcée configurée mais cible/événements observés incohérents
VALIDATION ERROR: B-kem512-gilbert-prr0p85-L2-loss1-rep05-seed200005-v3: injection de perte forcée non validée dans le log
VALIDATION ERROR: B-kem512-gilbert-prr0p85-L2-loss1-rep05-seed200005-v3: mode d'application de perte forcée inattendu: invalid
VALIDATION WARNING: B-kem512-gilbert-prr0p85-L2-loss1-rep05-seed200005-v4: perte forcée configurée mais cible/événements observés incohérents
VALIDATION ERROR: B-kem512-gilbert-prr0p85-L2-loss1-rep05-seed200005-v4: injection de perte forcée non validée dans le log
VALIDATION ERROR: B-kem512-gilbert-prr0p85-L2-loss1-rep05-seed200005-v4: mode d'application de perte forcée inattendu: invalid
VALIDATION WARNING: B-kem512-gilbert-prr0p85-L2-loss1-rep08-seed200008-v3: perte forcée configurée mais cible/événements observés incohérents
VALIDATION ERROR: B-kem512-gilbert-prr0p85-L2-loss1-rep08-seed200008-v3: injection de perte forcée non validée dans le log
VALIDATION ERROR: B-kem512-gilbert-prr0p85-L2-loss1-rep08-seed200008-v3: mode d'application de perte forcée inattendu: invalid
VALIDATION WARNING: B-kem512-gilbert-prr0p85-L2-loss1-rep08-seed200008-v4: perte forcée configurée mais cible/événements observés incohérents
VALIDATION ERROR: B-kem512-gilbert-prr0p85-L2-loss1-rep08-seed200008-v4: injection de perte forcée non validée dans le log
VALIDATION ERROR: B-kem512-gilbert-prr0p85-L2-loss1-rep08-seed200008-v4: mode d'application de perte forcée inattendu: invalid
VALIDATION WARNING: B-kem512-gilbert-prr0p85-L2-loss1-rep09-seed200009-v3: perte ciblée armée, mais le canal/radio a perdu la trame avant le hook receiver
VALIDATION WARNING: B-kem512-gilbert-prr0p85-L2-loss1-rep09-seed200009-v3: cible armée mais perdue par le canal/radio avant FORCED_LOSS_APPLIED
VALIDATION WARNING: B-kem512-gilbert-prr0p85-L2-loss1-rep09-seed200009-v4: perte ciblée armée, mais le canal/radio a perdu la trame avant le hook receiver
VALIDATION WARNING: B-kem512-gilbert-prr0p85-L2-loss1-rep09-seed200009-v4: cible armée mais perdue par le canal/radio avant FORCED_LOSS_APPLIED
VALIDATION WARNING: B-kem512-gilbert-prr0p85-L2-loss1-rep11-seed200011-v3: perte forcée configurée mais cible/événements observés incohérents
VALIDATION ERROR: B-kem512-gilbert-prr0p85-L2-loss1-rep11-seed200011-v3: injection de perte forcée non validée dans le log
VALIDATION ERROR: B-kem512-gilbert-prr0p85-L2-loss1-rep11-seed200011-v3: mode d'application de perte forcée inattendu: invalid
VALIDATION WARNING: B-kem512-gilbert-prr0p85-L2-loss1-rep11-seed200011-v4: perte forcée configurée mais cible/événements observés incohérents
VALIDATION ERROR: B-kem512-gilbert-prr0p85-L2-loss1-rep11-seed200011-v4: injection de perte forcée non validée dans le log
VALIDATION ERROR: B-kem512-gilbert-prr0p85-L2-loss1-rep11-seed200011-v4: mode d'application de perte forcée inattendu: invalid
VALIDATION WARNING: B-kem512-gilbert-prr0p85-L2-loss1-rep12-seed200012-v3: perte forcée configurée mais cible/événements observés incohérents
VALIDATION ERROR: B-kem512-gilbert-prr0p85-L2-loss1-rep12-seed200012-v3: injection de perte forcée non validée dans le log
VALIDATION ERROR: B-kem512-gilbert-prr0p85-L2-loss1-rep12-seed200012-v3: mode d'application de perte forcée inattendu: invalid
VALIDATION WARNING: B-kem512-gilbert-prr0p85-L2-loss1-rep12-seed200012-v4: perte forcée configurée mais cible/événements observés incohérents
VALIDATION ERROR: B-kem512-gilbert-prr0p85-L2-loss1-rep12-seed200012-v4: injection de perte forcée non validée dans le log
VALIDATION ERROR: B-kem512-gilbert-prr0p85-L2-loss1-rep12-seed200012-v4: mode d'application de perte forcée inattendu: invalid
VALIDATION WARNING: B-kem512-gilbert-prr0p85-L2-loss1-rep16-seed200016-v3: perte forcée configurée mais cible/événements observés incohérents
VALIDATION ERROR: B-kem512-gilbert-prr0p85-L2-loss1-rep16-seed200016-v3: injection de perte forcée non validée dans le log
VALIDATION ERROR: B-kem512-gilbert-prr0p85-L2-loss1-rep16-seed200016-v3: mode d'application de perte forcée inattendu: invalid
VALIDATION WARNING: B-kem512-gilbert-prr0p85-L2-loss1-rep16-seed200016-v4: perte forcée configurée mais cible/événements observés incohérents
VALIDATION ERROR: B-kem512-gilbert-prr0p85-L2-loss1-rep16-seed200016-v4: injection de perte forcée non validée dans le log
VALIDATION ERROR: B-kem512-gilbert-prr0p85-L2-loss1-rep16-seed200016-v4: mode d'application de perte forcée inattendu: invalid
VALIDATION WARNING: B-kem512-gilbert-prr0p85-L2-loss1-rep17-seed200017-v3: perte forcée configurée mais cible/événements observés incohérents
VALIDATION ERROR: B-kem512-gilbert-prr0p85-L2-loss1-rep17-seed200017-v3: injection de perte forcée non validée dans le log
VALIDATION ERROR: B-kem512-gilbert-prr0p85-L2-loss1-rep17-seed200017-v3: mode d'application de perte forcée inattendu: invalid
VALIDATION WARNING: B-kem512-gilbert-prr0p85-L2-loss1-rep17-seed200017-v4: perte forcée configurée mais cible/événements observés incohérents
VALIDATION ERROR: B-kem512-gilbert-prr0p85-L2-loss1-rep17-seed200017-v4: injection de perte forcée non validée dans le log
VALIDATION ERROR: B-kem512-gilbert-prr0p85-L2-loss1-rep17-seed200017-v4: mode d'application de perte forcée inattendu: invalid
VALIDATION WARNING: B-kem512-gilbert-prr0p85-L2-loss1-rep18-seed200018-v3: perte forcée configurée mais cible/événements observés incohérents
VALIDATION ERROR: B-kem512-gilbert-prr0p85-L2-loss1-rep18-seed200018-v3: injection de perte forcée non validée dans le log
VALIDATION ERROR: B-kem512-gilbert-prr0p85-L2-loss1-rep18-seed200018-v3: mode d'application de perte forcée inattendu: invalid
VALIDATION WARNING: B-kem512-gilbert-prr0p85-L2-loss1-rep18-seed200018-v4: perte forcée configurée mais cible/événements observés incohérents
VALIDATION ERROR: B-kem512-gilbert-prr0p85-L2-loss1-rep18-seed200018-v4: injection de perte forcée non validée dans le log
VALIDATION ERROR: B-kem512-gilbert-prr0p85-L2-loss1-rep18-seed200018-v4: mode d'application de perte forcée inattendu: invalid
VALIDATION WARNING: B-kem512-gilbert-prr0p85-L2-loss1-rep20-seed200020-v3: perte forcée configurée mais cible/événements observés incohérents
VALIDATION ERROR: B-kem512-gilbert-prr0p85-L2-loss1-rep20-seed200020-v3: injection de perte forcée non validée dans le log
VALIDATION ERROR: B-kem512-gilbert-prr0p85-L2-loss1-rep20-seed200020-v3: mode d'application de perte forcée inattendu: invalid
VALIDATION WARNING: B-kem512-gilbert-prr0p85-L2-loss1-rep20-seed200020-v4: perte forcée configurée mais cible/événements observés incohérents
VALIDATION ERROR: B-kem512-gilbert-prr0p85-L2-loss1-rep20-seed200020-v4: injection de perte forcée non validée dans le log
VALIDATION ERROR: B-kem512-gilbert-prr0p85-L2-loss1-rep20-seed200020-v4: mode d'application de perte forcée inattendu: invalid
VALIDATION WARNING: B-kem512-gilbert-prr0p85-L2-loss1-rep22-seed200022-v3: perte forcée configurée mais cible/événements observés incohérents
VALIDATION ERROR: B-kem512-gilbert-prr0p85-L2-loss1-rep22-seed200022-v3: injection de perte forcée non validée dans le log
VALIDATION ERROR: B-kem512-gilbert-prr0p85-L2-loss1-rep22-seed200022-v3: mode d'application de perte forcée inattendu: invalid
VALIDATION WARNING: B-kem512-gilbert-prr0p85-L2-loss1-rep22-seed200022-v4: perte forcée configurée mais cible/événements observés incohérents
VALIDATION ERROR: B-kem512-gilbert-prr0p85-L2-loss1-rep22-seed200022-v4: injection de perte forcée non validée dans le log
VALIDATION ERROR: B-kem512-gilbert-prr0p85-L2-loss1-rep22-seed200022-v4: mode d'application de perte forcée inattendu: invalid
VALIDATION WARNING: B-kem512-gilbert-prr0p85-L2-loss1-rep23-seed200023-v3: perte forcée configurée mais cible/événements observés incohérents
VALIDATION ERROR: B-kem512-gilbert-prr0p85-L2-loss1-rep23-seed200023-v3: injection de perte forcée non validée dans le log
VALIDATION ERROR: B-kem512-gilbert-prr0p85-L2-loss1-rep23-seed200023-v3: mode d'application de perte forcée inattendu: invalid
VALIDATION WARNING: B-kem512-gilbert-prr0p85-L2-loss1-rep23-seed200023-v4: perte forcée configurée mais cible/événements observés incohérents
VALIDATION ERROR: B-kem512-gilbert-prr0p85-L2-loss1-rep23-seed200023-v4: injection de perte forcée non validée dans le log
VALIDATION ERROR: B-kem512-gilbert-prr0p85-L2-loss1-rep23-seed200023-v4: mode d'application de perte forcée inattendu: invalid
VALIDATION WARNING: B-kem512-gilbert-prr0p85-L2-loss1-rep25-seed200025-v3: perte forcée configurée mais cible/événements observés incohérents
VALIDATION ERROR: B-kem512-gilbert-prr0p85-L2-loss1-rep25-seed200025-v3: injection de perte forcée non validée dans le log
VALIDATION ERROR: B-kem512-gilbert-prr0p85-L2-loss1-rep25-seed200025-v3: mode d'application de perte forcée inattendu: invalid
VALIDATION WARNING: B-kem512-gilbert-prr0p85-L2-loss1-rep25-seed200025-v4: perte forcée configurée mais cible/événements observés incohérents
VALIDATION ERROR: B-kem512-gilbert-prr0p85-L2-loss1-rep25-seed200025-v4: injection de perte forcée non validée dans le log
VALIDATION ERROR: B-kem512-gilbert-prr0p85-L2-loss1-rep25-seed200025-v4: mode d'application de perte forcée inattendu: invalid
VALIDATION WARNING: B-kem512-gilbert-prr0p85-L2-loss1-rep26-seed200026-v3: perte forcée configurée mais cible/événements observés incohérents
VALIDATION ERROR: B-kem512-gilbert-prr0p85-L2-loss1-rep26-seed200026-v3: injection de perte forcée non validée dans le log
VALIDATION ERROR: B-kem512-gilbert-prr0p85-L2-loss1-rep26-seed200026-v3: mode d'application de perte forcée inattendu: invalid
VALIDATION WARNING: B-kem512-gilbert-prr0p85-L2-loss1-rep26-seed200026-v4: perte forcée configurée mais cible/événements observés incohérents
VALIDATION ERROR: B-kem512-gilbert-prr0p85-L2-loss1-rep26-seed200026-v4: injection de perte forcée non validée dans le log
VALIDATION ERROR: B-kem512-gilbert-prr0p85-L2-loss1-rep26-seed200026-v4: mode d'application de perte forcée inattendu: invalid
VALIDATION WARNING: B-kem512-gilbert-prr0p85-L2-loss1-rep27-seed200027-v3: perte forcée configurée mais cible/événements observés incohérents
VALIDATION ERROR: B-kem512-gilbert-prr0p85-L2-loss1-rep27-seed200027-v3: injection de perte forcée non validée dans le log
VALIDATION ERROR: B-kem512-gilbert-prr0p85-L2-loss1-rep27-seed200027-v3: mode d'application de perte forcée inattendu: invalid
VALIDATION WARNING: B-kem512-gilbert-prr0p85-L2-loss1-rep27-seed200027-v4: perte forcée configurée mais cible/événements observés incohérents
VALIDATION ERROR: B-kem512-gilbert-prr0p85-L2-loss1-rep27-seed200027-v4: injection de perte forcée non validée dans le log
VALIDATION ERROR: B-kem512-gilbert-prr0p85-L2-loss1-rep27-seed200027-v4: mode d'application de perte forcée inattendu: invalid
VALIDATION WARNING: B-kem512-gilbert-prr0p85-L5-loss1-rep02-seed200002-v3: perte forcée configurée mais cible/événements observés incohérents
VALIDATION ERROR: B-kem512-gilbert-prr0p85-L5-loss1-rep02-seed200002-v3: injection de perte forcée non validée dans le log
VALIDATION ERROR: B-kem512-gilbert-prr0p85-L5-loss1-rep02-seed200002-v3: mode d'application de perte forcée inattendu: invalid
VALIDATION WARNING: B-kem512-gilbert-prr0p85-L5-loss1-rep02-seed200002-v4: perte forcée configurée mais cible/événements observés incohérents
VALIDATION ERROR: B-kem512-gilbert-prr0p85-L5-loss1-rep02-seed200002-v4: injection de perte forcée non validée dans le log
VALIDATION ERROR: B-kem512-gilbert-prr0p85-L5-loss1-rep02-seed200002-v4: mode d'application de perte forcée inattendu: invalid
VALIDATION WARNING: B-kem512-gilbert-prr0p85-L5-loss1-rep03-seed200003-v3: perte forcée configurée mais cible/événements observés incohérents
VALIDATION ERROR: B-kem512-gilbert-prr0p85-L5-loss1-rep03-seed200003-v3: injection de perte forcée non validée dans le log
VALIDATION ERROR: B-kem512-gilbert-prr0p85-L5-loss1-rep03-seed200003-v3: mode d'application de perte forcée inattendu: invalid
VALIDATION WARNING: B-kem512-gilbert-prr0p85-L5-loss1-rep03-seed200003-v4: perte forcée configurée mais cible/événements observés incohérents
VALIDATION ERROR: B-kem512-gilbert-prr0p85-L5-loss1-rep03-seed200003-v4: injection de perte forcée non validée dans le log
VALIDATION ERROR: B-kem512-gilbert-prr0p85-L5-loss1-rep03-seed200003-v4: mode d'application de perte forcée inattendu: invalid
VALIDATION WARNING: B-kem512-gilbert-prr0p85-L5-loss1-rep05-seed200005-v3: perte forcée configurée mais cible/événements observés incohérents
VALIDATION ERROR: B-kem512-gilbert-prr0p85-L5-loss1-rep05-seed200005-v3: injection de perte forcée non validée dans le log
VALIDATION ERROR: B-kem512-gilbert-prr0p85-L5-loss1-rep05-seed200005-v3: mode d'application de perte forcée inattendu: invalid
VALIDATION WARNING: B-kem512-gilbert-prr0p85-L5-loss1-rep05-seed200005-v4: perte forcée configurée mais cible/événements observés incohérents
VALIDATION ERROR: B-kem512-gilbert-prr0p85-L5-loss1-rep05-seed200005-v4: injection de perte forcée non validée dans le log
VALIDATION ERROR: B-kem512-gilbert-prr0p85-L5-loss1-rep05-seed200005-v4: mode d'application de perte forcée inattendu: invalid
VALIDATION WARNING: B-kem512-gilbert-prr0p85-L5-loss1-rep08-seed200008-v3: perte forcée configurée mais cible/événements observés incohérents
VALIDATION ERROR: B-kem512-gilbert-prr0p85-L5-loss1-rep08-seed200008-v3: injection de perte forcée non validée dans le log
VALIDATION ERROR: B-kem512-gilbert-prr0p85-L5-loss1-rep08-seed200008-v3: mode d'application de perte forcée inattendu: invalid
VALIDATION WARNING: B-kem512-gilbert-prr0p85-L5-loss1-rep08-seed200008-v4: perte forcée configurée mais cible/événements observés incohérents
VALIDATION ERROR: B-kem512-gilbert-prr0p85-L5-loss1-rep08-seed200008-v4: injection de perte forcée non validée dans le log
VALIDATION ERROR: B-kem512-gilbert-prr0p85-L5-loss1-rep08-seed200008-v4: mode d'application de perte forcée inattendu: invalid
VALIDATION WARNING: B-kem512-gilbert-prr0p85-L5-loss1-rep09-seed200009-v3: perte forcée configurée mais cible/événements observés incohérents
VALIDATION ERROR: B-kem512-gilbert-prr0p85-L5-loss1-rep09-seed200009-v3: injection de perte forcée non validée dans le log
VALIDATION ERROR: B-kem512-gilbert-prr0p85-L5-loss1-rep09-seed200009-v3: mode d'application de perte forcée inattendu: invalid
VALIDATION WARNING: B-kem512-gilbert-prr0p85-L5-loss1-rep09-seed200009-v4: perte forcée configurée mais cible/événements observés incohérents
VALIDATION ERROR: B-kem512-gilbert-prr0p85-L5-loss1-rep09-seed200009-v4: injection de perte forcée non validée dans le log
VALIDATION ERROR: B-kem512-gilbert-prr0p85-L5-loss1-rep09-seed200009-v4: mode d'application de perte forcée inattendu: invalid
VALIDATION WARNING: B-kem512-gilbert-prr0p85-L5-loss1-rep11-seed200011-v3: perte forcée configurée mais cible/événements observés incohérents
VALIDATION ERROR: B-kem512-gilbert-prr0p85-L5-loss1-rep11-seed200011-v3: injection de perte forcée non validée dans le log
VALIDATION ERROR: B-kem512-gilbert-prr0p85-L5-loss1-rep11-seed200011-v3: mode d'application de perte forcée inattendu: invalid
VALIDATION WARNING: B-kem512-gilbert-prr0p85-L5-loss1-rep11-seed200011-v4: perte forcée configurée mais cible/événements observés incohérents
VALIDATION ERROR: B-kem512-gilbert-prr0p85-L5-loss1-rep11-seed200011-v4: injection de perte forcée non validée dans le log
VALIDATION ERROR: B-kem512-gilbert-prr0p85-L5-loss1-rep11-seed200011-v4: mode d'application de perte forcée inattendu: invalid
VALIDATION WARNING: B-kem512-gilbert-prr0p85-L5-loss1-rep12-seed200012-v3: perte forcée configurée mais cible/événements observés incohérents
VALIDATION ERROR: B-kem512-gilbert-prr0p85-L5-loss1-rep12-seed200012-v3: injection de perte forcée non validée dans le log
VALIDATION ERROR: B-kem512-gilbert-prr0p85-L5-loss1-rep12-seed200012-v3: mode d'application de perte forcée inattendu: invalid
VALIDATION WARNING: B-kem512-gilbert-prr0p85-L5-loss1-rep12-seed200012-v4: perte forcée configurée mais cible/événements observés incohérents
VALIDATION ERROR: B-kem512-gilbert-prr0p85-L5-loss1-rep12-seed200012-v4: injection de perte forcée non validée dans le log
VALIDATION ERROR: B-kem512-gilbert-prr0p85-L5-loss1-rep12-seed200012-v4: mode d'application de perte forcée inattendu: invalid
VALIDATION WARNING: B-kem512-gilbert-prr0p85-L5-loss1-rep16-seed200016-v3: perte forcée configurée mais cible/événements observés incohérents
VALIDATION ERROR: B-kem512-gilbert-prr0p85-L5-loss1-rep16-seed200016-v3: injection de perte forcée non validée dans le log
VALIDATION ERROR: B-kem512-gilbert-prr0p85-L5-loss1-rep16-seed200016-v3: mode d'application de perte forcée inattendu: invalid
VALIDATION WARNING: B-kem512-gilbert-prr0p85-L5-loss1-rep16-seed200016-v4: perte forcée configurée mais cible/événements observés incohérents
VALIDATION ERROR: B-kem512-gilbert-prr0p85-L5-loss1-rep16-seed200016-v4: injection de perte forcée non validée dans le log
VALIDATION ERROR: B-kem512-gilbert-prr0p85-L5-loss1-rep16-seed200016-v4: mode d'application de perte forcée inattendu: invalid
VALIDATION WARNING: B-kem512-gilbert-prr0p85-L5-loss1-rep17-seed200017-v3: perte forcée configurée mais cible/événements observés incohérents
VALIDATION ERROR: B-kem512-gilbert-prr0p85-L5-loss1-rep17-seed200017-v3: injection de perte forcée non validée dans le log
VALIDATION ERROR: B-kem512-gilbert-prr0p85-L5-loss1-rep17-seed200017-v3: mode d'application de perte forcée inattendu: invalid
VALIDATION WARNING: B-kem512-gilbert-prr0p85-L5-loss1-rep17-seed200017-v4: perte forcée configurée mais cible/événements observés incohérents
VALIDATION ERROR: B-kem512-gilbert-prr0p85-L5-loss1-rep17-seed200017-v4: injection de perte forcée non validée dans le log
VALIDATION ERROR: B-kem512-gilbert-prr0p85-L5-loss1-rep17-seed200017-v4: mode d'application de perte forcée inattendu: invalid
VALIDATION WARNING: B-kem512-gilbert-prr0p85-L5-loss1-rep18-seed200018-v3: perte forcée configurée mais cible/événements observés incohérents
VALIDATION ERROR: B-kem512-gilbert-prr0p85-L5-loss1-rep18-seed200018-v3: injection de perte forcée non validée dans le log
VALIDATION ERROR: B-kem512-gilbert-prr0p85-L5-loss1-rep18-seed200018-v3: mode d'application de perte forcée inattendu: invalid
VALIDATION WARNING: B-kem512-gilbert-prr0p85-L5-loss1-rep18-seed200018-v4: perte forcée configurée mais cible/événements observés incohérents
VALIDATION ERROR: B-kem512-gilbert-prr0p85-L5-loss1-rep18-seed200018-v4: injection de perte forcée non validée dans le log
VALIDATION ERROR: B-kem512-gilbert-prr0p85-L5-loss1-rep18-seed200018-v4: mode d'application de perte forcée inattendu: invalid
VALIDATION WARNING: B-kem512-gilbert-prr0p85-L5-loss1-rep22-seed200022-v3: perte forcée configurée mais cible/événements observés incohérents
VALIDATION ERROR: B-kem512-gilbert-prr0p85-L5-loss1-rep22-seed200022-v3: injection de perte forcée non validée dans le log
VALIDATION ERROR: B-kem512-gilbert-prr0p85-L5-loss1-rep22-seed200022-v3: mode d'application de perte forcée inattendu: invalid
VALIDATION WARNING: B-kem512-gilbert-prr0p85-L5-loss1-rep22-seed200022-v4: perte forcée configurée mais cible/événements observés incohérents
VALIDATION ERROR: B-kem512-gilbert-prr0p85-L5-loss1-rep22-seed200022-v4: injection de perte forcée non validée dans le log
VALIDATION ERROR: B-kem512-gilbert-prr0p85-L5-loss1-rep22-seed200022-v4: mode d'application de perte forcée inattendu: invalid
VALIDATION WARNING: B-kem512-gilbert-prr0p85-L5-loss1-rep27-seed200027-v3: perte forcée configurée mais cible/événements observés incohérents
VALIDATION ERROR: B-kem512-gilbert-prr0p85-L5-loss1-rep27-seed200027-v3: injection de perte forcée non validée dans le log
VALIDATION ERROR: B-kem512-gilbert-prr0p85-L5-loss1-rep27-seed200027-v3: mode d'application de perte forcée inattendu: invalid
VALIDATION WARNING: B-kem512-gilbert-prr0p85-L5-loss1-rep27-seed200027-v4: perte forcée configurée mais cible/événements observés incohérents
VALIDATION ERROR: B-kem512-gilbert-prr0p85-L5-loss1-rep27-seed200027-v4: injection de perte forcée non validée dans le log
VALIDATION ERROR: B-kem512-gilbert-prr0p85-L5-loss1-rep27-seed200027-v4: mode d'application de perte forcée inattendu: invalid
VALIDATION WARNING: B-kem512-gilbert-prr0p85-L5-loss1-rep28-seed200028-v3: perte ciblée armée, mais le canal/radio a perdu la trame avant le hook receiver
VALIDATION WARNING: B-kem512-gilbert-prr0p85-L5-loss1-rep28-seed200028-v3: cible armée mais perdue par le canal/radio avant FORCED_LOSS_APPLIED
VALIDATION WARNING: B-kem512-gilbert-prr0p85-L5-loss1-rep28-seed200028-v4: perte ciblée armée, mais le canal/radio a perdu la trame avant le hook receiver
VALIDATION WARNING: B-kem512-gilbert-prr0p85-L5-loss1-rep28-seed200028-v4: cible armée mais perdue par le canal/radio avant FORCED_LOSS_APPLIED
VALIDATION WARNING: B-kem512-gilbert-prr0p85-L10-loss1-rep02-seed200002-v3: perte forcée configurée mais cible/événements observés incohérents
VALIDATION ERROR: B-kem512-gilbert-prr0p85-L10-loss1-rep02-seed200002-v3: injection de perte forcée non validée dans le log
VALIDATION ERROR: B-kem512-gilbert-prr0p85-L10-loss1-rep02-seed200002-v3: mode d'application de perte forcée inattendu: invalid
VALIDATION WARNING: B-kem512-gilbert-prr0p85-L10-loss1-rep02-seed200002-v4: perte forcée configurée mais cible/événements observés incohérents
VALIDATION ERROR: B-kem512-gilbert-prr0p85-L10-loss1-rep02-seed200002-v4: injection de perte forcée non validée dans le log
VALIDATION ERROR: B-kem512-gilbert-prr0p85-L10-loss1-rep02-seed200002-v4: mode d'application de perte forcée inattendu: invalid
VALIDATION WARNING: B-kem512-gilbert-prr0p85-L10-loss1-rep03-seed200003-v3: perte forcée configurée mais cible/événements observés incohérents
VALIDATION ERROR: B-kem512-gilbert-prr0p85-L10-loss1-rep03-seed200003-v3: injection de perte forcée non validée dans le log
VALIDATION ERROR: B-kem512-gilbert-prr0p85-L10-loss1-rep03-seed200003-v3: mode d'application de perte forcée inattendu: invalid
VALIDATION WARNING: B-kem512-gilbert-prr0p85-L10-loss1-rep03-seed200003-v4: perte forcée configurée mais cible/événements observés incohérents
VALIDATION ERROR: B-kem512-gilbert-prr0p85-L10-loss1-rep03-seed200003-v4: injection de perte forcée non validée dans le log
VALIDATION ERROR: B-kem512-gilbert-prr0p85-L10-loss1-rep03-seed200003-v4: mode d'application de perte forcée inattendu: invalid
VALIDATION WARNING: B-kem512-gilbert-prr0p85-L10-loss1-rep05-seed200005-v3: perte forcée configurée mais cible/événements observés incohérents
VALIDATION ERROR: B-kem512-gilbert-prr0p85-L10-loss1-rep05-seed200005-v3: injection de perte forcée non validée dans le log
VALIDATION ERROR: B-kem512-gilbert-prr0p85-L10-loss1-rep05-seed200005-v3: mode d'application de perte forcée inattendu: invalid
VALIDATION WARNING: B-kem512-gilbert-prr0p85-L10-loss1-rep05-seed200005-v4: perte forcée configurée mais cible/événements observés incohérents
VALIDATION ERROR: B-kem512-gilbert-prr0p85-L10-loss1-rep05-seed200005-v4: injection de perte forcée non validée dans le log
VALIDATION ERROR: B-kem512-gilbert-prr0p85-L10-loss1-rep05-seed200005-v4: mode d'application de perte forcée inattendu: invalid
VALIDATION WARNING: B-kem512-gilbert-prr0p85-L10-loss1-rep08-seed200008-v3: perte forcée configurée mais cible/événements observés incohérents
VALIDATION ERROR: B-kem512-gilbert-prr0p85-L10-loss1-rep08-seed200008-v3: injection de perte forcée non validée dans le log
VALIDATION ERROR: B-kem512-gilbert-prr0p85-L10-loss1-rep08-seed200008-v3: mode d'application de perte forcée inattendu: invalid
VALIDATION WARNING: B-kem512-gilbert-prr0p85-L10-loss1-rep08-seed200008-v4: perte forcée configurée mais cible/événements observés incohérents
VALIDATION ERROR: B-kem512-gilbert-prr0p85-L10-loss1-rep08-seed200008-v4: injection de perte forcée non validée dans le log
VALIDATION ERROR: B-kem512-gilbert-prr0p85-L10-loss1-rep08-seed200008-v4: mode d'application de perte forcée inattendu: invalid
VALIDATION WARNING: B-kem512-gilbert-prr0p85-L10-loss1-rep09-seed200009-v3: perte forcée configurée mais cible/événements observés incohérents
VALIDATION ERROR: B-kem512-gilbert-prr0p85-L10-loss1-rep09-seed200009-v3: injection de perte forcée non validée dans le log
VALIDATION ERROR: B-kem512-gilbert-prr0p85-L10-loss1-rep09-seed200009-v3: mode d'application de perte forcée inattendu: invalid
VALIDATION WARNING: B-kem512-gilbert-prr0p85-L10-loss1-rep09-seed200009-v4: perte forcée configurée mais cible/événements observés incohérents
VALIDATION ERROR: B-kem512-gilbert-prr0p85-L10-loss1-rep09-seed200009-v4: injection de perte forcée non validée dans le log
VALIDATION ERROR: B-kem512-gilbert-prr0p85-L10-loss1-rep09-seed200009-v4: mode d'application de perte forcée inattendu: invalid
VALIDATION WARNING: B-kem512-gilbert-prr0p85-L10-loss1-rep12-seed200012-v3: perte forcée configurée mais cible/événements observés incohérents
VALIDATION ERROR: B-kem512-gilbert-prr0p85-L10-loss1-rep12-seed200012-v3: injection de perte forcée non validée dans le log
VALIDATION ERROR: B-kem512-gilbert-prr0p85-L10-loss1-rep12-seed200012-v3: mode d'application de perte forcée inattendu: invalid
VALIDATION WARNING: B-kem512-gilbert-prr0p85-L10-loss1-rep12-seed200012-v4: perte forcée configurée mais cible/événements observés incohérents
VALIDATION ERROR: B-kem512-gilbert-prr0p85-L10-loss1-rep12-seed200012-v4: injection de perte forcée non validée dans le log
VALIDATION ERROR: B-kem512-gilbert-prr0p85-L10-loss1-rep12-seed200012-v4: mode d'application de perte forcée inattendu: invalid
VALIDATION WARNING: B-kem512-gilbert-prr0p85-L10-loss1-rep16-seed200016-v3: perte forcée configurée mais cible/événements observés incohérents
VALIDATION ERROR: B-kem512-gilbert-prr0p85-L10-loss1-rep16-seed200016-v3: injection de perte forcée non validée dans le log
VALIDATION ERROR: B-kem512-gilbert-prr0p85-L10-loss1-rep16-seed200016-v3: mode d'application de perte forcée inattendu: invalid
VALIDATION WARNING: B-kem512-gilbert-prr0p85-L10-loss1-rep16-seed200016-v4: perte forcée configurée mais cible/événements observés incohérents
VALIDATION ERROR: B-kem512-gilbert-prr0p85-L10-loss1-rep16-seed200016-v4: injection de perte forcée non validée dans le log
VALIDATION ERROR: B-kem512-gilbert-prr0p85-L10-loss1-rep16-seed200016-v4: mode d'application de perte forcée inattendu: invalid
VALIDATION WARNING: B-kem512-gilbert-prr0p85-L10-loss1-rep18-seed200018-v3: perte forcée configurée mais cible/événements observés incohérents
VALIDATION ERROR: B-kem512-gilbert-prr0p85-L10-loss1-rep18-seed200018-v3: injection de perte forcée non validée dans le log
VALIDATION ERROR: B-kem512-gilbert-prr0p85-L10-loss1-rep18-seed200018-v3: mode d'application de perte forcée inattendu: invalid
VALIDATION WARNING: B-kem512-gilbert-prr0p85-L10-loss1-rep18-seed200018-v4: perte forcée configurée mais cible/événements observés incohérents
VALIDATION ERROR: B-kem512-gilbert-prr0p85-L10-loss1-rep18-seed200018-v4: injection de perte forcée non validée dans le log
VALIDATION ERROR: B-kem512-gilbert-prr0p85-L10-loss1-rep18-seed200018-v4: mode d'application de perte forcée inattendu: invalid
VALIDATION WARNING: B-kem512-gilbert-prr0p85-L10-loss1-rep22-seed200022-v3: perte forcée configurée mais cible/événements observés incohérents
VALIDATION ERROR: B-kem512-gilbert-prr0p85-L10-loss1-rep22-seed200022-v3: injection de perte forcée non validée dans le log
VALIDATION ERROR: B-kem512-gilbert-prr0p85-L10-loss1-rep22-seed200022-v3: mode d'application de perte forcée inattendu: invalid
VALIDATION WARNING: B-kem512-gilbert-prr0p85-L10-loss1-rep22-seed200022-v4: perte forcée configurée mais cible/événements observés incohérents
VALIDATION ERROR: B-kem512-gilbert-prr0p85-L10-loss1-rep22-seed200022-v4: injection de perte forcée non validée dans le log
VALIDATION ERROR: B-kem512-gilbert-prr0p85-L10-loss1-rep22-seed200022-v4: mode d'application de perte forcée inattendu: invalid
VALIDATION WARNING: B-kem512-gilbert-prr0p85-L10-loss1-rep27-seed200027-v3: perte forcée configurée mais cible/événements observés incohérents
VALIDATION ERROR: B-kem512-gilbert-prr0p85-L10-loss1-rep27-seed200027-v3: injection de perte forcée non validée dans le log
VALIDATION ERROR: B-kem512-gilbert-prr0p85-L10-loss1-rep27-seed200027-v3: mode d'application de perte forcée inattendu: invalid
VALIDATION WARNING: B-kem512-gilbert-prr0p85-L10-loss1-rep27-seed200027-v4: perte forcée configurée mais cible/événements observés incohérents
VALIDATION ERROR: B-kem512-gilbert-prr0p85-L10-loss1-rep27-seed200027-v4: injection de perte forcée non validée dans le log
VALIDATION ERROR: B-kem512-gilbert-prr0p85-L10-loss1-rep27-seed200027-v4: mode d'application de perte forcée inattendu: invalid
VALIDATION WARNING: B-kem512-gilbert-prr0p90-L2-loss1-rep02-seed200002-v3: perte forcée configurée mais cible/événements observés incohérents
VALIDATION ERROR: B-kem512-gilbert-prr0p90-L2-loss1-rep02-seed200002-v3: injection de perte forcée non validée dans le log
VALIDATION ERROR: B-kem512-gilbert-prr0p90-L2-loss1-rep02-seed200002-v3: mode d'application de perte forcée inattendu: invalid
VALIDATION WARNING: B-kem512-gilbert-prr0p90-L2-loss1-rep02-seed200002-v4: perte forcée configurée mais cible/événements observés incohérents
VALIDATION ERROR: B-kem512-gilbert-prr0p90-L2-loss1-rep02-seed200002-v4: injection de perte forcée non validée dans le log
VALIDATION ERROR: B-kem512-gilbert-prr0p90-L2-loss1-rep02-seed200002-v4: mode d'application de perte forcée inattendu: invalid
VALIDATION WARNING: B-kem512-gilbert-prr0p90-L2-loss1-rep03-seed200003-v3: perte forcée configurée mais cible/événements observés incohérents
VALIDATION ERROR: B-kem512-gilbert-prr0p90-L2-loss1-rep03-seed200003-v3: injection de perte forcée non validée dans le log
VALIDATION ERROR: B-kem512-gilbert-prr0p90-L2-loss1-rep03-seed200003-v3: mode d'application de perte forcée inattendu: invalid
VALIDATION WARNING: B-kem512-gilbert-prr0p90-L2-loss1-rep03-seed200003-v4: perte forcée configurée mais cible/événements observés incohérents
VALIDATION ERROR: B-kem512-gilbert-prr0p90-L2-loss1-rep03-seed200003-v4: injection de perte forcée non validée dans le log
VALIDATION ERROR: B-kem512-gilbert-prr0p90-L2-loss1-rep03-seed200003-v4: mode d'application de perte forcée inattendu: invalid
VALIDATION WARNING: B-kem512-gilbert-prr0p90-L2-loss1-rep05-seed200005-v3: perte forcée configurée mais cible/événements observés incohérents
VALIDATION ERROR: B-kem512-gilbert-prr0p90-L2-loss1-rep05-seed200005-v3: injection de perte forcée non validée dans le log
VALIDATION ERROR: B-kem512-gilbert-prr0p90-L2-loss1-rep05-seed200005-v3: mode d'application de perte forcée inattendu: invalid
VALIDATION WARNING: B-kem512-gilbert-prr0p90-L2-loss1-rep05-seed200005-v4: perte forcée configurée mais cible/événements observés incohérents
VALIDATION ERROR: B-kem512-gilbert-prr0p90-L2-loss1-rep05-seed200005-v4: injection de perte forcée non validée dans le log
VALIDATION ERROR: B-kem512-gilbert-prr0p90-L2-loss1-rep05-seed200005-v4: mode d'application de perte forcée inattendu: invalid
VALIDATION WARNING: B-kem512-gilbert-prr0p90-L2-loss1-rep08-seed200008-v3: perte forcée configurée mais cible/événements observés incohérents
VALIDATION ERROR: B-kem512-gilbert-prr0p90-L2-loss1-rep08-seed200008-v3: injection de perte forcée non validée dans le log
VALIDATION ERROR: B-kem512-gilbert-prr0p90-L2-loss1-rep08-seed200008-v3: mode d'application de perte forcée inattendu: invalid
VALIDATION WARNING: B-kem512-gilbert-prr0p90-L2-loss1-rep08-seed200008-v4: perte forcée configurée mais cible/événements observés incohérents
VALIDATION ERROR: B-kem512-gilbert-prr0p90-L2-loss1-rep08-seed200008-v4: injection de perte forcée non validée dans le log
VALIDATION ERROR: B-kem512-gilbert-prr0p90-L2-loss1-rep08-seed200008-v4: mode d'application de perte forcée inattendu: invalid
VALIDATION WARNING: B-kem512-gilbert-prr0p90-L2-loss1-rep09-seed200009-v3: perte ciblée armée, mais le canal/radio a perdu la trame avant le hook receiver
VALIDATION WARNING: B-kem512-gilbert-prr0p90-L2-loss1-rep09-seed200009-v3: cible armée mais perdue par le canal/radio avant FORCED_LOSS_APPLIED
VALIDATION WARNING: B-kem512-gilbert-prr0p90-L2-loss1-rep09-seed200009-v4: perte ciblée armée, mais le canal/radio a perdu la trame avant le hook receiver
VALIDATION WARNING: B-kem512-gilbert-prr0p90-L2-loss1-rep09-seed200009-v4: cible armée mais perdue par le canal/radio avant FORCED_LOSS_APPLIED
VALIDATION WARNING: B-kem512-gilbert-prr0p90-L2-loss1-rep11-seed200011-v3: perte forcée configurée mais cible/événements observés incohérents
VALIDATION ERROR: B-kem512-gilbert-prr0p90-L2-loss1-rep11-seed200011-v3: injection de perte forcée non validée dans le log
VALIDATION ERROR: B-kem512-gilbert-prr0p90-L2-loss1-rep11-seed200011-v3: mode d'application de perte forcée inattendu: invalid
VALIDATION WARNING: B-kem512-gilbert-prr0p90-L2-loss1-rep11-seed200011-v4: perte forcée configurée mais cible/événements observés incohérents
VALIDATION ERROR: B-kem512-gilbert-prr0p90-L2-loss1-rep11-seed200011-v4: injection de perte forcée non validée dans le log
VALIDATION ERROR: B-kem512-gilbert-prr0p90-L2-loss1-rep11-seed200011-v4: mode d'application de perte forcée inattendu: invalid
VALIDATION WARNING: B-kem512-gilbert-prr0p90-L2-loss1-rep12-seed200012-v3: perte forcée configurée mais cible/événements observés incohérents
VALIDATION ERROR: B-kem512-gilbert-prr0p90-L2-loss1-rep12-seed200012-v3: injection de perte forcée non validée dans le log
VALIDATION ERROR: B-kem512-gilbert-prr0p90-L2-loss1-rep12-seed200012-v3: mode d'application de perte forcée inattendu: invalid
VALIDATION WARNING: B-kem512-gilbert-prr0p90-L2-loss1-rep12-seed200012-v4: perte forcée configurée mais cible/événements observés incohérents
VALIDATION ERROR: B-kem512-gilbert-prr0p90-L2-loss1-rep12-seed200012-v4: injection de perte forcée non validée dans le log
VALIDATION ERROR: B-kem512-gilbert-prr0p90-L2-loss1-rep12-seed200012-v4: mode d'application de perte forcée inattendu: invalid
VALIDATION WARNING: B-kem512-gilbert-prr0p90-L2-loss1-rep16-seed200016-v3: perte forcée configurée mais cible/événements observés incohérents
VALIDATION ERROR: B-kem512-gilbert-prr0p90-L2-loss1-rep16-seed200016-v3: injection de perte forcée non validée dans le log
VALIDATION ERROR: B-kem512-gilbert-prr0p90-L2-loss1-rep16-seed200016-v3: mode d'application de perte forcée inattendu: invalid
VALIDATION WARNING: B-kem512-gilbert-prr0p90-L2-loss1-rep16-seed200016-v4: perte forcée configurée mais cible/événements observés incohérents
VALIDATION ERROR: B-kem512-gilbert-prr0p90-L2-loss1-rep16-seed200016-v4: injection de perte forcée non validée dans le log
VALIDATION ERROR: B-kem512-gilbert-prr0p90-L2-loss1-rep16-seed200016-v4: mode d'application de perte forcée inattendu: invalid
VALIDATION WARNING: B-kem512-gilbert-prr0p90-L2-loss1-rep17-seed200017-v3: perte forcée configurée mais cible/événements observés incohérents
VALIDATION ERROR: B-kem512-gilbert-prr0p90-L2-loss1-rep17-seed200017-v3: injection de perte forcée non validée dans le log
VALIDATION ERROR: B-kem512-gilbert-prr0p90-L2-loss1-rep17-seed200017-v3: mode d'application de perte forcée inattendu: invalid
VALIDATION WARNING: B-kem512-gilbert-prr0p90-L2-loss1-rep17-seed200017-v4: perte forcée configurée mais cible/événements observés incohérents
VALIDATION ERROR: B-kem512-gilbert-prr0p90-L2-loss1-rep17-seed200017-v4: injection de perte forcée non validée dans le log
VALIDATION ERROR: B-kem512-gilbert-prr0p90-L2-loss1-rep17-seed200017-v4: mode d'application de perte forcée inattendu: invalid
VALIDATION WARNING: B-kem512-gilbert-prr0p90-L2-loss1-rep20-seed200020-v3: perte forcée configurée mais cible/événements observés incohérents
VALIDATION ERROR: B-kem512-gilbert-prr0p90-L2-loss1-rep20-seed200020-v3: injection de perte forcée non validée dans le log
VALIDATION ERROR: B-kem512-gilbert-prr0p90-L2-loss1-rep20-seed200020-v3: mode d'application de perte forcée inattendu: invalid
VALIDATION WARNING: B-kem512-gilbert-prr0p90-L2-loss1-rep20-seed200020-v4: perte forcée configurée mais cible/événements observés incohérents
VALIDATION ERROR: B-kem512-gilbert-prr0p90-L2-loss1-rep20-seed200020-v4: injection de perte forcée non validée dans le log
VALIDATION ERROR: B-kem512-gilbert-prr0p90-L2-loss1-rep20-seed200020-v4: mode d'application de perte forcée inattendu: invalid
VALIDATION WARNING: B-kem512-gilbert-prr0p90-L2-loss1-rep22-seed200022-v3: perte forcée configurée mais cible/événements observés incohérents
VALIDATION ERROR: B-kem512-gilbert-prr0p90-L2-loss1-rep22-seed200022-v3: injection de perte forcée non validée dans le log
VALIDATION ERROR: B-kem512-gilbert-prr0p90-L2-loss1-rep22-seed200022-v3: mode d'application de perte forcée inattendu: invalid
VALIDATION WARNING: B-kem512-gilbert-prr0p90-L2-loss1-rep22-seed200022-v4: perte forcée configurée mais cible/événements observés incohérents
VALIDATION ERROR: B-kem512-gilbert-prr0p90-L2-loss1-rep22-seed200022-v4: injection de perte forcée non validée dans le log
VALIDATION ERROR: B-kem512-gilbert-prr0p90-L2-loss1-rep22-seed200022-v4: mode d'application de perte forcée inattendu: invalid
VALIDATION WARNING: B-kem512-gilbert-prr0p90-L2-loss1-rep27-seed200027-v3: perte forcée configurée mais cible/événements observés incohérents
VALIDATION ERROR: B-kem512-gilbert-prr0p90-L2-loss1-rep27-seed200027-v3: injection de perte forcée non validée dans le log
VALIDATION ERROR: B-kem512-gilbert-prr0p90-L2-loss1-rep27-seed200027-v3: mode d'application de perte forcée inattendu: invalid
VALIDATION WARNING: B-kem512-gilbert-prr0p90-L2-loss1-rep27-seed200027-v4: perte forcée configurée mais cible/événements observés incohérents
VALIDATION ERROR: B-kem512-gilbert-prr0p90-L2-loss1-rep27-seed200027-v4: injection de perte forcée non validée dans le log
VALIDATION ERROR: B-kem512-gilbert-prr0p90-L2-loss1-rep27-seed200027-v4: mode d'application de perte forcée inattendu: invalid
VALIDATION WARNING: B-kem512-gilbert-prr0p90-L5-loss1-rep02-seed200002-v3: perte forcée configurée mais cible/événements observés incohérents
VALIDATION ERROR: B-kem512-gilbert-prr0p90-L5-loss1-rep02-seed200002-v3: injection de perte forcée non validée dans le log
VALIDATION ERROR: B-kem512-gilbert-prr0p90-L5-loss1-rep02-seed200002-v3: mode d'application de perte forcée inattendu: invalid
VALIDATION WARNING: B-kem512-gilbert-prr0p90-L5-loss1-rep02-seed200002-v4: perte forcée configurée mais cible/événements observés incohérents
VALIDATION ERROR: B-kem512-gilbert-prr0p90-L5-loss1-rep02-seed200002-v4: injection de perte forcée non validée dans le log
VALIDATION ERROR: B-kem512-gilbert-prr0p90-L5-loss1-rep02-seed200002-v4: mode d'application de perte forcée inattendu: invalid
VALIDATION WARNING: B-kem512-gilbert-prr0p90-L5-loss1-rep03-seed200003-v3: perte forcée configurée mais cible/événements observés incohérents
VALIDATION ERROR: B-kem512-gilbert-prr0p90-L5-loss1-rep03-seed200003-v3: injection de perte forcée non validée dans le log
VALIDATION ERROR: B-kem512-gilbert-prr0p90-L5-loss1-rep03-seed200003-v3: mode d'application de perte forcée inattendu: invalid
VALIDATION WARNING: B-kem512-gilbert-prr0p90-L5-loss1-rep03-seed200003-v4: perte forcée configurée mais cible/événements observés incohérents
VALIDATION ERROR: B-kem512-gilbert-prr0p90-L5-loss1-rep03-seed200003-v4: injection de perte forcée non validée dans le log
VALIDATION ERROR: B-kem512-gilbert-prr0p90-L5-loss1-rep03-seed200003-v4: mode d'application de perte forcée inattendu: invalid
VALIDATION WARNING: B-kem512-gilbert-prr0p90-L5-loss1-rep05-seed200005-v3: perte forcée configurée mais cible/événements observés incohérents
VALIDATION ERROR: B-kem512-gilbert-prr0p90-L5-loss1-rep05-seed200005-v3: injection de perte forcée non validée dans le log
VALIDATION ERROR: B-kem512-gilbert-prr0p90-L5-loss1-rep05-seed200005-v3: mode d'application de perte forcée inattendu: invalid
VALIDATION WARNING: B-kem512-gilbert-prr0p90-L5-loss1-rep05-seed200005-v4: perte forcée configurée mais cible/événements observés incohérents
VALIDATION ERROR: B-kem512-gilbert-prr0p90-L5-loss1-rep05-seed200005-v4: injection de perte forcée non validée dans le log
VALIDATION ERROR: B-kem512-gilbert-prr0p90-L5-loss1-rep05-seed200005-v4: mode d'application de perte forcée inattendu: invalid
VALIDATION WARNING: B-kem512-gilbert-prr0p90-L5-loss1-rep08-seed200008-v3: perte forcée configurée mais cible/événements observés incohérents
VALIDATION ERROR: B-kem512-gilbert-prr0p90-L5-loss1-rep08-seed200008-v3: injection de perte forcée non validée dans le log
VALIDATION ERROR: B-kem512-gilbert-prr0p90-L5-loss1-rep08-seed200008-v3: mode d'application de perte forcée inattendu: invalid
VALIDATION WARNING: B-kem512-gilbert-prr0p90-L5-loss1-rep08-seed200008-v4: perte forcée configurée mais cible/événements observés incohérents
VALIDATION ERROR: B-kem512-gilbert-prr0p90-L5-loss1-rep08-seed200008-v4: injection de perte forcée non validée dans le log
VALIDATION ERROR: B-kem512-gilbert-prr0p90-L5-loss1-rep08-seed200008-v4: mode d'application de perte forcée inattendu: invalid
VALIDATION WARNING: B-kem512-gilbert-prr0p90-L5-loss1-rep09-seed200009-v3: perte forcée configurée mais cible/événements observés incohérents
VALIDATION ERROR: B-kem512-gilbert-prr0p90-L5-loss1-rep09-seed200009-v3: injection de perte forcée non validée dans le log
VALIDATION ERROR: B-kem512-gilbert-prr0p90-L5-loss1-rep09-seed200009-v3: mode d'application de perte forcée inattendu: invalid
VALIDATION WARNING: B-kem512-gilbert-prr0p90-L5-loss1-rep09-seed200009-v4: perte forcée configurée mais cible/événements observés incohérents
VALIDATION ERROR: B-kem512-gilbert-prr0p90-L5-loss1-rep09-seed200009-v4: injection de perte forcée non validée dans le log
VALIDATION ERROR: B-kem512-gilbert-prr0p90-L5-loss1-rep09-seed200009-v4: mode d'application de perte forcée inattendu: invalid
VALIDATION WARNING: B-kem512-gilbert-prr0p90-L5-loss1-rep12-seed200012-v3: perte forcée configurée mais cible/événements observés incohérents
VALIDATION ERROR: B-kem512-gilbert-prr0p90-L5-loss1-rep12-seed200012-v3: injection de perte forcée non validée dans le log
VALIDATION ERROR: B-kem512-gilbert-prr0p90-L5-loss1-rep12-seed200012-v3: mode d'application de perte forcée inattendu: invalid
VALIDATION WARNING: B-kem512-gilbert-prr0p90-L5-loss1-rep12-seed200012-v4: perte forcée configurée mais cible/événements observés incohérents
VALIDATION ERROR: B-kem512-gilbert-prr0p90-L5-loss1-rep12-seed200012-v4: injection de perte forcée non validée dans le log
VALIDATION ERROR: B-kem512-gilbert-prr0p90-L5-loss1-rep12-seed200012-v4: mode d'application de perte forcée inattendu: invalid
VALIDATION WARNING: B-kem512-gilbert-prr0p90-L5-loss1-rep16-seed200016-v3: perte forcée configurée mais cible/événements observés incohérents
VALIDATION ERROR: B-kem512-gilbert-prr0p90-L5-loss1-rep16-seed200016-v3: injection de perte forcée non validée dans le log
VALIDATION ERROR: B-kem512-gilbert-prr0p90-L5-loss1-rep16-seed200016-v3: mode d'application de perte forcée inattendu: invalid
VALIDATION WARNING: B-kem512-gilbert-prr0p90-L5-loss1-rep16-seed200016-v4: perte forcée configurée mais cible/événements observés incohérents
VALIDATION ERROR: B-kem512-gilbert-prr0p90-L5-loss1-rep16-seed200016-v4: injection de perte forcée non validée dans le log
VALIDATION ERROR: B-kem512-gilbert-prr0p90-L5-loss1-rep16-seed200016-v4: mode d'application de perte forcée inattendu: invalid
VALIDATION WARNING: B-kem512-gilbert-prr0p90-L5-loss1-rep17-seed200017-v3: perte forcée configurée mais cible/événements observés incohérents
VALIDATION ERROR: B-kem512-gilbert-prr0p90-L5-loss1-rep17-seed200017-v3: injection de perte forcée non validée dans le log
VALIDATION ERROR: B-kem512-gilbert-prr0p90-L5-loss1-rep17-seed200017-v3: mode d'application de perte forcée inattendu: invalid
VALIDATION WARNING: B-kem512-gilbert-prr0p90-L5-loss1-rep17-seed200017-v4: perte forcée configurée mais cible/événements observés incohérents
VALIDATION ERROR: B-kem512-gilbert-prr0p90-L5-loss1-rep17-seed200017-v4: injection de perte forcée non validée dans le log
VALIDATION ERROR: B-kem512-gilbert-prr0p90-L5-loss1-rep17-seed200017-v4: mode d'application de perte forcée inattendu: invalid
VALIDATION WARNING: B-kem512-gilbert-prr0p90-L5-loss1-rep22-seed200022-v3: perte forcée configurée mais cible/événements observés incohérents
VALIDATION ERROR: B-kem512-gilbert-prr0p90-L5-loss1-rep22-seed200022-v3: injection de perte forcée non validée dans le log
VALIDATION ERROR: B-kem512-gilbert-prr0p90-L5-loss1-rep22-seed200022-v3: mode d'application de perte forcée inattendu: invalid
VALIDATION WARNING: B-kem512-gilbert-prr0p90-L5-loss1-rep22-seed200022-v4: perte forcée configurée mais cible/événements observés incohérents
VALIDATION ERROR: B-kem512-gilbert-prr0p90-L5-loss1-rep22-seed200022-v4: injection de perte forcée non validée dans le log
VALIDATION ERROR: B-kem512-gilbert-prr0p90-L5-loss1-rep22-seed200022-v4: mode d'application de perte forcée inattendu: invalid
VALIDATION WARNING: B-kem512-gilbert-prr0p90-L5-loss1-rep27-seed200027-v3: perte forcée configurée mais cible/événements observés incohérents
VALIDATION ERROR: B-kem512-gilbert-prr0p90-L5-loss1-rep27-seed200027-v3: injection de perte forcée non validée dans le log
VALIDATION ERROR: B-kem512-gilbert-prr0p90-L5-loss1-rep27-seed200027-v3: mode d'application de perte forcée inattendu: invalid
VALIDATION WARNING: B-kem512-gilbert-prr0p90-L5-loss1-rep27-seed200027-v4: perte forcée configurée mais cible/événements observés incohérents
VALIDATION ERROR: B-kem512-gilbert-prr0p90-L5-loss1-rep27-seed200027-v4: injection de perte forcée non validée dans le log
VALIDATION ERROR: B-kem512-gilbert-prr0p90-L5-loss1-rep27-seed200027-v4: mode d'application de perte forcée inattendu: invalid
VALIDATION WARNING: B-kem512-gilbert-prr0p90-L10-loss1-rep02-seed200002-v3: perte forcée configurée mais cible/événements observés incohérents
VALIDATION ERROR: B-kem512-gilbert-prr0p90-L10-loss1-rep02-seed200002-v3: injection de perte forcée non validée dans le log
VALIDATION ERROR: B-kem512-gilbert-prr0p90-L10-loss1-rep02-seed200002-v3: mode d'application de perte forcée inattendu: invalid
VALIDATION WARNING: B-kem512-gilbert-prr0p90-L10-loss1-rep02-seed200002-v4: perte forcée configurée mais cible/événements observés incohérents
VALIDATION ERROR: B-kem512-gilbert-prr0p90-L10-loss1-rep02-seed200002-v4: injection de perte forcée non validée dans le log
VALIDATION ERROR: B-kem512-gilbert-prr0p90-L10-loss1-rep02-seed200002-v4: mode d'application de perte forcée inattendu: invalid
VALIDATION WARNING: B-kem512-gilbert-prr0p90-L10-loss1-rep03-seed200003-v3: perte forcée configurée mais cible/événements observés incohérents
VALIDATION ERROR: B-kem512-gilbert-prr0p90-L10-loss1-rep03-seed200003-v3: injection de perte forcée non validée dans le log
VALIDATION ERROR: B-kem512-gilbert-prr0p90-L10-loss1-rep03-seed200003-v3: mode d'application de perte forcée inattendu: invalid
VALIDATION WARNING: B-kem512-gilbert-prr0p90-L10-loss1-rep03-seed200003-v4: perte forcée configurée mais cible/événements observés incohérents
VALIDATION ERROR: B-kem512-gilbert-prr0p90-L10-loss1-rep03-seed200003-v4: injection de perte forcée non validée dans le log
VALIDATION ERROR: B-kem512-gilbert-prr0p90-L10-loss1-rep03-seed200003-v4: mode d'application de perte forcée inattendu: invalid
VALIDATION WARNING: B-kem512-gilbert-prr0p90-L10-loss1-rep05-seed200005-v3: perte forcée configurée mais cible/événements observés incohérents
VALIDATION ERROR: B-kem512-gilbert-prr0p90-L10-loss1-rep05-seed200005-v3: injection de perte forcée non validée dans le log
VALIDATION ERROR: B-kem512-gilbert-prr0p90-L10-loss1-rep05-seed200005-v3: mode d'application de perte forcée inattendu: invalid
VALIDATION WARNING: B-kem512-gilbert-prr0p90-L10-loss1-rep05-seed200005-v4: perte forcée configurée mais cible/événements observés incohérents
VALIDATION ERROR: B-kem512-gilbert-prr0p90-L10-loss1-rep05-seed200005-v4: injection de perte forcée non validée dans le log
VALIDATION ERROR: B-kem512-gilbert-prr0p90-L10-loss1-rep05-seed200005-v4: mode d'application de perte forcée inattendu: invalid
VALIDATION WARNING: B-kem512-gilbert-prr0p90-L10-loss1-rep09-seed200009-v3: perte forcée configurée mais cible/événements observés incohérents
VALIDATION ERROR: B-kem512-gilbert-prr0p90-L10-loss1-rep09-seed200009-v3: injection de perte forcée non validée dans le log
VALIDATION ERROR: B-kem512-gilbert-prr0p90-L10-loss1-rep09-seed200009-v3: mode d'application de perte forcée inattendu: invalid
VALIDATION WARNING: B-kem512-gilbert-prr0p90-L10-loss1-rep09-seed200009-v4: perte forcée configurée mais cible/événements observés incohérents
VALIDATION ERROR: B-kem512-gilbert-prr0p90-L10-loss1-rep09-seed200009-v4: injection de perte forcée non validée dans le log
VALIDATION ERROR: B-kem512-gilbert-prr0p90-L10-loss1-rep09-seed200009-v4: mode d'application de perte forcée inattendu: invalid
VALIDATION WARNING: B-kem512-gilbert-prr0p90-L10-loss1-rep12-seed200012-v3: perte forcée configurée mais cible/événements observés incohérents
VALIDATION ERROR: B-kem512-gilbert-prr0p90-L10-loss1-rep12-seed200012-v3: injection de perte forcée non validée dans le log
VALIDATION ERROR: B-kem512-gilbert-prr0p90-L10-loss1-rep12-seed200012-v3: mode d'application de perte forcée inattendu: invalid
VALIDATION WARNING: B-kem512-gilbert-prr0p90-L10-loss1-rep12-seed200012-v4: perte forcée configurée mais cible/événements observés incohérents
VALIDATION ERROR: B-kem512-gilbert-prr0p90-L10-loss1-rep12-seed200012-v4: injection de perte forcée non validée dans le log
VALIDATION ERROR: B-kem512-gilbert-prr0p90-L10-loss1-rep12-seed200012-v4: mode d'application de perte forcée inattendu: invalid
VALIDATION WARNING: B-kem512-gilbert-prr0p90-L10-loss1-rep16-seed200016-v3: perte forcée configurée mais cible/événements observés incohérents
VALIDATION ERROR: B-kem512-gilbert-prr0p90-L10-loss1-rep16-seed200016-v3: injection de perte forcée non validée dans le log
VALIDATION ERROR: B-kem512-gilbert-prr0p90-L10-loss1-rep16-seed200016-v3: mode d'application de perte forcée inattendu: invalid
VALIDATION WARNING: B-kem512-gilbert-prr0p90-L10-loss1-rep16-seed200016-v4: perte forcée configurée mais cible/événements observés incohérents
VALIDATION ERROR: B-kem512-gilbert-prr0p90-L10-loss1-rep16-seed200016-v4: injection de perte forcée non validée dans le log
VALIDATION ERROR: B-kem512-gilbert-prr0p90-L10-loss1-rep16-seed200016-v4: mode d'application de perte forcée inattendu: invalid
VALIDATION WARNING: B-kem512-gilbert-prr0p90-L10-loss1-rep22-seed200022-v3: perte forcée configurée mais cible/événements observés incohérents
VALIDATION ERROR: B-kem512-gilbert-prr0p90-L10-loss1-rep22-seed200022-v3: injection de perte forcée non validée dans le log
VALIDATION ERROR: B-kem512-gilbert-prr0p90-L10-loss1-rep22-seed200022-v3: mode d'application de perte forcée inattendu: invalid
VALIDATION WARNING: B-kem512-gilbert-prr0p90-L10-loss1-rep22-seed200022-v4: perte forcée configurée mais cible/événements observés incohérents
VALIDATION ERROR: B-kem512-gilbert-prr0p90-L10-loss1-rep22-seed200022-v4: injection de perte forcée non validée dans le log
VALIDATION ERROR: B-kem512-gilbert-prr0p90-L10-loss1-rep22-seed200022-v4: mode d'application de perte forcée inattendu: invalid
VALIDATION WARNING: B-kem512-gilbert-prr0p90-L10-loss1-rep27-seed200027-v3: perte forcée configurée mais cible/événements observés incohérents
VALIDATION ERROR: B-kem512-gilbert-prr0p90-L10-loss1-rep27-seed200027-v3: injection de perte forcée non validée dans le log
VALIDATION ERROR: B-kem512-gilbert-prr0p90-L10-loss1-rep27-seed200027-v3: mode d'application de perte forcée inattendu: invalid
VALIDATION WARNING: B-kem512-gilbert-prr0p90-L10-loss1-rep27-seed200027-v4: perte forcée configurée mais cible/événements observés incohérents
VALIDATION ERROR: B-kem512-gilbert-prr0p90-L10-loss1-rep27-seed200027-v4: injection de perte forcée non validée dans le log
VALIDATION ERROR: B-kem512-gilbert-prr0p90-L10-loss1-rep27-seed200027-v4: mode d'application de perte forcée inattendu: invalid
VALIDATION WARNING: B-kem512-gilbert-prr0p95-L2-loss1-rep02-seed200002-v3: perte forcée configurée mais cible/événements observés incohérents
VALIDATION ERROR: B-kem512-gilbert-prr0p95-L2-loss1-rep02-seed200002-v3: injection de perte forcée non validée dans le log
VALIDATION ERROR: B-kem512-gilbert-prr0p95-L2-loss1-rep02-seed200002-v3: mode d'application de perte forcée inattendu: invalid
VALIDATION WARNING: B-kem512-gilbert-prr0p95-L2-loss1-rep02-seed200002-v4: perte forcée configurée mais cible/événements observés incohérents
VALIDATION ERROR: B-kem512-gilbert-prr0p95-L2-loss1-rep02-seed200002-v4: injection de perte forcée non validée dans le log
VALIDATION ERROR: B-kem512-gilbert-prr0p95-L2-loss1-rep02-seed200002-v4: mode d'application de perte forcée inattendu: invalid
VALIDATION WARNING: B-kem512-gilbert-prr0p95-L2-loss1-rep03-seed200003-v3: perte forcée configurée mais cible/événements observés incohérents
VALIDATION ERROR: B-kem512-gilbert-prr0p95-L2-loss1-rep03-seed200003-v3: injection de perte forcée non validée dans le log
VALIDATION ERROR: B-kem512-gilbert-prr0p95-L2-loss1-rep03-seed200003-v3: mode d'application de perte forcée inattendu: invalid
VALIDATION WARNING: B-kem512-gilbert-prr0p95-L2-loss1-rep03-seed200003-v4: perte forcée configurée mais cible/événements observés incohérents
VALIDATION ERROR: B-kem512-gilbert-prr0p95-L2-loss1-rep03-seed200003-v4: injection de perte forcée non validée dans le log
VALIDATION ERROR: B-kem512-gilbert-prr0p95-L2-loss1-rep03-seed200003-v4: mode d'application de perte forcée inattendu: invalid
VALIDATION WARNING: B-kem512-gilbert-prr0p95-L2-loss1-rep05-seed200005-v3: perte forcée configurée mais cible/événements observés incohérents
VALIDATION ERROR: B-kem512-gilbert-prr0p95-L2-loss1-rep05-seed200005-v3: injection de perte forcée non validée dans le log
VALIDATION ERROR: B-kem512-gilbert-prr0p95-L2-loss1-rep05-seed200005-v3: mode d'application de perte forcée inattendu: invalid
VALIDATION WARNING: B-kem512-gilbert-prr0p95-L2-loss1-rep05-seed200005-v4: perte forcée configurée mais cible/événements observés incohérents
VALIDATION ERROR: B-kem512-gilbert-prr0p95-L2-loss1-rep05-seed200005-v4: injection de perte forcée non validée dans le log
VALIDATION ERROR: B-kem512-gilbert-prr0p95-L2-loss1-rep05-seed200005-v4: mode d'application de perte forcée inattendu: invalid
VALIDATION WARNING: B-kem512-gilbert-prr0p95-L2-loss1-rep08-seed200008-v3: perte forcée configurée mais cible/événements observés incohérents
VALIDATION ERROR: B-kem512-gilbert-prr0p95-L2-loss1-rep08-seed200008-v3: injection de perte forcée non validée dans le log
VALIDATION ERROR: B-kem512-gilbert-prr0p95-L2-loss1-rep08-seed200008-v3: mode d'application de perte forcée inattendu: invalid
VALIDATION WARNING: B-kem512-gilbert-prr0p95-L2-loss1-rep08-seed200008-v4: perte forcée configurée mais cible/événements observés incohérents
VALIDATION ERROR: B-kem512-gilbert-prr0p95-L2-loss1-rep08-seed200008-v4: injection de perte forcée non validée dans le log
VALIDATION ERROR: B-kem512-gilbert-prr0p95-L2-loss1-rep08-seed200008-v4: mode d'application de perte forcée inattendu: invalid
VALIDATION WARNING: B-kem512-gilbert-prr0p95-L2-loss1-rep09-seed200009-v3: perte ciblée armée, mais le canal/radio a perdu la trame avant le hook receiver
VALIDATION WARNING: B-kem512-gilbert-prr0p95-L2-loss1-rep09-seed200009-v3: cible armée mais perdue par le canal/radio avant FORCED_LOSS_APPLIED
VALIDATION WARNING: B-kem512-gilbert-prr0p95-L2-loss1-rep09-seed200009-v4: perte ciblée armée, mais le canal/radio a perdu la trame avant le hook receiver
VALIDATION WARNING: B-kem512-gilbert-prr0p95-L2-loss1-rep09-seed200009-v4: cible armée mais perdue par le canal/radio avant FORCED_LOSS_APPLIED
VALIDATION WARNING: B-kem512-gilbert-prr0p95-L2-loss1-rep11-seed200011-v3: perte ciblée armée, mais le canal/radio a perdu la trame avant le hook receiver
VALIDATION WARNING: B-kem512-gilbert-prr0p95-L2-loss1-rep11-seed200011-v3: cible armée mais perdue par le canal/radio avant FORCED_LOSS_APPLIED
VALIDATION WARNING: B-kem512-gilbert-prr0p95-L2-loss1-rep11-seed200011-v4: perte ciblée armée, mais le canal/radio a perdu la trame avant le hook receiver
VALIDATION WARNING: B-kem512-gilbert-prr0p95-L2-loss1-rep11-seed200011-v4: cible armée mais perdue par le canal/radio avant FORCED_LOSS_APPLIED
VALIDATION WARNING: B-kem512-gilbert-prr0p95-L2-loss1-rep12-seed200012-v3: perte forcée configurée mais cible/événements observés incohérents
VALIDATION ERROR: B-kem512-gilbert-prr0p95-L2-loss1-rep12-seed200012-v3: injection de perte forcée non validée dans le log
VALIDATION ERROR: B-kem512-gilbert-prr0p95-L2-loss1-rep12-seed200012-v3: mode d'application de perte forcée inattendu: invalid
VALIDATION WARNING: B-kem512-gilbert-prr0p95-L2-loss1-rep12-seed200012-v4: perte forcée configurée mais cible/événements observés incohérents
VALIDATION ERROR: B-kem512-gilbert-prr0p95-L2-loss1-rep12-seed200012-v4: injection de perte forcée non validée dans le log
VALIDATION ERROR: B-kem512-gilbert-prr0p95-L2-loss1-rep12-seed200012-v4: mode d'application de perte forcée inattendu: invalid
VALIDATION WARNING: B-kem512-gilbert-prr0p95-L2-loss1-rep16-seed200016-v3: perte forcée configurée mais cible/événements observés incohérents
VALIDATION ERROR: B-kem512-gilbert-prr0p95-L2-loss1-rep16-seed200016-v3: injection de perte forcée non validée dans le log
VALIDATION ERROR: B-kem512-gilbert-prr0p95-L2-loss1-rep16-seed200016-v3: mode d'application de perte forcée inattendu: invalid
VALIDATION WARNING: B-kem512-gilbert-prr0p95-L2-loss1-rep16-seed200016-v4: perte forcée configurée mais cible/événements observés incohérents
VALIDATION ERROR: B-kem512-gilbert-prr0p95-L2-loss1-rep16-seed200016-v4: injection de perte forcée non validée dans le log
VALIDATION ERROR: B-kem512-gilbert-prr0p95-L2-loss1-rep16-seed200016-v4: mode d'application de perte forcée inattendu: invalid
VALIDATION WARNING: B-kem512-gilbert-prr0p95-L2-loss1-rep17-seed200017-v3: perte forcée configurée mais cible/événements observés incohérents
VALIDATION ERROR: B-kem512-gilbert-prr0p95-L2-loss1-rep17-seed200017-v3: injection de perte forcée non validée dans le log
VALIDATION ERROR: B-kem512-gilbert-prr0p95-L2-loss1-rep17-seed200017-v3: mode d'application de perte forcée inattendu: invalid
VALIDATION WARNING: B-kem512-gilbert-prr0p95-L2-loss1-rep17-seed200017-v4: perte forcée configurée mais cible/événements observés incohérents
VALIDATION ERROR: B-kem512-gilbert-prr0p95-L2-loss1-rep17-seed200017-v4: injection de perte forcée non validée dans le log
VALIDATION ERROR: B-kem512-gilbert-prr0p95-L2-loss1-rep17-seed200017-v4: mode d'application de perte forcée inattendu: invalid
VALIDATION WARNING: B-kem512-gilbert-prr0p95-L2-loss1-rep22-seed200022-v3: perte forcée configurée mais cible/événements observés incohérents
VALIDATION ERROR: B-kem512-gilbert-prr0p95-L2-loss1-rep22-seed200022-v3: injection de perte forcée non validée dans le log
VALIDATION ERROR: B-kem512-gilbert-prr0p95-L2-loss1-rep22-seed200022-v3: mode d'application de perte forcée inattendu: invalid
VALIDATION WARNING: B-kem512-gilbert-prr0p95-L2-loss1-rep22-seed200022-v4: perte forcée configurée mais cible/événements observés incohérents
VALIDATION ERROR: B-kem512-gilbert-prr0p95-L2-loss1-rep22-seed200022-v4: injection de perte forcée non validée dans le log
VALIDATION ERROR: B-kem512-gilbert-prr0p95-L2-loss1-rep22-seed200022-v4: mode d'application de perte forcée inattendu: invalid
VALIDATION WARNING: B-kem512-gilbert-prr0p95-L2-loss1-rep27-seed200027-v3: perte forcée configurée mais cible/événements observés incohérents
VALIDATION ERROR: B-kem512-gilbert-prr0p95-L2-loss1-rep27-seed200027-v3: injection de perte forcée non validée dans le log
VALIDATION ERROR: B-kem512-gilbert-prr0p95-L2-loss1-rep27-seed200027-v3: mode d'application de perte forcée inattendu: invalid
VALIDATION WARNING: B-kem512-gilbert-prr0p95-L2-loss1-rep27-seed200027-v4: perte forcée configurée mais cible/événements observés incohérents
VALIDATION ERROR: B-kem512-gilbert-prr0p95-L2-loss1-rep27-seed200027-v4: injection de perte forcée non validée dans le log
VALIDATION ERROR: B-kem512-gilbert-prr0p95-L2-loss1-rep27-seed200027-v4: mode d'application de perte forcée inattendu: invalid
VALIDATION WARNING: B-kem512-gilbert-prr0p95-L5-loss1-rep02-seed200002-v3: perte forcée configurée mais cible/événements observés incohérents
VALIDATION ERROR: B-kem512-gilbert-prr0p95-L5-loss1-rep02-seed200002-v3: injection de perte forcée non validée dans le log
VALIDATION ERROR: B-kem512-gilbert-prr0p95-L5-loss1-rep02-seed200002-v3: mode d'application de perte forcée inattendu: invalid
VALIDATION WARNING: B-kem512-gilbert-prr0p95-L5-loss1-rep02-seed200002-v4: perte forcée configurée mais cible/événements observés incohérents
VALIDATION ERROR: B-kem512-gilbert-prr0p95-L5-loss1-rep02-seed200002-v4: injection de perte forcée non validée dans le log
VALIDATION ERROR: B-kem512-gilbert-prr0p95-L5-loss1-rep02-seed200002-v4: mode d'application de perte forcée inattendu: invalid
VALIDATION WARNING: B-kem512-gilbert-prr0p95-L5-loss1-rep03-seed200003-v3: perte forcée configurée mais cible/événements observés incohérents
VALIDATION ERROR: B-kem512-gilbert-prr0p95-L5-loss1-rep03-seed200003-v3: injection de perte forcée non validée dans le log
VALIDATION ERROR: B-kem512-gilbert-prr0p95-L5-loss1-rep03-seed200003-v3: mode d'application de perte forcée inattendu: invalid
VALIDATION WARNING: B-kem512-gilbert-prr0p95-L5-loss1-rep03-seed200003-v4: perte forcée configurée mais cible/événements observés incohérents
VALIDATION ERROR: B-kem512-gilbert-prr0p95-L5-loss1-rep03-seed200003-v4: injection de perte forcée non validée dans le log
VALIDATION ERROR: B-kem512-gilbert-prr0p95-L5-loss1-rep03-seed200003-v4: mode d'application de perte forcée inattendu: invalid
VALIDATION WARNING: B-kem512-gilbert-prr0p95-L5-loss1-rep05-seed200005-v3: perte forcée configurée mais cible/événements observés incohérents
VALIDATION ERROR: B-kem512-gilbert-prr0p95-L5-loss1-rep05-seed200005-v3: injection de perte forcée non validée dans le log
VALIDATION ERROR: B-kem512-gilbert-prr0p95-L5-loss1-rep05-seed200005-v3: mode d'application de perte forcée inattendu: invalid
VALIDATION WARNING: B-kem512-gilbert-prr0p95-L5-loss1-rep05-seed200005-v4: perte forcée configurée mais cible/événements observés incohérents
VALIDATION ERROR: B-kem512-gilbert-prr0p95-L5-loss1-rep05-seed200005-v4: injection de perte forcée non validée dans le log
VALIDATION ERROR: B-kem512-gilbert-prr0p95-L5-loss1-rep05-seed200005-v4: mode d'application de perte forcée inattendu: invalid
VALIDATION WARNING: B-kem512-gilbert-prr0p95-L5-loss1-rep09-seed200009-v3: perte forcée configurée mais cible/événements observés incohérents
VALIDATION ERROR: B-kem512-gilbert-prr0p95-L5-loss1-rep09-seed200009-v3: injection de perte forcée non validée dans le log
VALIDATION ERROR: B-kem512-gilbert-prr0p95-L5-loss1-rep09-seed200009-v3: mode d'application de perte forcée inattendu: invalid
VALIDATION WARNING: B-kem512-gilbert-prr0p95-L5-loss1-rep09-seed200009-v4: perte forcée configurée mais cible/événements observés incohérents
VALIDATION ERROR: B-kem512-gilbert-prr0p95-L5-loss1-rep09-seed200009-v4: injection de perte forcée non validée dans le log
VALIDATION ERROR: B-kem512-gilbert-prr0p95-L5-loss1-rep09-seed200009-v4: mode d'application de perte forcée inattendu: invalid
VALIDATION WARNING: B-kem512-gilbert-prr0p95-L5-loss1-rep12-seed200012-v3: perte forcée configurée mais cible/événements observés incohérents
VALIDATION ERROR: B-kem512-gilbert-prr0p95-L5-loss1-rep12-seed200012-v3: injection de perte forcée non validée dans le log
VALIDATION ERROR: B-kem512-gilbert-prr0p95-L5-loss1-rep12-seed200012-v3: mode d'application de perte forcée inattendu: invalid
VALIDATION WARNING: B-kem512-gilbert-prr0p95-L5-loss1-rep12-seed200012-v4: perte forcée configurée mais cible/événements observés incohérents
VALIDATION ERROR: B-kem512-gilbert-prr0p95-L5-loss1-rep12-seed200012-v4: injection de perte forcée non validée dans le log
VALIDATION ERROR: B-kem512-gilbert-prr0p95-L5-loss1-rep12-seed200012-v4: mode d'application de perte forcée inattendu: invalid
VALIDATION WARNING: B-kem512-gilbert-prr0p95-L5-loss1-rep16-seed200016-v3: perte forcée configurée mais cible/événements observés incohérents
VALIDATION ERROR: B-kem512-gilbert-prr0p95-L5-loss1-rep16-seed200016-v3: injection de perte forcée non validée dans le log
VALIDATION ERROR: B-kem512-gilbert-prr0p95-L5-loss1-rep16-seed200016-v3: mode d'application de perte forcée inattendu: invalid
VALIDATION WARNING: B-kem512-gilbert-prr0p95-L5-loss1-rep16-seed200016-v4: perte forcée configurée mais cible/événements observés incohérents
VALIDATION ERROR: B-kem512-gilbert-prr0p95-L5-loss1-rep16-seed200016-v4: injection de perte forcée non validée dans le log
VALIDATION ERROR: B-kem512-gilbert-prr0p95-L5-loss1-rep16-seed200016-v4: mode d'application de perte forcée inattendu: invalid
VALIDATION WARNING: B-kem512-gilbert-prr0p95-L5-loss1-rep27-seed200027-v3: perte forcée configurée mais cible/événements observés incohérents
VALIDATION ERROR: B-kem512-gilbert-prr0p95-L5-loss1-rep27-seed200027-v3: injection de perte forcée non validée dans le log
VALIDATION ERROR: B-kem512-gilbert-prr0p95-L5-loss1-rep27-seed200027-v3: mode d'application de perte forcée inattendu: invalid
VALIDATION WARNING: B-kem512-gilbert-prr0p95-L5-loss1-rep27-seed200027-v4: perte forcée configurée mais cible/événements observés incohérents
VALIDATION ERROR: B-kem512-gilbert-prr0p95-L5-loss1-rep27-seed200027-v4: injection de perte forcée non validée dans le log
VALIDATION ERROR: B-kem512-gilbert-prr0p95-L5-loss1-rep27-seed200027-v4: mode d'application de perte forcée inattendu: invalid
VALIDATION WARNING: B-kem512-gilbert-prr0p95-L10-loss1-rep02-seed200002-v3: perte forcée configurée mais cible/événements observés incohérents
VALIDATION ERROR: B-kem512-gilbert-prr0p95-L10-loss1-rep02-seed200002-v3: injection de perte forcée non validée dans le log
VALIDATION ERROR: B-kem512-gilbert-prr0p95-L10-loss1-rep02-seed200002-v3: mode d'application de perte forcée inattendu: invalid
VALIDATION WARNING: B-kem512-gilbert-prr0p95-L10-loss1-rep02-seed200002-v4: perte forcée configurée mais cible/événements observés incohérents
VALIDATION ERROR: B-kem512-gilbert-prr0p95-L10-loss1-rep02-seed200002-v4: injection de perte forcée non validée dans le log
VALIDATION ERROR: B-kem512-gilbert-prr0p95-L10-loss1-rep02-seed200002-v4: mode d'application de perte forcée inattendu: invalid
VALIDATION WARNING: B-kem512-gilbert-prr0p95-L10-loss1-rep03-seed200003-v3: perte forcée configurée mais cible/événements observés incohérents
VALIDATION ERROR: B-kem512-gilbert-prr0p95-L10-loss1-rep03-seed200003-v3: injection de perte forcée non validée dans le log
VALIDATION ERROR: B-kem512-gilbert-prr0p95-L10-loss1-rep03-seed200003-v3: mode d'application de perte forcée inattendu: invalid
VALIDATION WARNING: B-kem512-gilbert-prr0p95-L10-loss1-rep03-seed200003-v4: perte forcée configurée mais cible/événements observés incohérents
VALIDATION ERROR: B-kem512-gilbert-prr0p95-L10-loss1-rep03-seed200003-v4: injection de perte forcée non validée dans le log
VALIDATION ERROR: B-kem512-gilbert-prr0p95-L10-loss1-rep03-seed200003-v4: mode d'application de perte forcée inattendu: invalid
VALIDATION WARNING: B-kem512-gilbert-prr0p95-L10-loss1-rep05-seed200005-v3: perte forcée configurée mais cible/événements observés incohérents
VALIDATION ERROR: B-kem512-gilbert-prr0p95-L10-loss1-rep05-seed200005-v3: injection de perte forcée non validée dans le log
VALIDATION ERROR: B-kem512-gilbert-prr0p95-L10-loss1-rep05-seed200005-v3: mode d'application de perte forcée inattendu: invalid
VALIDATION WARNING: B-kem512-gilbert-prr0p95-L10-loss1-rep05-seed200005-v4: perte forcée configurée mais cible/événements observés incohérents
VALIDATION ERROR: B-kem512-gilbert-prr0p95-L10-loss1-rep05-seed200005-v4: injection de perte forcée non validée dans le log
VALIDATION ERROR: B-kem512-gilbert-prr0p95-L10-loss1-rep05-seed200005-v4: mode d'application de perte forcée inattendu: invalid
VALIDATION WARNING: B-kem512-gilbert-prr0p95-L10-loss1-rep12-seed200012-v3: perte forcée configurée mais cible/événements observés incohérents
VALIDATION ERROR: B-kem512-gilbert-prr0p95-L10-loss1-rep12-seed200012-v3: injection de perte forcée non validée dans le log
VALIDATION ERROR: B-kem512-gilbert-prr0p95-L10-loss1-rep12-seed200012-v3: mode d'application de perte forcée inattendu: invalid
VALIDATION WARNING: B-kem512-gilbert-prr0p95-L10-loss1-rep12-seed200012-v4: perte forcée configurée mais cible/événements observés incohérents
VALIDATION ERROR: B-kem512-gilbert-prr0p95-L10-loss1-rep12-seed200012-v4: injection de perte forcée non validée dans le log
VALIDATION ERROR: B-kem512-gilbert-prr0p95-L10-loss1-rep12-seed200012-v4: mode d'application de perte forcée inattendu: invalid
VALIDATION WARNING: B-kem512-gilbert-prr0p95-L10-loss1-rep16-seed200016-v3: perte forcée configurée mais cible/événements observés incohérents
VALIDATION ERROR: B-kem512-gilbert-prr0p95-L10-loss1-rep16-seed200016-v3: injection de perte forcée non validée dans le log
VALIDATION ERROR: B-kem512-gilbert-prr0p95-L10-loss1-rep16-seed200016-v3: mode d'application de perte forcée inattendu: invalid
VALIDATION WARNING: B-kem512-gilbert-prr0p95-L10-loss1-rep16-seed200016-v4: perte forcée configurée mais cible/événements observés incohérents
VALIDATION ERROR: B-kem512-gilbert-prr0p95-L10-loss1-rep16-seed200016-v4: injection de perte forcée non validée dans le log
VALIDATION ERROR: B-kem512-gilbert-prr0p95-L10-loss1-rep16-seed200016-v4: mode d'application de perte forcée inattendu: invalid
VALIDATION WARNING: B-kem512-gilbert-prr0p95-L10-loss1-rep27-seed200027-v3: perte forcée configurée mais cible/événements observés incohérents
VALIDATION ERROR: B-kem512-gilbert-prr0p95-L10-loss1-rep27-seed200027-v3: injection de perte forcée non validée dans le log
VALIDATION ERROR: B-kem512-gilbert-prr0p95-L10-loss1-rep27-seed200027-v3: mode d'application de perte forcée inattendu: invalid
VALIDATION WARNING: B-kem512-gilbert-prr0p95-L10-loss1-rep27-seed200027-v4: perte forcée configurée mais cible/événements observés incohérents
VALIDATION ERROR: B-kem512-gilbert-prr0p95-L10-loss1-rep27-seed200027-v4: injection de perte forcée non validée dans le log
VALIDATION ERROR: B-kem512-gilbert-prr0p95-L10-loss1-rep27-seed200027-v4: mode d'application de perte forcée inattendu: invalid
VALIDATION WARNING: B-kem768-fixed-prr0p50-loss1-rep02-seed200002-v3: perte forcée configurée mais cible/événements observés incohérents
VALIDATION ERROR: B-kem768-fixed-prr0p50-loss1-rep02-seed200002-v3: injection de perte forcée non validée dans le log
VALIDATION ERROR: B-kem768-fixed-prr0p50-loss1-rep02-seed200002-v3: mode d'application de perte forcée inattendu: invalid
VALIDATION WARNING: B-kem768-fixed-prr0p50-loss1-rep02-seed200002-v4: perte forcée configurée mais cible/événements observés incohérents
VALIDATION ERROR: B-kem768-fixed-prr0p50-loss1-rep02-seed200002-v4: injection de perte forcée non validée dans le log
VALIDATION ERROR: B-kem768-fixed-prr0p50-loss1-rep02-seed200002-v4: mode d'application de perte forcée inattendu: invalid
VALIDATION WARNING: B-kem768-fixed-prr0p50-loss1-rep04-seed200004-v3: perte forcée configurée mais cible/événements observés incohérents
VALIDATION ERROR: B-kem768-fixed-prr0p50-loss1-rep04-seed200004-v3: injection de perte forcée non validée dans le log
VALIDATION ERROR: B-kem768-fixed-prr0p50-loss1-rep04-seed200004-v3: mode d'application de perte forcée inattendu: invalid
VALIDATION WARNING: B-kem768-fixed-prr0p50-loss1-rep04-seed200004-v4: perte forcée configurée mais cible/événements observés incohérents
VALIDATION ERROR: B-kem768-fixed-prr0p50-loss1-rep04-seed200004-v4: injection de perte forcée non validée dans le log
VALIDATION ERROR: B-kem768-fixed-prr0p50-loss1-rep04-seed200004-v4: mode d'application de perte forcée inattendu: invalid
VALIDATION WARNING: B-kem768-fixed-prr0p50-loss1-rep05-seed200005-v3: perte forcée configurée mais cible/événements observés incohérents
VALIDATION ERROR: B-kem768-fixed-prr0p50-loss1-rep05-seed200005-v3: injection de perte forcée non validée dans le log
VALIDATION ERROR: B-kem768-fixed-prr0p50-loss1-rep05-seed200005-v3: mode d'application de perte forcée inattendu: invalid
VALIDATION WARNING: B-kem768-fixed-prr0p50-loss1-rep05-seed200005-v4: perte forcée configurée mais cible/événements observés incohérents
VALIDATION ERROR: B-kem768-fixed-prr0p50-loss1-rep05-seed200005-v4: injection de perte forcée non validée dans le log
VALIDATION ERROR: B-kem768-fixed-prr0p50-loss1-rep05-seed200005-v4: mode d'application de perte forcée inattendu: invalid
VALIDATION WARNING: B-kem768-fixed-prr0p50-loss1-rep07-seed200007-v3: perte forcée configurée mais cible/événements observés incohérents
VALIDATION ERROR: B-kem768-fixed-prr0p50-loss1-rep07-seed200007-v3: injection de perte forcée non validée dans le log
VALIDATION ERROR: B-kem768-fixed-prr0p50-loss1-rep07-seed200007-v3: mode d'application de perte forcée inattendu: invalid
VALIDATION WARNING: B-kem768-fixed-prr0p50-loss1-rep07-seed200007-v4: perte forcée configurée mais cible/événements observés incohérents
VALIDATION ERROR: B-kem768-fixed-prr0p50-loss1-rep07-seed200007-v4: injection de perte forcée non validée dans le log
VALIDATION ERROR: B-kem768-fixed-prr0p50-loss1-rep07-seed200007-v4: mode d'application de perte forcée inattendu: invalid
VALIDATION WARNING: B-kem768-fixed-prr0p50-loss1-rep09-seed200009-v3: perte forcée configurée mais cible/événements observés incohérents
VALIDATION ERROR: B-kem768-fixed-prr0p50-loss1-rep09-seed200009-v3: injection de perte forcée non validée dans le log
VALIDATION ERROR: B-kem768-fixed-prr0p50-loss1-rep09-seed200009-v3: mode d'application de perte forcée inattendu: invalid
VALIDATION WARNING: B-kem768-fixed-prr0p50-loss1-rep09-seed200009-v4: perte forcée configurée mais cible/événements observés incohérents
VALIDATION ERROR: B-kem768-fixed-prr0p50-loss1-rep09-seed200009-v4: injection de perte forcée non validée dans le log
VALIDATION ERROR: B-kem768-fixed-prr0p50-loss1-rep09-seed200009-v4: mode d'application de perte forcée inattendu: invalid
VALIDATION WARNING: B-kem768-fixed-prr0p50-loss1-rep10-seed200010-v3: perte forcée configurée mais cible/événements observés incohérents
VALIDATION ERROR: B-kem768-fixed-prr0p50-loss1-rep10-seed200010-v3: injection de perte forcée non validée dans le log
VALIDATION ERROR: B-kem768-fixed-prr0p50-loss1-rep10-seed200010-v3: mode d'application de perte forcée inattendu: invalid
VALIDATION WARNING: B-kem768-fixed-prr0p50-loss1-rep10-seed200010-v4: perte forcée configurée mais cible/événements observés incohérents
VALIDATION ERROR: B-kem768-fixed-prr0p50-loss1-rep10-seed200010-v4: injection de perte forcée non validée dans le log
VALIDATION ERROR: B-kem768-fixed-prr0p50-loss1-rep10-seed200010-v4: mode d'application de perte forcée inattendu: invalid
VALIDATION WARNING: B-kem768-fixed-prr0p50-loss1-rep12-seed200012-v3: perte forcée configurée mais cible/événements observés incohérents
VALIDATION ERROR: B-kem768-fixed-prr0p50-loss1-rep12-seed200012-v3: injection de perte forcée non validée dans le log
VALIDATION ERROR: B-kem768-fixed-prr0p50-loss1-rep12-seed200012-v3: mode d'application de perte forcée inattendu: invalid
VALIDATION WARNING: B-kem768-fixed-prr0p50-loss1-rep12-seed200012-v4: perte forcée configurée mais cible/événements observés incohérents
VALIDATION ERROR: B-kem768-fixed-prr0p50-loss1-rep12-seed200012-v4: injection de perte forcée non validée dans le log
VALIDATION ERROR: B-kem768-fixed-prr0p50-loss1-rep12-seed200012-v4: mode d'application de perte forcée inattendu: invalid
VALIDATION WARNING: B-kem768-fixed-prr0p50-loss1-rep13-seed200013-v3: perte forcée configurée mais cible/événements observés incohérents
VALIDATION ERROR: B-kem768-fixed-prr0p50-loss1-rep13-seed200013-v3: injection de perte forcée non validée dans le log
VALIDATION ERROR: B-kem768-fixed-prr0p50-loss1-rep13-seed200013-v3: mode d'application de perte forcée inattendu: invalid
VALIDATION WARNING: B-kem768-fixed-prr0p50-loss1-rep13-seed200013-v4: perte forcée configurée mais cible/événements observés incohérents
VALIDATION ERROR: B-kem768-fixed-prr0p50-loss1-rep13-seed200013-v4: injection de perte forcée non validée dans le log
VALIDATION ERROR: B-kem768-fixed-prr0p50-loss1-rep13-seed200013-v4: mode d'application de perte forcée inattendu: invalid
VALIDATION WARNING: B-kem768-fixed-prr0p50-loss1-rep14-seed200014-v3: perte forcée configurée mais cible/événements observés incohérents
VALIDATION ERROR: B-kem768-fixed-prr0p50-loss1-rep14-seed200014-v3: injection de perte forcée non validée dans le log
VALIDATION ERROR: B-kem768-fixed-prr0p50-loss1-rep14-seed200014-v3: mode d'application de perte forcée inattendu: invalid
VALIDATION WARNING: B-kem768-fixed-prr0p50-loss1-rep14-seed200014-v4: perte forcée configurée mais cible/événements observés incohérents
VALIDATION ERROR: B-kem768-fixed-prr0p50-loss1-rep14-seed200014-v4: injection de perte forcée non validée dans le log
VALIDATION ERROR: B-kem768-fixed-prr0p50-loss1-rep14-seed200014-v4: mode d'application de perte forcée inattendu: invalid
VALIDATION WARNING: B-kem768-fixed-prr0p50-loss1-rep16-seed200016-v3: perte forcée configurée mais cible/événements observés incohérents
VALIDATION ERROR: B-kem768-fixed-prr0p50-loss1-rep16-seed200016-v3: injection de perte forcée non validée dans le log
VALIDATION ERROR: B-kem768-fixed-prr0p50-loss1-rep16-seed200016-v3: mode d'application de perte forcée inattendu: invalid
VALIDATION WARNING: B-kem768-fixed-prr0p50-loss1-rep16-seed200016-v4: perte forcée configurée mais cible/événements observés incohérents
VALIDATION ERROR: B-kem768-fixed-prr0p50-loss1-rep16-seed200016-v4: injection de perte forcée non validée dans le log
VALIDATION ERROR: B-kem768-fixed-prr0p50-loss1-rep16-seed200016-v4: mode d'application de perte forcée inattendu: invalid
VALIDATION WARNING: B-kem768-fixed-prr0p50-loss1-rep18-seed200018-v3: perte forcée configurée mais cible/événements observés incohérents
VALIDATION ERROR: B-kem768-fixed-prr0p50-loss1-rep18-seed200018-v3: injection de perte forcée non validée dans le log
VALIDATION ERROR: B-kem768-fixed-prr0p50-loss1-rep18-seed200018-v3: mode d'application de perte forcée inattendu: invalid
VALIDATION WARNING: B-kem768-fixed-prr0p50-loss1-rep18-seed200018-v4: perte forcée configurée mais cible/événements observés incohérents
VALIDATION ERROR: B-kem768-fixed-prr0p50-loss1-rep18-seed200018-v4: injection de perte forcée non validée dans le log
VALIDATION ERROR: B-kem768-fixed-prr0p50-loss1-rep18-seed200018-v4: mode d'application de perte forcée inattendu: invalid
VALIDATION WARNING: B-kem768-fixed-prr0p50-loss1-rep20-seed200020-v3: perte ciblée armée, mais le canal/radio a perdu la trame avant le hook receiver
VALIDATION WARNING: B-kem768-fixed-prr0p50-loss1-rep20-seed200020-v3: cible armée mais perdue par le canal/radio avant FORCED_LOSS_APPLIED
VALIDATION WARNING: B-kem768-fixed-prr0p50-loss1-rep20-seed200020-v4: perte ciblée armée, mais le canal/radio a perdu la trame avant le hook receiver
VALIDATION WARNING: B-kem768-fixed-prr0p50-loss1-rep20-seed200020-v4: cible armée mais perdue par le canal/radio avant FORCED_LOSS_APPLIED
VALIDATION WARNING: B-kem768-fixed-prr0p50-loss1-rep21-seed200021-v3: perte forcée configurée mais cible/événements observés incohérents
VALIDATION ERROR: B-kem768-fixed-prr0p50-loss1-rep21-seed200021-v3: injection de perte forcée non validée dans le log
VALIDATION ERROR: B-kem768-fixed-prr0p50-loss1-rep21-seed200021-v3: mode d'application de perte forcée inattendu: invalid
VALIDATION WARNING: B-kem768-fixed-prr0p50-loss1-rep21-seed200021-v4: perte forcée configurée mais cible/événements observés incohérents
VALIDATION ERROR: B-kem768-fixed-prr0p50-loss1-rep21-seed200021-v4: injection de perte forcée non validée dans le log
VALIDATION ERROR: B-kem768-fixed-prr0p50-loss1-rep21-seed200021-v4: mode d'application de perte forcée inattendu: invalid
VALIDATION WARNING: B-kem768-fixed-prr0p50-loss1-rep22-seed200022-v3: perte forcée configurée mais cible/événements observés incohérents
VALIDATION ERROR: B-kem768-fixed-prr0p50-loss1-rep22-seed200022-v3: injection de perte forcée non validée dans le log
VALIDATION ERROR: B-kem768-fixed-prr0p50-loss1-rep22-seed200022-v3: mode d'application de perte forcée inattendu: invalid
VALIDATION WARNING: B-kem768-fixed-prr0p50-loss1-rep22-seed200022-v4: perte forcée configurée mais cible/événements observés incohérents
VALIDATION ERROR: B-kem768-fixed-prr0p50-loss1-rep22-seed200022-v4: injection de perte forcée non validée dans le log
VALIDATION ERROR: B-kem768-fixed-prr0p50-loss1-rep22-seed200022-v4: mode d'application de perte forcée inattendu: invalid
VALIDATION WARNING: B-kem768-fixed-prr0p50-loss1-rep24-seed200024-v3: perte forcée configurée mais cible/événements observés incohérents
VALIDATION ERROR: B-kem768-fixed-prr0p50-loss1-rep24-seed200024-v3: injection de perte forcée non validée dans le log
VALIDATION ERROR: B-kem768-fixed-prr0p50-loss1-rep24-seed200024-v3: mode d'application de perte forcée inattendu: invalid
VALIDATION WARNING: B-kem768-fixed-prr0p50-loss1-rep24-seed200024-v4: perte forcée configurée mais cible/événements observés incohérents
VALIDATION ERROR: B-kem768-fixed-prr0p50-loss1-rep24-seed200024-v4: injection de perte forcée non validée dans le log
VALIDATION ERROR: B-kem768-fixed-prr0p50-loss1-rep24-seed200024-v4: mode d'application de perte forcée inattendu: invalid
VALIDATION WARNING: B-kem768-fixed-prr0p50-loss1-rep26-seed200026-v3: perte forcée configurée mais cible/événements observés incohérents
VALIDATION ERROR: B-kem768-fixed-prr0p50-loss1-rep26-seed200026-v3: injection de perte forcée non validée dans le log
VALIDATION ERROR: B-kem768-fixed-prr0p50-loss1-rep26-seed200026-v3: mode d'application de perte forcée inattendu: invalid
VALIDATION WARNING: B-kem768-fixed-prr0p50-loss1-rep26-seed200026-v4: perte forcée configurée mais cible/événements observés incohérents
VALIDATION ERROR: B-kem768-fixed-prr0p50-loss1-rep26-seed200026-v4: injection de perte forcée non validée dans le log
VALIDATION ERROR: B-kem768-fixed-prr0p50-loss1-rep26-seed200026-v4: mode d'application de perte forcée inattendu: invalid
VALIDATION WARNING: B-kem768-fixed-prr0p50-loss1-rep27-seed200027-v3: perte forcée configurée mais cible/événements observés incohérents
VALIDATION ERROR: B-kem768-fixed-prr0p50-loss1-rep27-seed200027-v3: injection de perte forcée non validée dans le log
VALIDATION ERROR: B-kem768-fixed-prr0p50-loss1-rep27-seed200027-v3: mode d'application de perte forcée inattendu: invalid
VALIDATION WARNING: B-kem768-fixed-prr0p50-loss1-rep27-seed200027-v4: perte forcée configurée mais cible/événements observés incohérents
VALIDATION ERROR: B-kem768-fixed-prr0p50-loss1-rep27-seed200027-v4: injection de perte forcée non validée dans le log
VALIDATION ERROR: B-kem768-fixed-prr0p50-loss1-rep27-seed200027-v4: mode d'application de perte forcée inattendu: invalid
VALIDATION WARNING: B-kem768-fixed-prr0p50-loss1-rep28-seed200028-v3: perte forcée configurée mais cible/événements observés incohérents
VALIDATION ERROR: B-kem768-fixed-prr0p50-loss1-rep28-seed200028-v3: injection de perte forcée non validée dans le log
VALIDATION ERROR: B-kem768-fixed-prr0p50-loss1-rep28-seed200028-v3: mode d'application de perte forcée inattendu: invalid
VALIDATION WARNING: B-kem768-fixed-prr0p50-loss1-rep28-seed200028-v4: perte forcée configurée mais cible/événements observés incohérents
VALIDATION ERROR: B-kem768-fixed-prr0p50-loss1-rep28-seed200028-v4: injection de perte forcée non validée dans le log
VALIDATION ERROR: B-kem768-fixed-prr0p50-loss1-rep28-seed200028-v4: mode d'application de perte forcée inattendu: invalid
VALIDATION WARNING: B-kem768-fixed-prr0p50-loss1-rep29-seed200029-v3: perte forcée configurée mais cible/événements observés incohérents
VALIDATION ERROR: B-kem768-fixed-prr0p50-loss1-rep29-seed200029-v3: injection de perte forcée non validée dans le log
VALIDATION ERROR: B-kem768-fixed-prr0p50-loss1-rep29-seed200029-v3: mode d'application de perte forcée inattendu: invalid
VALIDATION WARNING: B-kem768-fixed-prr0p50-loss1-rep29-seed200029-v4: perte forcée configurée mais cible/événements observés incohérents
VALIDATION ERROR: B-kem768-fixed-prr0p50-loss1-rep29-seed200029-v4: injection de perte forcée non validée dans le log
VALIDATION ERROR: B-kem768-fixed-prr0p50-loss1-rep29-seed200029-v4: mode d'application de perte forcée inattendu: invalid
VALIDATION WARNING: B-kem768-fixed-prr0p50-loss1-rep30-seed200030-v3: perte ciblée armée, mais le canal/radio a perdu la trame avant le hook receiver
VALIDATION WARNING: B-kem768-fixed-prr0p50-loss1-rep30-seed200030-v3: cible armée mais perdue par le canal/radio avant FORCED_LOSS_APPLIED
VALIDATION WARNING: B-kem768-fixed-prr0p50-loss1-rep30-seed200030-v4: perte ciblée armée, mais le canal/radio a perdu la trame avant le hook receiver
VALIDATION WARNING: B-kem768-fixed-prr0p50-loss1-rep30-seed200030-v4: cible armée mais perdue par le canal/radio avant FORCED_LOSS_APPLIED
VALIDATION WARNING: B-kem768-fixed-prr0p85-loss1-rep02-seed200002-v3: perte forcée configurée mais cible/événements observés incohérents
VALIDATION ERROR: B-kem768-fixed-prr0p85-loss1-rep02-seed200002-v3: injection de perte forcée non validée dans le log
VALIDATION ERROR: B-kem768-fixed-prr0p85-loss1-rep02-seed200002-v3: mode d'application de perte forcée inattendu: invalid
VALIDATION WARNING: B-kem768-fixed-prr0p85-loss1-rep02-seed200002-v4: perte forcée configurée mais cible/événements observés incohérents
VALIDATION ERROR: B-kem768-fixed-prr0p85-loss1-rep02-seed200002-v4: injection de perte forcée non validée dans le log
VALIDATION ERROR: B-kem768-fixed-prr0p85-loss1-rep02-seed200002-v4: mode d'application de perte forcée inattendu: invalid
VALIDATION WARNING: B-kem768-fixed-prr0p85-loss1-rep04-seed200004-v3: perte forcée configurée mais cible/événements observés incohérents
VALIDATION ERROR: B-kem768-fixed-prr0p85-loss1-rep04-seed200004-v3: injection de perte forcée non validée dans le log
VALIDATION ERROR: B-kem768-fixed-prr0p85-loss1-rep04-seed200004-v3: mode d'application de perte forcée inattendu: invalid
VALIDATION WARNING: B-kem768-fixed-prr0p85-loss1-rep04-seed200004-v4: perte forcée configurée mais cible/événements observés incohérents
VALIDATION ERROR: B-kem768-fixed-prr0p85-loss1-rep04-seed200004-v4: injection de perte forcée non validée dans le log
VALIDATION ERROR: B-kem768-fixed-prr0p85-loss1-rep04-seed200004-v4: mode d'application de perte forcée inattendu: invalid
VALIDATION WARNING: B-kem768-fixed-prr0p85-loss1-rep05-seed200005-v3: perte forcée configurée mais cible/événements observés incohérents
VALIDATION ERROR: B-kem768-fixed-prr0p85-loss1-rep05-seed200005-v3: injection de perte forcée non validée dans le log
VALIDATION ERROR: B-kem768-fixed-prr0p85-loss1-rep05-seed200005-v3: mode d'application de perte forcée inattendu: invalid
VALIDATION WARNING: B-kem768-fixed-prr0p85-loss1-rep05-seed200005-v4: perte forcée configurée mais cible/événements observés incohérents
VALIDATION ERROR: B-kem768-fixed-prr0p85-loss1-rep05-seed200005-v4: injection de perte forcée non validée dans le log
VALIDATION ERROR: B-kem768-fixed-prr0p85-loss1-rep05-seed200005-v4: mode d'application de perte forcée inattendu: invalid
VALIDATION WARNING: B-kem768-fixed-prr0p85-loss1-rep12-seed200012-v3: perte forcée configurée mais cible/événements observés incohérents
VALIDATION ERROR: B-kem768-fixed-prr0p85-loss1-rep12-seed200012-v3: injection de perte forcée non validée dans le log
VALIDATION ERROR: B-kem768-fixed-prr0p85-loss1-rep12-seed200012-v3: mode d'application de perte forcée inattendu: invalid
VALIDATION WARNING: B-kem768-fixed-prr0p85-loss1-rep12-seed200012-v4: perte forcée configurée mais cible/événements observés incohérents
VALIDATION ERROR: B-kem768-fixed-prr0p85-loss1-rep12-seed200012-v4: injection de perte forcée non validée dans le log
VALIDATION ERROR: B-kem768-fixed-prr0p85-loss1-rep12-seed200012-v4: mode d'application de perte forcée inattendu: invalid
VALIDATION WARNING: B-kem768-fixed-prr0p85-loss1-rep13-seed200013-v3: perte forcée configurée mais cible/événements observés incohérents
VALIDATION ERROR: B-kem768-fixed-prr0p85-loss1-rep13-seed200013-v3: injection de perte forcée non validée dans le log
VALIDATION ERROR: B-kem768-fixed-prr0p85-loss1-rep13-seed200013-v3: mode d'application de perte forcée inattendu: invalid
VALIDATION WARNING: B-kem768-fixed-prr0p85-loss1-rep13-seed200013-v4: perte forcée configurée mais cible/événements observés incohérents
VALIDATION ERROR: B-kem768-fixed-prr0p85-loss1-rep13-seed200013-v4: injection de perte forcée non validée dans le log
VALIDATION ERROR: B-kem768-fixed-prr0p85-loss1-rep13-seed200013-v4: mode d'application de perte forcée inattendu: invalid
VALIDATION WARNING: B-kem768-fixed-prr0p85-loss1-rep14-seed200014-v3: perte forcée configurée mais cible/événements observés incohérents
VALIDATION ERROR: B-kem768-fixed-prr0p85-loss1-rep14-seed200014-v3: injection de perte forcée non validée dans le log
VALIDATION ERROR: B-kem768-fixed-prr0p85-loss1-rep14-seed200014-v3: mode d'application de perte forcée inattendu: invalid
VALIDATION WARNING: B-kem768-fixed-prr0p85-loss1-rep14-seed200014-v4: perte forcée configurée mais cible/événements observés incohérents
VALIDATION ERROR: B-kem768-fixed-prr0p85-loss1-rep14-seed200014-v4: injection de perte forcée non validée dans le log
VALIDATION ERROR: B-kem768-fixed-prr0p85-loss1-rep14-seed200014-v4: mode d'application de perte forcée inattendu: invalid
VALIDATION WARNING: B-kem768-fixed-prr0p85-loss1-rep16-seed200016-v3: perte forcée configurée mais cible/événements observés incohérents
VALIDATION ERROR: B-kem768-fixed-prr0p85-loss1-rep16-seed200016-v3: injection de perte forcée non validée dans le log
VALIDATION ERROR: B-kem768-fixed-prr0p85-loss1-rep16-seed200016-v3: mode d'application de perte forcée inattendu: invalid
VALIDATION WARNING: B-kem768-fixed-prr0p85-loss1-rep16-seed200016-v4: perte forcée configurée mais cible/événements observés incohérents
VALIDATION ERROR: B-kem768-fixed-prr0p85-loss1-rep16-seed200016-v4: injection de perte forcée non validée dans le log
VALIDATION ERROR: B-kem768-fixed-prr0p85-loss1-rep16-seed200016-v4: mode d'application de perte forcée inattendu: invalid
VALIDATION WARNING: B-kem768-fixed-prr0p85-loss1-rep21-seed200021-v3: perte forcée configurée mais cible/événements observés incohérents
VALIDATION ERROR: B-kem768-fixed-prr0p85-loss1-rep21-seed200021-v3: injection de perte forcée non validée dans le log
VALIDATION ERROR: B-kem768-fixed-prr0p85-loss1-rep21-seed200021-v3: mode d'application de perte forcée inattendu: invalid
VALIDATION WARNING: B-kem768-fixed-prr0p85-loss1-rep21-seed200021-v4: perte forcée configurée mais cible/événements observés incohérents
VALIDATION ERROR: B-kem768-fixed-prr0p85-loss1-rep21-seed200021-v4: injection de perte forcée non validée dans le log
VALIDATION ERROR: B-kem768-fixed-prr0p85-loss1-rep21-seed200021-v4: mode d'application de perte forcée inattendu: invalid
VALIDATION WARNING: B-kem768-fixed-prr0p85-loss1-rep26-seed200026-v3: perte forcée configurée mais cible/événements observés incohérents
VALIDATION ERROR: B-kem768-fixed-prr0p85-loss1-rep26-seed200026-v3: injection de perte forcée non validée dans le log
VALIDATION ERROR: B-kem768-fixed-prr0p85-loss1-rep26-seed200026-v3: mode d'application de perte forcée inattendu: invalid
VALIDATION WARNING: B-kem768-fixed-prr0p85-loss1-rep26-seed200026-v4: perte forcée configurée mais cible/événements observés incohérents
VALIDATION ERROR: B-kem768-fixed-prr0p85-loss1-rep26-seed200026-v4: injection de perte forcée non validée dans le log
VALIDATION ERROR: B-kem768-fixed-prr0p85-loss1-rep26-seed200026-v4: mode d'application de perte forcée inattendu: invalid
VALIDATION WARNING: B-kem768-fixed-prr0p85-loss1-rep27-seed200027-v3: perte forcée configurée mais cible/événements observés incohérents
VALIDATION ERROR: B-kem768-fixed-prr0p85-loss1-rep27-seed200027-v3: injection de perte forcée non validée dans le log
VALIDATION ERROR: B-kem768-fixed-prr0p85-loss1-rep27-seed200027-v3: mode d'application de perte forcée inattendu: invalid
VALIDATION WARNING: B-kem768-fixed-prr0p85-loss1-rep27-seed200027-v4: perte forcée configurée mais cible/événements observés incohérents
VALIDATION ERROR: B-kem768-fixed-prr0p85-loss1-rep27-seed200027-v4: injection de perte forcée non validée dans le log
VALIDATION ERROR: B-kem768-fixed-prr0p85-loss1-rep27-seed200027-v4: mode d'application de perte forcée inattendu: invalid
VALIDATION WARNING: B-kem768-fixed-prr0p90-loss1-rep02-seed200002-v3: perte forcée configurée mais cible/événements observés incohérents
VALIDATION ERROR: B-kem768-fixed-prr0p90-loss1-rep02-seed200002-v3: injection de perte forcée non validée dans le log
VALIDATION ERROR: B-kem768-fixed-prr0p90-loss1-rep02-seed200002-v3: mode d'application de perte forcée inattendu: invalid
VALIDATION WARNING: B-kem768-fixed-prr0p90-loss1-rep02-seed200002-v4: perte forcée configurée mais cible/événements observés incohérents
VALIDATION ERROR: B-kem768-fixed-prr0p90-loss1-rep02-seed200002-v4: injection de perte forcée non validée dans le log
VALIDATION ERROR: B-kem768-fixed-prr0p90-loss1-rep02-seed200002-v4: mode d'application de perte forcée inattendu: invalid
VALIDATION WARNING: B-kem768-fixed-prr0p90-loss1-rep04-seed200004-v3: perte forcée configurée mais cible/événements observés incohérents
VALIDATION ERROR: B-kem768-fixed-prr0p90-loss1-rep04-seed200004-v3: injection de perte forcée non validée dans le log
VALIDATION ERROR: B-kem768-fixed-prr0p90-loss1-rep04-seed200004-v3: mode d'application de perte forcée inattendu: invalid
VALIDATION WARNING: B-kem768-fixed-prr0p90-loss1-rep04-seed200004-v4: perte forcée configurée mais cible/événements observés incohérents
VALIDATION ERROR: B-kem768-fixed-prr0p90-loss1-rep04-seed200004-v4: injection de perte forcée non validée dans le log
VALIDATION ERROR: B-kem768-fixed-prr0p90-loss1-rep04-seed200004-v4: mode d'application de perte forcée inattendu: invalid
VALIDATION WARNING: B-kem768-fixed-prr0p90-loss1-rep05-seed200005-v3: perte forcée configurée mais cible/événements observés incohérents
VALIDATION ERROR: B-kem768-fixed-prr0p90-loss1-rep05-seed200005-v3: injection de perte forcée non validée dans le log
VALIDATION ERROR: B-kem768-fixed-prr0p90-loss1-rep05-seed200005-v3: mode d'application de perte forcée inattendu: invalid
VALIDATION WARNING: B-kem768-fixed-prr0p90-loss1-rep05-seed200005-v4: perte forcée configurée mais cible/événements observés incohérents
VALIDATION ERROR: B-kem768-fixed-prr0p90-loss1-rep05-seed200005-v4: injection de perte forcée non validée dans le log
VALIDATION ERROR: B-kem768-fixed-prr0p90-loss1-rep05-seed200005-v4: mode d'application de perte forcée inattendu: invalid
VALIDATION WARNING: B-kem768-fixed-prr0p90-loss1-rep14-seed200014-v3: perte forcée configurée mais cible/événements observés incohérents
VALIDATION ERROR: B-kem768-fixed-prr0p90-loss1-rep14-seed200014-v3: injection de perte forcée non validée dans le log
VALIDATION ERROR: B-kem768-fixed-prr0p90-loss1-rep14-seed200014-v3: mode d'application de perte forcée inattendu: invalid
VALIDATION WARNING: B-kem768-fixed-prr0p90-loss1-rep14-seed200014-v4: perte forcée configurée mais cible/événements observés incohérents
VALIDATION ERROR: B-kem768-fixed-prr0p90-loss1-rep14-seed200014-v4: injection de perte forcée non validée dans le log
VALIDATION ERROR: B-kem768-fixed-prr0p90-loss1-rep14-seed200014-v4: mode d'application de perte forcée inattendu: invalid
VALIDATION WARNING: B-kem768-fixed-prr0p90-loss1-rep16-seed200016-v3: perte forcée configurée mais cible/événements observés incohérents
VALIDATION ERROR: B-kem768-fixed-prr0p90-loss1-rep16-seed200016-v3: injection de perte forcée non validée dans le log
VALIDATION ERROR: B-kem768-fixed-prr0p90-loss1-rep16-seed200016-v3: mode d'application de perte forcée inattendu: invalid
VALIDATION WARNING: B-kem768-fixed-prr0p90-loss1-rep16-seed200016-v4: perte forcée configurée mais cible/événements observés incohérents
VALIDATION ERROR: B-kem768-fixed-prr0p90-loss1-rep16-seed200016-v4: injection de perte forcée non validée dans le log
VALIDATION ERROR: B-kem768-fixed-prr0p90-loss1-rep16-seed200016-v4: mode d'application de perte forcée inattendu: invalid
VALIDATION WARNING: B-kem768-fixed-prr0p90-loss1-rep21-seed200021-v3: perte forcée configurée mais cible/événements observés incohérents
VALIDATION ERROR: B-kem768-fixed-prr0p90-loss1-rep21-seed200021-v3: injection de perte forcée non validée dans le log
VALIDATION ERROR: B-kem768-fixed-prr0p90-loss1-rep21-seed200021-v3: mode d'application de perte forcée inattendu: invalid
VALIDATION WARNING: B-kem768-fixed-prr0p90-loss1-rep21-seed200021-v4: perte forcée configurée mais cible/événements observés incohérents
VALIDATION ERROR: B-kem768-fixed-prr0p90-loss1-rep21-seed200021-v4: injection de perte forcée non validée dans le log
VALIDATION ERROR: B-kem768-fixed-prr0p90-loss1-rep21-seed200021-v4: mode d'application de perte forcée inattendu: invalid
VALIDATION WARNING: B-kem768-fixed-prr0p90-loss1-rep26-seed200026-v3: perte ciblée armée, mais le canal/radio a perdu la trame avant le hook receiver
VALIDATION WARNING: B-kem768-fixed-prr0p90-loss1-rep26-seed200026-v3: cible armée mais perdue par le canal/radio avant FORCED_LOSS_APPLIED
VALIDATION WARNING: B-kem768-fixed-prr0p90-loss1-rep26-seed200026-v4: perte ciblée armée, mais le canal/radio a perdu la trame avant le hook receiver
VALIDATION WARNING: B-kem768-fixed-prr0p90-loss1-rep26-seed200026-v4: cible armée mais perdue par le canal/radio avant FORCED_LOSS_APPLIED
VALIDATION WARNING: B-kem768-fixed-prr0p90-loss1-rep27-seed200027-v3: perte forcée configurée mais cible/événements observés incohérents
VALIDATION ERROR: B-kem768-fixed-prr0p90-loss1-rep27-seed200027-v3: injection de perte forcée non validée dans le log
VALIDATION ERROR: B-kem768-fixed-prr0p90-loss1-rep27-seed200027-v3: mode d'application de perte forcée inattendu: invalid
VALIDATION WARNING: B-kem768-fixed-prr0p90-loss1-rep27-seed200027-v4: perte forcée configurée mais cible/événements observés incohérents
VALIDATION ERROR: B-kem768-fixed-prr0p90-loss1-rep27-seed200027-v4: injection de perte forcée non validée dans le log
VALIDATION ERROR: B-kem768-fixed-prr0p90-loss1-rep27-seed200027-v4: mode d'application de perte forcée inattendu: invalid
VALIDATION WARNING: B-kem768-fixed-prr0p95-loss1-rep14-seed200014-v3: perte forcée configurée mais cible/événements observés incohérents
VALIDATION ERROR: B-kem768-fixed-prr0p95-loss1-rep14-seed200014-v3: injection de perte forcée non validée dans le log
VALIDATION ERROR: B-kem768-fixed-prr0p95-loss1-rep14-seed200014-v3: mode d'application de perte forcée inattendu: invalid
VALIDATION WARNING: B-kem768-fixed-prr0p95-loss1-rep14-seed200014-v4: perte forcée configurée mais cible/événements observés incohérents
VALIDATION ERROR: B-kem768-fixed-prr0p95-loss1-rep14-seed200014-v4: injection de perte forcée non validée dans le log
VALIDATION ERROR: B-kem768-fixed-prr0p95-loss1-rep14-seed200014-v4: mode d'application de perte forcée inattendu: invalid
VALIDATION WARNING: B-kem768-fixed-prr0p95-loss1-rep16-seed200016-v3: perte forcée configurée mais cible/événements observés incohérents
VALIDATION ERROR: B-kem768-fixed-prr0p95-loss1-rep16-seed200016-v3: injection de perte forcée non validée dans le log
VALIDATION ERROR: B-kem768-fixed-prr0p95-loss1-rep16-seed200016-v3: mode d'application de perte forcée inattendu: invalid
VALIDATION WARNING: B-kem768-fixed-prr0p95-loss1-rep16-seed200016-v4: perte forcée configurée mais cible/événements observés incohérents
VALIDATION ERROR: B-kem768-fixed-prr0p95-loss1-rep16-seed200016-v4: injection de perte forcée non validée dans le log
VALIDATION ERROR: B-kem768-fixed-prr0p95-loss1-rep16-seed200016-v4: mode d'application de perte forcée inattendu: invalid
VALIDATION WARNING: B-kem768-fixed-prr0p95-loss1-rep27-seed200027-v3: perte forcée configurée mais cible/événements observés incohérents
VALIDATION ERROR: B-kem768-fixed-prr0p95-loss1-rep27-seed200027-v3: injection de perte forcée non validée dans le log
VALIDATION ERROR: B-kem768-fixed-prr0p95-loss1-rep27-seed200027-v3: mode d'application de perte forcée inattendu: invalid
VALIDATION WARNING: B-kem768-fixed-prr0p95-loss1-rep27-seed200027-v4: perte forcée configurée mais cible/événements observés incohérents
VALIDATION ERROR: B-kem768-fixed-prr0p95-loss1-rep27-seed200027-v4: injection de perte forcée non validée dans le log
VALIDATION ERROR: B-kem768-fixed-prr0p95-loss1-rep27-seed200027-v4: mode d'application de perte forcée inattendu: invalid
VALIDATION WARNING: B-kem768-gilbert-prr0p50-L2-loss1-rep01-seed200001-v3: perte forcée configurée mais cible/événements observés incohérents
VALIDATION ERROR: B-kem768-gilbert-prr0p50-L2-loss1-rep01-seed200001-v3: injection de perte forcée non validée dans le log
VALIDATION ERROR: B-kem768-gilbert-prr0p50-L2-loss1-rep01-seed200001-v3: mode d'application de perte forcée inattendu: invalid
VALIDATION WARNING: B-kem768-gilbert-prr0p50-L2-loss1-rep01-seed200001-v4: perte forcée configurée mais cible/événements observés incohérents
VALIDATION ERROR: B-kem768-gilbert-prr0p50-L2-loss1-rep01-seed200001-v4: injection de perte forcée non validée dans le log
VALIDATION ERROR: B-kem768-gilbert-prr0p50-L2-loss1-rep01-seed200001-v4: mode d'application de perte forcée inattendu: invalid
VALIDATION WARNING: B-kem768-gilbert-prr0p50-L2-loss1-rep02-seed200002-v3: perte forcée configurée mais cible/événements observés incohérents
VALIDATION ERROR: B-kem768-gilbert-prr0p50-L2-loss1-rep02-seed200002-v3: injection de perte forcée non validée dans le log
VALIDATION ERROR: B-kem768-gilbert-prr0p50-L2-loss1-rep02-seed200002-v3: mode d'application de perte forcée inattendu: invalid
VALIDATION WARNING: B-kem768-gilbert-prr0p50-L2-loss1-rep02-seed200002-v4: perte forcée configurée mais cible/événements observés incohérents
VALIDATION ERROR: B-kem768-gilbert-prr0p50-L2-loss1-rep02-seed200002-v4: injection de perte forcée non validée dans le log
VALIDATION ERROR: B-kem768-gilbert-prr0p50-L2-loss1-rep02-seed200002-v4: mode d'application de perte forcée inattendu: invalid
VALIDATION WARNING: B-kem768-gilbert-prr0p50-L2-loss1-rep03-seed200003-v3: perte forcée configurée mais cible/événements observés incohérents
VALIDATION ERROR: B-kem768-gilbert-prr0p50-L2-loss1-rep03-seed200003-v3: injection de perte forcée non validée dans le log
VALIDATION ERROR: B-kem768-gilbert-prr0p50-L2-loss1-rep03-seed200003-v3: mode d'application de perte forcée inattendu: invalid
VALIDATION WARNING: B-kem768-gilbert-prr0p50-L2-loss1-rep03-seed200003-v4: perte forcée configurée mais cible/événements observés incohérents
VALIDATION ERROR: B-kem768-gilbert-prr0p50-L2-loss1-rep03-seed200003-v4: injection de perte forcée non validée dans le log
VALIDATION ERROR: B-kem768-gilbert-prr0p50-L2-loss1-rep03-seed200003-v4: mode d'application de perte forcée inattendu: invalid
VALIDATION WARNING: B-kem768-gilbert-prr0p50-L2-loss1-rep04-seed200004-v3: perte forcée configurée mais cible/événements observés incohérents
VALIDATION ERROR: B-kem768-gilbert-prr0p50-L2-loss1-rep04-seed200004-v3: injection de perte forcée non validée dans le log
VALIDATION ERROR: B-kem768-gilbert-prr0p50-L2-loss1-rep04-seed200004-v3: mode d'application de perte forcée inattendu: invalid
VALIDATION WARNING: B-kem768-gilbert-prr0p50-L2-loss1-rep04-seed200004-v4: perte forcée configurée mais cible/événements observés incohérents
VALIDATION ERROR: B-kem768-gilbert-prr0p50-L2-loss1-rep04-seed200004-v4: injection de perte forcée non validée dans le log
VALIDATION ERROR: B-kem768-gilbert-prr0p50-L2-loss1-rep04-seed200004-v4: mode d'application de perte forcée inattendu: invalid
VALIDATION WARNING: B-kem768-gilbert-prr0p50-L2-loss1-rep05-seed200005-v3: perte forcée configurée mais cible/événements observés incohérents
VALIDATION ERROR: B-kem768-gilbert-prr0p50-L2-loss1-rep05-seed200005-v3: injection de perte forcée non validée dans le log
VALIDATION ERROR: B-kem768-gilbert-prr0p50-L2-loss1-rep05-seed200005-v3: mode d'application de perte forcée inattendu: invalid
VALIDATION WARNING: B-kem768-gilbert-prr0p50-L2-loss1-rep05-seed200005-v4: perte forcée configurée mais cible/événements observés incohérents
VALIDATION ERROR: B-kem768-gilbert-prr0p50-L2-loss1-rep05-seed200005-v4: injection de perte forcée non validée dans le log
VALIDATION ERROR: B-kem768-gilbert-prr0p50-L2-loss1-rep05-seed200005-v4: mode d'application de perte forcée inattendu: invalid
VALIDATION WARNING: B-kem768-gilbert-prr0p50-L2-loss1-rep06-seed200006-v3: perte forcée configurée mais cible/événements observés incohérents
VALIDATION ERROR: B-kem768-gilbert-prr0p50-L2-loss1-rep06-seed200006-v3: injection de perte forcée non validée dans le log
VALIDATION ERROR: B-kem768-gilbert-prr0p50-L2-loss1-rep06-seed200006-v3: mode d'application de perte forcée inattendu: invalid
VALIDATION WARNING: B-kem768-gilbert-prr0p50-L2-loss1-rep06-seed200006-v4: perte forcée configurée mais cible/événements observés incohérents
VALIDATION ERROR: B-kem768-gilbert-prr0p50-L2-loss1-rep06-seed200006-v4: injection de perte forcée non validée dans le log
VALIDATION ERROR: B-kem768-gilbert-prr0p50-L2-loss1-rep06-seed200006-v4: mode d'application de perte forcée inattendu: invalid
VALIDATION WARNING: B-kem768-gilbert-prr0p50-L2-loss1-rep07-seed200007-v3: perte forcée configurée mais cible/événements observés incohérents
VALIDATION ERROR: B-kem768-gilbert-prr0p50-L2-loss1-rep07-seed200007-v3: injection de perte forcée non validée dans le log
VALIDATION ERROR: B-kem768-gilbert-prr0p50-L2-loss1-rep07-seed200007-v3: mode d'application de perte forcée inattendu: invalid
VALIDATION WARNING: B-kem768-gilbert-prr0p50-L2-loss1-rep07-seed200007-v4: perte forcée configurée mais cible/événements observés incohérents
VALIDATION ERROR: B-kem768-gilbert-prr0p50-L2-loss1-rep07-seed200007-v4: injection de perte forcée non validée dans le log
VALIDATION ERROR: B-kem768-gilbert-prr0p50-L2-loss1-rep07-seed200007-v4: mode d'application de perte forcée inattendu: invalid
VALIDATION WARNING: B-kem768-gilbert-prr0p50-L2-loss1-rep08-seed200008-v3: perte forcée configurée mais cible/événements observés incohérents
VALIDATION ERROR: B-kem768-gilbert-prr0p50-L2-loss1-rep08-seed200008-v3: injection de perte forcée non validée dans le log
VALIDATION ERROR: B-kem768-gilbert-prr0p50-L2-loss1-rep08-seed200008-v3: mode d'application de perte forcée inattendu: invalid
VALIDATION WARNING: B-kem768-gilbert-prr0p50-L2-loss1-rep08-seed200008-v4: perte forcée configurée mais cible/événements observés incohérents
VALIDATION ERROR: B-kem768-gilbert-prr0p50-L2-loss1-rep08-seed200008-v4: injection de perte forcée non validée dans le log
VALIDATION ERROR: B-kem768-gilbert-prr0p50-L2-loss1-rep08-seed200008-v4: mode d'application de perte forcée inattendu: invalid
VALIDATION WARNING: B-kem768-gilbert-prr0p50-L2-loss1-rep09-seed200009-v3: perte forcée configurée mais cible/événements observés incohérents
VALIDATION ERROR: B-kem768-gilbert-prr0p50-L2-loss1-rep09-seed200009-v3: injection de perte forcée non validée dans le log
VALIDATION ERROR: B-kem768-gilbert-prr0p50-L2-loss1-rep09-seed200009-v3: mode d'application de perte forcée inattendu: invalid
VALIDATION WARNING: B-kem768-gilbert-prr0p50-L2-loss1-rep09-seed200009-v4: perte forcée configurée mais cible/événements observés incohérents
VALIDATION ERROR: B-kem768-gilbert-prr0p50-L2-loss1-rep09-seed200009-v4: injection de perte forcée non validée dans le log
VALIDATION ERROR: B-kem768-gilbert-prr0p50-L2-loss1-rep09-seed200009-v4: mode d'application de perte forcée inattendu: invalid
VALIDATION WARNING: B-kem768-gilbert-prr0p50-L2-loss1-rep10-seed200010-v3: perte forcée configurée mais cible/événements observés incohérents
VALIDATION ERROR: B-kem768-gilbert-prr0p50-L2-loss1-rep10-seed200010-v3: injection de perte forcée non validée dans le log
VALIDATION ERROR: B-kem768-gilbert-prr0p50-L2-loss1-rep10-seed200010-v3: mode d'application de perte forcée inattendu: invalid
VALIDATION WARNING: B-kem768-gilbert-prr0p50-L2-loss1-rep10-seed200010-v4: perte forcée configurée mais cible/événements observés incohérents
VALIDATION ERROR: B-kem768-gilbert-prr0p50-L2-loss1-rep10-seed200010-v4: injection de perte forcée non validée dans le log
VALIDATION ERROR: B-kem768-gilbert-prr0p50-L2-loss1-rep10-seed200010-v4: mode d'application de perte forcée inattendu: invalid
VALIDATION WARNING: B-kem768-gilbert-prr0p50-L2-loss1-rep11-seed200011-v3: perte forcée configurée mais cible/événements observés incohérents
VALIDATION ERROR: B-kem768-gilbert-prr0p50-L2-loss1-rep11-seed200011-v3: injection de perte forcée non validée dans le log
VALIDATION ERROR: B-kem768-gilbert-prr0p50-L2-loss1-rep11-seed200011-v3: mode d'application de perte forcée inattendu: invalid
VALIDATION WARNING: B-kem768-gilbert-prr0p50-L2-loss1-rep11-seed200011-v4: perte forcée configurée mais cible/événements observés incohérents
VALIDATION ERROR: B-kem768-gilbert-prr0p50-L2-loss1-rep11-seed200011-v4: injection de perte forcée non validée dans le log
VALIDATION ERROR: B-kem768-gilbert-prr0p50-L2-loss1-rep11-seed200011-v4: mode d'application de perte forcée inattendu: invalid
VALIDATION WARNING: B-kem768-gilbert-prr0p50-L2-loss1-rep12-seed200012-v3: perte forcée configurée mais cible/événements observés incohérents
VALIDATION ERROR: B-kem768-gilbert-prr0p50-L2-loss1-rep12-seed200012-v3: injection de perte forcée non validée dans le log
VALIDATION ERROR: B-kem768-gilbert-prr0p50-L2-loss1-rep12-seed200012-v3: mode d'application de perte forcée inattendu: invalid
VALIDATION WARNING: B-kem768-gilbert-prr0p50-L2-loss1-rep12-seed200012-v4: perte forcée configurée mais cible/événements observés incohérents
VALIDATION ERROR: B-kem768-gilbert-prr0p50-L2-loss1-rep12-seed200012-v4: injection de perte forcée non validée dans le log
VALIDATION ERROR: B-kem768-gilbert-prr0p50-L2-loss1-rep12-seed200012-v4: mode d'application de perte forcée inattendu: invalid
VALIDATION WARNING: B-kem768-gilbert-prr0p50-L2-loss1-rep13-seed200013-v3: perte forcée configurée mais cible/événements observés incohérents
VALIDATION ERROR: B-kem768-gilbert-prr0p50-L2-loss1-rep13-seed200013-v3: injection de perte forcée non validée dans le log
VALIDATION ERROR: B-kem768-gilbert-prr0p50-L2-loss1-rep13-seed200013-v3: mode d'application de perte forcée inattendu: invalid
VALIDATION WARNING: B-kem768-gilbert-prr0p50-L2-loss1-rep13-seed200013-v4: perte forcée configurée mais cible/événements observés incohérents
VALIDATION ERROR: B-kem768-gilbert-prr0p50-L2-loss1-rep13-seed200013-v4: injection de perte forcée non validée dans le log
VALIDATION ERROR: B-kem768-gilbert-prr0p50-L2-loss1-rep13-seed200013-v4: mode d'application de perte forcée inattendu: invalid
VALIDATION WARNING: B-kem768-gilbert-prr0p50-L2-loss1-rep14-seed200014-v3: perte forcée configurée mais cible/événements observés incohérents
VALIDATION ERROR: B-kem768-gilbert-prr0p50-L2-loss1-rep14-seed200014-v3: injection de perte forcée non validée dans le log
VALIDATION ERROR: B-kem768-gilbert-prr0p50-L2-loss1-rep14-seed200014-v3: mode d'application de perte forcée inattendu: invalid
VALIDATION WARNING: B-kem768-gilbert-prr0p50-L2-loss1-rep14-seed200014-v4: perte forcée configurée mais cible/événements observés incohérents
VALIDATION ERROR: B-kem768-gilbert-prr0p50-L2-loss1-rep14-seed200014-v4: injection de perte forcée non validée dans le log
VALIDATION ERROR: B-kem768-gilbert-prr0p50-L2-loss1-rep14-seed200014-v4: mode d'application de perte forcée inattendu: invalid
VALIDATION WARNING: B-kem768-gilbert-prr0p50-L2-loss1-rep15-seed200015-v3: perte forcée configurée mais cible/événements observés incohérents
VALIDATION ERROR: B-kem768-gilbert-prr0p50-L2-loss1-rep15-seed200015-v3: injection de perte forcée non validée dans le log
VALIDATION ERROR: B-kem768-gilbert-prr0p50-L2-loss1-rep15-seed200015-v3: mode d'application de perte forcée inattendu: invalid
VALIDATION WARNING: B-kem768-gilbert-prr0p50-L2-loss1-rep15-seed200015-v4: perte forcée configurée mais cible/événements observés incohérents
VALIDATION ERROR: B-kem768-gilbert-prr0p50-L2-loss1-rep15-seed200015-v4: injection de perte forcée non validée dans le log
VALIDATION ERROR: B-kem768-gilbert-prr0p50-L2-loss1-rep15-seed200015-v4: mode d'application de perte forcée inattendu: invalid
VALIDATION WARNING: B-kem768-gilbert-prr0p50-L2-loss1-rep16-seed200016-v3: perte forcée configurée mais cible/événements observés incohérents
VALIDATION ERROR: B-kem768-gilbert-prr0p50-L2-loss1-rep16-seed200016-v3: injection de perte forcée non validée dans le log
VALIDATION ERROR: B-kem768-gilbert-prr0p50-L2-loss1-rep16-seed200016-v3: mode d'application de perte forcée inattendu: invalid
VALIDATION WARNING: B-kem768-gilbert-prr0p50-L2-loss1-rep16-seed200016-v4: perte forcée configurée mais cible/événements observés incohérents
VALIDATION ERROR: B-kem768-gilbert-prr0p50-L2-loss1-rep16-seed200016-v4: injection de perte forcée non validée dans le log
VALIDATION ERROR: B-kem768-gilbert-prr0p50-L2-loss1-rep16-seed200016-v4: mode d'application de perte forcée inattendu: invalid
VALIDATION WARNING: B-kem768-gilbert-prr0p50-L2-loss1-rep17-seed200017-v3: perte forcée configurée mais cible/événements observés incohérents
VALIDATION ERROR: B-kem768-gilbert-prr0p50-L2-loss1-rep17-seed200017-v3: injection de perte forcée non validée dans le log
VALIDATION ERROR: B-kem768-gilbert-prr0p50-L2-loss1-rep17-seed200017-v3: mode d'application de perte forcée inattendu: invalid
VALIDATION WARNING: B-kem768-gilbert-prr0p50-L2-loss1-rep17-seed200017-v4: perte forcée configurée mais cible/événements observés incohérents
VALIDATION ERROR: B-kem768-gilbert-prr0p50-L2-loss1-rep17-seed200017-v4: injection de perte forcée non validée dans le log
VALIDATION ERROR: B-kem768-gilbert-prr0p50-L2-loss1-rep17-seed200017-v4: mode d'application de perte forcée inattendu: invalid
VALIDATION WARNING: B-kem768-gilbert-prr0p50-L2-loss1-rep18-seed200018-v3: perte forcée configurée mais cible/événements observés incohérents
VALIDATION ERROR: B-kem768-gilbert-prr0p50-L2-loss1-rep18-seed200018-v3: injection de perte forcée non validée dans le log
VALIDATION ERROR: B-kem768-gilbert-prr0p50-L2-loss1-rep18-seed200018-v3: mode d'application de perte forcée inattendu: invalid
VALIDATION WARNING: B-kem768-gilbert-prr0p50-L2-loss1-rep18-seed200018-v4: perte forcée configurée mais cible/événements observés incohérents
VALIDATION ERROR: B-kem768-gilbert-prr0p50-L2-loss1-rep18-seed200018-v4: injection de perte forcée non validée dans le log
VALIDATION ERROR: B-kem768-gilbert-prr0p50-L2-loss1-rep18-seed200018-v4: mode d'application de perte forcée inattendu: invalid
VALIDATION WARNING: B-kem768-gilbert-prr0p50-L2-loss1-rep19-seed200019-v3: perte forcée configurée mais cible/événements observés incohérents
VALIDATION ERROR: B-kem768-gilbert-prr0p50-L2-loss1-rep19-seed200019-v3: injection de perte forcée non validée dans le log
VALIDATION ERROR: B-kem768-gilbert-prr0p50-L2-loss1-rep19-seed200019-v3: mode d'application de perte forcée inattendu: invalid
VALIDATION WARNING: B-kem768-gilbert-prr0p50-L2-loss1-rep19-seed200019-v4: perte forcée configurée mais cible/événements observés incohérents
VALIDATION ERROR: B-kem768-gilbert-prr0p50-L2-loss1-rep19-seed200019-v4: injection de perte forcée non validée dans le log
VALIDATION ERROR: B-kem768-gilbert-prr0p50-L2-loss1-rep19-seed200019-v4: mode d'application de perte forcée inattendu: invalid
VALIDATION WARNING: B-kem768-gilbert-prr0p50-L2-loss1-rep20-seed200020-v3: perte forcée configurée mais cible/événements observés incohérents
VALIDATION ERROR: B-kem768-gilbert-prr0p50-L2-loss1-rep20-seed200020-v3: injection de perte forcée non validée dans le log
VALIDATION ERROR: B-kem768-gilbert-prr0p50-L2-loss1-rep20-seed200020-v3: mode d'application de perte forcée inattendu: invalid
VALIDATION WARNING: B-kem768-gilbert-prr0p50-L2-loss1-rep20-seed200020-v4: perte forcée configurée mais cible/événements observés incohérents
VALIDATION ERROR: B-kem768-gilbert-prr0p50-L2-loss1-rep20-seed200020-v4: injection de perte forcée non validée dans le log
VALIDATION ERROR: B-kem768-gilbert-prr0p50-L2-loss1-rep20-seed200020-v4: mode d'application de perte forcée inattendu: invalid
VALIDATION WARNING: B-kem768-gilbert-prr0p50-L2-loss1-rep21-seed200021-v3: perte forcée configurée mais cible/événements observés incohérents
VALIDATION ERROR: B-kem768-gilbert-prr0p50-L2-loss1-rep21-seed200021-v3: injection de perte forcée non validée dans le log
VALIDATION ERROR: B-kem768-gilbert-prr0p50-L2-loss1-rep21-seed200021-v3: mode d'application de perte forcée inattendu: invalid
VALIDATION WARNING: B-kem768-gilbert-prr0p50-L2-loss1-rep21-seed200021-v4: perte forcée configurée mais cible/événements observés incohérents
VALIDATION ERROR: B-kem768-gilbert-prr0p50-L2-loss1-rep21-seed200021-v4: injection de perte forcée non validée dans le log
VALIDATION ERROR: B-kem768-gilbert-prr0p50-L2-loss1-rep21-seed200021-v4: mode d'application de perte forcée inattendu: invalid
VALIDATION WARNING: B-kem768-gilbert-prr0p50-L2-loss1-rep22-seed200022-v3: perte forcée configurée mais cible/événements observés incohérents
VALIDATION ERROR: B-kem768-gilbert-prr0p50-L2-loss1-rep22-seed200022-v3: injection de perte forcée non validée dans le log
VALIDATION ERROR: B-kem768-gilbert-prr0p50-L2-loss1-rep22-seed200022-v3: mode d'application de perte forcée inattendu: invalid
VALIDATION WARNING: B-kem768-gilbert-prr0p50-L2-loss1-rep22-seed200022-v4: perte forcée configurée mais cible/événements observés incohérents
VALIDATION ERROR: B-kem768-gilbert-prr0p50-L2-loss1-rep22-seed200022-v4: injection de perte forcée non validée dans le log
VALIDATION ERROR: B-kem768-gilbert-prr0p50-L2-loss1-rep22-seed200022-v4: mode d'application de perte forcée inattendu: invalid
VALIDATION WARNING: B-kem768-gilbert-prr0p50-L2-loss1-rep23-seed200023-v3: perte forcée configurée mais cible/événements observés incohérents
VALIDATION ERROR: B-kem768-gilbert-prr0p50-L2-loss1-rep23-seed200023-v3: injection de perte forcée non validée dans le log
VALIDATION ERROR: B-kem768-gilbert-prr0p50-L2-loss1-rep23-seed200023-v3: mode d'application de perte forcée inattendu: invalid
VALIDATION WARNING: B-kem768-gilbert-prr0p50-L2-loss1-rep23-seed200023-v4: perte forcée configurée mais cible/événements observés incohérents
VALIDATION ERROR: B-kem768-gilbert-prr0p50-L2-loss1-rep23-seed200023-v4: injection de perte forcée non validée dans le log
VALIDATION ERROR: B-kem768-gilbert-prr0p50-L2-loss1-rep23-seed200023-v4: mode d'application de perte forcée inattendu: invalid
VALIDATION WARNING: B-kem768-gilbert-prr0p50-L2-loss1-rep24-seed200024-v3: perte forcée configurée mais cible/événements observés incohérents
VALIDATION ERROR: B-kem768-gilbert-prr0p50-L2-loss1-rep24-seed200024-v3: injection de perte forcée non validée dans le log
VALIDATION ERROR: B-kem768-gilbert-prr0p50-L2-loss1-rep24-seed200024-v3: mode d'application de perte forcée inattendu: invalid
VALIDATION WARNING: B-kem768-gilbert-prr0p50-L2-loss1-rep24-seed200024-v4: perte forcée configurée mais cible/événements observés incohérents
VALIDATION ERROR: B-kem768-gilbert-prr0p50-L2-loss1-rep24-seed200024-v4: injection de perte forcée non validée dans le log
VALIDATION ERROR: B-kem768-gilbert-prr0p50-L2-loss1-rep24-seed200024-v4: mode d'application de perte forcée inattendu: invalid
VALIDATION WARNING: B-kem768-gilbert-prr0p50-L2-loss1-rep25-seed200025-v3: perte forcée configurée mais cible/événements observés incohérents
VALIDATION ERROR: B-kem768-gilbert-prr0p50-L2-loss1-rep25-seed200025-v3: injection de perte forcée non validée dans le log
VALIDATION ERROR: B-kem768-gilbert-prr0p50-L2-loss1-rep25-seed200025-v3: mode d'application de perte forcée inattendu: invalid
VALIDATION WARNING: B-kem768-gilbert-prr0p50-L2-loss1-rep25-seed200025-v4: perte forcée configurée mais cible/événements observés incohérents
VALIDATION ERROR: B-kem768-gilbert-prr0p50-L2-loss1-rep25-seed200025-v4: injection de perte forcée non validée dans le log
VALIDATION ERROR: B-kem768-gilbert-prr0p50-L2-loss1-rep25-seed200025-v4: mode d'application de perte forcée inattendu: invalid
VALIDATION WARNING: B-kem768-gilbert-prr0p50-L2-loss1-rep26-seed200026-v3: perte forcée configurée mais cible/événements observés incohérents
VALIDATION ERROR: B-kem768-gilbert-prr0p50-L2-loss1-rep26-seed200026-v3: injection de perte forcée non validée dans le log
VALIDATION ERROR: B-kem768-gilbert-prr0p50-L2-loss1-rep26-seed200026-v3: mode d'application de perte forcée inattendu: invalid
VALIDATION WARNING: B-kem768-gilbert-prr0p50-L2-loss1-rep26-seed200026-v4: perte forcée configurée mais cible/événements observés incohérents
VALIDATION ERROR: B-kem768-gilbert-prr0p50-L2-loss1-rep26-seed200026-v4: injection de perte forcée non validée dans le log
VALIDATION ERROR: B-kem768-gilbert-prr0p50-L2-loss1-rep26-seed200026-v4: mode d'application de perte forcée inattendu: invalid
VALIDATION WARNING: B-kem768-gilbert-prr0p50-L2-loss1-rep27-seed200027-v3: perte forcée configurée mais cible/événements observés incohérents
VALIDATION ERROR: B-kem768-gilbert-prr0p50-L2-loss1-rep27-seed200027-v3: injection de perte forcée non validée dans le log
VALIDATION ERROR: B-kem768-gilbert-prr0p50-L2-loss1-rep27-seed200027-v3: mode d'application de perte forcée inattendu: invalid
VALIDATION WARNING: B-kem768-gilbert-prr0p50-L2-loss1-rep27-seed200027-v4: perte forcée configurée mais cible/événements observés incohérents
VALIDATION ERROR: B-kem768-gilbert-prr0p50-L2-loss1-rep27-seed200027-v4: injection de perte forcée non validée dans le log
VALIDATION ERROR: B-kem768-gilbert-prr0p50-L2-loss1-rep27-seed200027-v4: mode d'application de perte forcée inattendu: invalid
VALIDATION WARNING: B-kem768-gilbert-prr0p50-L2-loss1-rep28-seed200028-v3: perte forcée configurée mais cible/événements observés incohérents
VALIDATION ERROR: B-kem768-gilbert-prr0p50-L2-loss1-rep28-seed200028-v3: injection de perte forcée non validée dans le log
VALIDATION ERROR: B-kem768-gilbert-prr0p50-L2-loss1-rep28-seed200028-v3: mode d'application de perte forcée inattendu: invalid
VALIDATION WARNING: B-kem768-gilbert-prr0p50-L2-loss1-rep28-seed200028-v4: perte forcée configurée mais cible/événements observés incohérents
VALIDATION ERROR: B-kem768-gilbert-prr0p50-L2-loss1-rep28-seed200028-v4: injection de perte forcée non validée dans le log
VALIDATION ERROR: B-kem768-gilbert-prr0p50-L2-loss1-rep28-seed200028-v4: mode d'application de perte forcée inattendu: invalid
VALIDATION WARNING: B-kem768-gilbert-prr0p50-L2-loss1-rep29-seed200029-v3: perte forcée configurée mais cible/événements observés incohérents
VALIDATION ERROR: B-kem768-gilbert-prr0p50-L2-loss1-rep29-seed200029-v3: injection de perte forcée non validée dans le log
VALIDATION ERROR: B-kem768-gilbert-prr0p50-L2-loss1-rep29-seed200029-v3: mode d'application de perte forcée inattendu: invalid
VALIDATION WARNING: B-kem768-gilbert-prr0p50-L2-loss1-rep29-seed200029-v4: perte forcée configurée mais cible/événements observés incohérents
VALIDATION ERROR: B-kem768-gilbert-prr0p50-L2-loss1-rep29-seed200029-v4: injection de perte forcée non validée dans le log
VALIDATION ERROR: B-kem768-gilbert-prr0p50-L2-loss1-rep29-seed200029-v4: mode d'application de perte forcée inattendu: invalid
VALIDATION WARNING: B-kem768-gilbert-prr0p50-L2-loss1-rep30-seed200030-v3: perte forcée configurée mais cible/événements observés incohérents
VALIDATION ERROR: B-kem768-gilbert-prr0p50-L2-loss1-rep30-seed200030-v3: injection de perte forcée non validée dans le log
VALIDATION ERROR: B-kem768-gilbert-prr0p50-L2-loss1-rep30-seed200030-v3: mode d'application de perte forcée inattendu: invalid
VALIDATION WARNING: B-kem768-gilbert-prr0p50-L2-loss1-rep30-seed200030-v4: perte forcée configurée mais cible/événements observés incohérents
VALIDATION ERROR: B-kem768-gilbert-prr0p50-L2-loss1-rep30-seed200030-v4: injection de perte forcée non validée dans le log
VALIDATION ERROR: B-kem768-gilbert-prr0p50-L2-loss1-rep30-seed200030-v4: mode d'application de perte forcée inattendu: invalid
VALIDATION WARNING: B-kem768-gilbert-prr0p50-L5-loss1-rep01-seed200001-v3: perte forcée configurée mais cible/événements observés incohérents
VALIDATION ERROR: B-kem768-gilbert-prr0p50-L5-loss1-rep01-seed200001-v3: injection de perte forcée non validée dans le log
VALIDATION ERROR: B-kem768-gilbert-prr0p50-L5-loss1-rep01-seed200001-v3: mode d'application de perte forcée inattendu: invalid
VALIDATION WARNING: B-kem768-gilbert-prr0p50-L5-loss1-rep01-seed200001-v4: perte forcée configurée mais cible/événements observés incohérents
VALIDATION ERROR: B-kem768-gilbert-prr0p50-L5-loss1-rep01-seed200001-v4: injection de perte forcée non validée dans le log
VALIDATION ERROR: B-kem768-gilbert-prr0p50-L5-loss1-rep01-seed200001-v4: mode d'application de perte forcée inattendu: invalid
VALIDATION WARNING: B-kem768-gilbert-prr0p50-L5-loss1-rep02-seed200002-v3: perte forcée configurée mais cible/événements observés incohérents
VALIDATION ERROR: B-kem768-gilbert-prr0p50-L5-loss1-rep02-seed200002-v3: injection de perte forcée non validée dans le log
VALIDATION ERROR: B-kem768-gilbert-prr0p50-L5-loss1-rep02-seed200002-v3: mode d'application de perte forcée inattendu: invalid
VALIDATION WARNING: B-kem768-gilbert-prr0p50-L5-loss1-rep02-seed200002-v4: perte forcée configurée mais cible/événements observés incohérents
VALIDATION ERROR: B-kem768-gilbert-prr0p50-L5-loss1-rep02-seed200002-v4: injection de perte forcée non validée dans le log
VALIDATION ERROR: B-kem768-gilbert-prr0p50-L5-loss1-rep02-seed200002-v4: mode d'application de perte forcée inattendu: invalid
VALIDATION WARNING: B-kem768-gilbert-prr0p50-L5-loss1-rep03-seed200003-v3: perte forcée configurée mais cible/événements observés incohérents
VALIDATION ERROR: B-kem768-gilbert-prr0p50-L5-loss1-rep03-seed200003-v3: injection de perte forcée non validée dans le log
VALIDATION ERROR: B-kem768-gilbert-prr0p50-L5-loss1-rep03-seed200003-v3: mode d'application de perte forcée inattendu: invalid
VALIDATION WARNING: B-kem768-gilbert-prr0p50-L5-loss1-rep03-seed200003-v4: perte forcée configurée mais cible/événements observés incohérents
VALIDATION ERROR: B-kem768-gilbert-prr0p50-L5-loss1-rep03-seed200003-v4: injection de perte forcée non validée dans le log
VALIDATION ERROR: B-kem768-gilbert-prr0p50-L5-loss1-rep03-seed200003-v4: mode d'application de perte forcée inattendu: invalid
VALIDATION WARNING: B-kem768-gilbert-prr0p50-L5-loss1-rep04-seed200004-v3: perte forcée configurée mais cible/événements observés incohérents
VALIDATION ERROR: B-kem768-gilbert-prr0p50-L5-loss1-rep04-seed200004-v3: injection de perte forcée non validée dans le log
VALIDATION ERROR: B-kem768-gilbert-prr0p50-L5-loss1-rep04-seed200004-v3: mode d'application de perte forcée inattendu: invalid
VALIDATION WARNING: B-kem768-gilbert-prr0p50-L5-loss1-rep04-seed200004-v4: perte forcée configurée mais cible/événements observés incohérents
VALIDATION ERROR: B-kem768-gilbert-prr0p50-L5-loss1-rep04-seed200004-v4: injection de perte forcée non validée dans le log
VALIDATION ERROR: B-kem768-gilbert-prr0p50-L5-loss1-rep04-seed200004-v4: mode d'application de perte forcée inattendu: invalid
VALIDATION WARNING: B-kem768-gilbert-prr0p50-L5-loss1-rep05-seed200005-v3: perte forcée configurée mais cible/événements observés incohérents
VALIDATION ERROR: B-kem768-gilbert-prr0p50-L5-loss1-rep05-seed200005-v3: injection de perte forcée non validée dans le log
VALIDATION ERROR: B-kem768-gilbert-prr0p50-L5-loss1-rep05-seed200005-v3: mode d'application de perte forcée inattendu: invalid
VALIDATION WARNING: B-kem768-gilbert-prr0p50-L5-loss1-rep05-seed200005-v4: perte forcée configurée mais cible/événements observés incohérents
VALIDATION ERROR: B-kem768-gilbert-prr0p50-L5-loss1-rep05-seed200005-v4: injection de perte forcée non validée dans le log
VALIDATION ERROR: B-kem768-gilbert-prr0p50-L5-loss1-rep05-seed200005-v4: mode d'application de perte forcée inattendu: invalid
VALIDATION WARNING: B-kem768-gilbert-prr0p50-L5-loss1-rep06-seed200006-v3: perte forcée configurée mais cible/événements observés incohérents
VALIDATION ERROR: B-kem768-gilbert-prr0p50-L5-loss1-rep06-seed200006-v3: injection de perte forcée non validée dans le log
VALIDATION ERROR: B-kem768-gilbert-prr0p50-L5-loss1-rep06-seed200006-v3: mode d'application de perte forcée inattendu: invalid
VALIDATION WARNING: B-kem768-gilbert-prr0p50-L5-loss1-rep06-seed200006-v4: perte forcée configurée mais cible/événements observés incohérents
VALIDATION ERROR: B-kem768-gilbert-prr0p50-L5-loss1-rep06-seed200006-v4: injection de perte forcée non validée dans le log
VALIDATION ERROR: B-kem768-gilbert-prr0p50-L5-loss1-rep06-seed200006-v4: mode d'application de perte forcée inattendu: invalid
VALIDATION WARNING: B-kem768-gilbert-prr0p50-L5-loss1-rep07-seed200007-v3: perte forcée configurée mais cible/événements observés incohérents
VALIDATION ERROR: B-kem768-gilbert-prr0p50-L5-loss1-rep07-seed200007-v3: injection de perte forcée non validée dans le log
VALIDATION ERROR: B-kem768-gilbert-prr0p50-L5-loss1-rep07-seed200007-v3: mode d'application de perte forcée inattendu: invalid
VALIDATION WARNING: B-kem768-gilbert-prr0p50-L5-loss1-rep07-seed200007-v4: perte forcée configurée mais cible/événements observés incohérents
VALIDATION ERROR: B-kem768-gilbert-prr0p50-L5-loss1-rep07-seed200007-v4: injection de perte forcée non validée dans le log
VALIDATION ERROR: B-kem768-gilbert-prr0p50-L5-loss1-rep07-seed200007-v4: mode d'application de perte forcée inattendu: invalid
VALIDATION WARNING: B-kem768-gilbert-prr0p50-L5-loss1-rep08-seed200008-v3: perte forcée configurée mais cible/événements observés incohérents
VALIDATION ERROR: B-kem768-gilbert-prr0p50-L5-loss1-rep08-seed200008-v3: injection de perte forcée non validée dans le log
VALIDATION ERROR: B-kem768-gilbert-prr0p50-L5-loss1-rep08-seed200008-v3: mode d'application de perte forcée inattendu: invalid
VALIDATION WARNING: B-kem768-gilbert-prr0p50-L5-loss1-rep08-seed200008-v4: perte forcée configurée mais cible/événements observés incohérents
VALIDATION ERROR: B-kem768-gilbert-prr0p50-L5-loss1-rep08-seed200008-v4: injection de perte forcée non validée dans le log
VALIDATION ERROR: B-kem768-gilbert-prr0p50-L5-loss1-rep08-seed200008-v4: mode d'application de perte forcée inattendu: invalid
VALIDATION WARNING: B-kem768-gilbert-prr0p50-L5-loss1-rep09-seed200009-v3: perte forcée configurée mais cible/événements observés incohérents
VALIDATION ERROR: B-kem768-gilbert-prr0p50-L5-loss1-rep09-seed200009-v3: injection de perte forcée non validée dans le log
VALIDATION ERROR: B-kem768-gilbert-prr0p50-L5-loss1-rep09-seed200009-v3: mode d'application de perte forcée inattendu: invalid
VALIDATION WARNING: B-kem768-gilbert-prr0p50-L5-loss1-rep09-seed200009-v4: perte forcée configurée mais cible/événements observés incohérents
VALIDATION ERROR: B-kem768-gilbert-prr0p50-L5-loss1-rep09-seed200009-v4: injection de perte forcée non validée dans le log
VALIDATION ERROR: B-kem768-gilbert-prr0p50-L5-loss1-rep09-seed200009-v4: mode d'application de perte forcée inattendu: invalid
VALIDATION WARNING: B-kem768-gilbert-prr0p50-L5-loss1-rep10-seed200010-v3: perte forcée configurée mais cible/événements observés incohérents
VALIDATION ERROR: B-kem768-gilbert-prr0p50-L5-loss1-rep10-seed200010-v3: injection de perte forcée non validée dans le log
VALIDATION ERROR: B-kem768-gilbert-prr0p50-L5-loss1-rep10-seed200010-v3: mode d'application de perte forcée inattendu: invalid
VALIDATION WARNING: B-kem768-gilbert-prr0p50-L5-loss1-rep10-seed200010-v4: perte forcée configurée mais cible/événements observés incohérents
VALIDATION ERROR: B-kem768-gilbert-prr0p50-L5-loss1-rep10-seed200010-v4: injection de perte forcée non validée dans le log
VALIDATION ERROR: B-kem768-gilbert-prr0p50-L5-loss1-rep10-seed200010-v4: mode d'application de perte forcée inattendu: invalid
VALIDATION WARNING: B-kem768-gilbert-prr0p50-L5-loss1-rep11-seed200011-v3: perte forcée configurée mais cible/événements observés incohérents
VALIDATION ERROR: B-kem768-gilbert-prr0p50-L5-loss1-rep11-seed200011-v3: injection de perte forcée non validée dans le log
VALIDATION ERROR: B-kem768-gilbert-prr0p50-L5-loss1-rep11-seed200011-v3: mode d'application de perte forcée inattendu: invalid
VALIDATION WARNING: B-kem768-gilbert-prr0p50-L5-loss1-rep11-seed200011-v4: perte forcée configurée mais cible/événements observés incohérents
VALIDATION ERROR: B-kem768-gilbert-prr0p50-L5-loss1-rep11-seed200011-v4: injection de perte forcée non validée dans le log
VALIDATION ERROR: B-kem768-gilbert-prr0p50-L5-loss1-rep11-seed200011-v4: mode d'application de perte forcée inattendu: invalid
VALIDATION WARNING: B-kem768-gilbert-prr0p50-L5-loss1-rep12-seed200012-v3: perte forcée configurée mais cible/événements observés incohérents
VALIDATION ERROR: B-kem768-gilbert-prr0p50-L5-loss1-rep12-seed200012-v3: injection de perte forcée non validée dans le log
VALIDATION ERROR: B-kem768-gilbert-prr0p50-L5-loss1-rep12-seed200012-v3: mode d'application de perte forcée inattendu: invalid
VALIDATION WARNING: B-kem768-gilbert-prr0p50-L5-loss1-rep12-seed200012-v4: perte forcée configurée mais cible/événements observés incohérents
VALIDATION ERROR: B-kem768-gilbert-prr0p50-L5-loss1-rep12-seed200012-v4: injection de perte forcée non validée dans le log
VALIDATION ERROR: B-kem768-gilbert-prr0p50-L5-loss1-rep12-seed200012-v4: mode d'application de perte forcée inattendu: invalid
VALIDATION WARNING: B-kem768-gilbert-prr0p50-L5-loss1-rep13-seed200013-v3: perte forcée configurée mais cible/événements observés incohérents
VALIDATION ERROR: B-kem768-gilbert-prr0p50-L5-loss1-rep13-seed200013-v3: injection de perte forcée non validée dans le log
VALIDATION ERROR: B-kem768-gilbert-prr0p50-L5-loss1-rep13-seed200013-v3: mode d'application de perte forcée inattendu: invalid
VALIDATION WARNING: B-kem768-gilbert-prr0p50-L5-loss1-rep13-seed200013-v4: perte forcée configurée mais cible/événements observés incohérents
VALIDATION ERROR: B-kem768-gilbert-prr0p50-L5-loss1-rep13-seed200013-v4: injection de perte forcée non validée dans le log
VALIDATION ERROR: B-kem768-gilbert-prr0p50-L5-loss1-rep13-seed200013-v4: mode d'application de perte forcée inattendu: invalid
VALIDATION WARNING: B-kem768-gilbert-prr0p50-L5-loss1-rep14-seed200014-v3: perte forcée configurée mais cible/événements observés incohérents
VALIDATION ERROR: B-kem768-gilbert-prr0p50-L5-loss1-rep14-seed200014-v3: injection de perte forcée non validée dans le log
VALIDATION ERROR: B-kem768-gilbert-prr0p50-L5-loss1-rep14-seed200014-v3: mode d'application de perte forcée inattendu: invalid
VALIDATION WARNING: B-kem768-gilbert-prr0p50-L5-loss1-rep14-seed200014-v4: perte forcée configurée mais cible/événements observés incohérents
VALIDATION ERROR: B-kem768-gilbert-prr0p50-L5-loss1-rep14-seed200014-v4: injection de perte forcée non validée dans le log
VALIDATION ERROR: B-kem768-gilbert-prr0p50-L5-loss1-rep14-seed200014-v4: mode d'application de perte forcée inattendu: invalid
VALIDATION WARNING: B-kem768-gilbert-prr0p50-L5-loss1-rep15-seed200015-v3: perte forcée configurée mais cible/événements observés incohérents
VALIDATION ERROR: B-kem768-gilbert-prr0p50-L5-loss1-rep15-seed200015-v3: injection de perte forcée non validée dans le log
VALIDATION ERROR: B-kem768-gilbert-prr0p50-L5-loss1-rep15-seed200015-v3: mode d'application de perte forcée inattendu: invalid
VALIDATION WARNING: B-kem768-gilbert-prr0p50-L5-loss1-rep15-seed200015-v4: perte forcée configurée mais cible/événements observés incohérents
VALIDATION ERROR: B-kem768-gilbert-prr0p50-L5-loss1-rep15-seed200015-v4: injection de perte forcée non validée dans le log
VALIDATION ERROR: B-kem768-gilbert-prr0p50-L5-loss1-rep15-seed200015-v4: mode d'application de perte forcée inattendu: invalid
VALIDATION WARNING: B-kem768-gilbert-prr0p50-L5-loss1-rep16-seed200016-v3: perte forcée configurée mais cible/événements observés incohérents
VALIDATION ERROR: B-kem768-gilbert-prr0p50-L5-loss1-rep16-seed200016-v3: injection de perte forcée non validée dans le log
VALIDATION ERROR: B-kem768-gilbert-prr0p50-L5-loss1-rep16-seed200016-v3: mode d'application de perte forcée inattendu: invalid
VALIDATION WARNING: B-kem768-gilbert-prr0p50-L5-loss1-rep16-seed200016-v4: perte forcée configurée mais cible/événements observés incohérents
VALIDATION ERROR: B-kem768-gilbert-prr0p50-L5-loss1-rep16-seed200016-v4: injection de perte forcée non validée dans le log
VALIDATION ERROR: B-kem768-gilbert-prr0p50-L5-loss1-rep16-seed200016-v4: mode d'application de perte forcée inattendu: invalid
VALIDATION WARNING: B-kem768-gilbert-prr0p50-L5-loss1-rep17-seed200017-v3: perte forcée configurée mais cible/événements observés incohérents
VALIDATION ERROR: B-kem768-gilbert-prr0p50-L5-loss1-rep17-seed200017-v3: injection de perte forcée non validée dans le log
VALIDATION ERROR: B-kem768-gilbert-prr0p50-L5-loss1-rep17-seed200017-v3: mode d'application de perte forcée inattendu: invalid
VALIDATION WARNING: B-kem768-gilbert-prr0p50-L5-loss1-rep17-seed200017-v4: perte forcée configurée mais cible/événements observés incohérents
VALIDATION ERROR: B-kem768-gilbert-prr0p50-L5-loss1-rep17-seed200017-v4: injection de perte forcée non validée dans le log
VALIDATION ERROR: B-kem768-gilbert-prr0p50-L5-loss1-rep17-seed200017-v4: mode d'application de perte forcée inattendu: invalid
VALIDATION WARNING: B-kem768-gilbert-prr0p50-L5-loss1-rep18-seed200018-v3: perte forcée configurée mais cible/événements observés incohérents
VALIDATION ERROR: B-kem768-gilbert-prr0p50-L5-loss1-rep18-seed200018-v3: injection de perte forcée non validée dans le log
VALIDATION ERROR: B-kem768-gilbert-prr0p50-L5-loss1-rep18-seed200018-v3: mode d'application de perte forcée inattendu: invalid
VALIDATION WARNING: B-kem768-gilbert-prr0p50-L5-loss1-rep18-seed200018-v4: perte forcée configurée mais cible/événements observés incohérents
VALIDATION ERROR: B-kem768-gilbert-prr0p50-L5-loss1-rep18-seed200018-v4: injection de perte forcée non validée dans le log
VALIDATION ERROR: B-kem768-gilbert-prr0p50-L5-loss1-rep18-seed200018-v4: mode d'application de perte forcée inattendu: invalid
VALIDATION WARNING: B-kem768-gilbert-prr0p50-L5-loss1-rep19-seed200019-v3: perte forcée configurée mais cible/événements observés incohérents
VALIDATION ERROR: B-kem768-gilbert-prr0p50-L5-loss1-rep19-seed200019-v3: injection de perte forcée non validée dans le log
VALIDATION ERROR: B-kem768-gilbert-prr0p50-L5-loss1-rep19-seed200019-v3: mode d'application de perte forcée inattendu: invalid
VALIDATION WARNING: B-kem768-gilbert-prr0p50-L5-loss1-rep19-seed200019-v4: perte forcée configurée mais cible/événements observés incohérents
VALIDATION ERROR: B-kem768-gilbert-prr0p50-L5-loss1-rep19-seed200019-v4: injection de perte forcée non validée dans le log
VALIDATION ERROR: B-kem768-gilbert-prr0p50-L5-loss1-rep19-seed200019-v4: mode d'application de perte forcée inattendu: invalid
VALIDATION WARNING: B-kem768-gilbert-prr0p50-L5-loss1-rep20-seed200020-v3: perte forcée configurée mais cible/événements observés incohérents
VALIDATION ERROR: B-kem768-gilbert-prr0p50-L5-loss1-rep20-seed200020-v3: injection de perte forcée non validée dans le log
VALIDATION ERROR: B-kem768-gilbert-prr0p50-L5-loss1-rep20-seed200020-v3: mode d'application de perte forcée inattendu: invalid
VALIDATION WARNING: B-kem768-gilbert-prr0p50-L5-loss1-rep20-seed200020-v4: perte forcée configurée mais cible/événements observés incohérents
VALIDATION ERROR: B-kem768-gilbert-prr0p50-L5-loss1-rep20-seed200020-v4: injection de perte forcée non validée dans le log
VALIDATION ERROR: B-kem768-gilbert-prr0p50-L5-loss1-rep20-seed200020-v4: mode d'application de perte forcée inattendu: invalid
VALIDATION WARNING: B-kem768-gilbert-prr0p50-L5-loss1-rep21-seed200021-v3: perte forcée configurée mais cible/événements observés incohérents
VALIDATION ERROR: B-kem768-gilbert-prr0p50-L5-loss1-rep21-seed200021-v3: injection de perte forcée non validée dans le log
VALIDATION ERROR: B-kem768-gilbert-prr0p50-L5-loss1-rep21-seed200021-v3: mode d'application de perte forcée inattendu: invalid
VALIDATION WARNING: B-kem768-gilbert-prr0p50-L5-loss1-rep21-seed200021-v4: perte forcée configurée mais cible/événements observés incohérents
VALIDATION ERROR: B-kem768-gilbert-prr0p50-L5-loss1-rep21-seed200021-v4: injection de perte forcée non validée dans le log
VALIDATION ERROR: B-kem768-gilbert-prr0p50-L5-loss1-rep21-seed200021-v4: mode d'application de perte forcée inattendu: invalid
VALIDATION WARNING: B-kem768-gilbert-prr0p50-L5-loss1-rep22-seed200022-v3: perte forcée configurée mais cible/événements observés incohérents
VALIDATION ERROR: B-kem768-gilbert-prr0p50-L5-loss1-rep22-seed200022-v3: injection de perte forcée non validée dans le log
VALIDATION ERROR: B-kem768-gilbert-prr0p50-L5-loss1-rep22-seed200022-v3: mode d'application de perte forcée inattendu: invalid
VALIDATION WARNING: B-kem768-gilbert-prr0p50-L5-loss1-rep22-seed200022-v4: perte forcée configurée mais cible/événements observés incohérents
VALIDATION ERROR: B-kem768-gilbert-prr0p50-L5-loss1-rep22-seed200022-v4: injection de perte forcée non validée dans le log
VALIDATION ERROR: B-kem768-gilbert-prr0p50-L5-loss1-rep22-seed200022-v4: mode d'application de perte forcée inattendu: invalid
VALIDATION WARNING: B-kem768-gilbert-prr0p50-L5-loss1-rep23-seed200023-v3: perte forcée configurée mais cible/événements observés incohérents
VALIDATION ERROR: B-kem768-gilbert-prr0p50-L5-loss1-rep23-seed200023-v3: injection de perte forcée non validée dans le log
VALIDATION ERROR: B-kem768-gilbert-prr0p50-L5-loss1-rep23-seed200023-v3: mode d'application de perte forcée inattendu: invalid
VALIDATION WARNING: B-kem768-gilbert-prr0p50-L5-loss1-rep23-seed200023-v4: perte forcée configurée mais cible/événements observés incohérents
VALIDATION ERROR: B-kem768-gilbert-prr0p50-L5-loss1-rep23-seed200023-v4: injection de perte forcée non validée dans le log
VALIDATION ERROR: B-kem768-gilbert-prr0p50-L5-loss1-rep23-seed200023-v4: mode d'application de perte forcée inattendu: invalid
VALIDATION WARNING: B-kem768-gilbert-prr0p50-L5-loss1-rep24-seed200024-v3: perte forcée configurée mais cible/événements observés incohérents
VALIDATION ERROR: B-kem768-gilbert-prr0p50-L5-loss1-rep24-seed200024-v3: injection de perte forcée non validée dans le log
VALIDATION ERROR: B-kem768-gilbert-prr0p50-L5-loss1-rep24-seed200024-v3: mode d'application de perte forcée inattendu: invalid
VALIDATION WARNING: B-kem768-gilbert-prr0p50-L5-loss1-rep24-seed200024-v4: perte forcée configurée mais cible/événements observés incohérents
VALIDATION ERROR: B-kem768-gilbert-prr0p50-L5-loss1-rep24-seed200024-v4: injection de perte forcée non validée dans le log
VALIDATION ERROR: B-kem768-gilbert-prr0p50-L5-loss1-rep24-seed200024-v4: mode d'application de perte forcée inattendu: invalid
VALIDATION WARNING: B-kem768-gilbert-prr0p50-L5-loss1-rep25-seed200025-v3: perte forcée configurée mais cible/événements observés incohérents
VALIDATION ERROR: B-kem768-gilbert-prr0p50-L5-loss1-rep25-seed200025-v3: injection de perte forcée non validée dans le log
VALIDATION ERROR: B-kem768-gilbert-prr0p50-L5-loss1-rep25-seed200025-v3: mode d'application de perte forcée inattendu: invalid
VALIDATION WARNING: B-kem768-gilbert-prr0p50-L5-loss1-rep25-seed200025-v4: perte forcée configurée mais cible/événements observés incohérents
VALIDATION ERROR: B-kem768-gilbert-prr0p50-L5-loss1-rep25-seed200025-v4: injection de perte forcée non validée dans le log
VALIDATION ERROR: B-kem768-gilbert-prr0p50-L5-loss1-rep25-seed200025-v4: mode d'application de perte forcée inattendu: invalid
VALIDATION WARNING: B-kem768-gilbert-prr0p50-L5-loss1-rep26-seed200026-v3: perte forcée configurée mais cible/événements observés incohérents
VALIDATION ERROR: B-kem768-gilbert-prr0p50-L5-loss1-rep26-seed200026-v3: injection de perte forcée non validée dans le log
VALIDATION ERROR: B-kem768-gilbert-prr0p50-L5-loss1-rep26-seed200026-v3: mode d'application de perte forcée inattendu: invalid
VALIDATION WARNING: B-kem768-gilbert-prr0p50-L5-loss1-rep26-seed200026-v4: perte forcée configurée mais cible/événements observés incohérents
VALIDATION ERROR: B-kem768-gilbert-prr0p50-L5-loss1-rep26-seed200026-v4: injection de perte forcée non validée dans le log
VALIDATION ERROR: B-kem768-gilbert-prr0p50-L5-loss1-rep26-seed200026-v4: mode d'application de perte forcée inattendu: invalid
VALIDATION WARNING: B-kem768-gilbert-prr0p50-L5-loss1-rep27-seed200027-v3: perte forcée configurée mais cible/événements observés incohérents
VALIDATION ERROR: B-kem768-gilbert-prr0p50-L5-loss1-rep27-seed200027-v3: injection de perte forcée non validée dans le log
VALIDATION ERROR: B-kem768-gilbert-prr0p50-L5-loss1-rep27-seed200027-v3: mode d'application de perte forcée inattendu: invalid
VALIDATION WARNING: B-kem768-gilbert-prr0p50-L5-loss1-rep27-seed200027-v4: perte forcée configurée mais cible/événements observés incohérents
VALIDATION ERROR: B-kem768-gilbert-prr0p50-L5-loss1-rep27-seed200027-v4: injection de perte forcée non validée dans le log
VALIDATION ERROR: B-kem768-gilbert-prr0p50-L5-loss1-rep27-seed200027-v4: mode d'application de perte forcée inattendu: invalid
VALIDATION WARNING: B-kem768-gilbert-prr0p50-L5-loss1-rep28-seed200028-v3: perte forcée configurée mais cible/événements observés incohérents
VALIDATION ERROR: B-kem768-gilbert-prr0p50-L5-loss1-rep28-seed200028-v3: injection de perte forcée non validée dans le log
VALIDATION ERROR: B-kem768-gilbert-prr0p50-L5-loss1-rep28-seed200028-v3: mode d'application de perte forcée inattendu: invalid
VALIDATION WARNING: B-kem768-gilbert-prr0p50-L5-loss1-rep28-seed200028-v4: perte forcée configurée mais cible/événements observés incohérents
VALIDATION ERROR: B-kem768-gilbert-prr0p50-L5-loss1-rep28-seed200028-v4: injection de perte forcée non validée dans le log
VALIDATION ERROR: B-kem768-gilbert-prr0p50-L5-loss1-rep28-seed200028-v4: mode d'application de perte forcée inattendu: invalid
VALIDATION WARNING: B-kem768-gilbert-prr0p50-L5-loss1-rep30-seed200030-v3: perte forcée configurée mais cible/événements observés incohérents
VALIDATION ERROR: B-kem768-gilbert-prr0p50-L5-loss1-rep30-seed200030-v3: injection de perte forcée non validée dans le log
VALIDATION ERROR: B-kem768-gilbert-prr0p50-L5-loss1-rep30-seed200030-v3: mode d'application de perte forcée inattendu: invalid
VALIDATION WARNING: B-kem768-gilbert-prr0p50-L5-loss1-rep30-seed200030-v4: perte forcée configurée mais cible/événements observés incohérents
VALIDATION ERROR: B-kem768-gilbert-prr0p50-L5-loss1-rep30-seed200030-v4: injection de perte forcée non validée dans le log
VALIDATION ERROR: B-kem768-gilbert-prr0p50-L5-loss1-rep30-seed200030-v4: mode d'application de perte forcée inattendu: invalid
VALIDATION WARNING: B-kem768-gilbert-prr0p50-L10-loss1-rep01-seed200001-v3: perte forcée configurée mais cible/événements observés incohérents
VALIDATION ERROR: B-kem768-gilbert-prr0p50-L10-loss1-rep01-seed200001-v3: injection de perte forcée non validée dans le log
VALIDATION ERROR: B-kem768-gilbert-prr0p50-L10-loss1-rep01-seed200001-v3: mode d'application de perte forcée inattendu: invalid
VALIDATION WARNING: B-kem768-gilbert-prr0p50-L10-loss1-rep01-seed200001-v4: perte forcée configurée mais cible/événements observés incohérents
VALIDATION ERROR: B-kem768-gilbert-prr0p50-L10-loss1-rep01-seed200001-v4: injection de perte forcée non validée dans le log
VALIDATION ERROR: B-kem768-gilbert-prr0p50-L10-loss1-rep01-seed200001-v4: mode d'application de perte forcée inattendu: invalid
VALIDATION WARNING: B-kem768-gilbert-prr0p50-L10-loss1-rep02-seed200002-v3: perte forcée configurée mais cible/événements observés incohérents
VALIDATION ERROR: B-kem768-gilbert-prr0p50-L10-loss1-rep02-seed200002-v3: injection de perte forcée non validée dans le log
VALIDATION ERROR: B-kem768-gilbert-prr0p50-L10-loss1-rep02-seed200002-v3: mode d'application de perte forcée inattendu: invalid
VALIDATION WARNING: B-kem768-gilbert-prr0p50-L10-loss1-rep02-seed200002-v4: perte forcée configurée mais cible/événements observés incohérents
VALIDATION ERROR: B-kem768-gilbert-prr0p50-L10-loss1-rep02-seed200002-v4: injection de perte forcée non validée dans le log
VALIDATION ERROR: B-kem768-gilbert-prr0p50-L10-loss1-rep02-seed200002-v4: mode d'application de perte forcée inattendu: invalid
VALIDATION WARNING: B-kem768-gilbert-prr0p50-L10-loss1-rep03-seed200003-v3: perte forcée configurée mais cible/événements observés incohérents
VALIDATION ERROR: B-kem768-gilbert-prr0p50-L10-loss1-rep03-seed200003-v3: injection de perte forcée non validée dans le log
VALIDATION ERROR: B-kem768-gilbert-prr0p50-L10-loss1-rep03-seed200003-v3: mode d'application de perte forcée inattendu: invalid
VALIDATION WARNING: B-kem768-gilbert-prr0p50-L10-loss1-rep03-seed200003-v4: perte forcée configurée mais cible/événements observés incohérents
VALIDATION ERROR: B-kem768-gilbert-prr0p50-L10-loss1-rep03-seed200003-v4: injection de perte forcée non validée dans le log
VALIDATION ERROR: B-kem768-gilbert-prr0p50-L10-loss1-rep03-seed200003-v4: mode d'application de perte forcée inattendu: invalid
VALIDATION WARNING: B-kem768-gilbert-prr0p50-L10-loss1-rep05-seed200005-v3: perte forcée configurée mais cible/événements observés incohérents
VALIDATION ERROR: B-kem768-gilbert-prr0p50-L10-loss1-rep05-seed200005-v3: injection de perte forcée non validée dans le log
VALIDATION ERROR: B-kem768-gilbert-prr0p50-L10-loss1-rep05-seed200005-v3: mode d'application de perte forcée inattendu: invalid
VALIDATION WARNING: B-kem768-gilbert-prr0p50-L10-loss1-rep05-seed200005-v4: perte forcée configurée mais cible/événements observés incohérents
VALIDATION ERROR: B-kem768-gilbert-prr0p50-L10-loss1-rep05-seed200005-v4: injection de perte forcée non validée dans le log
VALIDATION ERROR: B-kem768-gilbert-prr0p50-L10-loss1-rep05-seed200005-v4: mode d'application de perte forcée inattendu: invalid
VALIDATION WARNING: B-kem768-gilbert-prr0p50-L10-loss1-rep07-seed200007-v3: perte forcée configurée mais cible/événements observés incohérents
VALIDATION ERROR: B-kem768-gilbert-prr0p50-L10-loss1-rep07-seed200007-v3: injection de perte forcée non validée dans le log
VALIDATION ERROR: B-kem768-gilbert-prr0p50-L10-loss1-rep07-seed200007-v3: mode d'application de perte forcée inattendu: invalid
VALIDATION WARNING: B-kem768-gilbert-prr0p50-L10-loss1-rep07-seed200007-v4: perte forcée configurée mais cible/événements observés incohérents
VALIDATION ERROR: B-kem768-gilbert-prr0p50-L10-loss1-rep07-seed200007-v4: injection de perte forcée non validée dans le log
VALIDATION ERROR: B-kem768-gilbert-prr0p50-L10-loss1-rep07-seed200007-v4: mode d'application de perte forcée inattendu: invalid
VALIDATION WARNING: B-kem768-gilbert-prr0p50-L10-loss1-rep08-seed200008-v3: perte forcée configurée mais cible/événements observés incohérents
VALIDATION ERROR: B-kem768-gilbert-prr0p50-L10-loss1-rep08-seed200008-v3: injection de perte forcée non validée dans le log
VALIDATION ERROR: B-kem768-gilbert-prr0p50-L10-loss1-rep08-seed200008-v3: mode d'application de perte forcée inattendu: invalid
VALIDATION WARNING: B-kem768-gilbert-prr0p50-L10-loss1-rep08-seed200008-v4: perte forcée configurée mais cible/événements observés incohérents
VALIDATION ERROR: B-kem768-gilbert-prr0p50-L10-loss1-rep08-seed200008-v4: injection de perte forcée non validée dans le log
VALIDATION ERROR: B-kem768-gilbert-prr0p50-L10-loss1-rep08-seed200008-v4: mode d'application de perte forcée inattendu: invalid
VALIDATION WARNING: B-kem768-gilbert-prr0p50-L10-loss1-rep09-seed200009-v3: perte forcée configurée mais cible/événements observés incohérents
VALIDATION ERROR: B-kem768-gilbert-prr0p50-L10-loss1-rep09-seed200009-v3: injection de perte forcée non validée dans le log
VALIDATION ERROR: B-kem768-gilbert-prr0p50-L10-loss1-rep09-seed200009-v3: mode d'application de perte forcée inattendu: invalid
VALIDATION WARNING: B-kem768-gilbert-prr0p50-L10-loss1-rep09-seed200009-v4: perte forcée configurée mais cible/événements observés incohérents
VALIDATION ERROR: B-kem768-gilbert-prr0p50-L10-loss1-rep09-seed200009-v4: injection de perte forcée non validée dans le log
VALIDATION ERROR: B-kem768-gilbert-prr0p50-L10-loss1-rep09-seed200009-v4: mode d'application de perte forcée inattendu: invalid
VALIDATION WARNING: B-kem768-gilbert-prr0p50-L10-loss1-rep10-seed200010-v3: perte forcée configurée mais cible/événements observés incohérents
VALIDATION ERROR: B-kem768-gilbert-prr0p50-L10-loss1-rep10-seed200010-v3: injection de perte forcée non validée dans le log
VALIDATION ERROR: B-kem768-gilbert-prr0p50-L10-loss1-rep10-seed200010-v3: mode d'application de perte forcée inattendu: invalid
VALIDATION WARNING: B-kem768-gilbert-prr0p50-L10-loss1-rep10-seed200010-v4: perte forcée configurée mais cible/événements observés incohérents
VALIDATION ERROR: B-kem768-gilbert-prr0p50-L10-loss1-rep10-seed200010-v4: injection de perte forcée non validée dans le log
VALIDATION ERROR: B-kem768-gilbert-prr0p50-L10-loss1-rep10-seed200010-v4: mode d'application de perte forcée inattendu: invalid
VALIDATION WARNING: B-kem768-gilbert-prr0p50-L10-loss1-rep11-seed200011-v3: perte forcée configurée mais cible/événements observés incohérents
VALIDATION ERROR: B-kem768-gilbert-prr0p50-L10-loss1-rep11-seed200011-v3: injection de perte forcée non validée dans le log
VALIDATION ERROR: B-kem768-gilbert-prr0p50-L10-loss1-rep11-seed200011-v3: mode d'application de perte forcée inattendu: invalid
VALIDATION WARNING: B-kem768-gilbert-prr0p50-L10-loss1-rep11-seed200011-v4: perte forcée configurée mais cible/événements observés incohérents
VALIDATION ERROR: B-kem768-gilbert-prr0p50-L10-loss1-rep11-seed200011-v4: injection de perte forcée non validée dans le log
VALIDATION ERROR: B-kem768-gilbert-prr0p50-L10-loss1-rep11-seed200011-v4: mode d'application de perte forcée inattendu: invalid
VALIDATION WARNING: B-kem768-gilbert-prr0p50-L10-loss1-rep12-seed200012-v3: perte forcée configurée mais cible/événements observés incohérents
VALIDATION ERROR: B-kem768-gilbert-prr0p50-L10-loss1-rep12-seed200012-v3: injection de perte forcée non validée dans le log
VALIDATION ERROR: B-kem768-gilbert-prr0p50-L10-loss1-rep12-seed200012-v3: mode d'application de perte forcée inattendu: invalid
VALIDATION WARNING: B-kem768-gilbert-prr0p50-L10-loss1-rep12-seed200012-v4: perte forcée configurée mais cible/événements observés incohérents
VALIDATION ERROR: B-kem768-gilbert-prr0p50-L10-loss1-rep12-seed200012-v4: injection de perte forcée non validée dans le log
VALIDATION ERROR: B-kem768-gilbert-prr0p50-L10-loss1-rep12-seed200012-v4: mode d'application de perte forcée inattendu: invalid
VALIDATION WARNING: B-kem768-gilbert-prr0p50-L10-loss1-rep13-seed200013-v3: perte forcée configurée mais cible/événements observés incohérents
VALIDATION ERROR: B-kem768-gilbert-prr0p50-L10-loss1-rep13-seed200013-v3: injection de perte forcée non validée dans le log
VALIDATION ERROR: B-kem768-gilbert-prr0p50-L10-loss1-rep13-seed200013-v3: mode d'application de perte forcée inattendu: invalid
VALIDATION WARNING: B-kem768-gilbert-prr0p50-L10-loss1-rep13-seed200013-v4: perte forcée configurée mais cible/événements observés incohérents
VALIDATION ERROR: B-kem768-gilbert-prr0p50-L10-loss1-rep13-seed200013-v4: injection de perte forcée non validée dans le log
VALIDATION ERROR: B-kem768-gilbert-prr0p50-L10-loss1-rep13-seed200013-v4: mode d'application de perte forcée inattendu: invalid
VALIDATION WARNING: B-kem768-gilbert-prr0p50-L10-loss1-rep14-seed200014-v3: perte forcée configurée mais cible/événements observés incohérents
VALIDATION ERROR: B-kem768-gilbert-prr0p50-L10-loss1-rep14-seed200014-v3: injection de perte forcée non validée dans le log
VALIDATION ERROR: B-kem768-gilbert-prr0p50-L10-loss1-rep14-seed200014-v3: mode d'application de perte forcée inattendu: invalid
VALIDATION WARNING: B-kem768-gilbert-prr0p50-L10-loss1-rep14-seed200014-v4: perte forcée configurée mais cible/événements observés incohérents
VALIDATION ERROR: B-kem768-gilbert-prr0p50-L10-loss1-rep14-seed200014-v4: injection de perte forcée non validée dans le log
VALIDATION ERROR: B-kem768-gilbert-prr0p50-L10-loss1-rep14-seed200014-v4: mode d'application de perte forcée inattendu: invalid
VALIDATION WARNING: B-kem768-gilbert-prr0p50-L10-loss1-rep15-seed200015-v3: perte forcée configurée mais cible/événements observés incohérents
VALIDATION ERROR: B-kem768-gilbert-prr0p50-L10-loss1-rep15-seed200015-v3: injection de perte forcée non validée dans le log
VALIDATION ERROR: B-kem768-gilbert-prr0p50-L10-loss1-rep15-seed200015-v3: mode d'application de perte forcée inattendu: invalid
VALIDATION WARNING: B-kem768-gilbert-prr0p50-L10-loss1-rep15-seed200015-v4: perte forcée configurée mais cible/événements observés incohérents
VALIDATION ERROR: B-kem768-gilbert-prr0p50-L10-loss1-rep15-seed200015-v4: injection de perte forcée non validée dans le log
VALIDATION ERROR: B-kem768-gilbert-prr0p50-L10-loss1-rep15-seed200015-v4: mode d'application de perte forcée inattendu: invalid
VALIDATION WARNING: B-kem768-gilbert-prr0p50-L10-loss1-rep16-seed200016-v3: perte forcée configurée mais cible/événements observés incohérents
VALIDATION ERROR: B-kem768-gilbert-prr0p50-L10-loss1-rep16-seed200016-v3: injection de perte forcée non validée dans le log
VALIDATION ERROR: B-kem768-gilbert-prr0p50-L10-loss1-rep16-seed200016-v3: mode d'application de perte forcée inattendu: invalid
VALIDATION WARNING: B-kem768-gilbert-prr0p50-L10-loss1-rep16-seed200016-v4: perte forcée configurée mais cible/événements observés incohérents
VALIDATION ERROR: B-kem768-gilbert-prr0p50-L10-loss1-rep16-seed200016-v4: injection de perte forcée non validée dans le log
VALIDATION ERROR: B-kem768-gilbert-prr0p50-L10-loss1-rep16-seed200016-v4: mode d'application de perte forcée inattendu: invalid
VALIDATION WARNING: B-kem768-gilbert-prr0p50-L10-loss1-rep17-seed200017-v3: perte forcée configurée mais cible/événements observés incohérents
VALIDATION ERROR: B-kem768-gilbert-prr0p50-L10-loss1-rep17-seed200017-v3: injection de perte forcée non validée dans le log
VALIDATION ERROR: B-kem768-gilbert-prr0p50-L10-loss1-rep17-seed200017-v3: mode d'application de perte forcée inattendu: invalid
VALIDATION WARNING: B-kem768-gilbert-prr0p50-L10-loss1-rep17-seed200017-v4: perte forcée configurée mais cible/événements observés incohérents
VALIDATION ERROR: B-kem768-gilbert-prr0p50-L10-loss1-rep17-seed200017-v4: injection de perte forcée non validée dans le log
VALIDATION ERROR: B-kem768-gilbert-prr0p50-L10-loss1-rep17-seed200017-v4: mode d'application de perte forcée inattendu: invalid
VALIDATION WARNING: B-kem768-gilbert-prr0p50-L10-loss1-rep18-seed200018-v3: perte forcée configurée mais cible/événements observés incohérents
VALIDATION ERROR: B-kem768-gilbert-prr0p50-L10-loss1-rep18-seed200018-v3: injection de perte forcée non validée dans le log
VALIDATION ERROR: B-kem768-gilbert-prr0p50-L10-loss1-rep18-seed200018-v3: mode d'application de perte forcée inattendu: invalid
VALIDATION WARNING: B-kem768-gilbert-prr0p50-L10-loss1-rep18-seed200018-v4: perte forcée configurée mais cible/événements observés incohérents
VALIDATION ERROR: B-kem768-gilbert-prr0p50-L10-loss1-rep18-seed200018-v4: injection de perte forcée non validée dans le log
VALIDATION ERROR: B-kem768-gilbert-prr0p50-L10-loss1-rep18-seed200018-v4: mode d'application de perte forcée inattendu: invalid
VALIDATION WARNING: B-kem768-gilbert-prr0p50-L10-loss1-rep19-seed200019-v3: perte ciblée armée, mais le canal/radio a perdu la trame avant le hook receiver
VALIDATION WARNING: B-kem768-gilbert-prr0p50-L10-loss1-rep19-seed200019-v3: cible armée mais perdue par le canal/radio avant FORCED_LOSS_APPLIED
VALIDATION WARNING: B-kem768-gilbert-prr0p50-L10-loss1-rep19-seed200019-v4: perte ciblée armée, mais le canal/radio a perdu la trame avant le hook receiver
VALIDATION WARNING: B-kem768-gilbert-prr0p50-L10-loss1-rep19-seed200019-v4: cible armée mais perdue par le canal/radio avant FORCED_LOSS_APPLIED
VALIDATION WARNING: B-kem768-gilbert-prr0p50-L10-loss1-rep20-seed200020-v3: perte forcée configurée mais cible/événements observés incohérents
VALIDATION ERROR: B-kem768-gilbert-prr0p50-L10-loss1-rep20-seed200020-v3: injection de perte forcée non validée dans le log
VALIDATION ERROR: B-kem768-gilbert-prr0p50-L10-loss1-rep20-seed200020-v3: mode d'application de perte forcée inattendu: invalid
VALIDATION WARNING: B-kem768-gilbert-prr0p50-L10-loss1-rep20-seed200020-v4: perte forcée configurée mais cible/événements observés incohérents
VALIDATION ERROR: B-kem768-gilbert-prr0p50-L10-loss1-rep20-seed200020-v4: injection de perte forcée non validée dans le log
VALIDATION ERROR: B-kem768-gilbert-prr0p50-L10-loss1-rep20-seed200020-v4: mode d'application de perte forcée inattendu: invalid
VALIDATION WARNING: B-kem768-gilbert-prr0p50-L10-loss1-rep21-seed200021-v3: perte forcée configurée mais cible/événements observés incohérents
VALIDATION ERROR: B-kem768-gilbert-prr0p50-L10-loss1-rep21-seed200021-v3: injection de perte forcée non validée dans le log
VALIDATION ERROR: B-kem768-gilbert-prr0p50-L10-loss1-rep21-seed200021-v3: mode d'application de perte forcée inattendu: invalid
VALIDATION WARNING: B-kem768-gilbert-prr0p50-L10-loss1-rep21-seed200021-v4: perte forcée configurée mais cible/événements observés incohérents
VALIDATION ERROR: B-kem768-gilbert-prr0p50-L10-loss1-rep21-seed200021-v4: injection de perte forcée non validée dans le log
VALIDATION ERROR: B-kem768-gilbert-prr0p50-L10-loss1-rep21-seed200021-v4: mode d'application de perte forcée inattendu: invalid
VALIDATION WARNING: B-kem768-gilbert-prr0p50-L10-loss1-rep22-seed200022-v3: perte forcée configurée mais cible/événements observés incohérents
VALIDATION ERROR: B-kem768-gilbert-prr0p50-L10-loss1-rep22-seed200022-v3: injection de perte forcée non validée dans le log
VALIDATION ERROR: B-kem768-gilbert-prr0p50-L10-loss1-rep22-seed200022-v3: mode d'application de perte forcée inattendu: invalid
VALIDATION WARNING: B-kem768-gilbert-prr0p50-L10-loss1-rep22-seed200022-v4: perte forcée configurée mais cible/événements observés incohérents
VALIDATION ERROR: B-kem768-gilbert-prr0p50-L10-loss1-rep22-seed200022-v4: injection de perte forcée non validée dans le log
VALIDATION ERROR: B-kem768-gilbert-prr0p50-L10-loss1-rep22-seed200022-v4: mode d'application de perte forcée inattendu: invalid
VALIDATION WARNING: B-kem768-gilbert-prr0p50-L10-loss1-rep23-seed200023-v3: perte forcée configurée mais cible/événements observés incohérents
VALIDATION ERROR: B-kem768-gilbert-prr0p50-L10-loss1-rep23-seed200023-v3: injection de perte forcée non validée dans le log
VALIDATION ERROR: B-kem768-gilbert-prr0p50-L10-loss1-rep23-seed200023-v3: mode d'application de perte forcée inattendu: invalid
VALIDATION WARNING: B-kem768-gilbert-prr0p50-L10-loss1-rep23-seed200023-v4: perte forcée configurée mais cible/événements observés incohérents
VALIDATION ERROR: B-kem768-gilbert-prr0p50-L10-loss1-rep23-seed200023-v4: injection de perte forcée non validée dans le log
VALIDATION ERROR: B-kem768-gilbert-prr0p50-L10-loss1-rep23-seed200023-v4: mode d'application de perte forcée inattendu: invalid
VALIDATION WARNING: B-kem768-gilbert-prr0p50-L10-loss1-rep24-seed200024-v3: perte forcée configurée mais cible/événements observés incohérents
VALIDATION ERROR: B-kem768-gilbert-prr0p50-L10-loss1-rep24-seed200024-v3: injection de perte forcée non validée dans le log
VALIDATION ERROR: B-kem768-gilbert-prr0p50-L10-loss1-rep24-seed200024-v3: mode d'application de perte forcée inattendu: invalid
VALIDATION WARNING: B-kem768-gilbert-prr0p50-L10-loss1-rep24-seed200024-v4: perte forcée configurée mais cible/événements observés incohérents
VALIDATION ERROR: B-kem768-gilbert-prr0p50-L10-loss1-rep24-seed200024-v4: injection de perte forcée non validée dans le log
VALIDATION ERROR: B-kem768-gilbert-prr0p50-L10-loss1-rep24-seed200024-v4: mode d'application de perte forcée inattendu: invalid
VALIDATION WARNING: B-kem768-gilbert-prr0p50-L10-loss1-rep25-seed200025-v3: perte forcée configurée mais cible/événements observés incohérents
VALIDATION ERROR: B-kem768-gilbert-prr0p50-L10-loss1-rep25-seed200025-v3: injection de perte forcée non validée dans le log
VALIDATION ERROR: B-kem768-gilbert-prr0p50-L10-loss1-rep25-seed200025-v3: mode d'application de perte forcée inattendu: invalid
VALIDATION WARNING: B-kem768-gilbert-prr0p50-L10-loss1-rep25-seed200025-v4: perte forcée configurée mais cible/événements observés incohérents
VALIDATION ERROR: B-kem768-gilbert-prr0p50-L10-loss1-rep25-seed200025-v4: injection de perte forcée non validée dans le log
VALIDATION ERROR: B-kem768-gilbert-prr0p50-L10-loss1-rep25-seed200025-v4: mode d'application de perte forcée inattendu: invalid
VALIDATION WARNING: B-kem768-gilbert-prr0p50-L10-loss1-rep26-seed200026-v3: perte forcée configurée mais cible/événements observés incohérents
VALIDATION ERROR: B-kem768-gilbert-prr0p50-L10-loss1-rep26-seed200026-v3: injection de perte forcée non validée dans le log
VALIDATION ERROR: B-kem768-gilbert-prr0p50-L10-loss1-rep26-seed200026-v3: mode d'application de perte forcée inattendu: invalid
VALIDATION WARNING: B-kem768-gilbert-prr0p50-L10-loss1-rep26-seed200026-v4: perte forcée configurée mais cible/événements observés incohérents
VALIDATION ERROR: B-kem768-gilbert-prr0p50-L10-loss1-rep26-seed200026-v4: injection de perte forcée non validée dans le log
VALIDATION ERROR: B-kem768-gilbert-prr0p50-L10-loss1-rep26-seed200026-v4: mode d'application de perte forcée inattendu: invalid
VALIDATION WARNING: B-kem768-gilbert-prr0p50-L10-loss1-rep27-seed200027-v3: perte forcée configurée mais cible/événements observés incohérents
VALIDATION ERROR: B-kem768-gilbert-prr0p50-L10-loss1-rep27-seed200027-v3: injection de perte forcée non validée dans le log
VALIDATION ERROR: B-kem768-gilbert-prr0p50-L10-loss1-rep27-seed200027-v3: mode d'application de perte forcée inattendu: invalid
VALIDATION WARNING: B-kem768-gilbert-prr0p50-L10-loss1-rep27-seed200027-v4: perte forcée configurée mais cible/événements observés incohérents
VALIDATION ERROR: B-kem768-gilbert-prr0p50-L10-loss1-rep27-seed200027-v4: injection de perte forcée non validée dans le log
VALIDATION ERROR: B-kem768-gilbert-prr0p50-L10-loss1-rep27-seed200027-v4: mode d'application de perte forcée inattendu: invalid
VALIDATION WARNING: B-kem768-gilbert-prr0p50-L10-loss1-rep28-seed200028-v3: perte forcée configurée mais cible/événements observés incohérents
VALIDATION ERROR: B-kem768-gilbert-prr0p50-L10-loss1-rep28-seed200028-v3: injection de perte forcée non validée dans le log
VALIDATION ERROR: B-kem768-gilbert-prr0p50-L10-loss1-rep28-seed200028-v3: mode d'application de perte forcée inattendu: invalid
VALIDATION WARNING: B-kem768-gilbert-prr0p50-L10-loss1-rep28-seed200028-v4: perte forcée configurée mais cible/événements observés incohérents
VALIDATION ERROR: B-kem768-gilbert-prr0p50-L10-loss1-rep28-seed200028-v4: injection de perte forcée non validée dans le log
VALIDATION ERROR: B-kem768-gilbert-prr0p50-L10-loss1-rep28-seed200028-v4: mode d'application de perte forcée inattendu: invalid
VALIDATION WARNING: B-kem768-gilbert-prr0p50-L10-loss1-rep30-seed200030-v3: perte forcée configurée mais cible/événements observés incohérents
VALIDATION ERROR: B-kem768-gilbert-prr0p50-L10-loss1-rep30-seed200030-v3: injection de perte forcée non validée dans le log
VALIDATION ERROR: B-kem768-gilbert-prr0p50-L10-loss1-rep30-seed200030-v3: mode d'application de perte forcée inattendu: invalid
VALIDATION WARNING: B-kem768-gilbert-prr0p50-L10-loss1-rep30-seed200030-v4: perte forcée configurée mais cible/événements observés incohérents
VALIDATION ERROR: B-kem768-gilbert-prr0p50-L10-loss1-rep30-seed200030-v4: injection de perte forcée non validée dans le log
VALIDATION ERROR: B-kem768-gilbert-prr0p50-L10-loss1-rep30-seed200030-v4: mode d'application de perte forcée inattendu: invalid
VALIDATION WARNING: B-kem768-gilbert-prr0p85-L2-loss1-rep01-seed200001-v3: perte ciblée armée, mais le canal/radio a perdu la trame avant le hook receiver
VALIDATION WARNING: B-kem768-gilbert-prr0p85-L2-loss1-rep01-seed200001-v3: cible armée mais perdue par le canal/radio avant FORCED_LOSS_APPLIED
VALIDATION WARNING: B-kem768-gilbert-prr0p85-L2-loss1-rep01-seed200001-v4: perte ciblée armée, mais le canal/radio a perdu la trame avant le hook receiver
VALIDATION WARNING: B-kem768-gilbert-prr0p85-L2-loss1-rep01-seed200001-v4: cible armée mais perdue par le canal/radio avant FORCED_LOSS_APPLIED
VALIDATION WARNING: B-kem768-gilbert-prr0p85-L2-loss1-rep02-seed200002-v3: perte forcée configurée mais cible/événements observés incohérents
VALIDATION ERROR: B-kem768-gilbert-prr0p85-L2-loss1-rep02-seed200002-v3: injection de perte forcée non validée dans le log
VALIDATION ERROR: B-kem768-gilbert-prr0p85-L2-loss1-rep02-seed200002-v3: mode d'application de perte forcée inattendu: invalid
VALIDATION WARNING: B-kem768-gilbert-prr0p85-L2-loss1-rep02-seed200002-v4: perte forcée configurée mais cible/événements observés incohérents
VALIDATION ERROR: B-kem768-gilbert-prr0p85-L2-loss1-rep02-seed200002-v4: injection de perte forcée non validée dans le log
VALIDATION ERROR: B-kem768-gilbert-prr0p85-L2-loss1-rep02-seed200002-v4: mode d'application de perte forcée inattendu: invalid
VALIDATION WARNING: B-kem768-gilbert-prr0p85-L2-loss1-rep03-seed200003-v3: perte forcée configurée mais cible/événements observés incohérents
VALIDATION ERROR: B-kem768-gilbert-prr0p85-L2-loss1-rep03-seed200003-v3: injection de perte forcée non validée dans le log
VALIDATION ERROR: B-kem768-gilbert-prr0p85-L2-loss1-rep03-seed200003-v3: mode d'application de perte forcée inattendu: invalid
VALIDATION WARNING: B-kem768-gilbert-prr0p85-L2-loss1-rep03-seed200003-v4: perte forcée configurée mais cible/événements observés incohérents
VALIDATION ERROR: B-kem768-gilbert-prr0p85-L2-loss1-rep03-seed200003-v4: injection de perte forcée non validée dans le log
VALIDATION ERROR: B-kem768-gilbert-prr0p85-L2-loss1-rep03-seed200003-v4: mode d'application de perte forcée inattendu: invalid
VALIDATION WARNING: B-kem768-gilbert-prr0p85-L2-loss1-rep05-seed200005-v3: perte forcée configurée mais cible/événements observés incohérents
VALIDATION ERROR: B-kem768-gilbert-prr0p85-L2-loss1-rep05-seed200005-v3: injection de perte forcée non validée dans le log
VALIDATION ERROR: B-kem768-gilbert-prr0p85-L2-loss1-rep05-seed200005-v3: mode d'application de perte forcée inattendu: invalid
VALIDATION WARNING: B-kem768-gilbert-prr0p85-L2-loss1-rep05-seed200005-v4: perte forcée configurée mais cible/événements observés incohérents
VALIDATION ERROR: B-kem768-gilbert-prr0p85-L2-loss1-rep05-seed200005-v4: injection de perte forcée non validée dans le log
VALIDATION ERROR: B-kem768-gilbert-prr0p85-L2-loss1-rep05-seed200005-v4: mode d'application de perte forcée inattendu: invalid
VALIDATION WARNING: B-kem768-gilbert-prr0p85-L2-loss1-rep08-seed200008-v3: perte forcée configurée mais cible/événements observés incohérents
VALIDATION ERROR: B-kem768-gilbert-prr0p85-L2-loss1-rep08-seed200008-v3: injection de perte forcée non validée dans le log
VALIDATION ERROR: B-kem768-gilbert-prr0p85-L2-loss1-rep08-seed200008-v3: mode d'application de perte forcée inattendu: invalid
VALIDATION WARNING: B-kem768-gilbert-prr0p85-L2-loss1-rep08-seed200008-v4: perte forcée configurée mais cible/événements observés incohérents
VALIDATION ERROR: B-kem768-gilbert-prr0p85-L2-loss1-rep08-seed200008-v4: injection de perte forcée non validée dans le log
VALIDATION ERROR: B-kem768-gilbert-prr0p85-L2-loss1-rep08-seed200008-v4: mode d'application de perte forcée inattendu: invalid
VALIDATION WARNING: B-kem768-gilbert-prr0p85-L2-loss1-rep09-seed200009-v3: perte ciblée armée, mais le canal/radio a perdu la trame avant le hook receiver
VALIDATION WARNING: B-kem768-gilbert-prr0p85-L2-loss1-rep09-seed200009-v3: cible armée mais perdue par le canal/radio avant FORCED_LOSS_APPLIED
VALIDATION WARNING: B-kem768-gilbert-prr0p85-L2-loss1-rep09-seed200009-v4: perte ciblée armée, mais le canal/radio a perdu la trame avant le hook receiver
VALIDATION WARNING: B-kem768-gilbert-prr0p85-L2-loss1-rep09-seed200009-v4: cible armée mais perdue par le canal/radio avant FORCED_LOSS_APPLIED
VALIDATION WARNING: B-kem768-gilbert-prr0p85-L2-loss1-rep11-seed200011-v3: perte forcée configurée mais cible/événements observés incohérents
VALIDATION ERROR: B-kem768-gilbert-prr0p85-L2-loss1-rep11-seed200011-v3: injection de perte forcée non validée dans le log
VALIDATION ERROR: B-kem768-gilbert-prr0p85-L2-loss1-rep11-seed200011-v3: mode d'application de perte forcée inattendu: invalid
VALIDATION WARNING: B-kem768-gilbert-prr0p85-L2-loss1-rep11-seed200011-v4: perte forcée configurée mais cible/événements observés incohérents
VALIDATION ERROR: B-kem768-gilbert-prr0p85-L2-loss1-rep11-seed200011-v4: injection de perte forcée non validée dans le log
VALIDATION ERROR: B-kem768-gilbert-prr0p85-L2-loss1-rep11-seed200011-v4: mode d'application de perte forcée inattendu: invalid
VALIDATION WARNING: B-kem768-gilbert-prr0p85-L2-loss1-rep12-seed200012-v3: perte forcée configurée mais cible/événements observés incohérents
VALIDATION ERROR: B-kem768-gilbert-prr0p85-L2-loss1-rep12-seed200012-v3: injection de perte forcée non validée dans le log
VALIDATION ERROR: B-kem768-gilbert-prr0p85-L2-loss1-rep12-seed200012-v3: mode d'application de perte forcée inattendu: invalid
VALIDATION WARNING: B-kem768-gilbert-prr0p85-L2-loss1-rep12-seed200012-v4: perte forcée configurée mais cible/événements observés incohérents
VALIDATION ERROR: B-kem768-gilbert-prr0p85-L2-loss1-rep12-seed200012-v4: injection de perte forcée non validée dans le log
VALIDATION ERROR: B-kem768-gilbert-prr0p85-L2-loss1-rep12-seed200012-v4: mode d'application de perte forcée inattendu: invalid
VALIDATION WARNING: B-kem768-gilbert-prr0p85-L2-loss1-rep16-seed200016-v3: perte forcée configurée mais cible/événements observés incohérents
VALIDATION ERROR: B-kem768-gilbert-prr0p85-L2-loss1-rep16-seed200016-v3: injection de perte forcée non validée dans le log
VALIDATION ERROR: B-kem768-gilbert-prr0p85-L2-loss1-rep16-seed200016-v3: mode d'application de perte forcée inattendu: invalid
VALIDATION WARNING: B-kem768-gilbert-prr0p85-L2-loss1-rep16-seed200016-v4: perte forcée configurée mais cible/événements observés incohérents
VALIDATION ERROR: B-kem768-gilbert-prr0p85-L2-loss1-rep16-seed200016-v4: injection de perte forcée non validée dans le log
VALIDATION ERROR: B-kem768-gilbert-prr0p85-L2-loss1-rep16-seed200016-v4: mode d'application de perte forcée inattendu: invalid
VALIDATION WARNING: B-kem768-gilbert-prr0p85-L2-loss1-rep17-seed200017-v3: perte forcée configurée mais cible/événements observés incohérents
VALIDATION ERROR: B-kem768-gilbert-prr0p85-L2-loss1-rep17-seed200017-v3: injection de perte forcée non validée dans le log
VALIDATION ERROR: B-kem768-gilbert-prr0p85-L2-loss1-rep17-seed200017-v3: mode d'application de perte forcée inattendu: invalid
VALIDATION WARNING: B-kem768-gilbert-prr0p85-L2-loss1-rep17-seed200017-v4: perte forcée configurée mais cible/événements observés incohérents
VALIDATION ERROR: B-kem768-gilbert-prr0p85-L2-loss1-rep17-seed200017-v4: injection de perte forcée non validée dans le log
VALIDATION ERROR: B-kem768-gilbert-prr0p85-L2-loss1-rep17-seed200017-v4: mode d'application de perte forcée inattendu: invalid
VALIDATION WARNING: B-kem768-gilbert-prr0p85-L2-loss1-rep18-seed200018-v3: perte forcée configurée mais cible/événements observés incohérents
VALIDATION ERROR: B-kem768-gilbert-prr0p85-L2-loss1-rep18-seed200018-v3: injection de perte forcée non validée dans le log
VALIDATION ERROR: B-kem768-gilbert-prr0p85-L2-loss1-rep18-seed200018-v3: mode d'application de perte forcée inattendu: invalid
VALIDATION WARNING: B-kem768-gilbert-prr0p85-L2-loss1-rep18-seed200018-v4: perte forcée configurée mais cible/événements observés incohérents
VALIDATION ERROR: B-kem768-gilbert-prr0p85-L2-loss1-rep18-seed200018-v4: injection de perte forcée non validée dans le log
VALIDATION ERROR: B-kem768-gilbert-prr0p85-L2-loss1-rep18-seed200018-v4: mode d'application de perte forcée inattendu: invalid
VALIDATION WARNING: B-kem768-gilbert-prr0p85-L2-loss1-rep20-seed200020-v3: perte forcée configurée mais cible/événements observés incohérents
VALIDATION ERROR: B-kem768-gilbert-prr0p85-L2-loss1-rep20-seed200020-v3: injection de perte forcée non validée dans le log
VALIDATION ERROR: B-kem768-gilbert-prr0p85-L2-loss1-rep20-seed200020-v3: mode d'application de perte forcée inattendu: invalid
VALIDATION WARNING: B-kem768-gilbert-prr0p85-L2-loss1-rep20-seed200020-v4: perte forcée configurée mais cible/événements observés incohérents
VALIDATION ERROR: B-kem768-gilbert-prr0p85-L2-loss1-rep20-seed200020-v4: injection de perte forcée non validée dans le log
VALIDATION ERROR: B-kem768-gilbert-prr0p85-L2-loss1-rep20-seed200020-v4: mode d'application de perte forcée inattendu: invalid
VALIDATION WARNING: B-kem768-gilbert-prr0p85-L2-loss1-rep22-seed200022-v3: perte forcée configurée mais cible/événements observés incohérents
VALIDATION ERROR: B-kem768-gilbert-prr0p85-L2-loss1-rep22-seed200022-v3: injection de perte forcée non validée dans le log
VALIDATION ERROR: B-kem768-gilbert-prr0p85-L2-loss1-rep22-seed200022-v3: mode d'application de perte forcée inattendu: invalid
VALIDATION WARNING: B-kem768-gilbert-prr0p85-L2-loss1-rep22-seed200022-v4: perte forcée configurée mais cible/événements observés incohérents
VALIDATION ERROR: B-kem768-gilbert-prr0p85-L2-loss1-rep22-seed200022-v4: injection de perte forcée non validée dans le log
VALIDATION ERROR: B-kem768-gilbert-prr0p85-L2-loss1-rep22-seed200022-v4: mode d'application de perte forcée inattendu: invalid
VALIDATION WARNING: B-kem768-gilbert-prr0p85-L2-loss1-rep23-seed200023-v3: perte forcée configurée mais cible/événements observés incohérents
VALIDATION ERROR: B-kem768-gilbert-prr0p85-L2-loss1-rep23-seed200023-v3: injection de perte forcée non validée dans le log
VALIDATION ERROR: B-kem768-gilbert-prr0p85-L2-loss1-rep23-seed200023-v3: mode d'application de perte forcée inattendu: invalid
VALIDATION WARNING: B-kem768-gilbert-prr0p85-L2-loss1-rep23-seed200023-v4: perte forcée configurée mais cible/événements observés incohérents
VALIDATION ERROR: B-kem768-gilbert-prr0p85-L2-loss1-rep23-seed200023-v4: injection de perte forcée non validée dans le log
VALIDATION ERROR: B-kem768-gilbert-prr0p85-L2-loss1-rep23-seed200023-v4: mode d'application de perte forcée inattendu: invalid
VALIDATION WARNING: B-kem768-gilbert-prr0p85-L2-loss1-rep25-seed200025-v3: perte forcée configurée mais cible/événements observés incohérents
VALIDATION ERROR: B-kem768-gilbert-prr0p85-L2-loss1-rep25-seed200025-v3: injection de perte forcée non validée dans le log
VALIDATION ERROR: B-kem768-gilbert-prr0p85-L2-loss1-rep25-seed200025-v3: mode d'application de perte forcée inattendu: invalid
VALIDATION WARNING: B-kem768-gilbert-prr0p85-L2-loss1-rep25-seed200025-v4: perte forcée configurée mais cible/événements observés incohérents
VALIDATION ERROR: B-kem768-gilbert-prr0p85-L2-loss1-rep25-seed200025-v4: injection de perte forcée non validée dans le log
VALIDATION ERROR: B-kem768-gilbert-prr0p85-L2-loss1-rep25-seed200025-v4: mode d'application de perte forcée inattendu: invalid
VALIDATION WARNING: B-kem768-gilbert-prr0p85-L2-loss1-rep26-seed200026-v3: perte forcée configurée mais cible/événements observés incohérents
VALIDATION ERROR: B-kem768-gilbert-prr0p85-L2-loss1-rep26-seed200026-v3: injection de perte forcée non validée dans le log
VALIDATION ERROR: B-kem768-gilbert-prr0p85-L2-loss1-rep26-seed200026-v3: mode d'application de perte forcée inattendu: invalid
VALIDATION WARNING: B-kem768-gilbert-prr0p85-L2-loss1-rep26-seed200026-v4: perte forcée configurée mais cible/événements observés incohérents
VALIDATION ERROR: B-kem768-gilbert-prr0p85-L2-loss1-rep26-seed200026-v4: injection de perte forcée non validée dans le log
VALIDATION ERROR: B-kem768-gilbert-prr0p85-L2-loss1-rep26-seed200026-v4: mode d'application de perte forcée inattendu: invalid
VALIDATION WARNING: B-kem768-gilbert-prr0p85-L2-loss1-rep27-seed200027-v3: perte forcée configurée mais cible/événements observés incohérents
VALIDATION ERROR: B-kem768-gilbert-prr0p85-L2-loss1-rep27-seed200027-v3: injection de perte forcée non validée dans le log
VALIDATION ERROR: B-kem768-gilbert-prr0p85-L2-loss1-rep27-seed200027-v3: mode d'application de perte forcée inattendu: invalid
VALIDATION WARNING: B-kem768-gilbert-prr0p85-L2-loss1-rep27-seed200027-v4: perte forcée configurée mais cible/événements observés incohérents
VALIDATION ERROR: B-kem768-gilbert-prr0p85-L2-loss1-rep27-seed200027-v4: injection de perte forcée non validée dans le log
VALIDATION ERROR: B-kem768-gilbert-prr0p85-L2-loss1-rep27-seed200027-v4: mode d'application de perte forcée inattendu: invalid
VALIDATION WARNING: B-kem768-gilbert-prr0p85-L5-loss1-rep02-seed200002-v3: perte forcée configurée mais cible/événements observés incohérents
VALIDATION ERROR: B-kem768-gilbert-prr0p85-L5-loss1-rep02-seed200002-v3: injection de perte forcée non validée dans le log
VALIDATION ERROR: B-kem768-gilbert-prr0p85-L5-loss1-rep02-seed200002-v3: mode d'application de perte forcée inattendu: invalid
VALIDATION WARNING: B-kem768-gilbert-prr0p85-L5-loss1-rep02-seed200002-v4: perte forcée configurée mais cible/événements observés incohérents
VALIDATION ERROR: B-kem768-gilbert-prr0p85-L5-loss1-rep02-seed200002-v4: injection de perte forcée non validée dans le log
VALIDATION ERROR: B-kem768-gilbert-prr0p85-L5-loss1-rep02-seed200002-v4: mode d'application de perte forcée inattendu: invalid
VALIDATION WARNING: B-kem768-gilbert-prr0p85-L5-loss1-rep03-seed200003-v3: perte forcée configurée mais cible/événements observés incohérents
VALIDATION ERROR: B-kem768-gilbert-prr0p85-L5-loss1-rep03-seed200003-v3: injection de perte forcée non validée dans le log
VALIDATION ERROR: B-kem768-gilbert-prr0p85-L5-loss1-rep03-seed200003-v3: mode d'application de perte forcée inattendu: invalid
VALIDATION WARNING: B-kem768-gilbert-prr0p85-L5-loss1-rep03-seed200003-v4: perte forcée configurée mais cible/événements observés incohérents
VALIDATION ERROR: B-kem768-gilbert-prr0p85-L5-loss1-rep03-seed200003-v4: injection de perte forcée non validée dans le log
VALIDATION ERROR: B-kem768-gilbert-prr0p85-L5-loss1-rep03-seed200003-v4: mode d'application de perte forcée inattendu: invalid
VALIDATION WARNING: B-kem768-gilbert-prr0p85-L5-loss1-rep05-seed200005-v3: perte forcée configurée mais cible/événements observés incohérents
VALIDATION ERROR: B-kem768-gilbert-prr0p85-L5-loss1-rep05-seed200005-v3: injection de perte forcée non validée dans le log
VALIDATION ERROR: B-kem768-gilbert-prr0p85-L5-loss1-rep05-seed200005-v3: mode d'application de perte forcée inattendu: invalid
VALIDATION WARNING: B-kem768-gilbert-prr0p85-L5-loss1-rep05-seed200005-v4: perte forcée configurée mais cible/événements observés incohérents
VALIDATION ERROR: B-kem768-gilbert-prr0p85-L5-loss1-rep05-seed200005-v4: injection de perte forcée non validée dans le log
VALIDATION ERROR: B-kem768-gilbert-prr0p85-L5-loss1-rep05-seed200005-v4: mode d'application de perte forcée inattendu: invalid
VALIDATION WARNING: B-kem768-gilbert-prr0p85-L5-loss1-rep08-seed200008-v3: perte forcée configurée mais cible/événements observés incohérents
VALIDATION ERROR: B-kem768-gilbert-prr0p85-L5-loss1-rep08-seed200008-v3: injection de perte forcée non validée dans le log
VALIDATION ERROR: B-kem768-gilbert-prr0p85-L5-loss1-rep08-seed200008-v3: mode d'application de perte forcée inattendu: invalid
VALIDATION WARNING: B-kem768-gilbert-prr0p85-L5-loss1-rep08-seed200008-v4: perte forcée configurée mais cible/événements observés incohérents
VALIDATION ERROR: B-kem768-gilbert-prr0p85-L5-loss1-rep08-seed200008-v4: injection de perte forcée non validée dans le log
VALIDATION ERROR: B-kem768-gilbert-prr0p85-L5-loss1-rep08-seed200008-v4: mode d'application de perte forcée inattendu: invalid
VALIDATION WARNING: B-kem768-gilbert-prr0p85-L5-loss1-rep09-seed200009-v3: perte forcée configurée mais cible/événements observés incohérents
VALIDATION ERROR: B-kem768-gilbert-prr0p85-L5-loss1-rep09-seed200009-v3: injection de perte forcée non validée dans le log
VALIDATION ERROR: B-kem768-gilbert-prr0p85-L5-loss1-rep09-seed200009-v3: mode d'application de perte forcée inattendu: invalid
VALIDATION WARNING: B-kem768-gilbert-prr0p85-L5-loss1-rep09-seed200009-v4: perte forcée configurée mais cible/événements observés incohérents
VALIDATION ERROR: B-kem768-gilbert-prr0p85-L5-loss1-rep09-seed200009-v4: injection de perte forcée non validée dans le log
VALIDATION ERROR: B-kem768-gilbert-prr0p85-L5-loss1-rep09-seed200009-v4: mode d'application de perte forcée inattendu: invalid
VALIDATION WARNING: B-kem768-gilbert-prr0p85-L5-loss1-rep11-seed200011-v3: perte forcée configurée mais cible/événements observés incohérents
VALIDATION ERROR: B-kem768-gilbert-prr0p85-L5-loss1-rep11-seed200011-v3: injection de perte forcée non validée dans le log
VALIDATION ERROR: B-kem768-gilbert-prr0p85-L5-loss1-rep11-seed200011-v3: mode d'application de perte forcée inattendu: invalid
VALIDATION WARNING: B-kem768-gilbert-prr0p85-L5-loss1-rep11-seed200011-v4: perte forcée configurée mais cible/événements observés incohérents
VALIDATION ERROR: B-kem768-gilbert-prr0p85-L5-loss1-rep11-seed200011-v4: injection de perte forcée non validée dans le log
VALIDATION ERROR: B-kem768-gilbert-prr0p85-L5-loss1-rep11-seed200011-v4: mode d'application de perte forcée inattendu: invalid
VALIDATION WARNING: B-kem768-gilbert-prr0p85-L5-loss1-rep12-seed200012-v3: perte forcée configurée mais cible/événements observés incohérents
VALIDATION ERROR: B-kem768-gilbert-prr0p85-L5-loss1-rep12-seed200012-v3: injection de perte forcée non validée dans le log
VALIDATION ERROR: B-kem768-gilbert-prr0p85-L5-loss1-rep12-seed200012-v3: mode d'application de perte forcée inattendu: invalid
VALIDATION WARNING: B-kem768-gilbert-prr0p85-L5-loss1-rep12-seed200012-v4: perte forcée configurée mais cible/événements observés incohérents
VALIDATION ERROR: B-kem768-gilbert-prr0p85-L5-loss1-rep12-seed200012-v4: injection de perte forcée non validée dans le log
VALIDATION ERROR: B-kem768-gilbert-prr0p85-L5-loss1-rep12-seed200012-v4: mode d'application de perte forcée inattendu: invalid
VALIDATION WARNING: B-kem768-gilbert-prr0p85-L5-loss1-rep16-seed200016-v3: perte forcée configurée mais cible/événements observés incohérents
VALIDATION ERROR: B-kem768-gilbert-prr0p85-L5-loss1-rep16-seed200016-v3: injection de perte forcée non validée dans le log
VALIDATION ERROR: B-kem768-gilbert-prr0p85-L5-loss1-rep16-seed200016-v3: mode d'application de perte forcée inattendu: invalid
VALIDATION WARNING: B-kem768-gilbert-prr0p85-L5-loss1-rep16-seed200016-v4: perte forcée configurée mais cible/événements observés incohérents
VALIDATION ERROR: B-kem768-gilbert-prr0p85-L5-loss1-rep16-seed200016-v4: injection de perte forcée non validée dans le log
VALIDATION ERROR: B-kem768-gilbert-prr0p85-L5-loss1-rep16-seed200016-v4: mode d'application de perte forcée inattendu: invalid
VALIDATION WARNING: B-kem768-gilbert-prr0p85-L5-loss1-rep17-seed200017-v3: perte forcée configurée mais cible/événements observés incohérents
VALIDATION ERROR: B-kem768-gilbert-prr0p85-L5-loss1-rep17-seed200017-v3: injection de perte forcée non validée dans le log
VALIDATION ERROR: B-kem768-gilbert-prr0p85-L5-loss1-rep17-seed200017-v3: mode d'application de perte forcée inattendu: invalid
VALIDATION WARNING: B-kem768-gilbert-prr0p85-L5-loss1-rep17-seed200017-v4: perte forcée configurée mais cible/événements observés incohérents
VALIDATION ERROR: B-kem768-gilbert-prr0p85-L5-loss1-rep17-seed200017-v4: injection de perte forcée non validée dans le log
VALIDATION ERROR: B-kem768-gilbert-prr0p85-L5-loss1-rep17-seed200017-v4: mode d'application de perte forcée inattendu: invalid
VALIDATION WARNING: B-kem768-gilbert-prr0p85-L5-loss1-rep18-seed200018-v3: perte forcée configurée mais cible/événements observés incohérents
VALIDATION ERROR: B-kem768-gilbert-prr0p85-L5-loss1-rep18-seed200018-v3: injection de perte forcée non validée dans le log
VALIDATION ERROR: B-kem768-gilbert-prr0p85-L5-loss1-rep18-seed200018-v3: mode d'application de perte forcée inattendu: invalid
VALIDATION WARNING: B-kem768-gilbert-prr0p85-L5-loss1-rep18-seed200018-v4: perte forcée configurée mais cible/événements observés incohérents
VALIDATION ERROR: B-kem768-gilbert-prr0p85-L5-loss1-rep18-seed200018-v4: injection de perte forcée non validée dans le log
VALIDATION ERROR: B-kem768-gilbert-prr0p85-L5-loss1-rep18-seed200018-v4: mode d'application de perte forcée inattendu: invalid
VALIDATION WARNING: B-kem768-gilbert-prr0p85-L5-loss1-rep22-seed200022-v3: perte forcée configurée mais cible/événements observés incohérents
VALIDATION ERROR: B-kem768-gilbert-prr0p85-L5-loss1-rep22-seed200022-v3: injection de perte forcée non validée dans le log
VALIDATION ERROR: B-kem768-gilbert-prr0p85-L5-loss1-rep22-seed200022-v3: mode d'application de perte forcée inattendu: invalid
VALIDATION WARNING: B-kem768-gilbert-prr0p85-L5-loss1-rep22-seed200022-v4: perte forcée configurée mais cible/événements observés incohérents
VALIDATION ERROR: B-kem768-gilbert-prr0p85-L5-loss1-rep22-seed200022-v4: injection de perte forcée non validée dans le log
VALIDATION ERROR: B-kem768-gilbert-prr0p85-L5-loss1-rep22-seed200022-v4: mode d'application de perte forcée inattendu: invalid
VALIDATION WARNING: B-kem768-gilbert-prr0p85-L5-loss1-rep27-seed200027-v3: perte forcée configurée mais cible/événements observés incohérents
VALIDATION ERROR: B-kem768-gilbert-prr0p85-L5-loss1-rep27-seed200027-v3: injection de perte forcée non validée dans le log
VALIDATION ERROR: B-kem768-gilbert-prr0p85-L5-loss1-rep27-seed200027-v3: mode d'application de perte forcée inattendu: invalid
VALIDATION WARNING: B-kem768-gilbert-prr0p85-L5-loss1-rep27-seed200027-v4: perte forcée configurée mais cible/événements observés incohérents
VALIDATION ERROR: B-kem768-gilbert-prr0p85-L5-loss1-rep27-seed200027-v4: injection de perte forcée non validée dans le log
VALIDATION ERROR: B-kem768-gilbert-prr0p85-L5-loss1-rep27-seed200027-v4: mode d'application de perte forcée inattendu: invalid
VALIDATION WARNING: B-kem768-gilbert-prr0p85-L5-loss1-rep28-seed200028-v3: perte ciblée armée, mais le canal/radio a perdu la trame avant le hook receiver
VALIDATION WARNING: B-kem768-gilbert-prr0p85-L5-loss1-rep28-seed200028-v3: cible armée mais perdue par le canal/radio avant FORCED_LOSS_APPLIED
VALIDATION WARNING: B-kem768-gilbert-prr0p85-L5-loss1-rep28-seed200028-v4: perte ciblée armée, mais le canal/radio a perdu la trame avant le hook receiver
VALIDATION WARNING: B-kem768-gilbert-prr0p85-L5-loss1-rep28-seed200028-v4: cible armée mais perdue par le canal/radio avant FORCED_LOSS_APPLIED
VALIDATION WARNING: B-kem768-gilbert-prr0p85-L10-loss1-rep02-seed200002-v3: perte forcée configurée mais cible/événements observés incohérents
VALIDATION ERROR: B-kem768-gilbert-prr0p85-L10-loss1-rep02-seed200002-v3: injection de perte forcée non validée dans le log
VALIDATION ERROR: B-kem768-gilbert-prr0p85-L10-loss1-rep02-seed200002-v3: mode d'application de perte forcée inattendu: invalid
VALIDATION WARNING: B-kem768-gilbert-prr0p85-L10-loss1-rep02-seed200002-v4: perte forcée configurée mais cible/événements observés incohérents
VALIDATION ERROR: B-kem768-gilbert-prr0p85-L10-loss1-rep02-seed200002-v4: injection de perte forcée non validée dans le log
VALIDATION ERROR: B-kem768-gilbert-prr0p85-L10-loss1-rep02-seed200002-v4: mode d'application de perte forcée inattendu: invalid
VALIDATION WARNING: B-kem768-gilbert-prr0p85-L10-loss1-rep03-seed200003-v3: perte forcée configurée mais cible/événements observés incohérents
VALIDATION ERROR: B-kem768-gilbert-prr0p85-L10-loss1-rep03-seed200003-v3: injection de perte forcée non validée dans le log
VALIDATION ERROR: B-kem768-gilbert-prr0p85-L10-loss1-rep03-seed200003-v3: mode d'application de perte forcée inattendu: invalid
VALIDATION WARNING: B-kem768-gilbert-prr0p85-L10-loss1-rep03-seed200003-v4: perte forcée configurée mais cible/événements observés incohérents
VALIDATION ERROR: B-kem768-gilbert-prr0p85-L10-loss1-rep03-seed200003-v4: injection de perte forcée non validée dans le log
VALIDATION ERROR: B-kem768-gilbert-prr0p85-L10-loss1-rep03-seed200003-v4: mode d'application de perte forcée inattendu: invalid
VALIDATION WARNING: B-kem768-gilbert-prr0p85-L10-loss1-rep05-seed200005-v3: perte forcée configurée mais cible/événements observés incohérents
VALIDATION ERROR: B-kem768-gilbert-prr0p85-L10-loss1-rep05-seed200005-v3: injection de perte forcée non validée dans le log
VALIDATION ERROR: B-kem768-gilbert-prr0p85-L10-loss1-rep05-seed200005-v3: mode d'application de perte forcée inattendu: invalid
VALIDATION WARNING: B-kem768-gilbert-prr0p85-L10-loss1-rep05-seed200005-v4: perte forcée configurée mais cible/événements observés incohérents
VALIDATION ERROR: B-kem768-gilbert-prr0p85-L10-loss1-rep05-seed200005-v4: injection de perte forcée non validée dans le log
VALIDATION ERROR: B-kem768-gilbert-prr0p85-L10-loss1-rep05-seed200005-v4: mode d'application de perte forcée inattendu: invalid
VALIDATION WARNING: B-kem768-gilbert-prr0p85-L10-loss1-rep08-seed200008-v3: perte forcée configurée mais cible/événements observés incohérents
VALIDATION ERROR: B-kem768-gilbert-prr0p85-L10-loss1-rep08-seed200008-v3: injection de perte forcée non validée dans le log
VALIDATION ERROR: B-kem768-gilbert-prr0p85-L10-loss1-rep08-seed200008-v3: mode d'application de perte forcée inattendu: invalid
VALIDATION WARNING: B-kem768-gilbert-prr0p85-L10-loss1-rep08-seed200008-v4: perte forcée configurée mais cible/événements observés incohérents
VALIDATION ERROR: B-kem768-gilbert-prr0p85-L10-loss1-rep08-seed200008-v4: injection de perte forcée non validée dans le log
VALIDATION ERROR: B-kem768-gilbert-prr0p85-L10-loss1-rep08-seed200008-v4: mode d'application de perte forcée inattendu: invalid
VALIDATION WARNING: B-kem768-gilbert-prr0p85-L10-loss1-rep09-seed200009-v3: perte forcée configurée mais cible/événements observés incohérents
VALIDATION ERROR: B-kem768-gilbert-prr0p85-L10-loss1-rep09-seed200009-v3: injection de perte forcée non validée dans le log
VALIDATION ERROR: B-kem768-gilbert-prr0p85-L10-loss1-rep09-seed200009-v3: mode d'application de perte forcée inattendu: invalid
VALIDATION WARNING: B-kem768-gilbert-prr0p85-L10-loss1-rep09-seed200009-v4: perte forcée configurée mais cible/événements observés incohérents
VALIDATION ERROR: B-kem768-gilbert-prr0p85-L10-loss1-rep09-seed200009-v4: injection de perte forcée non validée dans le log
VALIDATION ERROR: B-kem768-gilbert-prr0p85-L10-loss1-rep09-seed200009-v4: mode d'application de perte forcée inattendu: invalid
VALIDATION WARNING: B-kem768-gilbert-prr0p85-L10-loss1-rep12-seed200012-v3: perte forcée configurée mais cible/événements observés incohérents
VALIDATION ERROR: B-kem768-gilbert-prr0p85-L10-loss1-rep12-seed200012-v3: injection de perte forcée non validée dans le log
VALIDATION ERROR: B-kem768-gilbert-prr0p85-L10-loss1-rep12-seed200012-v3: mode d'application de perte forcée inattendu: invalid
VALIDATION WARNING: B-kem768-gilbert-prr0p85-L10-loss1-rep12-seed200012-v4: perte forcée configurée mais cible/événements observés incohérents
VALIDATION ERROR: B-kem768-gilbert-prr0p85-L10-loss1-rep12-seed200012-v4: injection de perte forcée non validée dans le log
VALIDATION ERROR: B-kem768-gilbert-prr0p85-L10-loss1-rep12-seed200012-v4: mode d'application de perte forcée inattendu: invalid
VALIDATION WARNING: B-kem768-gilbert-prr0p85-L10-loss1-rep16-seed200016-v3: perte forcée configurée mais cible/événements observés incohérents
VALIDATION ERROR: B-kem768-gilbert-prr0p85-L10-loss1-rep16-seed200016-v3: injection de perte forcée non validée dans le log
VALIDATION ERROR: B-kem768-gilbert-prr0p85-L10-loss1-rep16-seed200016-v3: mode d'application de perte forcée inattendu: invalid
VALIDATION WARNING: B-kem768-gilbert-prr0p85-L10-loss1-rep16-seed200016-v4: perte forcée configurée mais cible/événements observés incohérents
VALIDATION ERROR: B-kem768-gilbert-prr0p85-L10-loss1-rep16-seed200016-v4: injection de perte forcée non validée dans le log
VALIDATION ERROR: B-kem768-gilbert-prr0p85-L10-loss1-rep16-seed200016-v4: mode d'application de perte forcée inattendu: invalid
VALIDATION WARNING: B-kem768-gilbert-prr0p85-L10-loss1-rep18-seed200018-v3: perte forcée configurée mais cible/événements observés incohérents
VALIDATION ERROR: B-kem768-gilbert-prr0p85-L10-loss1-rep18-seed200018-v3: injection de perte forcée non validée dans le log
VALIDATION ERROR: B-kem768-gilbert-prr0p85-L10-loss1-rep18-seed200018-v3: mode d'application de perte forcée inattendu: invalid
VALIDATION WARNING: B-kem768-gilbert-prr0p85-L10-loss1-rep18-seed200018-v4: perte forcée configurée mais cible/événements observés incohérents
VALIDATION ERROR: B-kem768-gilbert-prr0p85-L10-loss1-rep18-seed200018-v4: injection de perte forcée non validée dans le log
VALIDATION ERROR: B-kem768-gilbert-prr0p85-L10-loss1-rep18-seed200018-v4: mode d'application de perte forcée inattendu: invalid
VALIDATION WARNING: B-kem768-gilbert-prr0p85-L10-loss1-rep22-seed200022-v3: perte forcée configurée mais cible/événements observés incohérents
VALIDATION ERROR: B-kem768-gilbert-prr0p85-L10-loss1-rep22-seed200022-v3: injection de perte forcée non validée dans le log
VALIDATION ERROR: B-kem768-gilbert-prr0p85-L10-loss1-rep22-seed200022-v3: mode d'application de perte forcée inattendu: invalid
VALIDATION WARNING: B-kem768-gilbert-prr0p85-L10-loss1-rep22-seed200022-v4: perte forcée configurée mais cible/événements observés incohérents
VALIDATION ERROR: B-kem768-gilbert-prr0p85-L10-loss1-rep22-seed200022-v4: injection de perte forcée non validée dans le log
VALIDATION ERROR: B-kem768-gilbert-prr0p85-L10-loss1-rep22-seed200022-v4: mode d'application de perte forcée inattendu: invalid
VALIDATION WARNING: B-kem768-gilbert-prr0p85-L10-loss1-rep27-seed200027-v3: perte forcée configurée mais cible/événements observés incohérents
VALIDATION ERROR: B-kem768-gilbert-prr0p85-L10-loss1-rep27-seed200027-v3: injection de perte forcée non validée dans le log
VALIDATION ERROR: B-kem768-gilbert-prr0p85-L10-loss1-rep27-seed200027-v3: mode d'application de perte forcée inattendu: invalid
VALIDATION WARNING: B-kem768-gilbert-prr0p85-L10-loss1-rep27-seed200027-v4: perte forcée configurée mais cible/événements observés incohérents
VALIDATION ERROR: B-kem768-gilbert-prr0p85-L10-loss1-rep27-seed200027-v4: injection de perte forcée non validée dans le log
VALIDATION ERROR: B-kem768-gilbert-prr0p85-L10-loss1-rep27-seed200027-v4: mode d'application de perte forcée inattendu: invalid
VALIDATION WARNING: B-kem768-gilbert-prr0p90-L2-loss1-rep02-seed200002-v3: perte forcée configurée mais cible/événements observés incohérents
VALIDATION ERROR: B-kem768-gilbert-prr0p90-L2-loss1-rep02-seed200002-v3: injection de perte forcée non validée dans le log
VALIDATION ERROR: B-kem768-gilbert-prr0p90-L2-loss1-rep02-seed200002-v3: mode d'application de perte forcée inattendu: invalid
VALIDATION WARNING: B-kem768-gilbert-prr0p90-L2-loss1-rep02-seed200002-v4: perte forcée configurée mais cible/événements observés incohérents
VALIDATION ERROR: B-kem768-gilbert-prr0p90-L2-loss1-rep02-seed200002-v4: injection de perte forcée non validée dans le log
VALIDATION ERROR: B-kem768-gilbert-prr0p90-L2-loss1-rep02-seed200002-v4: mode d'application de perte forcée inattendu: invalid
VALIDATION WARNING: B-kem768-gilbert-prr0p90-L2-loss1-rep03-seed200003-v3: perte forcée configurée mais cible/événements observés incohérents
VALIDATION ERROR: B-kem768-gilbert-prr0p90-L2-loss1-rep03-seed200003-v3: injection de perte forcée non validée dans le log
VALIDATION ERROR: B-kem768-gilbert-prr0p90-L2-loss1-rep03-seed200003-v3: mode d'application de perte forcée inattendu: invalid
VALIDATION WARNING: B-kem768-gilbert-prr0p90-L2-loss1-rep03-seed200003-v4: perte forcée configurée mais cible/événements observés incohérents
VALIDATION ERROR: B-kem768-gilbert-prr0p90-L2-loss1-rep03-seed200003-v4: injection de perte forcée non validée dans le log
VALIDATION ERROR: B-kem768-gilbert-prr0p90-L2-loss1-rep03-seed200003-v4: mode d'application de perte forcée inattendu: invalid
VALIDATION WARNING: B-kem768-gilbert-prr0p90-L2-loss1-rep05-seed200005-v3: perte forcée configurée mais cible/événements observés incohérents
VALIDATION ERROR: B-kem768-gilbert-prr0p90-L2-loss1-rep05-seed200005-v3: injection de perte forcée non validée dans le log
VALIDATION ERROR: B-kem768-gilbert-prr0p90-L2-loss1-rep05-seed200005-v3: mode d'application de perte forcée inattendu: invalid
VALIDATION WARNING: B-kem768-gilbert-prr0p90-L2-loss1-rep05-seed200005-v4: perte forcée configurée mais cible/événements observés incohérents
VALIDATION ERROR: B-kem768-gilbert-prr0p90-L2-loss1-rep05-seed200005-v4: injection de perte forcée non validée dans le log
VALIDATION ERROR: B-kem768-gilbert-prr0p90-L2-loss1-rep05-seed200005-v4: mode d'application de perte forcée inattendu: invalid
VALIDATION WARNING: B-kem768-gilbert-prr0p90-L2-loss1-rep08-seed200008-v3: perte forcée configurée mais cible/événements observés incohérents
VALIDATION ERROR: B-kem768-gilbert-prr0p90-L2-loss1-rep08-seed200008-v3: injection de perte forcée non validée dans le log
VALIDATION ERROR: B-kem768-gilbert-prr0p90-L2-loss1-rep08-seed200008-v3: mode d'application de perte forcée inattendu: invalid
VALIDATION WARNING: B-kem768-gilbert-prr0p90-L2-loss1-rep08-seed200008-v4: perte forcée configurée mais cible/événements observés incohérents
VALIDATION ERROR: B-kem768-gilbert-prr0p90-L2-loss1-rep08-seed200008-v4: injection de perte forcée non validée dans le log
VALIDATION ERROR: B-kem768-gilbert-prr0p90-L2-loss1-rep08-seed200008-v4: mode d'application de perte forcée inattendu: invalid
VALIDATION WARNING: B-kem768-gilbert-prr0p90-L2-loss1-rep09-seed200009-v3: perte ciblée armée, mais le canal/radio a perdu la trame avant le hook receiver
VALIDATION WARNING: B-kem768-gilbert-prr0p90-L2-loss1-rep09-seed200009-v3: cible armée mais perdue par le canal/radio avant FORCED_LOSS_APPLIED
VALIDATION WARNING: B-kem768-gilbert-prr0p90-L2-loss1-rep09-seed200009-v4: perte ciblée armée, mais le canal/radio a perdu la trame avant le hook receiver
VALIDATION WARNING: B-kem768-gilbert-prr0p90-L2-loss1-rep09-seed200009-v4: cible armée mais perdue par le canal/radio avant FORCED_LOSS_APPLIED
VALIDATION WARNING: B-kem768-gilbert-prr0p90-L2-loss1-rep11-seed200011-v3: perte forcée configurée mais cible/événements observés incohérents
VALIDATION ERROR: B-kem768-gilbert-prr0p90-L2-loss1-rep11-seed200011-v3: injection de perte forcée non validée dans le log
VALIDATION ERROR: B-kem768-gilbert-prr0p90-L2-loss1-rep11-seed200011-v3: mode d'application de perte forcée inattendu: invalid
VALIDATION WARNING: B-kem768-gilbert-prr0p90-L2-loss1-rep11-seed200011-v4: perte forcée configurée mais cible/événements observés incohérents
VALIDATION ERROR: B-kem768-gilbert-prr0p90-L2-loss1-rep11-seed200011-v4: injection de perte forcée non validée dans le log
VALIDATION ERROR: B-kem768-gilbert-prr0p90-L2-loss1-rep11-seed200011-v4: mode d'application de perte forcée inattendu: invalid
VALIDATION WARNING: B-kem768-gilbert-prr0p90-L2-loss1-rep12-seed200012-v3: perte forcée configurée mais cible/événements observés incohérents
VALIDATION ERROR: B-kem768-gilbert-prr0p90-L2-loss1-rep12-seed200012-v3: injection de perte forcée non validée dans le log
VALIDATION ERROR: B-kem768-gilbert-prr0p90-L2-loss1-rep12-seed200012-v3: mode d'application de perte forcée inattendu: invalid
VALIDATION WARNING: B-kem768-gilbert-prr0p90-L2-loss1-rep12-seed200012-v4: perte forcée configurée mais cible/événements observés incohérents
VALIDATION ERROR: B-kem768-gilbert-prr0p90-L2-loss1-rep12-seed200012-v4: injection de perte forcée non validée dans le log
VALIDATION ERROR: B-kem768-gilbert-prr0p90-L2-loss1-rep12-seed200012-v4: mode d'application de perte forcée inattendu: invalid
VALIDATION WARNING: B-kem768-gilbert-prr0p90-L2-loss1-rep16-seed200016-v3: perte forcée configurée mais cible/événements observés incohérents
VALIDATION ERROR: B-kem768-gilbert-prr0p90-L2-loss1-rep16-seed200016-v3: injection de perte forcée non validée dans le log
VALIDATION ERROR: B-kem768-gilbert-prr0p90-L2-loss1-rep16-seed200016-v3: mode d'application de perte forcée inattendu: invalid
VALIDATION WARNING: B-kem768-gilbert-prr0p90-L2-loss1-rep16-seed200016-v4: perte forcée configurée mais cible/événements observés incohérents
VALIDATION ERROR: B-kem768-gilbert-prr0p90-L2-loss1-rep16-seed200016-v4: injection de perte forcée non validée dans le log
VALIDATION ERROR: B-kem768-gilbert-prr0p90-L2-loss1-rep16-seed200016-v4: mode d'application de perte forcée inattendu: invalid
VALIDATION WARNING: B-kem768-gilbert-prr0p90-L2-loss1-rep17-seed200017-v3: perte forcée configurée mais cible/événements observés incohérents
VALIDATION ERROR: B-kem768-gilbert-prr0p90-L2-loss1-rep17-seed200017-v3: injection de perte forcée non validée dans le log
VALIDATION ERROR: B-kem768-gilbert-prr0p90-L2-loss1-rep17-seed200017-v3: mode d'application de perte forcée inattendu: invalid
VALIDATION WARNING: B-kem768-gilbert-prr0p90-L2-loss1-rep17-seed200017-v4: perte forcée configurée mais cible/événements observés incohérents
VALIDATION ERROR: B-kem768-gilbert-prr0p90-L2-loss1-rep17-seed200017-v4: injection de perte forcée non validée dans le log
VALIDATION ERROR: B-kem768-gilbert-prr0p90-L2-loss1-rep17-seed200017-v4: mode d'application de perte forcée inattendu: invalid
VALIDATION WARNING: B-kem768-gilbert-prr0p90-L2-loss1-rep20-seed200020-v3: perte forcée configurée mais cible/événements observés incohérents
VALIDATION ERROR: B-kem768-gilbert-prr0p90-L2-loss1-rep20-seed200020-v3: injection de perte forcée non validée dans le log
VALIDATION ERROR: B-kem768-gilbert-prr0p90-L2-loss1-rep20-seed200020-v3: mode d'application de perte forcée inattendu: invalid
VALIDATION WARNING: B-kem768-gilbert-prr0p90-L2-loss1-rep20-seed200020-v4: perte forcée configurée mais cible/événements observés incohérents
VALIDATION ERROR: B-kem768-gilbert-prr0p90-L2-loss1-rep20-seed200020-v4: injection de perte forcée non validée dans le log
VALIDATION ERROR: B-kem768-gilbert-prr0p90-L2-loss1-rep20-seed200020-v4: mode d'application de perte forcée inattendu: invalid
VALIDATION WARNING: B-kem768-gilbert-prr0p90-L2-loss1-rep22-seed200022-v3: perte forcée configurée mais cible/événements observés incohérents
VALIDATION ERROR: B-kem768-gilbert-prr0p90-L2-loss1-rep22-seed200022-v3: injection de perte forcée non validée dans le log
VALIDATION ERROR: B-kem768-gilbert-prr0p90-L2-loss1-rep22-seed200022-v3: mode d'application de perte forcée inattendu: invalid
VALIDATION WARNING: B-kem768-gilbert-prr0p90-L2-loss1-rep22-seed200022-v4: perte forcée configurée mais cible/événements observés incohérents
VALIDATION ERROR: B-kem768-gilbert-prr0p90-L2-loss1-rep22-seed200022-v4: injection de perte forcée non validée dans le log
VALIDATION ERROR: B-kem768-gilbert-prr0p90-L2-loss1-rep22-seed200022-v4: mode d'application de perte forcée inattendu: invalid
VALIDATION WARNING: B-kem768-gilbert-prr0p90-L2-loss1-rep27-seed200027-v3: perte forcée configurée mais cible/événements observés incohérents
VALIDATION ERROR: B-kem768-gilbert-prr0p90-L2-loss1-rep27-seed200027-v3: injection de perte forcée non validée dans le log
VALIDATION ERROR: B-kem768-gilbert-prr0p90-L2-loss1-rep27-seed200027-v3: mode d'application de perte forcée inattendu: invalid
VALIDATION WARNING: B-kem768-gilbert-prr0p90-L2-loss1-rep27-seed200027-v4: perte forcée configurée mais cible/événements observés incohérents
VALIDATION ERROR: B-kem768-gilbert-prr0p90-L2-loss1-rep27-seed200027-v4: injection de perte forcée non validée dans le log
VALIDATION ERROR: B-kem768-gilbert-prr0p90-L2-loss1-rep27-seed200027-v4: mode d'application de perte forcée inattendu: invalid
VALIDATION WARNING: B-kem768-gilbert-prr0p90-L5-loss1-rep02-seed200002-v3: perte forcée configurée mais cible/événements observés incohérents
VALIDATION ERROR: B-kem768-gilbert-prr0p90-L5-loss1-rep02-seed200002-v3: injection de perte forcée non validée dans le log
VALIDATION ERROR: B-kem768-gilbert-prr0p90-L5-loss1-rep02-seed200002-v3: mode d'application de perte forcée inattendu: invalid
VALIDATION WARNING: B-kem768-gilbert-prr0p90-L5-loss1-rep02-seed200002-v4: perte forcée configurée mais cible/événements observés incohérents
VALIDATION ERROR: B-kem768-gilbert-prr0p90-L5-loss1-rep02-seed200002-v4: injection de perte forcée non validée dans le log
VALIDATION ERROR: B-kem768-gilbert-prr0p90-L5-loss1-rep02-seed200002-v4: mode d'application de perte forcée inattendu: invalid
VALIDATION WARNING: B-kem768-gilbert-prr0p90-L5-loss1-rep03-seed200003-v3: perte forcée configurée mais cible/événements observés incohérents
VALIDATION ERROR: B-kem768-gilbert-prr0p90-L5-loss1-rep03-seed200003-v3: injection de perte forcée non validée dans le log
VALIDATION ERROR: B-kem768-gilbert-prr0p90-L5-loss1-rep03-seed200003-v3: mode d'application de perte forcée inattendu: invalid
VALIDATION WARNING: B-kem768-gilbert-prr0p90-L5-loss1-rep03-seed200003-v4: perte forcée configurée mais cible/événements observés incohérents
VALIDATION ERROR: B-kem768-gilbert-prr0p90-L5-loss1-rep03-seed200003-v4: injection de perte forcée non validée dans le log
VALIDATION ERROR: B-kem768-gilbert-prr0p90-L5-loss1-rep03-seed200003-v4: mode d'application de perte forcée inattendu: invalid
VALIDATION WARNING: B-kem768-gilbert-prr0p90-L5-loss1-rep05-seed200005-v3: perte forcée configurée mais cible/événements observés incohérents
VALIDATION ERROR: B-kem768-gilbert-prr0p90-L5-loss1-rep05-seed200005-v3: injection de perte forcée non validée dans le log
VALIDATION ERROR: B-kem768-gilbert-prr0p90-L5-loss1-rep05-seed200005-v3: mode d'application de perte forcée inattendu: invalid
VALIDATION WARNING: B-kem768-gilbert-prr0p90-L5-loss1-rep05-seed200005-v4: perte forcée configurée mais cible/événements observés incohérents
VALIDATION ERROR: B-kem768-gilbert-prr0p90-L5-loss1-rep05-seed200005-v4: injection de perte forcée non validée dans le log
VALIDATION ERROR: B-kem768-gilbert-prr0p90-L5-loss1-rep05-seed200005-v4: mode d'application de perte forcée inattendu: invalid
VALIDATION WARNING: B-kem768-gilbert-prr0p90-L5-loss1-rep08-seed200008-v3: perte forcée configurée mais cible/événements observés incohérents
VALIDATION ERROR: B-kem768-gilbert-prr0p90-L5-loss1-rep08-seed200008-v3: injection de perte forcée non validée dans le log
VALIDATION ERROR: B-kem768-gilbert-prr0p90-L5-loss1-rep08-seed200008-v3: mode d'application de perte forcée inattendu: invalid
VALIDATION WARNING: B-kem768-gilbert-prr0p90-L5-loss1-rep08-seed200008-v4: perte forcée configurée mais cible/événements observés incohérents
VALIDATION ERROR: B-kem768-gilbert-prr0p90-L5-loss1-rep08-seed200008-v4: injection de perte forcée non validée dans le log
VALIDATION ERROR: B-kem768-gilbert-prr0p90-L5-loss1-rep08-seed200008-v4: mode d'application de perte forcée inattendu: invalid
VALIDATION WARNING: B-kem768-gilbert-prr0p90-L5-loss1-rep09-seed200009-v3: perte forcée configurée mais cible/événements observés incohérents
VALIDATION ERROR: B-kem768-gilbert-prr0p90-L5-loss1-rep09-seed200009-v3: injection de perte forcée non validée dans le log
VALIDATION ERROR: B-kem768-gilbert-prr0p90-L5-loss1-rep09-seed200009-v3: mode d'application de perte forcée inattendu: invalid
VALIDATION WARNING: B-kem768-gilbert-prr0p90-L5-loss1-rep09-seed200009-v4: perte forcée configurée mais cible/événements observés incohérents
VALIDATION ERROR: B-kem768-gilbert-prr0p90-L5-loss1-rep09-seed200009-v4: injection de perte forcée non validée dans le log
VALIDATION ERROR: B-kem768-gilbert-prr0p90-L5-loss1-rep09-seed200009-v4: mode d'application de perte forcée inattendu: invalid
VALIDATION WARNING: B-kem768-gilbert-prr0p90-L5-loss1-rep12-seed200012-v3: perte forcée configurée mais cible/événements observés incohérents
VALIDATION ERROR: B-kem768-gilbert-prr0p90-L5-loss1-rep12-seed200012-v3: injection de perte forcée non validée dans le log
VALIDATION ERROR: B-kem768-gilbert-prr0p90-L5-loss1-rep12-seed200012-v3: mode d'application de perte forcée inattendu: invalid
VALIDATION WARNING: B-kem768-gilbert-prr0p90-L5-loss1-rep12-seed200012-v4: perte forcée configurée mais cible/événements observés incohérents
VALIDATION ERROR: B-kem768-gilbert-prr0p90-L5-loss1-rep12-seed200012-v4: injection de perte forcée non validée dans le log
VALIDATION ERROR: B-kem768-gilbert-prr0p90-L5-loss1-rep12-seed200012-v4: mode d'application de perte forcée inattendu: invalid
VALIDATION WARNING: B-kem768-gilbert-prr0p90-L5-loss1-rep16-seed200016-v3: perte forcée configurée mais cible/événements observés incohérents
VALIDATION ERROR: B-kem768-gilbert-prr0p90-L5-loss1-rep16-seed200016-v3: injection de perte forcée non validée dans le log
VALIDATION ERROR: B-kem768-gilbert-prr0p90-L5-loss1-rep16-seed200016-v3: mode d'application de perte forcée inattendu: invalid
VALIDATION WARNING: B-kem768-gilbert-prr0p90-L5-loss1-rep16-seed200016-v4: perte forcée configurée mais cible/événements observés incohérents
VALIDATION ERROR: B-kem768-gilbert-prr0p90-L5-loss1-rep16-seed200016-v4: injection de perte forcée non validée dans le log
VALIDATION ERROR: B-kem768-gilbert-prr0p90-L5-loss1-rep16-seed200016-v4: mode d'application de perte forcée inattendu: invalid
VALIDATION WARNING: B-kem768-gilbert-prr0p90-L5-loss1-rep17-seed200017-v3: perte forcée configurée mais cible/événements observés incohérents
VALIDATION ERROR: B-kem768-gilbert-prr0p90-L5-loss1-rep17-seed200017-v3: injection de perte forcée non validée dans le log
VALIDATION ERROR: B-kem768-gilbert-prr0p90-L5-loss1-rep17-seed200017-v3: mode d'application de perte forcée inattendu: invalid
VALIDATION WARNING: B-kem768-gilbert-prr0p90-L5-loss1-rep17-seed200017-v4: perte forcée configurée mais cible/événements observés incohérents
VALIDATION ERROR: B-kem768-gilbert-prr0p90-L5-loss1-rep17-seed200017-v4: injection de perte forcée non validée dans le log
VALIDATION ERROR: B-kem768-gilbert-prr0p90-L5-loss1-rep17-seed200017-v4: mode d'application de perte forcée inattendu: invalid
VALIDATION WARNING: B-kem768-gilbert-prr0p90-L5-loss1-rep22-seed200022-v3: perte forcée configurée mais cible/événements observés incohérents
VALIDATION ERROR: B-kem768-gilbert-prr0p90-L5-loss1-rep22-seed200022-v3: injection de perte forcée non validée dans le log
VALIDATION ERROR: B-kem768-gilbert-prr0p90-L5-loss1-rep22-seed200022-v3: mode d'application de perte forcée inattendu: invalid
VALIDATION WARNING: B-kem768-gilbert-prr0p90-L5-loss1-rep22-seed200022-v4: perte forcée configurée mais cible/événements observés incohérents
VALIDATION ERROR: B-kem768-gilbert-prr0p90-L5-loss1-rep22-seed200022-v4: injection de perte forcée non validée dans le log
VALIDATION ERROR: B-kem768-gilbert-prr0p90-L5-loss1-rep22-seed200022-v4: mode d'application de perte forcée inattendu: invalid
VALIDATION WARNING: B-kem768-gilbert-prr0p90-L5-loss1-rep27-seed200027-v3: perte forcée configurée mais cible/événements observés incohérents
VALIDATION ERROR: B-kem768-gilbert-prr0p90-L5-loss1-rep27-seed200027-v3: injection de perte forcée non validée dans le log
VALIDATION ERROR: B-kem768-gilbert-prr0p90-L5-loss1-rep27-seed200027-v3: mode d'application de perte forcée inattendu: invalid
VALIDATION WARNING: B-kem768-gilbert-prr0p90-L5-loss1-rep27-seed200027-v4: perte forcée configurée mais cible/événements observés incohérents
VALIDATION ERROR: B-kem768-gilbert-prr0p90-L5-loss1-rep27-seed200027-v4: injection de perte forcée non validée dans le log
VALIDATION ERROR: B-kem768-gilbert-prr0p90-L5-loss1-rep27-seed200027-v4: mode d'application de perte forcée inattendu: invalid
VALIDATION WARNING: B-kem768-gilbert-prr0p90-L10-loss1-rep02-seed200002-v3: perte forcée configurée mais cible/événements observés incohérents
VALIDATION ERROR: B-kem768-gilbert-prr0p90-L10-loss1-rep02-seed200002-v3: injection de perte forcée non validée dans le log
VALIDATION ERROR: B-kem768-gilbert-prr0p90-L10-loss1-rep02-seed200002-v3: mode d'application de perte forcée inattendu: invalid
VALIDATION WARNING: B-kem768-gilbert-prr0p90-L10-loss1-rep02-seed200002-v4: perte forcée configurée mais cible/événements observés incohérents
VALIDATION ERROR: B-kem768-gilbert-prr0p90-L10-loss1-rep02-seed200002-v4: injection de perte forcée non validée dans le log
VALIDATION ERROR: B-kem768-gilbert-prr0p90-L10-loss1-rep02-seed200002-v4: mode d'application de perte forcée inattendu: invalid
VALIDATION WARNING: B-kem768-gilbert-prr0p90-L10-loss1-rep03-seed200003-v3: perte forcée configurée mais cible/événements observés incohérents
VALIDATION ERROR: B-kem768-gilbert-prr0p90-L10-loss1-rep03-seed200003-v3: injection de perte forcée non validée dans le log
VALIDATION ERROR: B-kem768-gilbert-prr0p90-L10-loss1-rep03-seed200003-v3: mode d'application de perte forcée inattendu: invalid
VALIDATION WARNING: B-kem768-gilbert-prr0p90-L10-loss1-rep03-seed200003-v4: perte forcée configurée mais cible/événements observés incohérents
VALIDATION ERROR: B-kem768-gilbert-prr0p90-L10-loss1-rep03-seed200003-v4: injection de perte forcée non validée dans le log
VALIDATION ERROR: B-kem768-gilbert-prr0p90-L10-loss1-rep03-seed200003-v4: mode d'application de perte forcée inattendu: invalid
VALIDATION WARNING: B-kem768-gilbert-prr0p90-L10-loss1-rep05-seed200005-v3: perte forcée configurée mais cible/événements observés incohérents
VALIDATION ERROR: B-kem768-gilbert-prr0p90-L10-loss1-rep05-seed200005-v3: injection de perte forcée non validée dans le log
VALIDATION ERROR: B-kem768-gilbert-prr0p90-L10-loss1-rep05-seed200005-v3: mode d'application de perte forcée inattendu: invalid
VALIDATION WARNING: B-kem768-gilbert-prr0p90-L10-loss1-rep05-seed200005-v4: perte forcée configurée mais cible/événements observés incohérents
VALIDATION ERROR: B-kem768-gilbert-prr0p90-L10-loss1-rep05-seed200005-v4: injection de perte forcée non validée dans le log
VALIDATION ERROR: B-kem768-gilbert-prr0p90-L10-loss1-rep05-seed200005-v4: mode d'application de perte forcée inattendu: invalid
VALIDATION WARNING: B-kem768-gilbert-prr0p90-L10-loss1-rep09-seed200009-v3: perte forcée configurée mais cible/événements observés incohérents
VALIDATION ERROR: B-kem768-gilbert-prr0p90-L10-loss1-rep09-seed200009-v3: injection de perte forcée non validée dans le log
VALIDATION ERROR: B-kem768-gilbert-prr0p90-L10-loss1-rep09-seed200009-v3: mode d'application de perte forcée inattendu: invalid
VALIDATION WARNING: B-kem768-gilbert-prr0p90-L10-loss1-rep09-seed200009-v4: perte forcée configurée mais cible/événements observés incohérents
VALIDATION ERROR: B-kem768-gilbert-prr0p90-L10-loss1-rep09-seed200009-v4: injection de perte forcée non validée dans le log
VALIDATION ERROR: B-kem768-gilbert-prr0p90-L10-loss1-rep09-seed200009-v4: mode d'application de perte forcée inattendu: invalid
VALIDATION WARNING: B-kem768-gilbert-prr0p90-L10-loss1-rep12-seed200012-v3: perte forcée configurée mais cible/événements observés incohérents
VALIDATION ERROR: B-kem768-gilbert-prr0p90-L10-loss1-rep12-seed200012-v3: injection de perte forcée non validée dans le log
VALIDATION ERROR: B-kem768-gilbert-prr0p90-L10-loss1-rep12-seed200012-v3: mode d'application de perte forcée inattendu: invalid
VALIDATION WARNING: B-kem768-gilbert-prr0p90-L10-loss1-rep12-seed200012-v4: perte forcée configurée mais cible/événements observés incohérents
VALIDATION ERROR: B-kem768-gilbert-prr0p90-L10-loss1-rep12-seed200012-v4: injection de perte forcée non validée dans le log
VALIDATION ERROR: B-kem768-gilbert-prr0p90-L10-loss1-rep12-seed200012-v4: mode d'application de perte forcée inattendu: invalid
VALIDATION WARNING: B-kem768-gilbert-prr0p90-L10-loss1-rep16-seed200016-v3: perte forcée configurée mais cible/événements observés incohérents
VALIDATION ERROR: B-kem768-gilbert-prr0p90-L10-loss1-rep16-seed200016-v3: injection de perte forcée non validée dans le log
VALIDATION ERROR: B-kem768-gilbert-prr0p90-L10-loss1-rep16-seed200016-v3: mode d'application de perte forcée inattendu: invalid
VALIDATION WARNING: B-kem768-gilbert-prr0p90-L10-loss1-rep16-seed200016-v4: perte forcée configurée mais cible/événements observés incohérents
VALIDATION ERROR: B-kem768-gilbert-prr0p90-L10-loss1-rep16-seed200016-v4: injection de perte forcée non validée dans le log
VALIDATION ERROR: B-kem768-gilbert-prr0p90-L10-loss1-rep16-seed200016-v4: mode d'application de perte forcée inattendu: invalid
VALIDATION WARNING: B-kem768-gilbert-prr0p90-L10-loss1-rep22-seed200022-v3: perte forcée configurée mais cible/événements observés incohérents
VALIDATION ERROR: B-kem768-gilbert-prr0p90-L10-loss1-rep22-seed200022-v3: injection de perte forcée non validée dans le log
VALIDATION ERROR: B-kem768-gilbert-prr0p90-L10-loss1-rep22-seed200022-v3: mode d'application de perte forcée inattendu: invalid
VALIDATION WARNING: B-kem768-gilbert-prr0p90-L10-loss1-rep22-seed200022-v4: perte forcée configurée mais cible/événements observés incohérents
VALIDATION ERROR: B-kem768-gilbert-prr0p90-L10-loss1-rep22-seed200022-v4: injection de perte forcée non validée dans le log
VALIDATION ERROR: B-kem768-gilbert-prr0p90-L10-loss1-rep22-seed200022-v4: mode d'application de perte forcée inattendu: invalid
VALIDATION WARNING: B-kem768-gilbert-prr0p90-L10-loss1-rep27-seed200027-v3: perte forcée configurée mais cible/événements observés incohérents
VALIDATION ERROR: B-kem768-gilbert-prr0p90-L10-loss1-rep27-seed200027-v3: injection de perte forcée non validée dans le log
VALIDATION ERROR: B-kem768-gilbert-prr0p90-L10-loss1-rep27-seed200027-v3: mode d'application de perte forcée inattendu: invalid
VALIDATION WARNING: B-kem768-gilbert-prr0p90-L10-loss1-rep27-seed200027-v4: perte forcée configurée mais cible/événements observés incohérents
VALIDATION ERROR: B-kem768-gilbert-prr0p90-L10-loss1-rep27-seed200027-v4: injection de perte forcée non validée dans le log
VALIDATION ERROR: B-kem768-gilbert-prr0p90-L10-loss1-rep27-seed200027-v4: mode d'application de perte forcée inattendu: invalid
VALIDATION WARNING: B-kem768-gilbert-prr0p95-L2-loss1-rep02-seed200002-v3: perte forcée configurée mais cible/événements observés incohérents
VALIDATION ERROR: B-kem768-gilbert-prr0p95-L2-loss1-rep02-seed200002-v3: injection de perte forcée non validée dans le log
VALIDATION ERROR: B-kem768-gilbert-prr0p95-L2-loss1-rep02-seed200002-v3: mode d'application de perte forcée inattendu: invalid
VALIDATION WARNING: B-kem768-gilbert-prr0p95-L2-loss1-rep02-seed200002-v4: perte forcée configurée mais cible/événements observés incohérents
VALIDATION ERROR: B-kem768-gilbert-prr0p95-L2-loss1-rep02-seed200002-v4: injection de perte forcée non validée dans le log
VALIDATION ERROR: B-kem768-gilbert-prr0p95-L2-loss1-rep02-seed200002-v4: mode d'application de perte forcée inattendu: invalid
VALIDATION WARNING: B-kem768-gilbert-prr0p95-L2-loss1-rep03-seed200003-v3: perte forcée configurée mais cible/événements observés incohérents
VALIDATION ERROR: B-kem768-gilbert-prr0p95-L2-loss1-rep03-seed200003-v3: injection de perte forcée non validée dans le log
VALIDATION ERROR: B-kem768-gilbert-prr0p95-L2-loss1-rep03-seed200003-v3: mode d'application de perte forcée inattendu: invalid
VALIDATION WARNING: B-kem768-gilbert-prr0p95-L2-loss1-rep03-seed200003-v4: perte forcée configurée mais cible/événements observés incohérents
VALIDATION ERROR: B-kem768-gilbert-prr0p95-L2-loss1-rep03-seed200003-v4: injection de perte forcée non validée dans le log
VALIDATION ERROR: B-kem768-gilbert-prr0p95-L2-loss1-rep03-seed200003-v4: mode d'application de perte forcée inattendu: invalid
VALIDATION WARNING: B-kem768-gilbert-prr0p95-L2-loss1-rep05-seed200005-v3: perte forcée configurée mais cible/événements observés incohérents
VALIDATION ERROR: B-kem768-gilbert-prr0p95-L2-loss1-rep05-seed200005-v3: injection de perte forcée non validée dans le log
VALIDATION ERROR: B-kem768-gilbert-prr0p95-L2-loss1-rep05-seed200005-v3: mode d'application de perte forcée inattendu: invalid
VALIDATION WARNING: B-kem768-gilbert-prr0p95-L2-loss1-rep05-seed200005-v4: perte forcée configurée mais cible/événements observés incohérents
VALIDATION ERROR: B-kem768-gilbert-prr0p95-L2-loss1-rep05-seed200005-v4: injection de perte forcée non validée dans le log
VALIDATION ERROR: B-kem768-gilbert-prr0p95-L2-loss1-rep05-seed200005-v4: mode d'application de perte forcée inattendu: invalid
VALIDATION WARNING: B-kem768-gilbert-prr0p95-L2-loss1-rep08-seed200008-v3: perte forcée configurée mais cible/événements observés incohérents
VALIDATION ERROR: B-kem768-gilbert-prr0p95-L2-loss1-rep08-seed200008-v3: injection de perte forcée non validée dans le log
VALIDATION ERROR: B-kem768-gilbert-prr0p95-L2-loss1-rep08-seed200008-v3: mode d'application de perte forcée inattendu: invalid
VALIDATION WARNING: B-kem768-gilbert-prr0p95-L2-loss1-rep08-seed200008-v4: perte forcée configurée mais cible/événements observés incohérents
VALIDATION ERROR: B-kem768-gilbert-prr0p95-L2-loss1-rep08-seed200008-v4: injection de perte forcée non validée dans le log
VALIDATION ERROR: B-kem768-gilbert-prr0p95-L2-loss1-rep08-seed200008-v4: mode d'application de perte forcée inattendu: invalid
VALIDATION WARNING: B-kem768-gilbert-prr0p95-L2-loss1-rep09-seed200009-v3: perte ciblée armée, mais le canal/radio a perdu la trame avant le hook receiver
VALIDATION WARNING: B-kem768-gilbert-prr0p95-L2-loss1-rep09-seed200009-v3: cible armée mais perdue par le canal/radio avant FORCED_LOSS_APPLIED
VALIDATION WARNING: B-kem768-gilbert-prr0p95-L2-loss1-rep09-seed200009-v4: perte ciblée armée, mais le canal/radio a perdu la trame avant le hook receiver
VALIDATION WARNING: B-kem768-gilbert-prr0p95-L2-loss1-rep09-seed200009-v4: cible armée mais perdue par le canal/radio avant FORCED_LOSS_APPLIED
VALIDATION WARNING: B-kem768-gilbert-prr0p95-L2-loss1-rep11-seed200011-v3: perte ciblée armée, mais le canal/radio a perdu la trame avant le hook receiver
VALIDATION WARNING: B-kem768-gilbert-prr0p95-L2-loss1-rep11-seed200011-v3: cible armée mais perdue par le canal/radio avant FORCED_LOSS_APPLIED
VALIDATION WARNING: B-kem768-gilbert-prr0p95-L2-loss1-rep11-seed200011-v4: perte ciblée armée, mais le canal/radio a perdu la trame avant le hook receiver
VALIDATION WARNING: B-kem768-gilbert-prr0p95-L2-loss1-rep11-seed200011-v4: cible armée mais perdue par le canal/radio avant FORCED_LOSS_APPLIED
VALIDATION WARNING: B-kem768-gilbert-prr0p95-L2-loss1-rep12-seed200012-v3: perte forcée configurée mais cible/événements observés incohérents
VALIDATION ERROR: B-kem768-gilbert-prr0p95-L2-loss1-rep12-seed200012-v3: injection de perte forcée non validée dans le log
VALIDATION ERROR: B-kem768-gilbert-prr0p95-L2-loss1-rep12-seed200012-v3: mode d'application de perte forcée inattendu: invalid
VALIDATION WARNING: B-kem768-gilbert-prr0p95-L2-loss1-rep12-seed200012-v4: perte forcée configurée mais cible/événements observés incohérents
VALIDATION ERROR: B-kem768-gilbert-prr0p95-L2-loss1-rep12-seed200012-v4: injection de perte forcée non validée dans le log
VALIDATION ERROR: B-kem768-gilbert-prr0p95-L2-loss1-rep12-seed200012-v4: mode d'application de perte forcée inattendu: invalid
VALIDATION WARNING: B-kem768-gilbert-prr0p95-L2-loss1-rep16-seed200016-v3: perte forcée configurée mais cible/événements observés incohérents
VALIDATION ERROR: B-kem768-gilbert-prr0p95-L2-loss1-rep16-seed200016-v3: injection de perte forcée non validée dans le log
VALIDATION ERROR: B-kem768-gilbert-prr0p95-L2-loss1-rep16-seed200016-v3: mode d'application de perte forcée inattendu: invalid
VALIDATION WARNING: B-kem768-gilbert-prr0p95-L2-loss1-rep16-seed200016-v4: perte forcée configurée mais cible/événements observés incohérents
VALIDATION ERROR: B-kem768-gilbert-prr0p95-L2-loss1-rep16-seed200016-v4: injection de perte forcée non validée dans le log
VALIDATION ERROR: B-kem768-gilbert-prr0p95-L2-loss1-rep16-seed200016-v4: mode d'application de perte forcée inattendu: invalid
VALIDATION WARNING: B-kem768-gilbert-prr0p95-L2-loss1-rep17-seed200017-v3: perte forcée configurée mais cible/événements observés incohérents
VALIDATION ERROR: B-kem768-gilbert-prr0p95-L2-loss1-rep17-seed200017-v3: injection de perte forcée non validée dans le log
VALIDATION ERROR: B-kem768-gilbert-prr0p95-L2-loss1-rep17-seed200017-v3: mode d'application de perte forcée inattendu: invalid
VALIDATION WARNING: B-kem768-gilbert-prr0p95-L2-loss1-rep17-seed200017-v4: perte forcée configurée mais cible/événements observés incohérents
VALIDATION ERROR: B-kem768-gilbert-prr0p95-L2-loss1-rep17-seed200017-v4: injection de perte forcée non validée dans le log
VALIDATION ERROR: B-kem768-gilbert-prr0p95-L2-loss1-rep17-seed200017-v4: mode d'application de perte forcée inattendu: invalid
VALIDATION WARNING: B-kem768-gilbert-prr0p95-L2-loss1-rep22-seed200022-v3: perte forcée configurée mais cible/événements observés incohérents
VALIDATION ERROR: B-kem768-gilbert-prr0p95-L2-loss1-rep22-seed200022-v3: injection de perte forcée non validée dans le log
VALIDATION ERROR: B-kem768-gilbert-prr0p95-L2-loss1-rep22-seed200022-v3: mode d'application de perte forcée inattendu: invalid
VALIDATION WARNING: B-kem768-gilbert-prr0p95-L2-loss1-rep22-seed200022-v4: perte forcée configurée mais cible/événements observés incohérents
VALIDATION ERROR: B-kem768-gilbert-prr0p95-L2-loss1-rep22-seed200022-v4: injection de perte forcée non validée dans le log
VALIDATION ERROR: B-kem768-gilbert-prr0p95-L2-loss1-rep22-seed200022-v4: mode d'application de perte forcée inattendu: invalid
VALIDATION WARNING: B-kem768-gilbert-prr0p95-L2-loss1-rep27-seed200027-v3: perte forcée configurée mais cible/événements observés incohérents
VALIDATION ERROR: B-kem768-gilbert-prr0p95-L2-loss1-rep27-seed200027-v3: injection de perte forcée non validée dans le log
VALIDATION ERROR: B-kem768-gilbert-prr0p95-L2-loss1-rep27-seed200027-v3: mode d'application de perte forcée inattendu: invalid
VALIDATION WARNING: B-kem768-gilbert-prr0p95-L2-loss1-rep27-seed200027-v4: perte forcée configurée mais cible/événements observés incohérents
VALIDATION ERROR: B-kem768-gilbert-prr0p95-L2-loss1-rep27-seed200027-v4: injection de perte forcée non validée dans le log
VALIDATION ERROR: B-kem768-gilbert-prr0p95-L2-loss1-rep27-seed200027-v4: mode d'application de perte forcée inattendu: invalid
VALIDATION WARNING: B-kem768-gilbert-prr0p95-L5-loss1-rep02-seed200002-v3: perte forcée configurée mais cible/événements observés incohérents
VALIDATION ERROR: B-kem768-gilbert-prr0p95-L5-loss1-rep02-seed200002-v3: injection de perte forcée non validée dans le log
VALIDATION ERROR: B-kem768-gilbert-prr0p95-L5-loss1-rep02-seed200002-v3: mode d'application de perte forcée inattendu: invalid
VALIDATION WARNING: B-kem768-gilbert-prr0p95-L5-loss1-rep02-seed200002-v4: perte forcée configurée mais cible/événements observés incohérents
VALIDATION ERROR: B-kem768-gilbert-prr0p95-L5-loss1-rep02-seed200002-v4: injection de perte forcée non validée dans le log
VALIDATION ERROR: B-kem768-gilbert-prr0p95-L5-loss1-rep02-seed200002-v4: mode d'application de perte forcée inattendu: invalid
VALIDATION WARNING: B-kem768-gilbert-prr0p95-L5-loss1-rep03-seed200003-v3: perte forcée configurée mais cible/événements observés incohérents
VALIDATION ERROR: B-kem768-gilbert-prr0p95-L5-loss1-rep03-seed200003-v3: injection de perte forcée non validée dans le log
VALIDATION ERROR: B-kem768-gilbert-prr0p95-L5-loss1-rep03-seed200003-v3: mode d'application de perte forcée inattendu: invalid
VALIDATION WARNING: B-kem768-gilbert-prr0p95-L5-loss1-rep03-seed200003-v4: perte forcée configurée mais cible/événements observés incohérents
VALIDATION ERROR: B-kem768-gilbert-prr0p95-L5-loss1-rep03-seed200003-v4: injection de perte forcée non validée dans le log
VALIDATION ERROR: B-kem768-gilbert-prr0p95-L5-loss1-rep03-seed200003-v4: mode d'application de perte forcée inattendu: invalid
VALIDATION WARNING: B-kem768-gilbert-prr0p95-L5-loss1-rep05-seed200005-v3: perte forcée configurée mais cible/événements observés incohérents
VALIDATION ERROR: B-kem768-gilbert-prr0p95-L5-loss1-rep05-seed200005-v3: injection de perte forcée non validée dans le log
VALIDATION ERROR: B-kem768-gilbert-prr0p95-L5-loss1-rep05-seed200005-v3: mode d'application de perte forcée inattendu: invalid
VALIDATION WARNING: B-kem768-gilbert-prr0p95-L5-loss1-rep05-seed200005-v4: perte forcée configurée mais cible/événements observés incohérents
VALIDATION ERROR: B-kem768-gilbert-prr0p95-L5-loss1-rep05-seed200005-v4: injection de perte forcée non validée dans le log
VALIDATION ERROR: B-kem768-gilbert-prr0p95-L5-loss1-rep05-seed200005-v4: mode d'application de perte forcée inattendu: invalid
VALIDATION WARNING: B-kem768-gilbert-prr0p95-L5-loss1-rep09-seed200009-v3: perte forcée configurée mais cible/événements observés incohérents
VALIDATION ERROR: B-kem768-gilbert-prr0p95-L5-loss1-rep09-seed200009-v3: injection de perte forcée non validée dans le log
VALIDATION ERROR: B-kem768-gilbert-prr0p95-L5-loss1-rep09-seed200009-v3: mode d'application de perte forcée inattendu: invalid
VALIDATION WARNING: B-kem768-gilbert-prr0p95-L5-loss1-rep09-seed200009-v4: perte forcée configurée mais cible/événements observés incohérents
VALIDATION ERROR: B-kem768-gilbert-prr0p95-L5-loss1-rep09-seed200009-v4: injection de perte forcée non validée dans le log
VALIDATION ERROR: B-kem768-gilbert-prr0p95-L5-loss1-rep09-seed200009-v4: mode d'application de perte forcée inattendu: invalid
VALIDATION WARNING: B-kem768-gilbert-prr0p95-L5-loss1-rep12-seed200012-v3: perte forcée configurée mais cible/événements observés incohérents
VALIDATION ERROR: B-kem768-gilbert-prr0p95-L5-loss1-rep12-seed200012-v3: injection de perte forcée non validée dans le log
VALIDATION ERROR: B-kem768-gilbert-prr0p95-L5-loss1-rep12-seed200012-v3: mode d'application de perte forcée inattendu: invalid
VALIDATION WARNING: B-kem768-gilbert-prr0p95-L5-loss1-rep12-seed200012-v4: perte forcée configurée mais cible/événements observés incohérents
VALIDATION ERROR: B-kem768-gilbert-prr0p95-L5-loss1-rep12-seed200012-v4: injection de perte forcée non validée dans le log
VALIDATION ERROR: B-kem768-gilbert-prr0p95-L5-loss1-rep12-seed200012-v4: mode d'application de perte forcée inattendu: invalid
VALIDATION WARNING: B-kem768-gilbert-prr0p95-L5-loss1-rep16-seed200016-v3: perte forcée configurée mais cible/événements observés incohérents
VALIDATION ERROR: B-kem768-gilbert-prr0p95-L5-loss1-rep16-seed200016-v3: injection de perte forcée non validée dans le log
VALIDATION ERROR: B-kem768-gilbert-prr0p95-L5-loss1-rep16-seed200016-v3: mode d'application de perte forcée inattendu: invalid
VALIDATION WARNING: B-kem768-gilbert-prr0p95-L5-loss1-rep16-seed200016-v4: perte forcée configurée mais cible/événements observés incohérents
VALIDATION ERROR: B-kem768-gilbert-prr0p95-L5-loss1-rep16-seed200016-v4: injection de perte forcée non validée dans le log
VALIDATION ERROR: B-kem768-gilbert-prr0p95-L5-loss1-rep16-seed200016-v4: mode d'application de perte forcée inattendu: invalid
VALIDATION WARNING: B-kem768-gilbert-prr0p95-L5-loss1-rep27-seed200027-v3: perte forcée configurée mais cible/événements observés incohérents
VALIDATION ERROR: B-kem768-gilbert-prr0p95-L5-loss1-rep27-seed200027-v3: injection de perte forcée non validée dans le log
VALIDATION ERROR: B-kem768-gilbert-prr0p95-L5-loss1-rep27-seed200027-v3: mode d'application de perte forcée inattendu: invalid
VALIDATION WARNING: B-kem768-gilbert-prr0p95-L5-loss1-rep27-seed200027-v4: perte forcée configurée mais cible/événements observés incohérents
VALIDATION ERROR: B-kem768-gilbert-prr0p95-L5-loss1-rep27-seed200027-v4: injection de perte forcée non validée dans le log
VALIDATION ERROR: B-kem768-gilbert-prr0p95-L5-loss1-rep27-seed200027-v4: mode d'application de perte forcée inattendu: invalid
VALIDATION WARNING: B-kem768-gilbert-prr0p95-L10-loss1-rep02-seed200002-v3: perte forcée configurée mais cible/événements observés incohérents
VALIDATION ERROR: B-kem768-gilbert-prr0p95-L10-loss1-rep02-seed200002-v3: injection de perte forcée non validée dans le log
VALIDATION ERROR: B-kem768-gilbert-prr0p95-L10-loss1-rep02-seed200002-v3: mode d'application de perte forcée inattendu: invalid
VALIDATION WARNING: B-kem768-gilbert-prr0p95-L10-loss1-rep02-seed200002-v4: perte forcée configurée mais cible/événements observés incohérents
VALIDATION ERROR: B-kem768-gilbert-prr0p95-L10-loss1-rep02-seed200002-v4: injection de perte forcée non validée dans le log
VALIDATION ERROR: B-kem768-gilbert-prr0p95-L10-loss1-rep02-seed200002-v4: mode d'application de perte forcée inattendu: invalid
VALIDATION WARNING: B-kem768-gilbert-prr0p95-L10-loss1-rep03-seed200003-v3: perte forcée configurée mais cible/événements observés incohérents
VALIDATION ERROR: B-kem768-gilbert-prr0p95-L10-loss1-rep03-seed200003-v3: injection de perte forcée non validée dans le log
VALIDATION ERROR: B-kem768-gilbert-prr0p95-L10-loss1-rep03-seed200003-v3: mode d'application de perte forcée inattendu: invalid
VALIDATION WARNING: B-kem768-gilbert-prr0p95-L10-loss1-rep03-seed200003-v4: perte forcée configurée mais cible/événements observés incohérents
VALIDATION ERROR: B-kem768-gilbert-prr0p95-L10-loss1-rep03-seed200003-v4: injection de perte forcée non validée dans le log
VALIDATION ERROR: B-kem768-gilbert-prr0p95-L10-loss1-rep03-seed200003-v4: mode d'application de perte forcée inattendu: invalid
VALIDATION WARNING: B-kem768-gilbert-prr0p95-L10-loss1-rep05-seed200005-v3: perte forcée configurée mais cible/événements observés incohérents
VALIDATION ERROR: B-kem768-gilbert-prr0p95-L10-loss1-rep05-seed200005-v3: injection de perte forcée non validée dans le log
VALIDATION ERROR: B-kem768-gilbert-prr0p95-L10-loss1-rep05-seed200005-v3: mode d'application de perte forcée inattendu: invalid
VALIDATION WARNING: B-kem768-gilbert-prr0p95-L10-loss1-rep05-seed200005-v4: perte forcée configurée mais cible/événements observés incohérents
VALIDATION ERROR: B-kem768-gilbert-prr0p95-L10-loss1-rep05-seed200005-v4: injection de perte forcée non validée dans le log
VALIDATION ERROR: B-kem768-gilbert-prr0p95-L10-loss1-rep05-seed200005-v4: mode d'application de perte forcée inattendu: invalid
VALIDATION WARNING: B-kem768-gilbert-prr0p95-L10-loss1-rep12-seed200012-v3: perte forcée configurée mais cible/événements observés incohérents
VALIDATION ERROR: B-kem768-gilbert-prr0p95-L10-loss1-rep12-seed200012-v3: injection de perte forcée non validée dans le log
VALIDATION ERROR: B-kem768-gilbert-prr0p95-L10-loss1-rep12-seed200012-v3: mode d'application de perte forcée inattendu: invalid
VALIDATION WARNING: B-kem768-gilbert-prr0p95-L10-loss1-rep12-seed200012-v4: perte forcée configurée mais cible/événements observés incohérents
VALIDATION ERROR: B-kem768-gilbert-prr0p95-L10-loss1-rep12-seed200012-v4: injection de perte forcée non validée dans le log
VALIDATION ERROR: B-kem768-gilbert-prr0p95-L10-loss1-rep12-seed200012-v4: mode d'application de perte forcée inattendu: invalid
VALIDATION WARNING: B-kem768-gilbert-prr0p95-L10-loss1-rep16-seed200016-v3: perte forcée configurée mais cible/événements observés incohérents
VALIDATION ERROR: B-kem768-gilbert-prr0p95-L10-loss1-rep16-seed200016-v3: injection de perte forcée non validée dans le log
VALIDATION ERROR: B-kem768-gilbert-prr0p95-L10-loss1-rep16-seed200016-v3: mode d'application de perte forcée inattendu: invalid
VALIDATION WARNING: B-kem768-gilbert-prr0p95-L10-loss1-rep16-seed200016-v4: perte forcée configurée mais cible/événements observés incohérents
VALIDATION ERROR: B-kem768-gilbert-prr0p95-L10-loss1-rep16-seed200016-v4: injection de perte forcée non validée dans le log
VALIDATION ERROR: B-kem768-gilbert-prr0p95-L10-loss1-rep16-seed200016-v4: mode d'application de perte forcée inattendu: invalid
VALIDATION WARNING: B-kem768-gilbert-prr0p95-L10-loss1-rep27-seed200027-v3: perte forcée configurée mais cible/événements observés incohérents
VALIDATION ERROR: B-kem768-gilbert-prr0p95-L10-loss1-rep27-seed200027-v3: injection de perte forcée non validée dans le log
VALIDATION ERROR: B-kem768-gilbert-prr0p95-L10-loss1-rep27-seed200027-v3: mode d'application de perte forcée inattendu: invalid
VALIDATION WARNING: B-kem768-gilbert-prr0p95-L10-loss1-rep27-seed200027-v4: perte forcée configurée mais cible/événements observés incohérents
VALIDATION ERROR: B-kem768-gilbert-prr0p95-L10-loss1-rep27-seed200027-v4: injection de perte forcée non validée dans le log
VALIDATION ERROR: B-kem768-gilbert-prr0p95-L10-loss1-rep27-seed200027-v4: mode d'application de perte forcée inattendu: invalid
VALIDATION WARNING: B-kem1024-fixed-prr0p50-loss1-rep02-seed200002-v3: perte forcée configurée mais cible/événements observés incohérents
VALIDATION ERROR: B-kem1024-fixed-prr0p50-loss1-rep02-seed200002-v3: injection de perte forcée non validée dans le log
VALIDATION ERROR: B-kem1024-fixed-prr0p50-loss1-rep02-seed200002-v3: mode d'application de perte forcée inattendu: invalid
VALIDATION WARNING: B-kem1024-fixed-prr0p50-loss1-rep02-seed200002-v4: perte forcée configurée mais cible/événements observés incohérents
VALIDATION ERROR: B-kem1024-fixed-prr0p50-loss1-rep02-seed200002-v4: injection de perte forcée non validée dans le log
VALIDATION ERROR: B-kem1024-fixed-prr0p50-loss1-rep02-seed200002-v4: mode d'application de perte forcée inattendu: invalid
VALIDATION WARNING: B-kem1024-fixed-prr0p50-loss1-rep04-seed200004-v3: perte forcée configurée mais cible/événements observés incohérents
VALIDATION ERROR: B-kem1024-fixed-prr0p50-loss1-rep04-seed200004-v3: injection de perte forcée non validée dans le log
VALIDATION ERROR: B-kem1024-fixed-prr0p50-loss1-rep04-seed200004-v3: mode d'application de perte forcée inattendu: invalid
VALIDATION WARNING: B-kem1024-fixed-prr0p50-loss1-rep04-seed200004-v4: perte forcée configurée mais cible/événements observés incohérents
VALIDATION ERROR: B-kem1024-fixed-prr0p50-loss1-rep04-seed200004-v4: injection de perte forcée non validée dans le log
VALIDATION ERROR: B-kem1024-fixed-prr0p50-loss1-rep04-seed200004-v4: mode d'application de perte forcée inattendu: invalid
VALIDATION WARNING: B-kem1024-fixed-prr0p50-loss1-rep05-seed200005-v3: perte forcée configurée mais cible/événements observés incohérents
VALIDATION ERROR: B-kem1024-fixed-prr0p50-loss1-rep05-seed200005-v3: injection de perte forcée non validée dans le log
VALIDATION ERROR: B-kem1024-fixed-prr0p50-loss1-rep05-seed200005-v3: mode d'application de perte forcée inattendu: invalid
VALIDATION WARNING: B-kem1024-fixed-prr0p50-loss1-rep05-seed200005-v4: perte forcée configurée mais cible/événements observés incohérents
VALIDATION ERROR: B-kem1024-fixed-prr0p50-loss1-rep05-seed200005-v4: injection de perte forcée non validée dans le log
VALIDATION ERROR: B-kem1024-fixed-prr0p50-loss1-rep05-seed200005-v4: mode d'application de perte forcée inattendu: invalid
VALIDATION WARNING: B-kem1024-fixed-prr0p50-loss1-rep07-seed200007-v3: perte forcée configurée mais cible/événements observés incohérents
VALIDATION ERROR: B-kem1024-fixed-prr0p50-loss1-rep07-seed200007-v3: injection de perte forcée non validée dans le log
VALIDATION ERROR: B-kem1024-fixed-prr0p50-loss1-rep07-seed200007-v3: mode d'application de perte forcée inattendu: invalid
VALIDATION WARNING: B-kem1024-fixed-prr0p50-loss1-rep07-seed200007-v4: perte forcée configurée mais cible/événements observés incohérents
VALIDATION ERROR: B-kem1024-fixed-prr0p50-loss1-rep07-seed200007-v4: injection de perte forcée non validée dans le log
VALIDATION ERROR: B-kem1024-fixed-prr0p50-loss1-rep07-seed200007-v4: mode d'application de perte forcée inattendu: invalid
VALIDATION WARNING: B-kem1024-fixed-prr0p50-loss1-rep09-seed200009-v3: perte forcée configurée mais cible/événements observés incohérents
VALIDATION ERROR: B-kem1024-fixed-prr0p50-loss1-rep09-seed200009-v3: injection de perte forcée non validée dans le log
VALIDATION ERROR: B-kem1024-fixed-prr0p50-loss1-rep09-seed200009-v3: mode d'application de perte forcée inattendu: invalid
VALIDATION WARNING: B-kem1024-fixed-prr0p50-loss1-rep09-seed200009-v4: perte forcée configurée mais cible/événements observés incohérents
VALIDATION ERROR: B-kem1024-fixed-prr0p50-loss1-rep09-seed200009-v4: injection de perte forcée non validée dans le log
VALIDATION ERROR: B-kem1024-fixed-prr0p50-loss1-rep09-seed200009-v4: mode d'application de perte forcée inattendu: invalid
VALIDATION WARNING: B-kem1024-fixed-prr0p50-loss1-rep10-seed200010-v3: perte forcée configurée mais cible/événements observés incohérents
VALIDATION ERROR: B-kem1024-fixed-prr0p50-loss1-rep10-seed200010-v3: injection de perte forcée non validée dans le log
VALIDATION ERROR: B-kem1024-fixed-prr0p50-loss1-rep10-seed200010-v3: mode d'application de perte forcée inattendu: invalid
VALIDATION WARNING: B-kem1024-fixed-prr0p50-loss1-rep10-seed200010-v4: perte forcée configurée mais cible/événements observés incohérents
VALIDATION ERROR: B-kem1024-fixed-prr0p50-loss1-rep10-seed200010-v4: injection de perte forcée non validée dans le log
VALIDATION ERROR: B-kem1024-fixed-prr0p50-loss1-rep10-seed200010-v4: mode d'application de perte forcée inattendu: invalid
VALIDATION WARNING: B-kem1024-fixed-prr0p50-loss1-rep12-seed200012-v3: perte forcée configurée mais cible/événements observés incohérents
VALIDATION ERROR: B-kem1024-fixed-prr0p50-loss1-rep12-seed200012-v3: injection de perte forcée non validée dans le log
VALIDATION ERROR: B-kem1024-fixed-prr0p50-loss1-rep12-seed200012-v3: mode d'application de perte forcée inattendu: invalid
VALIDATION WARNING: B-kem1024-fixed-prr0p50-loss1-rep12-seed200012-v4: perte forcée configurée mais cible/événements observés incohérents
VALIDATION ERROR: B-kem1024-fixed-prr0p50-loss1-rep12-seed200012-v4: injection de perte forcée non validée dans le log
VALIDATION ERROR: B-kem1024-fixed-prr0p50-loss1-rep12-seed200012-v4: mode d'application de perte forcée inattendu: invalid
VALIDATION WARNING: B-kem1024-fixed-prr0p50-loss1-rep13-seed200013-v3: perte forcée configurée mais cible/événements observés incohérents
VALIDATION ERROR: B-kem1024-fixed-prr0p50-loss1-rep13-seed200013-v3: injection de perte forcée non validée dans le log
VALIDATION ERROR: B-kem1024-fixed-prr0p50-loss1-rep13-seed200013-v3: mode d'application de perte forcée inattendu: invalid
VALIDATION WARNING: B-kem1024-fixed-prr0p50-loss1-rep13-seed200013-v4: perte forcée configurée mais cible/événements observés incohérents
VALIDATION ERROR: B-kem1024-fixed-prr0p50-loss1-rep13-seed200013-v4: injection de perte forcée non validée dans le log
VALIDATION ERROR: B-kem1024-fixed-prr0p50-loss1-rep13-seed200013-v4: mode d'application de perte forcée inattendu: invalid
VALIDATION WARNING: B-kem1024-fixed-prr0p50-loss1-rep14-seed200014-v3: perte forcée configurée mais cible/événements observés incohérents
VALIDATION ERROR: B-kem1024-fixed-prr0p50-loss1-rep14-seed200014-v3: injection de perte forcée non validée dans le log
VALIDATION ERROR: B-kem1024-fixed-prr0p50-loss1-rep14-seed200014-v3: mode d'application de perte forcée inattendu: invalid
VALIDATION WARNING: B-kem1024-fixed-prr0p50-loss1-rep14-seed200014-v4: perte forcée configurée mais cible/événements observés incohérents
VALIDATION ERROR: B-kem1024-fixed-prr0p50-loss1-rep14-seed200014-v4: injection de perte forcée non validée dans le log
VALIDATION ERROR: B-kem1024-fixed-prr0p50-loss1-rep14-seed200014-v4: mode d'application de perte forcée inattendu: invalid
VALIDATION WARNING: B-kem1024-fixed-prr0p50-loss1-rep16-seed200016-v3: perte forcée configurée mais cible/événements observés incohérents
VALIDATION ERROR: B-kem1024-fixed-prr0p50-loss1-rep16-seed200016-v3: injection de perte forcée non validée dans le log
VALIDATION ERROR: B-kem1024-fixed-prr0p50-loss1-rep16-seed200016-v3: mode d'application de perte forcée inattendu: invalid
VALIDATION WARNING: B-kem1024-fixed-prr0p50-loss1-rep16-seed200016-v4: perte forcée configurée mais cible/événements observés incohérents
VALIDATION ERROR: B-kem1024-fixed-prr0p50-loss1-rep16-seed200016-v4: injection de perte forcée non validée dans le log
VALIDATION ERROR: B-kem1024-fixed-prr0p50-loss1-rep16-seed200016-v4: mode d'application de perte forcée inattendu: invalid
VALIDATION WARNING: B-kem1024-fixed-prr0p50-loss1-rep18-seed200018-v3: perte forcée configurée mais cible/événements observés incohérents
VALIDATION ERROR: B-kem1024-fixed-prr0p50-loss1-rep18-seed200018-v3: injection de perte forcée non validée dans le log
VALIDATION ERROR: B-kem1024-fixed-prr0p50-loss1-rep18-seed200018-v3: mode d'application de perte forcée inattendu: invalid
VALIDATION WARNING: B-kem1024-fixed-prr0p50-loss1-rep18-seed200018-v4: perte forcée configurée mais cible/événements observés incohérents
VALIDATION ERROR: B-kem1024-fixed-prr0p50-loss1-rep18-seed200018-v4: injection de perte forcée non validée dans le log
VALIDATION ERROR: B-kem1024-fixed-prr0p50-loss1-rep18-seed200018-v4: mode d'application de perte forcée inattendu: invalid
VALIDATION WARNING: B-kem1024-fixed-prr0p50-loss1-rep20-seed200020-v3: perte ciblée armée, mais le canal/radio a perdu la trame avant le hook receiver
VALIDATION WARNING: B-kem1024-fixed-prr0p50-loss1-rep20-seed200020-v3: cible armée mais perdue par le canal/radio avant FORCED_LOSS_APPLIED
VALIDATION WARNING: B-kem1024-fixed-prr0p50-loss1-rep20-seed200020-v4: perte ciblée armée, mais le canal/radio a perdu la trame avant le hook receiver
VALIDATION WARNING: B-kem1024-fixed-prr0p50-loss1-rep20-seed200020-v4: cible armée mais perdue par le canal/radio avant FORCED_LOSS_APPLIED
VALIDATION WARNING: B-kem1024-fixed-prr0p50-loss1-rep21-seed200021-v3: perte forcée configurée mais cible/événements observés incohérents
VALIDATION ERROR: B-kem1024-fixed-prr0p50-loss1-rep21-seed200021-v3: injection de perte forcée non validée dans le log
VALIDATION ERROR: B-kem1024-fixed-prr0p50-loss1-rep21-seed200021-v3: mode d'application de perte forcée inattendu: invalid
VALIDATION WARNING: B-kem1024-fixed-prr0p50-loss1-rep21-seed200021-v4: perte forcée configurée mais cible/événements observés incohérents
VALIDATION ERROR: B-kem1024-fixed-prr0p50-loss1-rep21-seed200021-v4: injection de perte forcée non validée dans le log
VALIDATION ERROR: B-kem1024-fixed-prr0p50-loss1-rep21-seed200021-v4: mode d'application de perte forcée inattendu: invalid
VALIDATION WARNING: B-kem1024-fixed-prr0p50-loss1-rep22-seed200022-v3: perte forcée configurée mais cible/événements observés incohérents
VALIDATION ERROR: B-kem1024-fixed-prr0p50-loss1-rep22-seed200022-v3: injection de perte forcée non validée dans le log
VALIDATION ERROR: B-kem1024-fixed-prr0p50-loss1-rep22-seed200022-v3: mode d'application de perte forcée inattendu: invalid
VALIDATION WARNING: B-kem1024-fixed-prr0p50-loss1-rep22-seed200022-v4: perte forcée configurée mais cible/événements observés incohérents
VALIDATION ERROR: B-kem1024-fixed-prr0p50-loss1-rep22-seed200022-v4: injection de perte forcée non validée dans le log
VALIDATION ERROR: B-kem1024-fixed-prr0p50-loss1-rep22-seed200022-v4: mode d'application de perte forcée inattendu: invalid
VALIDATION WARNING: B-kem1024-fixed-prr0p50-loss1-rep24-seed200024-v3: perte forcée configurée mais cible/événements observés incohérents
VALIDATION ERROR: B-kem1024-fixed-prr0p50-loss1-rep24-seed200024-v3: injection de perte forcée non validée dans le log
VALIDATION ERROR: B-kem1024-fixed-prr0p50-loss1-rep24-seed200024-v3: mode d'application de perte forcée inattendu: invalid
VALIDATION WARNING: B-kem1024-fixed-prr0p50-loss1-rep24-seed200024-v4: perte forcée configurée mais cible/événements observés incohérents
VALIDATION ERROR: B-kem1024-fixed-prr0p50-loss1-rep24-seed200024-v4: injection de perte forcée non validée dans le log
VALIDATION ERROR: B-kem1024-fixed-prr0p50-loss1-rep24-seed200024-v4: mode d'application de perte forcée inattendu: invalid
VALIDATION WARNING: B-kem1024-fixed-prr0p50-loss1-rep26-seed200026-v3: perte forcée configurée mais cible/événements observés incohérents
VALIDATION ERROR: B-kem1024-fixed-prr0p50-loss1-rep26-seed200026-v3: injection de perte forcée non validée dans le log
VALIDATION ERROR: B-kem1024-fixed-prr0p50-loss1-rep26-seed200026-v3: mode d'application de perte forcée inattendu: invalid
VALIDATION WARNING: B-kem1024-fixed-prr0p50-loss1-rep26-seed200026-v4: perte forcée configurée mais cible/événements observés incohérents
VALIDATION ERROR: B-kem1024-fixed-prr0p50-loss1-rep26-seed200026-v4: injection de perte forcée non validée dans le log
VALIDATION ERROR: B-kem1024-fixed-prr0p50-loss1-rep26-seed200026-v4: mode d'application de perte forcée inattendu: invalid
VALIDATION WARNING: B-kem1024-fixed-prr0p50-loss1-rep27-seed200027-v3: perte forcée configurée mais cible/événements observés incohérents
VALIDATION ERROR: B-kem1024-fixed-prr0p50-loss1-rep27-seed200027-v3: injection de perte forcée non validée dans le log
VALIDATION ERROR: B-kem1024-fixed-prr0p50-loss1-rep27-seed200027-v3: mode d'application de perte forcée inattendu: invalid
VALIDATION WARNING: B-kem1024-fixed-prr0p50-loss1-rep27-seed200027-v4: perte forcée configurée mais cible/événements observés incohérents
VALIDATION ERROR: B-kem1024-fixed-prr0p50-loss1-rep27-seed200027-v4: injection de perte forcée non validée dans le log
VALIDATION ERROR: B-kem1024-fixed-prr0p50-loss1-rep27-seed200027-v4: mode d'application de perte forcée inattendu: invalid
VALIDATION WARNING: B-kem1024-fixed-prr0p50-loss1-rep28-seed200028-v3: perte forcée configurée mais cible/événements observés incohérents
VALIDATION ERROR: B-kem1024-fixed-prr0p50-loss1-rep28-seed200028-v3: injection de perte forcée non validée dans le log
VALIDATION ERROR: B-kem1024-fixed-prr0p50-loss1-rep28-seed200028-v3: mode d'application de perte forcée inattendu: invalid
VALIDATION WARNING: B-kem1024-fixed-prr0p50-loss1-rep28-seed200028-v4: perte forcée configurée mais cible/événements observés incohérents
VALIDATION ERROR: B-kem1024-fixed-prr0p50-loss1-rep28-seed200028-v4: injection de perte forcée non validée dans le log
VALIDATION ERROR: B-kem1024-fixed-prr0p50-loss1-rep28-seed200028-v4: mode d'application de perte forcée inattendu: invalid
VALIDATION WARNING: B-kem1024-fixed-prr0p50-loss1-rep29-seed200029-v3: perte forcée configurée mais cible/événements observés incohérents
VALIDATION ERROR: B-kem1024-fixed-prr0p50-loss1-rep29-seed200029-v3: injection de perte forcée non validée dans le log
VALIDATION ERROR: B-kem1024-fixed-prr0p50-loss1-rep29-seed200029-v3: mode d'application de perte forcée inattendu: invalid
VALIDATION WARNING: B-kem1024-fixed-prr0p50-loss1-rep29-seed200029-v4: perte forcée configurée mais cible/événements observés incohérents
VALIDATION ERROR: B-kem1024-fixed-prr0p50-loss1-rep29-seed200029-v4: injection de perte forcée non validée dans le log
VALIDATION ERROR: B-kem1024-fixed-prr0p50-loss1-rep29-seed200029-v4: mode d'application de perte forcée inattendu: invalid
VALIDATION WARNING: B-kem1024-fixed-prr0p50-loss1-rep30-seed200030-v3: perte ciblée armée, mais le canal/radio a perdu la trame avant le hook receiver
VALIDATION WARNING: B-kem1024-fixed-prr0p50-loss1-rep30-seed200030-v3: cible armée mais perdue par le canal/radio avant FORCED_LOSS_APPLIED
VALIDATION WARNING: B-kem1024-fixed-prr0p50-loss1-rep30-seed200030-v4: perte ciblée armée, mais le canal/radio a perdu la trame avant le hook receiver
VALIDATION WARNING: B-kem1024-fixed-prr0p50-loss1-rep30-seed200030-v4: cible armée mais perdue par le canal/radio avant FORCED_LOSS_APPLIED
VALIDATION WARNING: B-kem1024-fixed-prr0p85-loss1-rep02-seed200002-v3: perte forcée configurée mais cible/événements observés incohérents
VALIDATION ERROR: B-kem1024-fixed-prr0p85-loss1-rep02-seed200002-v3: injection de perte forcée non validée dans le log
VALIDATION ERROR: B-kem1024-fixed-prr0p85-loss1-rep02-seed200002-v3: mode d'application de perte forcée inattendu: invalid
VALIDATION WARNING: B-kem1024-fixed-prr0p85-loss1-rep02-seed200002-v4: perte forcée configurée mais cible/événements observés incohérents
VALIDATION ERROR: B-kem1024-fixed-prr0p85-loss1-rep02-seed200002-v4: injection de perte forcée non validée dans le log
VALIDATION ERROR: B-kem1024-fixed-prr0p85-loss1-rep02-seed200002-v4: mode d'application de perte forcée inattendu: invalid
VALIDATION WARNING: B-kem1024-fixed-prr0p85-loss1-rep04-seed200004-v3: perte forcée configurée mais cible/événements observés incohérents
VALIDATION ERROR: B-kem1024-fixed-prr0p85-loss1-rep04-seed200004-v3: injection de perte forcée non validée dans le log
VALIDATION ERROR: B-kem1024-fixed-prr0p85-loss1-rep04-seed200004-v3: mode d'application de perte forcée inattendu: invalid
VALIDATION WARNING: B-kem1024-fixed-prr0p85-loss1-rep04-seed200004-v4: perte forcée configurée mais cible/événements observés incohérents
VALIDATION ERROR: B-kem1024-fixed-prr0p85-loss1-rep04-seed200004-v4: injection de perte forcée non validée dans le log
VALIDATION ERROR: B-kem1024-fixed-prr0p85-loss1-rep04-seed200004-v4: mode d'application de perte forcée inattendu: invalid
VALIDATION WARNING: B-kem1024-fixed-prr0p85-loss1-rep05-seed200005-v3: perte forcée configurée mais cible/événements observés incohérents
VALIDATION ERROR: B-kem1024-fixed-prr0p85-loss1-rep05-seed200005-v3: injection de perte forcée non validée dans le log
VALIDATION ERROR: B-kem1024-fixed-prr0p85-loss1-rep05-seed200005-v3: mode d'application de perte forcée inattendu: invalid
VALIDATION WARNING: B-kem1024-fixed-prr0p85-loss1-rep05-seed200005-v4: perte forcée configurée mais cible/événements observés incohérents
VALIDATION ERROR: B-kem1024-fixed-prr0p85-loss1-rep05-seed200005-v4: injection de perte forcée non validée dans le log
VALIDATION ERROR: B-kem1024-fixed-prr0p85-loss1-rep05-seed200005-v4: mode d'application de perte forcée inattendu: invalid
VALIDATION WARNING: B-kem1024-fixed-prr0p85-loss1-rep12-seed200012-v3: perte forcée configurée mais cible/événements observés incohérents
VALIDATION ERROR: B-kem1024-fixed-prr0p85-loss1-rep12-seed200012-v3: injection de perte forcée non validée dans le log
VALIDATION ERROR: B-kem1024-fixed-prr0p85-loss1-rep12-seed200012-v3: mode d'application de perte forcée inattendu: invalid
VALIDATION WARNING: B-kem1024-fixed-prr0p85-loss1-rep12-seed200012-v4: perte forcée configurée mais cible/événements observés incohérents
VALIDATION ERROR: B-kem1024-fixed-prr0p85-loss1-rep12-seed200012-v4: injection de perte forcée non validée dans le log
VALIDATION ERROR: B-kem1024-fixed-prr0p85-loss1-rep12-seed200012-v4: mode d'application de perte forcée inattendu: invalid
VALIDATION WARNING: B-kem1024-fixed-prr0p85-loss1-rep13-seed200013-v3: perte forcée configurée mais cible/événements observés incohérents
VALIDATION ERROR: B-kem1024-fixed-prr0p85-loss1-rep13-seed200013-v3: injection de perte forcée non validée dans le log
VALIDATION ERROR: B-kem1024-fixed-prr0p85-loss1-rep13-seed200013-v3: mode d'application de perte forcée inattendu: invalid
VALIDATION WARNING: B-kem1024-fixed-prr0p85-loss1-rep13-seed200013-v4: perte forcée configurée mais cible/événements observés incohérents
VALIDATION ERROR: B-kem1024-fixed-prr0p85-loss1-rep13-seed200013-v4: injection de perte forcée non validée dans le log
VALIDATION ERROR: B-kem1024-fixed-prr0p85-loss1-rep13-seed200013-v4: mode d'application de perte forcée inattendu: invalid
VALIDATION WARNING: B-kem1024-fixed-prr0p85-loss1-rep14-seed200014-v3: perte forcée configurée mais cible/événements observés incohérents
VALIDATION ERROR: B-kem1024-fixed-prr0p85-loss1-rep14-seed200014-v3: injection de perte forcée non validée dans le log
VALIDATION ERROR: B-kem1024-fixed-prr0p85-loss1-rep14-seed200014-v3: mode d'application de perte forcée inattendu: invalid
VALIDATION WARNING: B-kem1024-fixed-prr0p85-loss1-rep14-seed200014-v4: perte forcée configurée mais cible/événements observés incohérents
VALIDATION ERROR: B-kem1024-fixed-prr0p85-loss1-rep14-seed200014-v4: injection de perte forcée non validée dans le log
VALIDATION ERROR: B-kem1024-fixed-prr0p85-loss1-rep14-seed200014-v4: mode d'application de perte forcée inattendu: invalid
VALIDATION WARNING: B-kem1024-fixed-prr0p85-loss1-rep16-seed200016-v3: perte forcée configurée mais cible/événements observés incohérents
VALIDATION ERROR: B-kem1024-fixed-prr0p85-loss1-rep16-seed200016-v3: injection de perte forcée non validée dans le log
VALIDATION ERROR: B-kem1024-fixed-prr0p85-loss1-rep16-seed200016-v3: mode d'application de perte forcée inattendu: invalid
VALIDATION WARNING: B-kem1024-fixed-prr0p85-loss1-rep16-seed200016-v4: perte forcée configurée mais cible/événements observés incohérents
VALIDATION ERROR: B-kem1024-fixed-prr0p85-loss1-rep16-seed200016-v4: injection de perte forcée non validée dans le log
VALIDATION ERROR: B-kem1024-fixed-prr0p85-loss1-rep16-seed200016-v4: mode d'application de perte forcée inattendu: invalid
VALIDATION WARNING: B-kem1024-fixed-prr0p85-loss1-rep21-seed200021-v3: perte forcée configurée mais cible/événements observés incohérents
VALIDATION ERROR: B-kem1024-fixed-prr0p85-loss1-rep21-seed200021-v3: injection de perte forcée non validée dans le log
VALIDATION ERROR: B-kem1024-fixed-prr0p85-loss1-rep21-seed200021-v3: mode d'application de perte forcée inattendu: invalid
VALIDATION WARNING: B-kem1024-fixed-prr0p85-loss1-rep21-seed200021-v4: perte forcée configurée mais cible/événements observés incohérents
VALIDATION ERROR: B-kem1024-fixed-prr0p85-loss1-rep21-seed200021-v4: injection de perte forcée non validée dans le log
VALIDATION ERROR: B-kem1024-fixed-prr0p85-loss1-rep21-seed200021-v4: mode d'application de perte forcée inattendu: invalid
VALIDATION WARNING: B-kem1024-fixed-prr0p85-loss1-rep26-seed200026-v3: perte forcée configurée mais cible/événements observés incohérents
VALIDATION ERROR: B-kem1024-fixed-prr0p85-loss1-rep26-seed200026-v3: injection de perte forcée non validée dans le log
VALIDATION ERROR: B-kem1024-fixed-prr0p85-loss1-rep26-seed200026-v3: mode d'application de perte forcée inattendu: invalid
VALIDATION WARNING: B-kem1024-fixed-prr0p85-loss1-rep26-seed200026-v4: perte forcée configurée mais cible/événements observés incohérents
VALIDATION ERROR: B-kem1024-fixed-prr0p85-loss1-rep26-seed200026-v4: injection de perte forcée non validée dans le log
VALIDATION ERROR: B-kem1024-fixed-prr0p85-loss1-rep26-seed200026-v4: mode d'application de perte forcée inattendu: invalid
VALIDATION WARNING: B-kem1024-fixed-prr0p85-loss1-rep27-seed200027-v3: perte forcée configurée mais cible/événements observés incohérents
VALIDATION ERROR: B-kem1024-fixed-prr0p85-loss1-rep27-seed200027-v3: injection de perte forcée non validée dans le log
VALIDATION ERROR: B-kem1024-fixed-prr0p85-loss1-rep27-seed200027-v3: mode d'application de perte forcée inattendu: invalid
VALIDATION WARNING: B-kem1024-fixed-prr0p85-loss1-rep27-seed200027-v4: perte forcée configurée mais cible/événements observés incohérents
VALIDATION ERROR: B-kem1024-fixed-prr0p85-loss1-rep27-seed200027-v4: injection de perte forcée non validée dans le log
VALIDATION ERROR: B-kem1024-fixed-prr0p85-loss1-rep27-seed200027-v4: mode d'application de perte forcée inattendu: invalid
VALIDATION WARNING: B-kem1024-fixed-prr0p90-loss1-rep02-seed200002-v3: perte forcée configurée mais cible/événements observés incohérents
VALIDATION ERROR: B-kem1024-fixed-prr0p90-loss1-rep02-seed200002-v3: injection de perte forcée non validée dans le log
VALIDATION ERROR: B-kem1024-fixed-prr0p90-loss1-rep02-seed200002-v3: mode d'application de perte forcée inattendu: invalid
VALIDATION WARNING: B-kem1024-fixed-prr0p90-loss1-rep02-seed200002-v4: perte forcée configurée mais cible/événements observés incohérents
VALIDATION ERROR: B-kem1024-fixed-prr0p90-loss1-rep02-seed200002-v4: injection de perte forcée non validée dans le log
VALIDATION ERROR: B-kem1024-fixed-prr0p90-loss1-rep02-seed200002-v4: mode d'application de perte forcée inattendu: invalid
VALIDATION WARNING: B-kem1024-fixed-prr0p90-loss1-rep04-seed200004-v3: perte forcée configurée mais cible/événements observés incohérents
VALIDATION ERROR: B-kem1024-fixed-prr0p90-loss1-rep04-seed200004-v3: injection de perte forcée non validée dans le log
VALIDATION ERROR: B-kem1024-fixed-prr0p90-loss1-rep04-seed200004-v3: mode d'application de perte forcée inattendu: invalid
VALIDATION WARNING: B-kem1024-fixed-prr0p90-loss1-rep04-seed200004-v4: perte forcée configurée mais cible/événements observés incohérents
VALIDATION ERROR: B-kem1024-fixed-prr0p90-loss1-rep04-seed200004-v4: injection de perte forcée non validée dans le log
VALIDATION ERROR: B-kem1024-fixed-prr0p90-loss1-rep04-seed200004-v4: mode d'application de perte forcée inattendu: invalid
VALIDATION WARNING: B-kem1024-fixed-prr0p90-loss1-rep05-seed200005-v3: perte forcée configurée mais cible/événements observés incohérents
VALIDATION ERROR: B-kem1024-fixed-prr0p90-loss1-rep05-seed200005-v3: injection de perte forcée non validée dans le log
VALIDATION ERROR: B-kem1024-fixed-prr0p90-loss1-rep05-seed200005-v3: mode d'application de perte forcée inattendu: invalid
VALIDATION WARNING: B-kem1024-fixed-prr0p90-loss1-rep05-seed200005-v4: perte forcée configurée mais cible/événements observés incohérents
VALIDATION ERROR: B-kem1024-fixed-prr0p90-loss1-rep05-seed200005-v4: injection de perte forcée non validée dans le log
VALIDATION ERROR: B-kem1024-fixed-prr0p90-loss1-rep05-seed200005-v4: mode d'application de perte forcée inattendu: invalid
VALIDATION WARNING: B-kem1024-fixed-prr0p90-loss1-rep14-seed200014-v3: perte forcée configurée mais cible/événements observés incohérents
VALIDATION ERROR: B-kem1024-fixed-prr0p90-loss1-rep14-seed200014-v3: injection de perte forcée non validée dans le log
VALIDATION ERROR: B-kem1024-fixed-prr0p90-loss1-rep14-seed200014-v3: mode d'application de perte forcée inattendu: invalid
VALIDATION WARNING: B-kem1024-fixed-prr0p90-loss1-rep14-seed200014-v4: perte forcée configurée mais cible/événements observés incohérents
VALIDATION ERROR: B-kem1024-fixed-prr0p90-loss1-rep14-seed200014-v4: injection de perte forcée non validée dans le log
VALIDATION ERROR: B-kem1024-fixed-prr0p90-loss1-rep14-seed200014-v4: mode d'application de perte forcée inattendu: invalid
VALIDATION WARNING: B-kem1024-fixed-prr0p90-loss1-rep16-seed200016-v3: perte forcée configurée mais cible/événements observés incohérents
VALIDATION ERROR: B-kem1024-fixed-prr0p90-loss1-rep16-seed200016-v3: injection de perte forcée non validée dans le log
VALIDATION ERROR: B-kem1024-fixed-prr0p90-loss1-rep16-seed200016-v3: mode d'application de perte forcée inattendu: invalid
VALIDATION WARNING: B-kem1024-fixed-prr0p90-loss1-rep16-seed200016-v4: perte forcée configurée mais cible/événements observés incohérents
VALIDATION ERROR: B-kem1024-fixed-prr0p90-loss1-rep16-seed200016-v4: injection de perte forcée non validée dans le log
VALIDATION ERROR: B-kem1024-fixed-prr0p90-loss1-rep16-seed200016-v4: mode d'application de perte forcée inattendu: invalid
VALIDATION WARNING: B-kem1024-fixed-prr0p90-loss1-rep21-seed200021-v3: perte forcée configurée mais cible/événements observés incohérents
VALIDATION ERROR: B-kem1024-fixed-prr0p90-loss1-rep21-seed200021-v3: injection de perte forcée non validée dans le log
VALIDATION ERROR: B-kem1024-fixed-prr0p90-loss1-rep21-seed200021-v3: mode d'application de perte forcée inattendu: invalid
VALIDATION WARNING: B-kem1024-fixed-prr0p90-loss1-rep21-seed200021-v4: perte forcée configurée mais cible/événements observés incohérents
VALIDATION ERROR: B-kem1024-fixed-prr0p90-loss1-rep21-seed200021-v4: injection de perte forcée non validée dans le log
VALIDATION ERROR: B-kem1024-fixed-prr0p90-loss1-rep21-seed200021-v4: mode d'application de perte forcée inattendu: invalid
VALIDATION WARNING: B-kem1024-fixed-prr0p90-loss1-rep26-seed200026-v3: perte ciblée armée, mais le canal/radio a perdu la trame avant le hook receiver
VALIDATION WARNING: B-kem1024-fixed-prr0p90-loss1-rep26-seed200026-v3: cible armée mais perdue par le canal/radio avant FORCED_LOSS_APPLIED
VALIDATION WARNING: B-kem1024-fixed-prr0p90-loss1-rep26-seed200026-v4: perte ciblée armée, mais le canal/radio a perdu la trame avant le hook receiver
VALIDATION WARNING: B-kem1024-fixed-prr0p90-loss1-rep26-seed200026-v4: cible armée mais perdue par le canal/radio avant FORCED_LOSS_APPLIED
VALIDATION WARNING: B-kem1024-fixed-prr0p90-loss1-rep27-seed200027-v3: perte forcée configurée mais cible/événements observés incohérents
VALIDATION ERROR: B-kem1024-fixed-prr0p90-loss1-rep27-seed200027-v3: injection de perte forcée non validée dans le log
VALIDATION ERROR: B-kem1024-fixed-prr0p90-loss1-rep27-seed200027-v3: mode d'application de perte forcée inattendu: invalid
VALIDATION WARNING: B-kem1024-fixed-prr0p90-loss1-rep27-seed200027-v4: perte forcée configurée mais cible/événements observés incohérents
VALIDATION ERROR: B-kem1024-fixed-prr0p90-loss1-rep27-seed200027-v4: injection de perte forcée non validée dans le log
VALIDATION ERROR: B-kem1024-fixed-prr0p90-loss1-rep27-seed200027-v4: mode d'application de perte forcée inattendu: invalid
VALIDATION WARNING: B-kem1024-fixed-prr0p95-loss1-rep14-seed200014-v3: perte forcée configurée mais cible/événements observés incohérents
VALIDATION ERROR: B-kem1024-fixed-prr0p95-loss1-rep14-seed200014-v3: injection de perte forcée non validée dans le log
VALIDATION ERROR: B-kem1024-fixed-prr0p95-loss1-rep14-seed200014-v3: mode d'application de perte forcée inattendu: invalid
VALIDATION WARNING: B-kem1024-fixed-prr0p95-loss1-rep14-seed200014-v4: perte forcée configurée mais cible/événements observés incohérents
VALIDATION ERROR: B-kem1024-fixed-prr0p95-loss1-rep14-seed200014-v4: injection de perte forcée non validée dans le log
VALIDATION ERROR: B-kem1024-fixed-prr0p95-loss1-rep14-seed200014-v4: mode d'application de perte forcée inattendu: invalid
VALIDATION WARNING: B-kem1024-fixed-prr0p95-loss1-rep16-seed200016-v3: perte forcée configurée mais cible/événements observés incohérents
VALIDATION ERROR: B-kem1024-fixed-prr0p95-loss1-rep16-seed200016-v3: injection de perte forcée non validée dans le log
VALIDATION ERROR: B-kem1024-fixed-prr0p95-loss1-rep16-seed200016-v3: mode d'application de perte forcée inattendu: invalid
VALIDATION WARNING: B-kem1024-fixed-prr0p95-loss1-rep16-seed200016-v4: perte forcée configurée mais cible/événements observés incohérents
VALIDATION ERROR: B-kem1024-fixed-prr0p95-loss1-rep16-seed200016-v4: injection de perte forcée non validée dans le log
VALIDATION ERROR: B-kem1024-fixed-prr0p95-loss1-rep16-seed200016-v4: mode d'application de perte forcée inattendu: invalid
VALIDATION WARNING: B-kem1024-fixed-prr0p95-loss1-rep27-seed200027-v3: perte forcée configurée mais cible/événements observés incohérents
VALIDATION ERROR: B-kem1024-fixed-prr0p95-loss1-rep27-seed200027-v3: injection de perte forcée non validée dans le log
VALIDATION ERROR: B-kem1024-fixed-prr0p95-loss1-rep27-seed200027-v3: mode d'application de perte forcée inattendu: invalid
VALIDATION WARNING: B-kem1024-fixed-prr0p95-loss1-rep27-seed200027-v4: perte forcée configurée mais cible/événements observés incohérents
VALIDATION ERROR: B-kem1024-fixed-prr0p95-loss1-rep27-seed200027-v4: injection de perte forcée non validée dans le log
VALIDATION ERROR: B-kem1024-fixed-prr0p95-loss1-rep27-seed200027-v4: mode d'application de perte forcée inattendu: invalid
VALIDATION WARNING: B-kem1024-gilbert-prr0p50-L2-loss1-rep01-seed200001-v3: perte forcée configurée mais cible/événements observés incohérents
VALIDATION ERROR: B-kem1024-gilbert-prr0p50-L2-loss1-rep01-seed200001-v3: injection de perte forcée non validée dans le log
VALIDATION ERROR: B-kem1024-gilbert-prr0p50-L2-loss1-rep01-seed200001-v3: mode d'application de perte forcée inattendu: invalid
VALIDATION WARNING: B-kem1024-gilbert-prr0p50-L2-loss1-rep01-seed200001-v4: perte forcée configurée mais cible/événements observés incohérents
VALIDATION ERROR: B-kem1024-gilbert-prr0p50-L2-loss1-rep01-seed200001-v4: injection de perte forcée non validée dans le log
VALIDATION ERROR: B-kem1024-gilbert-prr0p50-L2-loss1-rep01-seed200001-v4: mode d'application de perte forcée inattendu: invalid
VALIDATION WARNING: B-kem1024-gilbert-prr0p50-L2-loss1-rep02-seed200002-v3: perte forcée configurée mais cible/événements observés incohérents
VALIDATION ERROR: B-kem1024-gilbert-prr0p50-L2-loss1-rep02-seed200002-v3: injection de perte forcée non validée dans le log
VALIDATION ERROR: B-kem1024-gilbert-prr0p50-L2-loss1-rep02-seed200002-v3: mode d'application de perte forcée inattendu: invalid
VALIDATION WARNING: B-kem1024-gilbert-prr0p50-L2-loss1-rep02-seed200002-v4: perte forcée configurée mais cible/événements observés incohérents
VALIDATION ERROR: B-kem1024-gilbert-prr0p50-L2-loss1-rep02-seed200002-v4: injection de perte forcée non validée dans le log
VALIDATION ERROR: B-kem1024-gilbert-prr0p50-L2-loss1-rep02-seed200002-v4: mode d'application de perte forcée inattendu: invalid
VALIDATION WARNING: B-kem1024-gilbert-prr0p50-L2-loss1-rep03-seed200003-v3: perte forcée configurée mais cible/événements observés incohérents
VALIDATION ERROR: B-kem1024-gilbert-prr0p50-L2-loss1-rep03-seed200003-v3: injection de perte forcée non validée dans le log
VALIDATION ERROR: B-kem1024-gilbert-prr0p50-L2-loss1-rep03-seed200003-v3: mode d'application de perte forcée inattendu: invalid
VALIDATION WARNING: B-kem1024-gilbert-prr0p50-L2-loss1-rep03-seed200003-v4: perte forcée configurée mais cible/événements observés incohérents
VALIDATION ERROR: B-kem1024-gilbert-prr0p50-L2-loss1-rep03-seed200003-v4: injection de perte forcée non validée dans le log
VALIDATION ERROR: B-kem1024-gilbert-prr0p50-L2-loss1-rep03-seed200003-v4: mode d'application de perte forcée inattendu: invalid
VALIDATION WARNING: B-kem1024-gilbert-prr0p50-L2-loss1-rep04-seed200004-v3: perte forcée configurée mais cible/événements observés incohérents
VALIDATION ERROR: B-kem1024-gilbert-prr0p50-L2-loss1-rep04-seed200004-v3: injection de perte forcée non validée dans le log
VALIDATION ERROR: B-kem1024-gilbert-prr0p50-L2-loss1-rep04-seed200004-v3: mode d'application de perte forcée inattendu: invalid
VALIDATION WARNING: B-kem1024-gilbert-prr0p50-L2-loss1-rep04-seed200004-v4: perte forcée configurée mais cible/événements observés incohérents
VALIDATION ERROR: B-kem1024-gilbert-prr0p50-L2-loss1-rep04-seed200004-v4: injection de perte forcée non validée dans le log
VALIDATION ERROR: B-kem1024-gilbert-prr0p50-L2-loss1-rep04-seed200004-v4: mode d'application de perte forcée inattendu: invalid
VALIDATION WARNING: B-kem1024-gilbert-prr0p50-L2-loss1-rep05-seed200005-v3: perte forcée configurée mais cible/événements observés incohérents
VALIDATION ERROR: B-kem1024-gilbert-prr0p50-L2-loss1-rep05-seed200005-v3: injection de perte forcée non validée dans le log
VALIDATION ERROR: B-kem1024-gilbert-prr0p50-L2-loss1-rep05-seed200005-v3: mode d'application de perte forcée inattendu: invalid
VALIDATION WARNING: B-kem1024-gilbert-prr0p50-L2-loss1-rep05-seed200005-v4: perte forcée configurée mais cible/événements observés incohérents
VALIDATION ERROR: B-kem1024-gilbert-prr0p50-L2-loss1-rep05-seed200005-v4: injection de perte forcée non validée dans le log
VALIDATION ERROR: B-kem1024-gilbert-prr0p50-L2-loss1-rep05-seed200005-v4: mode d'application de perte forcée inattendu: invalid
VALIDATION WARNING: B-kem1024-gilbert-prr0p50-L2-loss1-rep06-seed200006-v3: perte forcée configurée mais cible/événements observés incohérents
VALIDATION ERROR: B-kem1024-gilbert-prr0p50-L2-loss1-rep06-seed200006-v3: injection de perte forcée non validée dans le log
VALIDATION ERROR: B-kem1024-gilbert-prr0p50-L2-loss1-rep06-seed200006-v3: mode d'application de perte forcée inattendu: invalid
VALIDATION WARNING: B-kem1024-gilbert-prr0p50-L2-loss1-rep06-seed200006-v4: perte forcée configurée mais cible/événements observés incohérents
VALIDATION ERROR: B-kem1024-gilbert-prr0p50-L2-loss1-rep06-seed200006-v4: injection de perte forcée non validée dans le log
VALIDATION ERROR: B-kem1024-gilbert-prr0p50-L2-loss1-rep06-seed200006-v4: mode d'application de perte forcée inattendu: invalid
VALIDATION WARNING: B-kem1024-gilbert-prr0p50-L2-loss1-rep07-seed200007-v3: perte forcée configurée mais cible/événements observés incohérents
VALIDATION ERROR: B-kem1024-gilbert-prr0p50-L2-loss1-rep07-seed200007-v3: injection de perte forcée non validée dans le log
VALIDATION ERROR: B-kem1024-gilbert-prr0p50-L2-loss1-rep07-seed200007-v3: mode d'application de perte forcée inattendu: invalid
VALIDATION WARNING: B-kem1024-gilbert-prr0p50-L2-loss1-rep07-seed200007-v4: perte forcée configurée mais cible/événements observés incohérents
VALIDATION ERROR: B-kem1024-gilbert-prr0p50-L2-loss1-rep07-seed200007-v4: injection de perte forcée non validée dans le log
VALIDATION ERROR: B-kem1024-gilbert-prr0p50-L2-loss1-rep07-seed200007-v4: mode d'application de perte forcée inattendu: invalid
VALIDATION WARNING: B-kem1024-gilbert-prr0p50-L2-loss1-rep08-seed200008-v3: perte forcée configurée mais cible/événements observés incohérents
VALIDATION ERROR: B-kem1024-gilbert-prr0p50-L2-loss1-rep08-seed200008-v3: injection de perte forcée non validée dans le log
VALIDATION ERROR: B-kem1024-gilbert-prr0p50-L2-loss1-rep08-seed200008-v3: mode d'application de perte forcée inattendu: invalid
VALIDATION WARNING: B-kem1024-gilbert-prr0p50-L2-loss1-rep08-seed200008-v4: perte forcée configurée mais cible/événements observés incohérents
VALIDATION ERROR: B-kem1024-gilbert-prr0p50-L2-loss1-rep08-seed200008-v4: injection de perte forcée non validée dans le log
VALIDATION ERROR: B-kem1024-gilbert-prr0p50-L2-loss1-rep08-seed200008-v4: mode d'application de perte forcée inattendu: invalid
VALIDATION WARNING: B-kem1024-gilbert-prr0p50-L2-loss1-rep09-seed200009-v3: perte forcée configurée mais cible/événements observés incohérents
VALIDATION ERROR: B-kem1024-gilbert-prr0p50-L2-loss1-rep09-seed200009-v3: injection de perte forcée non validée dans le log
VALIDATION ERROR: B-kem1024-gilbert-prr0p50-L2-loss1-rep09-seed200009-v3: mode d'application de perte forcée inattendu: invalid
VALIDATION WARNING: B-kem1024-gilbert-prr0p50-L2-loss1-rep09-seed200009-v4: perte forcée configurée mais cible/événements observés incohérents
VALIDATION ERROR: B-kem1024-gilbert-prr0p50-L2-loss1-rep09-seed200009-v4: injection de perte forcée non validée dans le log
VALIDATION ERROR: B-kem1024-gilbert-prr0p50-L2-loss1-rep09-seed200009-v4: mode d'application de perte forcée inattendu: invalid
VALIDATION WARNING: B-kem1024-gilbert-prr0p50-L2-loss1-rep10-seed200010-v3: perte forcée configurée mais cible/événements observés incohérents
VALIDATION ERROR: B-kem1024-gilbert-prr0p50-L2-loss1-rep10-seed200010-v3: injection de perte forcée non validée dans le log
VALIDATION ERROR: B-kem1024-gilbert-prr0p50-L2-loss1-rep10-seed200010-v3: mode d'application de perte forcée inattendu: invalid
VALIDATION WARNING: B-kem1024-gilbert-prr0p50-L2-loss1-rep10-seed200010-v4: perte forcée configurée mais cible/événements observés incohérents
VALIDATION ERROR: B-kem1024-gilbert-prr0p50-L2-loss1-rep10-seed200010-v4: injection de perte forcée non validée dans le log
VALIDATION ERROR: B-kem1024-gilbert-prr0p50-L2-loss1-rep10-seed200010-v4: mode d'application de perte forcée inattendu: invalid
VALIDATION WARNING: B-kem1024-gilbert-prr0p50-L2-loss1-rep11-seed200011-v3: perte forcée configurée mais cible/événements observés incohérents
VALIDATION ERROR: B-kem1024-gilbert-prr0p50-L2-loss1-rep11-seed200011-v3: injection de perte forcée non validée dans le log
VALIDATION ERROR: B-kem1024-gilbert-prr0p50-L2-loss1-rep11-seed200011-v3: mode d'application de perte forcée inattendu: invalid
VALIDATION WARNING: B-kem1024-gilbert-prr0p50-L2-loss1-rep11-seed200011-v4: perte forcée configurée mais cible/événements observés incohérents
VALIDATION ERROR: B-kem1024-gilbert-prr0p50-L2-loss1-rep11-seed200011-v4: injection de perte forcée non validée dans le log
VALIDATION ERROR: B-kem1024-gilbert-prr0p50-L2-loss1-rep11-seed200011-v4: mode d'application de perte forcée inattendu: invalid
VALIDATION WARNING: B-kem1024-gilbert-prr0p50-L2-loss1-rep12-seed200012-v3: perte forcée configurée mais cible/événements observés incohérents
VALIDATION ERROR: B-kem1024-gilbert-prr0p50-L2-loss1-rep12-seed200012-v3: injection de perte forcée non validée dans le log
VALIDATION ERROR: B-kem1024-gilbert-prr0p50-L2-loss1-rep12-seed200012-v3: mode d'application de perte forcée inattendu: invalid
VALIDATION WARNING: B-kem1024-gilbert-prr0p50-L2-loss1-rep12-seed200012-v4: perte forcée configurée mais cible/événements observés incohérents
VALIDATION ERROR: B-kem1024-gilbert-prr0p50-L2-loss1-rep12-seed200012-v4: injection de perte forcée non validée dans le log
VALIDATION ERROR: B-kem1024-gilbert-prr0p50-L2-loss1-rep12-seed200012-v4: mode d'application de perte forcée inattendu: invalid
VALIDATION WARNING: B-kem1024-gilbert-prr0p50-L2-loss1-rep13-seed200013-v3: perte forcée configurée mais cible/événements observés incohérents
VALIDATION ERROR: B-kem1024-gilbert-prr0p50-L2-loss1-rep13-seed200013-v3: injection de perte forcée non validée dans le log
VALIDATION ERROR: B-kem1024-gilbert-prr0p50-L2-loss1-rep13-seed200013-v3: mode d'application de perte forcée inattendu: invalid
VALIDATION WARNING: B-kem1024-gilbert-prr0p50-L2-loss1-rep13-seed200013-v4: perte forcée configurée mais cible/événements observés incohérents
VALIDATION ERROR: B-kem1024-gilbert-prr0p50-L2-loss1-rep13-seed200013-v4: injection de perte forcée non validée dans le log
VALIDATION ERROR: B-kem1024-gilbert-prr0p50-L2-loss1-rep13-seed200013-v4: mode d'application de perte forcée inattendu: invalid
VALIDATION WARNING: B-kem1024-gilbert-prr0p50-L2-loss1-rep14-seed200014-v3: perte forcée configurée mais cible/événements observés incohérents
VALIDATION ERROR: B-kem1024-gilbert-prr0p50-L2-loss1-rep14-seed200014-v3: injection de perte forcée non validée dans le log
VALIDATION ERROR: B-kem1024-gilbert-prr0p50-L2-loss1-rep14-seed200014-v3: mode d'application de perte forcée inattendu: invalid
VALIDATION WARNING: B-kem1024-gilbert-prr0p50-L2-loss1-rep14-seed200014-v4: perte forcée configurée mais cible/événements observés incohérents
VALIDATION ERROR: B-kem1024-gilbert-prr0p50-L2-loss1-rep14-seed200014-v4: injection de perte forcée non validée dans le log
VALIDATION ERROR: B-kem1024-gilbert-prr0p50-L2-loss1-rep14-seed200014-v4: mode d'application de perte forcée inattendu: invalid
VALIDATION WARNING: B-kem1024-gilbert-prr0p50-L2-loss1-rep15-seed200015-v3: perte forcée configurée mais cible/événements observés incohérents
VALIDATION ERROR: B-kem1024-gilbert-prr0p50-L2-loss1-rep15-seed200015-v3: injection de perte forcée non validée dans le log
VALIDATION ERROR: B-kem1024-gilbert-prr0p50-L2-loss1-rep15-seed200015-v3: mode d'application de perte forcée inattendu: invalid
VALIDATION WARNING: B-kem1024-gilbert-prr0p50-L2-loss1-rep15-seed200015-v4: perte forcée configurée mais cible/événements observés incohérents
VALIDATION ERROR: B-kem1024-gilbert-prr0p50-L2-loss1-rep15-seed200015-v4: injection de perte forcée non validée dans le log
VALIDATION ERROR: B-kem1024-gilbert-prr0p50-L2-loss1-rep15-seed200015-v4: mode d'application de perte forcée inattendu: invalid
VALIDATION WARNING: B-kem1024-gilbert-prr0p50-L2-loss1-rep16-seed200016-v3: perte forcée configurée mais cible/événements observés incohérents
VALIDATION ERROR: B-kem1024-gilbert-prr0p50-L2-loss1-rep16-seed200016-v3: injection de perte forcée non validée dans le log
VALIDATION ERROR: B-kem1024-gilbert-prr0p50-L2-loss1-rep16-seed200016-v3: mode d'application de perte forcée inattendu: invalid
VALIDATION WARNING: B-kem1024-gilbert-prr0p50-L2-loss1-rep16-seed200016-v4: perte forcée configurée mais cible/événements observés incohérents
VALIDATION ERROR: B-kem1024-gilbert-prr0p50-L2-loss1-rep16-seed200016-v4: injection de perte forcée non validée dans le log
VALIDATION ERROR: B-kem1024-gilbert-prr0p50-L2-loss1-rep16-seed200016-v4: mode d'application de perte forcée inattendu: invalid
VALIDATION WARNING: B-kem1024-gilbert-prr0p50-L2-loss1-rep17-seed200017-v3: perte forcée configurée mais cible/événements observés incohérents
VALIDATION ERROR: B-kem1024-gilbert-prr0p50-L2-loss1-rep17-seed200017-v3: injection de perte forcée non validée dans le log
VALIDATION ERROR: B-kem1024-gilbert-prr0p50-L2-loss1-rep17-seed200017-v3: mode d'application de perte forcée inattendu: invalid
VALIDATION WARNING: B-kem1024-gilbert-prr0p50-L2-loss1-rep17-seed200017-v4: perte forcée configurée mais cible/événements observés incohérents
VALIDATION ERROR: B-kem1024-gilbert-prr0p50-L2-loss1-rep17-seed200017-v4: injection de perte forcée non validée dans le log
VALIDATION ERROR: B-kem1024-gilbert-prr0p50-L2-loss1-rep17-seed200017-v4: mode d'application de perte forcée inattendu: invalid
VALIDATION WARNING: B-kem1024-gilbert-prr0p50-L2-loss1-rep18-seed200018-v3: perte forcée configurée mais cible/événements observés incohérents
VALIDATION ERROR: B-kem1024-gilbert-prr0p50-L2-loss1-rep18-seed200018-v3: injection de perte forcée non validée dans le log
VALIDATION ERROR: B-kem1024-gilbert-prr0p50-L2-loss1-rep18-seed200018-v3: mode d'application de perte forcée inattendu: invalid
VALIDATION WARNING: B-kem1024-gilbert-prr0p50-L2-loss1-rep18-seed200018-v4: perte forcée configurée mais cible/événements observés incohérents
VALIDATION ERROR: B-kem1024-gilbert-prr0p50-L2-loss1-rep18-seed200018-v4: injection de perte forcée non validée dans le log
VALIDATION ERROR: B-kem1024-gilbert-prr0p50-L2-loss1-rep18-seed200018-v4: mode d'application de perte forcée inattendu: invalid
VALIDATION WARNING: B-kem1024-gilbert-prr0p50-L2-loss1-rep19-seed200019-v3: perte forcée configurée mais cible/événements observés incohérents
VALIDATION ERROR: B-kem1024-gilbert-prr0p50-L2-loss1-rep19-seed200019-v3: injection de perte forcée non validée dans le log
VALIDATION ERROR: B-kem1024-gilbert-prr0p50-L2-loss1-rep19-seed200019-v3: mode d'application de perte forcée inattendu: invalid
VALIDATION WARNING: B-kem1024-gilbert-prr0p50-L2-loss1-rep19-seed200019-v4: perte forcée configurée mais cible/événements observés incohérents
VALIDATION ERROR: B-kem1024-gilbert-prr0p50-L2-loss1-rep19-seed200019-v4: injection de perte forcée non validée dans le log
VALIDATION ERROR: B-kem1024-gilbert-prr0p50-L2-loss1-rep19-seed200019-v4: mode d'application de perte forcée inattendu: invalid
VALIDATION WARNING: B-kem1024-gilbert-prr0p50-L2-loss1-rep20-seed200020-v3: perte forcée configurée mais cible/événements observés incohérents
VALIDATION ERROR: B-kem1024-gilbert-prr0p50-L2-loss1-rep20-seed200020-v3: injection de perte forcée non validée dans le log
VALIDATION ERROR: B-kem1024-gilbert-prr0p50-L2-loss1-rep20-seed200020-v3: mode d'application de perte forcée inattendu: invalid
VALIDATION WARNING: B-kem1024-gilbert-prr0p50-L2-loss1-rep20-seed200020-v4: perte forcée configurée mais cible/événements observés incohérents
VALIDATION ERROR: B-kem1024-gilbert-prr0p50-L2-loss1-rep20-seed200020-v4: injection de perte forcée non validée dans le log
VALIDATION ERROR: B-kem1024-gilbert-prr0p50-L2-loss1-rep20-seed200020-v4: mode d'application de perte forcée inattendu: invalid
VALIDATION WARNING: B-kem1024-gilbert-prr0p50-L2-loss1-rep21-seed200021-v3: perte forcée configurée mais cible/événements observés incohérents
VALIDATION ERROR: B-kem1024-gilbert-prr0p50-L2-loss1-rep21-seed200021-v3: injection de perte forcée non validée dans le log
VALIDATION ERROR: B-kem1024-gilbert-prr0p50-L2-loss1-rep21-seed200021-v3: mode d'application de perte forcée inattendu: invalid
VALIDATION WARNING: B-kem1024-gilbert-prr0p50-L2-loss1-rep21-seed200021-v4: perte forcée configurée mais cible/événements observés incohérents
VALIDATION ERROR: B-kem1024-gilbert-prr0p50-L2-loss1-rep21-seed200021-v4: injection de perte forcée non validée dans le log
VALIDATION ERROR: B-kem1024-gilbert-prr0p50-L2-loss1-rep21-seed200021-v4: mode d'application de perte forcée inattendu: invalid
VALIDATION WARNING: B-kem1024-gilbert-prr0p50-L2-loss1-rep22-seed200022-v3: perte forcée configurée mais cible/événements observés incohérents
VALIDATION ERROR: B-kem1024-gilbert-prr0p50-L2-loss1-rep22-seed200022-v3: injection de perte forcée non validée dans le log
VALIDATION ERROR: B-kem1024-gilbert-prr0p50-L2-loss1-rep22-seed200022-v3: mode d'application de perte forcée inattendu: invalid
VALIDATION WARNING: B-kem1024-gilbert-prr0p50-L2-loss1-rep22-seed200022-v4: perte forcée configurée mais cible/événements observés incohérents
VALIDATION ERROR: B-kem1024-gilbert-prr0p50-L2-loss1-rep22-seed200022-v4: injection de perte forcée non validée dans le log
VALIDATION ERROR: B-kem1024-gilbert-prr0p50-L2-loss1-rep22-seed200022-v4: mode d'application de perte forcée inattendu: invalid
VALIDATION WARNING: B-kem1024-gilbert-prr0p50-L2-loss1-rep23-seed200023-v3: perte forcée configurée mais cible/événements observés incohérents
VALIDATION ERROR: B-kem1024-gilbert-prr0p50-L2-loss1-rep23-seed200023-v3: injection de perte forcée non validée dans le log
VALIDATION ERROR: B-kem1024-gilbert-prr0p50-L2-loss1-rep23-seed200023-v3: mode d'application de perte forcée inattendu: invalid
VALIDATION WARNING: B-kem1024-gilbert-prr0p50-L2-loss1-rep23-seed200023-v4: perte forcée configurée mais cible/événements observés incohérents
VALIDATION ERROR: B-kem1024-gilbert-prr0p50-L2-loss1-rep23-seed200023-v4: injection de perte forcée non validée dans le log
VALIDATION ERROR: B-kem1024-gilbert-prr0p50-L2-loss1-rep23-seed200023-v4: mode d'application de perte forcée inattendu: invalid
VALIDATION WARNING: B-kem1024-gilbert-prr0p50-L2-loss1-rep24-seed200024-v3: perte forcée configurée mais cible/événements observés incohérents
VALIDATION ERROR: B-kem1024-gilbert-prr0p50-L2-loss1-rep24-seed200024-v3: injection de perte forcée non validée dans le log
VALIDATION ERROR: B-kem1024-gilbert-prr0p50-L2-loss1-rep24-seed200024-v3: mode d'application de perte forcée inattendu: invalid
VALIDATION WARNING: B-kem1024-gilbert-prr0p50-L2-loss1-rep24-seed200024-v4: perte forcée configurée mais cible/événements observés incohérents
VALIDATION ERROR: B-kem1024-gilbert-prr0p50-L2-loss1-rep24-seed200024-v4: injection de perte forcée non validée dans le log
VALIDATION ERROR: B-kem1024-gilbert-prr0p50-L2-loss1-rep24-seed200024-v4: mode d'application de perte forcée inattendu: invalid
VALIDATION WARNING: B-kem1024-gilbert-prr0p50-L2-loss1-rep25-seed200025-v3: perte forcée configurée mais cible/événements observés incohérents
VALIDATION ERROR: B-kem1024-gilbert-prr0p50-L2-loss1-rep25-seed200025-v3: injection de perte forcée non validée dans le log
VALIDATION ERROR: B-kem1024-gilbert-prr0p50-L2-loss1-rep25-seed200025-v3: mode d'application de perte forcée inattendu: invalid
VALIDATION WARNING: B-kem1024-gilbert-prr0p50-L2-loss1-rep25-seed200025-v4: perte forcée configurée mais cible/événements observés incohérents
VALIDATION ERROR: B-kem1024-gilbert-prr0p50-L2-loss1-rep25-seed200025-v4: injection de perte forcée non validée dans le log
VALIDATION ERROR: B-kem1024-gilbert-prr0p50-L2-loss1-rep25-seed200025-v4: mode d'application de perte forcée inattendu: invalid
VALIDATION WARNING: B-kem1024-gilbert-prr0p50-L2-loss1-rep26-seed200026-v3: perte forcée configurée mais cible/événements observés incohérents
VALIDATION ERROR: B-kem1024-gilbert-prr0p50-L2-loss1-rep26-seed200026-v3: injection de perte forcée non validée dans le log
VALIDATION ERROR: B-kem1024-gilbert-prr0p50-L2-loss1-rep26-seed200026-v3: mode d'application de perte forcée inattendu: invalid
VALIDATION WARNING: B-kem1024-gilbert-prr0p50-L2-loss1-rep26-seed200026-v4: perte forcée configurée mais cible/événements observés incohérents
VALIDATION ERROR: B-kem1024-gilbert-prr0p50-L2-loss1-rep26-seed200026-v4: injection de perte forcée non validée dans le log
VALIDATION ERROR: B-kem1024-gilbert-prr0p50-L2-loss1-rep26-seed200026-v4: mode d'application de perte forcée inattendu: invalid
VALIDATION WARNING: B-kem1024-gilbert-prr0p50-L2-loss1-rep27-seed200027-v3: perte forcée configurée mais cible/événements observés incohérents
VALIDATION ERROR: B-kem1024-gilbert-prr0p50-L2-loss1-rep27-seed200027-v3: injection de perte forcée non validée dans le log
VALIDATION ERROR: B-kem1024-gilbert-prr0p50-L2-loss1-rep27-seed200027-v3: mode d'application de perte forcée inattendu: invalid
VALIDATION WARNING: B-kem1024-gilbert-prr0p50-L2-loss1-rep27-seed200027-v4: perte forcée configurée mais cible/événements observés incohérents
VALIDATION ERROR: B-kem1024-gilbert-prr0p50-L2-loss1-rep27-seed200027-v4: injection de perte forcée non validée dans le log
VALIDATION ERROR: B-kem1024-gilbert-prr0p50-L2-loss1-rep27-seed200027-v4: mode d'application de perte forcée inattendu: invalid
VALIDATION WARNING: B-kem1024-gilbert-prr0p50-L2-loss1-rep28-seed200028-v3: perte forcée configurée mais cible/événements observés incohérents
VALIDATION ERROR: B-kem1024-gilbert-prr0p50-L2-loss1-rep28-seed200028-v3: injection de perte forcée non validée dans le log
VALIDATION ERROR: B-kem1024-gilbert-prr0p50-L2-loss1-rep28-seed200028-v3: mode d'application de perte forcée inattendu: invalid
VALIDATION WARNING: B-kem1024-gilbert-prr0p50-L2-loss1-rep28-seed200028-v4: perte forcée configurée mais cible/événements observés incohérents
VALIDATION ERROR: B-kem1024-gilbert-prr0p50-L2-loss1-rep28-seed200028-v4: injection de perte forcée non validée dans le log
VALIDATION ERROR: B-kem1024-gilbert-prr0p50-L2-loss1-rep28-seed200028-v4: mode d'application de perte forcée inattendu: invalid
VALIDATION WARNING: B-kem1024-gilbert-prr0p50-L2-loss1-rep29-seed200029-v3: perte forcée configurée mais cible/événements observés incohérents
VALIDATION ERROR: B-kem1024-gilbert-prr0p50-L2-loss1-rep29-seed200029-v3: injection de perte forcée non validée dans le log
VALIDATION ERROR: B-kem1024-gilbert-prr0p50-L2-loss1-rep29-seed200029-v3: mode d'application de perte forcée inattendu: invalid
VALIDATION WARNING: B-kem1024-gilbert-prr0p50-L2-loss1-rep29-seed200029-v4: perte forcée configurée mais cible/événements observés incohérents
VALIDATION ERROR: B-kem1024-gilbert-prr0p50-L2-loss1-rep29-seed200029-v4: injection de perte forcée non validée dans le log
VALIDATION ERROR: B-kem1024-gilbert-prr0p50-L2-loss1-rep29-seed200029-v4: mode d'application de perte forcée inattendu: invalid
VALIDATION WARNING: B-kem1024-gilbert-prr0p50-L2-loss1-rep30-seed200030-v3: perte forcée configurée mais cible/événements observés incohérents
VALIDATION ERROR: B-kem1024-gilbert-prr0p50-L2-loss1-rep30-seed200030-v3: injection de perte forcée non validée dans le log
VALIDATION ERROR: B-kem1024-gilbert-prr0p50-L2-loss1-rep30-seed200030-v3: mode d'application de perte forcée inattendu: invalid
VALIDATION WARNING: B-kem1024-gilbert-prr0p50-L2-loss1-rep30-seed200030-v4: perte forcée configurée mais cible/événements observés incohérents
VALIDATION ERROR: B-kem1024-gilbert-prr0p50-L2-loss1-rep30-seed200030-v4: injection de perte forcée non validée dans le log
VALIDATION ERROR: B-kem1024-gilbert-prr0p50-L2-loss1-rep30-seed200030-v4: mode d'application de perte forcée inattendu: invalid
VALIDATION WARNING: B-kem1024-gilbert-prr0p50-L5-loss1-rep01-seed200001-v3: perte forcée configurée mais cible/événements observés incohérents
VALIDATION ERROR: B-kem1024-gilbert-prr0p50-L5-loss1-rep01-seed200001-v3: injection de perte forcée non validée dans le log
VALIDATION ERROR: B-kem1024-gilbert-prr0p50-L5-loss1-rep01-seed200001-v3: mode d'application de perte forcée inattendu: invalid
VALIDATION WARNING: B-kem1024-gilbert-prr0p50-L5-loss1-rep01-seed200001-v4: perte forcée configurée mais cible/événements observés incohérents
VALIDATION ERROR: B-kem1024-gilbert-prr0p50-L5-loss1-rep01-seed200001-v4: injection de perte forcée non validée dans le log
VALIDATION ERROR: B-kem1024-gilbert-prr0p50-L5-loss1-rep01-seed200001-v4: mode d'application de perte forcée inattendu: invalid
VALIDATION WARNING: B-kem1024-gilbert-prr0p50-L5-loss1-rep02-seed200002-v3: perte forcée configurée mais cible/événements observés incohérents
VALIDATION ERROR: B-kem1024-gilbert-prr0p50-L5-loss1-rep02-seed200002-v3: injection de perte forcée non validée dans le log
VALIDATION ERROR: B-kem1024-gilbert-prr0p50-L5-loss1-rep02-seed200002-v3: mode d'application de perte forcée inattendu: invalid
VALIDATION WARNING: B-kem1024-gilbert-prr0p50-L5-loss1-rep02-seed200002-v4: perte forcée configurée mais cible/événements observés incohérents
VALIDATION ERROR: B-kem1024-gilbert-prr0p50-L5-loss1-rep02-seed200002-v4: injection de perte forcée non validée dans le log
VALIDATION ERROR: B-kem1024-gilbert-prr0p50-L5-loss1-rep02-seed200002-v4: mode d'application de perte forcée inattendu: invalid
VALIDATION WARNING: B-kem1024-gilbert-prr0p50-L5-loss1-rep03-seed200003-v3: perte forcée configurée mais cible/événements observés incohérents
VALIDATION ERROR: B-kem1024-gilbert-prr0p50-L5-loss1-rep03-seed200003-v3: injection de perte forcée non validée dans le log
VALIDATION ERROR: B-kem1024-gilbert-prr0p50-L5-loss1-rep03-seed200003-v3: mode d'application de perte forcée inattendu: invalid
VALIDATION WARNING: B-kem1024-gilbert-prr0p50-L5-loss1-rep03-seed200003-v4: perte forcée configurée mais cible/événements observés incohérents
VALIDATION ERROR: B-kem1024-gilbert-prr0p50-L5-loss1-rep03-seed200003-v4: injection de perte forcée non validée dans le log
VALIDATION ERROR: B-kem1024-gilbert-prr0p50-L5-loss1-rep03-seed200003-v4: mode d'application de perte forcée inattendu: invalid
VALIDATION WARNING: B-kem1024-gilbert-prr0p50-L5-loss1-rep04-seed200004-v3: perte forcée configurée mais cible/événements observés incohérents
VALIDATION ERROR: B-kem1024-gilbert-prr0p50-L5-loss1-rep04-seed200004-v3: injection de perte forcée non validée dans le log
VALIDATION ERROR: B-kem1024-gilbert-prr0p50-L5-loss1-rep04-seed200004-v3: mode d'application de perte forcée inattendu: invalid
VALIDATION WARNING: B-kem1024-gilbert-prr0p50-L5-loss1-rep04-seed200004-v4: perte forcée configurée mais cible/événements observés incohérents
VALIDATION ERROR: B-kem1024-gilbert-prr0p50-L5-loss1-rep04-seed200004-v4: injection de perte forcée non validée dans le log
VALIDATION ERROR: B-kem1024-gilbert-prr0p50-L5-loss1-rep04-seed200004-v4: mode d'application de perte forcée inattendu: invalid
VALIDATION WARNING: B-kem1024-gilbert-prr0p50-L5-loss1-rep05-seed200005-v3: perte forcée configurée mais cible/événements observés incohérents
VALIDATION ERROR: B-kem1024-gilbert-prr0p50-L5-loss1-rep05-seed200005-v3: injection de perte forcée non validée dans le log
VALIDATION ERROR: B-kem1024-gilbert-prr0p50-L5-loss1-rep05-seed200005-v3: mode d'application de perte forcée inattendu: invalid
VALIDATION WARNING: B-kem1024-gilbert-prr0p50-L5-loss1-rep05-seed200005-v4: perte forcée configurée mais cible/événements observés incohérents
VALIDATION ERROR: B-kem1024-gilbert-prr0p50-L5-loss1-rep05-seed200005-v4: injection de perte forcée non validée dans le log
VALIDATION ERROR: B-kem1024-gilbert-prr0p50-L5-loss1-rep05-seed200005-v4: mode d'application de perte forcée inattendu: invalid
VALIDATION WARNING: B-kem1024-gilbert-prr0p50-L5-loss1-rep06-seed200006-v3: perte forcée configurée mais cible/événements observés incohérents
VALIDATION ERROR: B-kem1024-gilbert-prr0p50-L5-loss1-rep06-seed200006-v3: injection de perte forcée non validée dans le log
VALIDATION ERROR: B-kem1024-gilbert-prr0p50-L5-loss1-rep06-seed200006-v3: mode d'application de perte forcée inattendu: invalid
VALIDATION WARNING: B-kem1024-gilbert-prr0p50-L5-loss1-rep06-seed200006-v4: perte forcée configurée mais cible/événements observés incohérents
VALIDATION ERROR: B-kem1024-gilbert-prr0p50-L5-loss1-rep06-seed200006-v4: injection de perte forcée non validée dans le log
VALIDATION ERROR: B-kem1024-gilbert-prr0p50-L5-loss1-rep06-seed200006-v4: mode d'application de perte forcée inattendu: invalid
VALIDATION WARNING: B-kem1024-gilbert-prr0p50-L5-loss1-rep07-seed200007-v3: perte forcée configurée mais cible/événements observés incohérents
VALIDATION ERROR: B-kem1024-gilbert-prr0p50-L5-loss1-rep07-seed200007-v3: injection de perte forcée non validée dans le log
VALIDATION ERROR: B-kem1024-gilbert-prr0p50-L5-loss1-rep07-seed200007-v3: mode d'application de perte forcée inattendu: invalid
VALIDATION WARNING: B-kem1024-gilbert-prr0p50-L5-loss1-rep07-seed200007-v4: perte forcée configurée mais cible/événements observés incohérents
VALIDATION ERROR: B-kem1024-gilbert-prr0p50-L5-loss1-rep07-seed200007-v4: injection de perte forcée non validée dans le log
VALIDATION ERROR: B-kem1024-gilbert-prr0p50-L5-loss1-rep07-seed200007-v4: mode d'application de perte forcée inattendu: invalid
VALIDATION WARNING: B-kem1024-gilbert-prr0p50-L5-loss1-rep08-seed200008-v3: perte forcée configurée mais cible/événements observés incohérents
VALIDATION ERROR: B-kem1024-gilbert-prr0p50-L5-loss1-rep08-seed200008-v3: injection de perte forcée non validée dans le log
VALIDATION ERROR: B-kem1024-gilbert-prr0p50-L5-loss1-rep08-seed200008-v3: mode d'application de perte forcée inattendu: invalid
VALIDATION WARNING: B-kem1024-gilbert-prr0p50-L5-loss1-rep08-seed200008-v4: perte forcée configurée mais cible/événements observés incohérents
VALIDATION ERROR: B-kem1024-gilbert-prr0p50-L5-loss1-rep08-seed200008-v4: injection de perte forcée non validée dans le log
VALIDATION ERROR: B-kem1024-gilbert-prr0p50-L5-loss1-rep08-seed200008-v4: mode d'application de perte forcée inattendu: invalid
VALIDATION WARNING: B-kem1024-gilbert-prr0p50-L5-loss1-rep09-seed200009-v3: perte forcée configurée mais cible/événements observés incohérents
VALIDATION ERROR: B-kem1024-gilbert-prr0p50-L5-loss1-rep09-seed200009-v3: injection de perte forcée non validée dans le log
VALIDATION ERROR: B-kem1024-gilbert-prr0p50-L5-loss1-rep09-seed200009-v3: mode d'application de perte forcée inattendu: invalid
VALIDATION WARNING: B-kem1024-gilbert-prr0p50-L5-loss1-rep09-seed200009-v4: perte forcée configurée mais cible/événements observés incohérents
VALIDATION ERROR: B-kem1024-gilbert-prr0p50-L5-loss1-rep09-seed200009-v4: injection de perte forcée non validée dans le log
VALIDATION ERROR: B-kem1024-gilbert-prr0p50-L5-loss1-rep09-seed200009-v4: mode d'application de perte forcée inattendu: invalid
VALIDATION WARNING: B-kem1024-gilbert-prr0p50-L5-loss1-rep10-seed200010-v3: perte forcée configurée mais cible/événements observés incohérents
VALIDATION ERROR: B-kem1024-gilbert-prr0p50-L5-loss1-rep10-seed200010-v3: injection de perte forcée non validée dans le log
VALIDATION ERROR: B-kem1024-gilbert-prr0p50-L5-loss1-rep10-seed200010-v3: mode d'application de perte forcée inattendu: invalid
VALIDATION WARNING: B-kem1024-gilbert-prr0p50-L5-loss1-rep10-seed200010-v4: perte forcée configurée mais cible/événements observés incohérents
VALIDATION ERROR: B-kem1024-gilbert-prr0p50-L5-loss1-rep10-seed200010-v4: injection de perte forcée non validée dans le log
VALIDATION ERROR: B-kem1024-gilbert-prr0p50-L5-loss1-rep10-seed200010-v4: mode d'application de perte forcée inattendu: invalid
VALIDATION WARNING: B-kem1024-gilbert-prr0p50-L5-loss1-rep11-seed200011-v3: perte forcée configurée mais cible/événements observés incohérents
VALIDATION ERROR: B-kem1024-gilbert-prr0p50-L5-loss1-rep11-seed200011-v3: injection de perte forcée non validée dans le log
VALIDATION ERROR: B-kem1024-gilbert-prr0p50-L5-loss1-rep11-seed200011-v3: mode d'application de perte forcée inattendu: invalid
VALIDATION WARNING: B-kem1024-gilbert-prr0p50-L5-loss1-rep11-seed200011-v4: perte forcée configurée mais cible/événements observés incohérents
VALIDATION ERROR: B-kem1024-gilbert-prr0p50-L5-loss1-rep11-seed200011-v4: injection de perte forcée non validée dans le log
VALIDATION ERROR: B-kem1024-gilbert-prr0p50-L5-loss1-rep11-seed200011-v4: mode d'application de perte forcée inattendu: invalid
VALIDATION WARNING: B-kem1024-gilbert-prr0p50-L5-loss1-rep12-seed200012-v3: perte forcée configurée mais cible/événements observés incohérents
VALIDATION ERROR: B-kem1024-gilbert-prr0p50-L5-loss1-rep12-seed200012-v3: injection de perte forcée non validée dans le log
VALIDATION ERROR: B-kem1024-gilbert-prr0p50-L5-loss1-rep12-seed200012-v3: mode d'application de perte forcée inattendu: invalid
VALIDATION WARNING: B-kem1024-gilbert-prr0p50-L5-loss1-rep12-seed200012-v4: perte forcée configurée mais cible/événements observés incohérents
VALIDATION ERROR: B-kem1024-gilbert-prr0p50-L5-loss1-rep12-seed200012-v4: injection de perte forcée non validée dans le log
VALIDATION ERROR: B-kem1024-gilbert-prr0p50-L5-loss1-rep12-seed200012-v4: mode d'application de perte forcée inattendu: invalid
VALIDATION WARNING: B-kem1024-gilbert-prr0p50-L5-loss1-rep13-seed200013-v3: perte forcée configurée mais cible/événements observés incohérents
VALIDATION ERROR: B-kem1024-gilbert-prr0p50-L5-loss1-rep13-seed200013-v3: injection de perte forcée non validée dans le log
VALIDATION ERROR: B-kem1024-gilbert-prr0p50-L5-loss1-rep13-seed200013-v3: mode d'application de perte forcée inattendu: invalid
VALIDATION WARNING: B-kem1024-gilbert-prr0p50-L5-loss1-rep13-seed200013-v4: perte forcée configurée mais cible/événements observés incohérents
VALIDATION ERROR: B-kem1024-gilbert-prr0p50-L5-loss1-rep13-seed200013-v4: injection de perte forcée non validée dans le log
VALIDATION ERROR: B-kem1024-gilbert-prr0p50-L5-loss1-rep13-seed200013-v4: mode d'application de perte forcée inattendu: invalid
VALIDATION WARNING: B-kem1024-gilbert-prr0p50-L5-loss1-rep14-seed200014-v3: perte forcée configurée mais cible/événements observés incohérents
VALIDATION ERROR: B-kem1024-gilbert-prr0p50-L5-loss1-rep14-seed200014-v3: injection de perte forcée non validée dans le log
VALIDATION ERROR: B-kem1024-gilbert-prr0p50-L5-loss1-rep14-seed200014-v3: mode d'application de perte forcée inattendu: invalid
VALIDATION WARNING: B-kem1024-gilbert-prr0p50-L5-loss1-rep14-seed200014-v4: perte forcée configurée mais cible/événements observés incohérents
VALIDATION ERROR: B-kem1024-gilbert-prr0p50-L5-loss1-rep14-seed200014-v4: injection de perte forcée non validée dans le log
VALIDATION ERROR: B-kem1024-gilbert-prr0p50-L5-loss1-rep14-seed200014-v4: mode d'application de perte forcée inattendu: invalid
VALIDATION WARNING: B-kem1024-gilbert-prr0p50-L5-loss1-rep15-seed200015-v3: perte forcée configurée mais cible/événements observés incohérents
VALIDATION ERROR: B-kem1024-gilbert-prr0p50-L5-loss1-rep15-seed200015-v3: injection de perte forcée non validée dans le log
VALIDATION ERROR: B-kem1024-gilbert-prr0p50-L5-loss1-rep15-seed200015-v3: mode d'application de perte forcée inattendu: invalid
VALIDATION WARNING: B-kem1024-gilbert-prr0p50-L5-loss1-rep15-seed200015-v4: perte forcée configurée mais cible/événements observés incohérents
VALIDATION ERROR: B-kem1024-gilbert-prr0p50-L5-loss1-rep15-seed200015-v4: injection de perte forcée non validée dans le log
VALIDATION ERROR: B-kem1024-gilbert-prr0p50-L5-loss1-rep15-seed200015-v4: mode d'application de perte forcée inattendu: invalid
VALIDATION WARNING: B-kem1024-gilbert-prr0p50-L5-loss1-rep16-seed200016-v3: perte forcée configurée mais cible/événements observés incohérents
VALIDATION ERROR: B-kem1024-gilbert-prr0p50-L5-loss1-rep16-seed200016-v3: injection de perte forcée non validée dans le log
VALIDATION ERROR: B-kem1024-gilbert-prr0p50-L5-loss1-rep16-seed200016-v3: mode d'application de perte forcée inattendu: invalid
VALIDATION WARNING: B-kem1024-gilbert-prr0p50-L5-loss1-rep16-seed200016-v4: perte forcée configurée mais cible/événements observés incohérents
VALIDATION ERROR: B-kem1024-gilbert-prr0p50-L5-loss1-rep16-seed200016-v4: injection de perte forcée non validée dans le log
VALIDATION ERROR: B-kem1024-gilbert-prr0p50-L5-loss1-rep16-seed200016-v4: mode d'application de perte forcée inattendu: invalid
VALIDATION WARNING: B-kem1024-gilbert-prr0p50-L5-loss1-rep17-seed200017-v3: perte forcée configurée mais cible/événements observés incohérents
VALIDATION ERROR: B-kem1024-gilbert-prr0p50-L5-loss1-rep17-seed200017-v3: injection de perte forcée non validée dans le log
VALIDATION ERROR: B-kem1024-gilbert-prr0p50-L5-loss1-rep17-seed200017-v3: mode d'application de perte forcée inattendu: invalid
VALIDATION WARNING: B-kem1024-gilbert-prr0p50-L5-loss1-rep17-seed200017-v4: perte forcée configurée mais cible/événements observés incohérents
VALIDATION ERROR: B-kem1024-gilbert-prr0p50-L5-loss1-rep17-seed200017-v4: injection de perte forcée non validée dans le log
VALIDATION ERROR: B-kem1024-gilbert-prr0p50-L5-loss1-rep17-seed200017-v4: mode d'application de perte forcée inattendu: invalid
VALIDATION WARNING: B-kem1024-gilbert-prr0p50-L5-loss1-rep18-seed200018-v3: perte forcée configurée mais cible/événements observés incohérents
VALIDATION ERROR: B-kem1024-gilbert-prr0p50-L5-loss1-rep18-seed200018-v3: injection de perte forcée non validée dans le log
VALIDATION ERROR: B-kem1024-gilbert-prr0p50-L5-loss1-rep18-seed200018-v3: mode d'application de perte forcée inattendu: invalid
VALIDATION WARNING: B-kem1024-gilbert-prr0p50-L5-loss1-rep18-seed200018-v4: perte forcée configurée mais cible/événements observés incohérents
VALIDATION ERROR: B-kem1024-gilbert-prr0p50-L5-loss1-rep18-seed200018-v4: injection de perte forcée non validée dans le log
VALIDATION ERROR: B-kem1024-gilbert-prr0p50-L5-loss1-rep18-seed200018-v4: mode d'application de perte forcée inattendu: invalid
VALIDATION WARNING: B-kem1024-gilbert-prr0p50-L5-loss1-rep19-seed200019-v3: perte forcée configurée mais cible/événements observés incohérents
VALIDATION ERROR: B-kem1024-gilbert-prr0p50-L5-loss1-rep19-seed200019-v3: injection de perte forcée non validée dans le log
VALIDATION ERROR: B-kem1024-gilbert-prr0p50-L5-loss1-rep19-seed200019-v3: mode d'application de perte forcée inattendu: invalid
VALIDATION WARNING: B-kem1024-gilbert-prr0p50-L5-loss1-rep19-seed200019-v4: perte forcée configurée mais cible/événements observés incohérents
VALIDATION ERROR: B-kem1024-gilbert-prr0p50-L5-loss1-rep19-seed200019-v4: injection de perte forcée non validée dans le log
VALIDATION ERROR: B-kem1024-gilbert-prr0p50-L5-loss1-rep19-seed200019-v4: mode d'application de perte forcée inattendu: invalid
VALIDATION WARNING: B-kem1024-gilbert-prr0p50-L5-loss1-rep20-seed200020-v3: perte forcée configurée mais cible/événements observés incohérents
VALIDATION ERROR: B-kem1024-gilbert-prr0p50-L5-loss1-rep20-seed200020-v3: injection de perte forcée non validée dans le log
VALIDATION ERROR: B-kem1024-gilbert-prr0p50-L5-loss1-rep20-seed200020-v3: mode d'application de perte forcée inattendu: invalid
VALIDATION WARNING: B-kem1024-gilbert-prr0p50-L5-loss1-rep20-seed200020-v4: perte forcée configurée mais cible/événements observés incohérents
VALIDATION ERROR: B-kem1024-gilbert-prr0p50-L5-loss1-rep20-seed200020-v4: injection de perte forcée non validée dans le log
VALIDATION ERROR: B-kem1024-gilbert-prr0p50-L5-loss1-rep20-seed200020-v4: mode d'application de perte forcée inattendu: invalid
VALIDATION WARNING: B-kem1024-gilbert-prr0p50-L5-loss1-rep21-seed200021-v3: perte forcée configurée mais cible/événements observés incohérents
VALIDATION ERROR: B-kem1024-gilbert-prr0p50-L5-loss1-rep21-seed200021-v3: injection de perte forcée non validée dans le log
VALIDATION ERROR: B-kem1024-gilbert-prr0p50-L5-loss1-rep21-seed200021-v3: mode d'application de perte forcée inattendu: invalid
VALIDATION WARNING: B-kem1024-gilbert-prr0p50-L5-loss1-rep21-seed200021-v4: perte forcée configurée mais cible/événements observés incohérents
VALIDATION ERROR: B-kem1024-gilbert-prr0p50-L5-loss1-rep21-seed200021-v4: injection de perte forcée non validée dans le log
VALIDATION ERROR: B-kem1024-gilbert-prr0p50-L5-loss1-rep21-seed200021-v4: mode d'application de perte forcée inattendu: invalid
VALIDATION WARNING: B-kem1024-gilbert-prr0p50-L5-loss1-rep22-seed200022-v3: perte forcée configurée mais cible/événements observés incohérents
VALIDATION ERROR: B-kem1024-gilbert-prr0p50-L5-loss1-rep22-seed200022-v3: injection de perte forcée non validée dans le log
VALIDATION ERROR: B-kem1024-gilbert-prr0p50-L5-loss1-rep22-seed200022-v3: mode d'application de perte forcée inattendu: invalid
VALIDATION WARNING: B-kem1024-gilbert-prr0p50-L5-loss1-rep22-seed200022-v4: perte forcée configurée mais cible/événements observés incohérents
VALIDATION ERROR: B-kem1024-gilbert-prr0p50-L5-loss1-rep22-seed200022-v4: injection de perte forcée non validée dans le log
VALIDATION ERROR: B-kem1024-gilbert-prr0p50-L5-loss1-rep22-seed200022-v4: mode d'application de perte forcée inattendu: invalid
VALIDATION WARNING: B-kem1024-gilbert-prr0p50-L5-loss1-rep23-seed200023-v3: perte forcée configurée mais cible/événements observés incohérents
VALIDATION ERROR: B-kem1024-gilbert-prr0p50-L5-loss1-rep23-seed200023-v3: injection de perte forcée non validée dans le log
VALIDATION ERROR: B-kem1024-gilbert-prr0p50-L5-loss1-rep23-seed200023-v3: mode d'application de perte forcée inattendu: invalid
VALIDATION WARNING: B-kem1024-gilbert-prr0p50-L5-loss1-rep23-seed200023-v4: perte forcée configurée mais cible/événements observés incohérents
VALIDATION ERROR: B-kem1024-gilbert-prr0p50-L5-loss1-rep23-seed200023-v4: injection de perte forcée non validée dans le log
VALIDATION ERROR: B-kem1024-gilbert-prr0p50-L5-loss1-rep23-seed200023-v4: mode d'application de perte forcée inattendu: invalid
VALIDATION WARNING: B-kem1024-gilbert-prr0p50-L5-loss1-rep24-seed200024-v3: perte forcée configurée mais cible/événements observés incohérents
VALIDATION ERROR: B-kem1024-gilbert-prr0p50-L5-loss1-rep24-seed200024-v3: injection de perte forcée non validée dans le log
VALIDATION ERROR: B-kem1024-gilbert-prr0p50-L5-loss1-rep24-seed200024-v3: mode d'application de perte forcée inattendu: invalid
VALIDATION WARNING: B-kem1024-gilbert-prr0p50-L5-loss1-rep24-seed200024-v4: perte forcée configurée mais cible/événements observés incohérents
VALIDATION ERROR: B-kem1024-gilbert-prr0p50-L5-loss1-rep24-seed200024-v4: injection de perte forcée non validée dans le log
VALIDATION ERROR: B-kem1024-gilbert-prr0p50-L5-loss1-rep24-seed200024-v4: mode d'application de perte forcée inattendu: invalid
VALIDATION WARNING: B-kem1024-gilbert-prr0p50-L5-loss1-rep25-seed200025-v3: perte forcée configurée mais cible/événements observés incohérents
VALIDATION ERROR: B-kem1024-gilbert-prr0p50-L5-loss1-rep25-seed200025-v3: injection de perte forcée non validée dans le log
VALIDATION ERROR: B-kem1024-gilbert-prr0p50-L5-loss1-rep25-seed200025-v3: mode d'application de perte forcée inattendu: invalid
VALIDATION WARNING: B-kem1024-gilbert-prr0p50-L5-loss1-rep25-seed200025-v4: perte forcée configurée mais cible/événements observés incohérents
VALIDATION ERROR: B-kem1024-gilbert-prr0p50-L5-loss1-rep25-seed200025-v4: injection de perte forcée non validée dans le log
VALIDATION ERROR: B-kem1024-gilbert-prr0p50-L5-loss1-rep25-seed200025-v4: mode d'application de perte forcée inattendu: invalid
VALIDATION WARNING: B-kem1024-gilbert-prr0p50-L5-loss1-rep26-seed200026-v3: perte forcée configurée mais cible/événements observés incohérents
VALIDATION ERROR: B-kem1024-gilbert-prr0p50-L5-loss1-rep26-seed200026-v3: injection de perte forcée non validée dans le log
VALIDATION ERROR: B-kem1024-gilbert-prr0p50-L5-loss1-rep26-seed200026-v3: mode d'application de perte forcée inattendu: invalid
VALIDATION WARNING: B-kem1024-gilbert-prr0p50-L5-loss1-rep26-seed200026-v4: perte forcée configurée mais cible/événements observés incohérents
VALIDATION ERROR: B-kem1024-gilbert-prr0p50-L5-loss1-rep26-seed200026-v4: injection de perte forcée non validée dans le log
VALIDATION ERROR: B-kem1024-gilbert-prr0p50-L5-loss1-rep26-seed200026-v4: mode d'application de perte forcée inattendu: invalid
VALIDATION WARNING: B-kem1024-gilbert-prr0p50-L5-loss1-rep27-seed200027-v3: perte forcée configurée mais cible/événements observés incohérents
VALIDATION ERROR: B-kem1024-gilbert-prr0p50-L5-loss1-rep27-seed200027-v3: injection de perte forcée non validée dans le log
VALIDATION ERROR: B-kem1024-gilbert-prr0p50-L5-loss1-rep27-seed200027-v3: mode d'application de perte forcée inattendu: invalid
VALIDATION WARNING: B-kem1024-gilbert-prr0p50-L5-loss1-rep27-seed200027-v4: perte forcée configurée mais cible/événements observés incohérents
VALIDATION ERROR: B-kem1024-gilbert-prr0p50-L5-loss1-rep27-seed200027-v4: injection de perte forcée non validée dans le log
VALIDATION ERROR: B-kem1024-gilbert-prr0p50-L5-loss1-rep27-seed200027-v4: mode d'application de perte forcée inattendu: invalid
VALIDATION WARNING: B-kem1024-gilbert-prr0p50-L5-loss1-rep28-seed200028-v3: perte forcée configurée mais cible/événements observés incohérents
VALIDATION ERROR: B-kem1024-gilbert-prr0p50-L5-loss1-rep28-seed200028-v3: injection de perte forcée non validée dans le log
VALIDATION ERROR: B-kem1024-gilbert-prr0p50-L5-loss1-rep28-seed200028-v3: mode d'application de perte forcée inattendu: invalid
VALIDATION WARNING: B-kem1024-gilbert-prr0p50-L5-loss1-rep28-seed200028-v4: perte forcée configurée mais cible/événements observés incohérents
VALIDATION ERROR: B-kem1024-gilbert-prr0p50-L5-loss1-rep28-seed200028-v4: injection de perte forcée non validée dans le log
VALIDATION ERROR: B-kem1024-gilbert-prr0p50-L5-loss1-rep28-seed200028-v4: mode d'application de perte forcée inattendu: invalid
VALIDATION WARNING: B-kem1024-gilbert-prr0p50-L5-loss1-rep30-seed200030-v3: perte forcée configurée mais cible/événements observés incohérents
VALIDATION ERROR: B-kem1024-gilbert-prr0p50-L5-loss1-rep30-seed200030-v3: injection de perte forcée non validée dans le log
VALIDATION ERROR: B-kem1024-gilbert-prr0p50-L5-loss1-rep30-seed200030-v3: mode d'application de perte forcée inattendu: invalid
VALIDATION WARNING: B-kem1024-gilbert-prr0p50-L5-loss1-rep30-seed200030-v4: perte forcée configurée mais cible/événements observés incohérents
VALIDATION ERROR: B-kem1024-gilbert-prr0p50-L5-loss1-rep30-seed200030-v4: injection de perte forcée non validée dans le log
VALIDATION ERROR: B-kem1024-gilbert-prr0p50-L5-loss1-rep30-seed200030-v4: mode d'application de perte forcée inattendu: invalid
VALIDATION WARNING: B-kem1024-gilbert-prr0p50-L10-loss1-rep01-seed200001-v3: perte forcée configurée mais cible/événements observés incohérents
VALIDATION ERROR: B-kem1024-gilbert-prr0p50-L10-loss1-rep01-seed200001-v3: injection de perte forcée non validée dans le log
VALIDATION ERROR: B-kem1024-gilbert-prr0p50-L10-loss1-rep01-seed200001-v3: mode d'application de perte forcée inattendu: invalid
VALIDATION WARNING: B-kem1024-gilbert-prr0p50-L10-loss1-rep01-seed200001-v4: perte forcée configurée mais cible/événements observés incohérents
VALIDATION ERROR: B-kem1024-gilbert-prr0p50-L10-loss1-rep01-seed200001-v4: injection de perte forcée non validée dans le log
VALIDATION ERROR: B-kem1024-gilbert-prr0p50-L10-loss1-rep01-seed200001-v4: mode d'application de perte forcée inattendu: invalid
VALIDATION WARNING: B-kem1024-gilbert-prr0p50-L10-loss1-rep02-seed200002-v3: perte forcée configurée mais cible/événements observés incohérents
VALIDATION ERROR: B-kem1024-gilbert-prr0p50-L10-loss1-rep02-seed200002-v3: injection de perte forcée non validée dans le log
VALIDATION ERROR: B-kem1024-gilbert-prr0p50-L10-loss1-rep02-seed200002-v3: mode d'application de perte forcée inattendu: invalid
VALIDATION WARNING: B-kem1024-gilbert-prr0p50-L10-loss1-rep02-seed200002-v4: perte forcée configurée mais cible/événements observés incohérents
VALIDATION ERROR: B-kem1024-gilbert-prr0p50-L10-loss1-rep02-seed200002-v4: injection de perte forcée non validée dans le log
VALIDATION ERROR: B-kem1024-gilbert-prr0p50-L10-loss1-rep02-seed200002-v4: mode d'application de perte forcée inattendu: invalid
VALIDATION WARNING: B-kem1024-gilbert-prr0p50-L10-loss1-rep03-seed200003-v3: perte forcée configurée mais cible/événements observés incohérents
VALIDATION ERROR: B-kem1024-gilbert-prr0p50-L10-loss1-rep03-seed200003-v3: injection de perte forcée non validée dans le log
VALIDATION ERROR: B-kem1024-gilbert-prr0p50-L10-loss1-rep03-seed200003-v3: mode d'application de perte forcée inattendu: invalid
VALIDATION WARNING: B-kem1024-gilbert-prr0p50-L10-loss1-rep03-seed200003-v4: perte forcée configurée mais cible/événements observés incohérents
VALIDATION ERROR: B-kem1024-gilbert-prr0p50-L10-loss1-rep03-seed200003-v4: injection de perte forcée non validée dans le log
VALIDATION ERROR: B-kem1024-gilbert-prr0p50-L10-loss1-rep03-seed200003-v4: mode d'application de perte forcée inattendu: invalid
VALIDATION WARNING: B-kem1024-gilbert-prr0p50-L10-loss1-rep05-seed200005-v3: perte forcée configurée mais cible/événements observés incohérents
VALIDATION ERROR: B-kem1024-gilbert-prr0p50-L10-loss1-rep05-seed200005-v3: injection de perte forcée non validée dans le log
VALIDATION ERROR: B-kem1024-gilbert-prr0p50-L10-loss1-rep05-seed200005-v3: mode d'application de perte forcée inattendu: invalid
VALIDATION WARNING: B-kem1024-gilbert-prr0p50-L10-loss1-rep05-seed200005-v4: perte forcée configurée mais cible/événements observés incohérents
VALIDATION ERROR: B-kem1024-gilbert-prr0p50-L10-loss1-rep05-seed200005-v4: injection de perte forcée non validée dans le log
VALIDATION ERROR: B-kem1024-gilbert-prr0p50-L10-loss1-rep05-seed200005-v4: mode d'application de perte forcée inattendu: invalid
VALIDATION WARNING: B-kem1024-gilbert-prr0p50-L10-loss1-rep07-seed200007-v3: perte forcée configurée mais cible/événements observés incohérents
VALIDATION ERROR: B-kem1024-gilbert-prr0p50-L10-loss1-rep07-seed200007-v3: injection de perte forcée non validée dans le log
VALIDATION ERROR: B-kem1024-gilbert-prr0p50-L10-loss1-rep07-seed200007-v3: mode d'application de perte forcée inattendu: invalid
VALIDATION WARNING: B-kem1024-gilbert-prr0p50-L10-loss1-rep07-seed200007-v4: perte forcée configurée mais cible/événements observés incohérents
VALIDATION ERROR: B-kem1024-gilbert-prr0p50-L10-loss1-rep07-seed200007-v4: injection de perte forcée non validée dans le log
VALIDATION ERROR: B-kem1024-gilbert-prr0p50-L10-loss1-rep07-seed200007-v4: mode d'application de perte forcée inattendu: invalid
VALIDATION WARNING: B-kem1024-gilbert-prr0p50-L10-loss1-rep08-seed200008-v3: perte forcée configurée mais cible/événements observés incohérents
VALIDATION ERROR: B-kem1024-gilbert-prr0p50-L10-loss1-rep08-seed200008-v3: injection de perte forcée non validée dans le log
VALIDATION ERROR: B-kem1024-gilbert-prr0p50-L10-loss1-rep08-seed200008-v3: mode d'application de perte forcée inattendu: invalid
VALIDATION WARNING: B-kem1024-gilbert-prr0p50-L10-loss1-rep08-seed200008-v4: perte forcée configurée mais cible/événements observés incohérents
VALIDATION ERROR: B-kem1024-gilbert-prr0p50-L10-loss1-rep08-seed200008-v4: injection de perte forcée non validée dans le log
VALIDATION ERROR: B-kem1024-gilbert-prr0p50-L10-loss1-rep08-seed200008-v4: mode d'application de perte forcée inattendu: invalid
VALIDATION WARNING: B-kem1024-gilbert-prr0p50-L10-loss1-rep09-seed200009-v3: perte forcée configurée mais cible/événements observés incohérents
VALIDATION ERROR: B-kem1024-gilbert-prr0p50-L10-loss1-rep09-seed200009-v3: injection de perte forcée non validée dans le log
VALIDATION ERROR: B-kem1024-gilbert-prr0p50-L10-loss1-rep09-seed200009-v3: mode d'application de perte forcée inattendu: invalid
VALIDATION WARNING: B-kem1024-gilbert-prr0p50-L10-loss1-rep09-seed200009-v4: perte forcée configurée mais cible/événements observés incohérents
VALIDATION ERROR: B-kem1024-gilbert-prr0p50-L10-loss1-rep09-seed200009-v4: injection de perte forcée non validée dans le log
VALIDATION ERROR: B-kem1024-gilbert-prr0p50-L10-loss1-rep09-seed200009-v4: mode d'application de perte forcée inattendu: invalid
VALIDATION WARNING: B-kem1024-gilbert-prr0p50-L10-loss1-rep10-seed200010-v3: perte forcée configurée mais cible/événements observés incohérents
VALIDATION ERROR: B-kem1024-gilbert-prr0p50-L10-loss1-rep10-seed200010-v3: injection de perte forcée non validée dans le log
VALIDATION ERROR: B-kem1024-gilbert-prr0p50-L10-loss1-rep10-seed200010-v3: mode d'application de perte forcée inattendu: invalid
VALIDATION WARNING: B-kem1024-gilbert-prr0p50-L10-loss1-rep10-seed200010-v4: perte forcée configurée mais cible/événements observés incohérents
VALIDATION ERROR: B-kem1024-gilbert-prr0p50-L10-loss1-rep10-seed200010-v4: injection de perte forcée non validée dans le log
VALIDATION ERROR: B-kem1024-gilbert-prr0p50-L10-loss1-rep10-seed200010-v4: mode d'application de perte forcée inattendu: invalid
VALIDATION WARNING: B-kem1024-gilbert-prr0p50-L10-loss1-rep11-seed200011-v3: perte forcée configurée mais cible/événements observés incohérents
VALIDATION ERROR: B-kem1024-gilbert-prr0p50-L10-loss1-rep11-seed200011-v3: injection de perte forcée non validée dans le log
VALIDATION ERROR: B-kem1024-gilbert-prr0p50-L10-loss1-rep11-seed200011-v3: mode d'application de perte forcée inattendu: invalid
VALIDATION WARNING: B-kem1024-gilbert-prr0p50-L10-loss1-rep11-seed200011-v4: perte forcée configurée mais cible/événements observés incohérents
VALIDATION ERROR: B-kem1024-gilbert-prr0p50-L10-loss1-rep11-seed200011-v4: injection de perte forcée non validée dans le log
VALIDATION ERROR: B-kem1024-gilbert-prr0p50-L10-loss1-rep11-seed200011-v4: mode d'application de perte forcée inattendu: invalid
VALIDATION WARNING: B-kem1024-gilbert-prr0p50-L10-loss1-rep12-seed200012-v3: perte forcée configurée mais cible/événements observés incohérents
VALIDATION ERROR: B-kem1024-gilbert-prr0p50-L10-loss1-rep12-seed200012-v3: injection de perte forcée non validée dans le log
VALIDATION ERROR: B-kem1024-gilbert-prr0p50-L10-loss1-rep12-seed200012-v3: mode d'application de perte forcée inattendu: invalid
VALIDATION WARNING: B-kem1024-gilbert-prr0p50-L10-loss1-rep12-seed200012-v4: perte forcée configurée mais cible/événements observés incohérents
VALIDATION ERROR: B-kem1024-gilbert-prr0p50-L10-loss1-rep12-seed200012-v4: injection de perte forcée non validée dans le log
VALIDATION ERROR: B-kem1024-gilbert-prr0p50-L10-loss1-rep12-seed200012-v4: mode d'application de perte forcée inattendu: invalid
VALIDATION WARNING: B-kem1024-gilbert-prr0p50-L10-loss1-rep13-seed200013-v3: perte forcée configurée mais cible/événements observés incohérents
VALIDATION ERROR: B-kem1024-gilbert-prr0p50-L10-loss1-rep13-seed200013-v3: injection de perte forcée non validée dans le log
VALIDATION ERROR: B-kem1024-gilbert-prr0p50-L10-loss1-rep13-seed200013-v3: mode d'application de perte forcée inattendu: invalid
VALIDATION WARNING: B-kem1024-gilbert-prr0p50-L10-loss1-rep13-seed200013-v4: perte forcée configurée mais cible/événements observés incohérents
VALIDATION ERROR: B-kem1024-gilbert-prr0p50-L10-loss1-rep13-seed200013-v4: injection de perte forcée non validée dans le log
VALIDATION ERROR: B-kem1024-gilbert-prr0p50-L10-loss1-rep13-seed200013-v4: mode d'application de perte forcée inattendu: invalid
VALIDATION WARNING: B-kem1024-gilbert-prr0p50-L10-loss1-rep14-seed200014-v3: perte forcée configurée mais cible/événements observés incohérents
VALIDATION ERROR: B-kem1024-gilbert-prr0p50-L10-loss1-rep14-seed200014-v3: injection de perte forcée non validée dans le log
VALIDATION ERROR: B-kem1024-gilbert-prr0p50-L10-loss1-rep14-seed200014-v3: mode d'application de perte forcée inattendu: invalid
VALIDATION WARNING: B-kem1024-gilbert-prr0p50-L10-loss1-rep14-seed200014-v4: perte forcée configurée mais cible/événements observés incohérents
VALIDATION ERROR: B-kem1024-gilbert-prr0p50-L10-loss1-rep14-seed200014-v4: injection de perte forcée non validée dans le log
VALIDATION ERROR: B-kem1024-gilbert-prr0p50-L10-loss1-rep14-seed200014-v4: mode d'application de perte forcée inattendu: invalid
VALIDATION WARNING: B-kem1024-gilbert-prr0p50-L10-loss1-rep15-seed200015-v3: perte forcée configurée mais cible/événements observés incohérents
VALIDATION ERROR: B-kem1024-gilbert-prr0p50-L10-loss1-rep15-seed200015-v3: injection de perte forcée non validée dans le log
VALIDATION ERROR: B-kem1024-gilbert-prr0p50-L10-loss1-rep15-seed200015-v3: mode d'application de perte forcée inattendu: invalid
VALIDATION WARNING: B-kem1024-gilbert-prr0p50-L10-loss1-rep15-seed200015-v4: perte forcée configurée mais cible/événements observés incohérents
VALIDATION ERROR: B-kem1024-gilbert-prr0p50-L10-loss1-rep15-seed200015-v4: injection de perte forcée non validée dans le log
VALIDATION ERROR: B-kem1024-gilbert-prr0p50-L10-loss1-rep15-seed200015-v4: mode d'application de perte forcée inattendu: invalid
VALIDATION WARNING: B-kem1024-gilbert-prr0p50-L10-loss1-rep16-seed200016-v3: perte forcée configurée mais cible/événements observés incohérents
VALIDATION ERROR: B-kem1024-gilbert-prr0p50-L10-loss1-rep16-seed200016-v3: injection de perte forcée non validée dans le log
VALIDATION ERROR: B-kem1024-gilbert-prr0p50-L10-loss1-rep16-seed200016-v3: mode d'application de perte forcée inattendu: invalid
VALIDATION WARNING: B-kem1024-gilbert-prr0p50-L10-loss1-rep16-seed200016-v4: perte forcée configurée mais cible/événements observés incohérents
VALIDATION ERROR: B-kem1024-gilbert-prr0p50-L10-loss1-rep16-seed200016-v4: injection de perte forcée non validée dans le log
VALIDATION ERROR: B-kem1024-gilbert-prr0p50-L10-loss1-rep16-seed200016-v4: mode d'application de perte forcée inattendu: invalid
VALIDATION WARNING: B-kem1024-gilbert-prr0p50-L10-loss1-rep17-seed200017-v3: perte forcée configurée mais cible/événements observés incohérents
VALIDATION ERROR: B-kem1024-gilbert-prr0p50-L10-loss1-rep17-seed200017-v3: injection de perte forcée non validée dans le log
VALIDATION ERROR: B-kem1024-gilbert-prr0p50-L10-loss1-rep17-seed200017-v3: mode d'application de perte forcée inattendu: invalid
VALIDATION WARNING: B-kem1024-gilbert-prr0p50-L10-loss1-rep17-seed200017-v4: perte forcée configurée mais cible/événements observés incohérents
VALIDATION ERROR: B-kem1024-gilbert-prr0p50-L10-loss1-rep17-seed200017-v4: injection de perte forcée non validée dans le log
VALIDATION ERROR: B-kem1024-gilbert-prr0p50-L10-loss1-rep17-seed200017-v4: mode d'application de perte forcée inattendu: invalid
VALIDATION WARNING: B-kem1024-gilbert-prr0p50-L10-loss1-rep18-seed200018-v3: perte forcée configurée mais cible/événements observés incohérents
VALIDATION ERROR: B-kem1024-gilbert-prr0p50-L10-loss1-rep18-seed200018-v3: injection de perte forcée non validée dans le log
VALIDATION ERROR: B-kem1024-gilbert-prr0p50-L10-loss1-rep18-seed200018-v3: mode d'application de perte forcée inattendu: invalid
VALIDATION WARNING: B-kem1024-gilbert-prr0p50-L10-loss1-rep18-seed200018-v4: perte forcée configurée mais cible/événements observés incohérents
VALIDATION ERROR: B-kem1024-gilbert-prr0p50-L10-loss1-rep18-seed200018-v4: injection de perte forcée non validée dans le log
VALIDATION ERROR: B-kem1024-gilbert-prr0p50-L10-loss1-rep18-seed200018-v4: mode d'application de perte forcée inattendu: invalid
VALIDATION WARNING: B-kem1024-gilbert-prr0p50-L10-loss1-rep19-seed200019-v3: perte ciblée armée, mais le canal/radio a perdu la trame avant le hook receiver
VALIDATION WARNING: B-kem1024-gilbert-prr0p50-L10-loss1-rep19-seed200019-v3: cible armée mais perdue par le canal/radio avant FORCED_LOSS_APPLIED
VALIDATION WARNING: B-kem1024-gilbert-prr0p50-L10-loss1-rep19-seed200019-v4: perte ciblée armée, mais le canal/radio a perdu la trame avant le hook receiver
VALIDATION WARNING: B-kem1024-gilbert-prr0p50-L10-loss1-rep19-seed200019-v4: cible armée mais perdue par le canal/radio avant FORCED_LOSS_APPLIED
VALIDATION WARNING: B-kem1024-gilbert-prr0p50-L10-loss1-rep20-seed200020-v3: perte forcée configurée mais cible/événements observés incohérents
VALIDATION ERROR: B-kem1024-gilbert-prr0p50-L10-loss1-rep20-seed200020-v3: injection de perte forcée non validée dans le log
VALIDATION ERROR: B-kem1024-gilbert-prr0p50-L10-loss1-rep20-seed200020-v3: mode d'application de perte forcée inattendu: invalid
VALIDATION WARNING: B-kem1024-gilbert-prr0p50-L10-loss1-rep20-seed200020-v4: perte forcée configurée mais cible/événements observés incohérents
VALIDATION ERROR: B-kem1024-gilbert-prr0p50-L10-loss1-rep20-seed200020-v4: injection de perte forcée non validée dans le log
VALIDATION ERROR: B-kem1024-gilbert-prr0p50-L10-loss1-rep20-seed200020-v4: mode d'application de perte forcée inattendu: invalid
VALIDATION WARNING: B-kem1024-gilbert-prr0p50-L10-loss1-rep21-seed200021-v3: perte forcée configurée mais cible/événements observés incohérents
VALIDATION ERROR: B-kem1024-gilbert-prr0p50-L10-loss1-rep21-seed200021-v3: injection de perte forcée non validée dans le log
VALIDATION ERROR: B-kem1024-gilbert-prr0p50-L10-loss1-rep21-seed200021-v3: mode d'application de perte forcée inattendu: invalid
VALIDATION WARNING: B-kem1024-gilbert-prr0p50-L10-loss1-rep21-seed200021-v4: perte forcée configurée mais cible/événements observés incohérents
VALIDATION ERROR: B-kem1024-gilbert-prr0p50-L10-loss1-rep21-seed200021-v4: injection de perte forcée non validée dans le log
VALIDATION ERROR: B-kem1024-gilbert-prr0p50-L10-loss1-rep21-seed200021-v4: mode d'application de perte forcée inattendu: invalid
VALIDATION WARNING: B-kem1024-gilbert-prr0p50-L10-loss1-rep22-seed200022-v3: perte forcée configurée mais cible/événements observés incohérents
VALIDATION ERROR: B-kem1024-gilbert-prr0p50-L10-loss1-rep22-seed200022-v3: injection de perte forcée non validée dans le log
VALIDATION ERROR: B-kem1024-gilbert-prr0p50-L10-loss1-rep22-seed200022-v3: mode d'application de perte forcée inattendu: invalid
VALIDATION WARNING: B-kem1024-gilbert-prr0p50-L10-loss1-rep22-seed200022-v4: perte forcée configurée mais cible/événements observés incohérents
VALIDATION ERROR: B-kem1024-gilbert-prr0p50-L10-loss1-rep22-seed200022-v4: injection de perte forcée non validée dans le log
VALIDATION ERROR: B-kem1024-gilbert-prr0p50-L10-loss1-rep22-seed200022-v4: mode d'application de perte forcée inattendu: invalid
VALIDATION WARNING: B-kem1024-gilbert-prr0p50-L10-loss1-rep23-seed200023-v3: perte forcée configurée mais cible/événements observés incohérents
VALIDATION ERROR: B-kem1024-gilbert-prr0p50-L10-loss1-rep23-seed200023-v3: injection de perte forcée non validée dans le log
VALIDATION ERROR: B-kem1024-gilbert-prr0p50-L10-loss1-rep23-seed200023-v3: mode d'application de perte forcée inattendu: invalid
VALIDATION WARNING: B-kem1024-gilbert-prr0p50-L10-loss1-rep23-seed200023-v4: perte forcée configurée mais cible/événements observés incohérents
VALIDATION ERROR: B-kem1024-gilbert-prr0p50-L10-loss1-rep23-seed200023-v4: injection de perte forcée non validée dans le log
VALIDATION ERROR: B-kem1024-gilbert-prr0p50-L10-loss1-rep23-seed200023-v4: mode d'application de perte forcée inattendu: invalid
VALIDATION WARNING: B-kem1024-gilbert-prr0p50-L10-loss1-rep24-seed200024-v3: perte forcée configurée mais cible/événements observés incohérents
VALIDATION ERROR: B-kem1024-gilbert-prr0p50-L10-loss1-rep24-seed200024-v3: injection de perte forcée non validée dans le log
VALIDATION ERROR: B-kem1024-gilbert-prr0p50-L10-loss1-rep24-seed200024-v3: mode d'application de perte forcée inattendu: invalid
VALIDATION WARNING: B-kem1024-gilbert-prr0p50-L10-loss1-rep24-seed200024-v4: perte forcée configurée mais cible/événements observés incohérents
VALIDATION ERROR: B-kem1024-gilbert-prr0p50-L10-loss1-rep24-seed200024-v4: injection de perte forcée non validée dans le log
VALIDATION ERROR: B-kem1024-gilbert-prr0p50-L10-loss1-rep24-seed200024-v4: mode d'application de perte forcée inattendu: invalid
VALIDATION WARNING: B-kem1024-gilbert-prr0p50-L10-loss1-rep25-seed200025-v3: perte forcée configurée mais cible/événements observés incohérents
VALIDATION ERROR: B-kem1024-gilbert-prr0p50-L10-loss1-rep25-seed200025-v3: injection de perte forcée non validée dans le log
VALIDATION ERROR: B-kem1024-gilbert-prr0p50-L10-loss1-rep25-seed200025-v3: mode d'application de perte forcée inattendu: invalid
VALIDATION WARNING: B-kem1024-gilbert-prr0p50-L10-loss1-rep25-seed200025-v4: perte forcée configurée mais cible/événements observés incohérents
VALIDATION ERROR: B-kem1024-gilbert-prr0p50-L10-loss1-rep25-seed200025-v4: injection de perte forcée non validée dans le log
VALIDATION ERROR: B-kem1024-gilbert-prr0p50-L10-loss1-rep25-seed200025-v4: mode d'application de perte forcée inattendu: invalid
VALIDATION WARNING: B-kem1024-gilbert-prr0p50-L10-loss1-rep26-seed200026-v3: perte forcée configurée mais cible/événements observés incohérents
VALIDATION ERROR: B-kem1024-gilbert-prr0p50-L10-loss1-rep26-seed200026-v3: injection de perte forcée non validée dans le log
VALIDATION ERROR: B-kem1024-gilbert-prr0p50-L10-loss1-rep26-seed200026-v3: mode d'application de perte forcée inattendu: invalid
VALIDATION WARNING: B-kem1024-gilbert-prr0p50-L10-loss1-rep26-seed200026-v4: perte forcée configurée mais cible/événements observés incohérents
VALIDATION ERROR: B-kem1024-gilbert-prr0p50-L10-loss1-rep26-seed200026-v4: injection de perte forcée non validée dans le log
VALIDATION ERROR: B-kem1024-gilbert-prr0p50-L10-loss1-rep26-seed200026-v4: mode d'application de perte forcée inattendu: invalid
VALIDATION WARNING: B-kem1024-gilbert-prr0p50-L10-loss1-rep27-seed200027-v3: perte forcée configurée mais cible/événements observés incohérents
VALIDATION ERROR: B-kem1024-gilbert-prr0p50-L10-loss1-rep27-seed200027-v3: injection de perte forcée non validée dans le log
VALIDATION ERROR: B-kem1024-gilbert-prr0p50-L10-loss1-rep27-seed200027-v3: mode d'application de perte forcée inattendu: invalid
VALIDATION WARNING: B-kem1024-gilbert-prr0p50-L10-loss1-rep27-seed200027-v4: perte forcée configurée mais cible/événements observés incohérents
VALIDATION ERROR: B-kem1024-gilbert-prr0p50-L10-loss1-rep27-seed200027-v4: injection de perte forcée non validée dans le log
VALIDATION ERROR: B-kem1024-gilbert-prr0p50-L10-loss1-rep27-seed200027-v4: mode d'application de perte forcée inattendu: invalid
VALIDATION WARNING: B-kem1024-gilbert-prr0p50-L10-loss1-rep28-seed200028-v3: perte forcée configurée mais cible/événements observés incohérents
VALIDATION ERROR: B-kem1024-gilbert-prr0p50-L10-loss1-rep28-seed200028-v3: injection de perte forcée non validée dans le log
VALIDATION ERROR: B-kem1024-gilbert-prr0p50-L10-loss1-rep28-seed200028-v3: mode d'application de perte forcée inattendu: invalid
VALIDATION WARNING: B-kem1024-gilbert-prr0p50-L10-loss1-rep28-seed200028-v4: perte forcée configurée mais cible/événements observés incohérents
VALIDATION ERROR: B-kem1024-gilbert-prr0p50-L10-loss1-rep28-seed200028-v4: injection de perte forcée non validée dans le log
VALIDATION ERROR: B-kem1024-gilbert-prr0p50-L10-loss1-rep28-seed200028-v4: mode d'application de perte forcée inattendu: invalid
VALIDATION WARNING: B-kem1024-gilbert-prr0p50-L10-loss1-rep30-seed200030-v3: perte forcée configurée mais cible/événements observés incohérents
VALIDATION ERROR: B-kem1024-gilbert-prr0p50-L10-loss1-rep30-seed200030-v3: injection de perte forcée non validée dans le log
VALIDATION ERROR: B-kem1024-gilbert-prr0p50-L10-loss1-rep30-seed200030-v3: mode d'application de perte forcée inattendu: invalid
VALIDATION WARNING: B-kem1024-gilbert-prr0p50-L10-loss1-rep30-seed200030-v4: perte forcée configurée mais cible/événements observés incohérents
VALIDATION ERROR: B-kem1024-gilbert-prr0p50-L10-loss1-rep30-seed200030-v4: injection de perte forcée non validée dans le log
VALIDATION ERROR: B-kem1024-gilbert-prr0p50-L10-loss1-rep30-seed200030-v4: mode d'application de perte forcée inattendu: invalid
VALIDATION WARNING: B-kem1024-gilbert-prr0p85-L2-loss1-rep01-seed200001-v3: perte ciblée armée, mais le canal/radio a perdu la trame avant le hook receiver
VALIDATION WARNING: B-kem1024-gilbert-prr0p85-L2-loss1-rep01-seed200001-v3: cible armée mais perdue par le canal/radio avant FORCED_LOSS_APPLIED
VALIDATION WARNING: B-kem1024-gilbert-prr0p85-L2-loss1-rep01-seed200001-v4: perte ciblée armée, mais le canal/radio a perdu la trame avant le hook receiver
VALIDATION WARNING: B-kem1024-gilbert-prr0p85-L2-loss1-rep01-seed200001-v4: cible armée mais perdue par le canal/radio avant FORCED_LOSS_APPLIED
VALIDATION WARNING: B-kem1024-gilbert-prr0p85-L2-loss1-rep02-seed200002-v3: perte forcée configurée mais cible/événements observés incohérents
VALIDATION ERROR: B-kem1024-gilbert-prr0p85-L2-loss1-rep02-seed200002-v3: injection de perte forcée non validée dans le log
VALIDATION ERROR: B-kem1024-gilbert-prr0p85-L2-loss1-rep02-seed200002-v3: mode d'application de perte forcée inattendu: invalid
VALIDATION WARNING: B-kem1024-gilbert-prr0p85-L2-loss1-rep02-seed200002-v4: perte forcée configurée mais cible/événements observés incohérents
VALIDATION ERROR: B-kem1024-gilbert-prr0p85-L2-loss1-rep02-seed200002-v4: injection de perte forcée non validée dans le log
VALIDATION ERROR: B-kem1024-gilbert-prr0p85-L2-loss1-rep02-seed200002-v4: mode d'application de perte forcée inattendu: invalid
VALIDATION WARNING: B-kem1024-gilbert-prr0p85-L2-loss1-rep03-seed200003-v3: perte forcée configurée mais cible/événements observés incohérents
VALIDATION ERROR: B-kem1024-gilbert-prr0p85-L2-loss1-rep03-seed200003-v3: injection de perte forcée non validée dans le log
VALIDATION ERROR: B-kem1024-gilbert-prr0p85-L2-loss1-rep03-seed200003-v3: mode d'application de perte forcée inattendu: invalid
VALIDATION WARNING: B-kem1024-gilbert-prr0p85-L2-loss1-rep03-seed200003-v4: perte forcée configurée mais cible/événements observés incohérents
VALIDATION ERROR: B-kem1024-gilbert-prr0p85-L2-loss1-rep03-seed200003-v4: injection de perte forcée non validée dans le log
VALIDATION ERROR: B-kem1024-gilbert-prr0p85-L2-loss1-rep03-seed200003-v4: mode d'application de perte forcée inattendu: invalid
VALIDATION WARNING: B-kem1024-gilbert-prr0p85-L2-loss1-rep05-seed200005-v3: perte forcée configurée mais cible/événements observés incohérents
VALIDATION ERROR: B-kem1024-gilbert-prr0p85-L2-loss1-rep05-seed200005-v3: injection de perte forcée non validée dans le log
VALIDATION ERROR: B-kem1024-gilbert-prr0p85-L2-loss1-rep05-seed200005-v3: mode d'application de perte forcée inattendu: invalid
VALIDATION WARNING: B-kem1024-gilbert-prr0p85-L2-loss1-rep05-seed200005-v4: perte forcée configurée mais cible/événements observés incohérents
VALIDATION ERROR: B-kem1024-gilbert-prr0p85-L2-loss1-rep05-seed200005-v4: injection de perte forcée non validée dans le log
VALIDATION ERROR: B-kem1024-gilbert-prr0p85-L2-loss1-rep05-seed200005-v4: mode d'application de perte forcée inattendu: invalid
VALIDATION WARNING: B-kem1024-gilbert-prr0p85-L2-loss1-rep08-seed200008-v3: perte forcée configurée mais cible/événements observés incohérents
VALIDATION ERROR: B-kem1024-gilbert-prr0p85-L2-loss1-rep08-seed200008-v3: injection de perte forcée non validée dans le log
VALIDATION ERROR: B-kem1024-gilbert-prr0p85-L2-loss1-rep08-seed200008-v3: mode d'application de perte forcée inattendu: invalid
VALIDATION WARNING: B-kem1024-gilbert-prr0p85-L2-loss1-rep08-seed200008-v4: perte forcée configurée mais cible/événements observés incohérents
VALIDATION ERROR: B-kem1024-gilbert-prr0p85-L2-loss1-rep08-seed200008-v4: injection de perte forcée non validée dans le log
VALIDATION ERROR: B-kem1024-gilbert-prr0p85-L2-loss1-rep08-seed200008-v4: mode d'application de perte forcée inattendu: invalid
VALIDATION WARNING: B-kem1024-gilbert-prr0p85-L2-loss1-rep09-seed200009-v3: perte ciblée armée, mais le canal/radio a perdu la trame avant le hook receiver
VALIDATION WARNING: B-kem1024-gilbert-prr0p85-L2-loss1-rep09-seed200009-v3: cible armée mais perdue par le canal/radio avant FORCED_LOSS_APPLIED
VALIDATION WARNING: B-kem1024-gilbert-prr0p85-L2-loss1-rep09-seed200009-v4: perte ciblée armée, mais le canal/radio a perdu la trame avant le hook receiver
VALIDATION WARNING: B-kem1024-gilbert-prr0p85-L2-loss1-rep09-seed200009-v4: cible armée mais perdue par le canal/radio avant FORCED_LOSS_APPLIED
VALIDATION WARNING: B-kem1024-gilbert-prr0p85-L2-loss1-rep11-seed200011-v3: perte forcée configurée mais cible/événements observés incohérents
VALIDATION ERROR: B-kem1024-gilbert-prr0p85-L2-loss1-rep11-seed200011-v3: injection de perte forcée non validée dans le log
VALIDATION ERROR: B-kem1024-gilbert-prr0p85-L2-loss1-rep11-seed200011-v3: mode d'application de perte forcée inattendu: invalid
VALIDATION WARNING: B-kem1024-gilbert-prr0p85-L2-loss1-rep11-seed200011-v4: perte forcée configurée mais cible/événements observés incohérents
VALIDATION ERROR: B-kem1024-gilbert-prr0p85-L2-loss1-rep11-seed200011-v4: injection de perte forcée non validée dans le log
VALIDATION ERROR: B-kem1024-gilbert-prr0p85-L2-loss1-rep11-seed200011-v4: mode d'application de perte forcée inattendu: invalid
VALIDATION WARNING: B-kem1024-gilbert-prr0p85-L2-loss1-rep12-seed200012-v3: perte forcée configurée mais cible/événements observés incohérents
VALIDATION ERROR: B-kem1024-gilbert-prr0p85-L2-loss1-rep12-seed200012-v3: injection de perte forcée non validée dans le log
VALIDATION ERROR: B-kem1024-gilbert-prr0p85-L2-loss1-rep12-seed200012-v3: mode d'application de perte forcée inattendu: invalid
VALIDATION WARNING: B-kem1024-gilbert-prr0p85-L2-loss1-rep12-seed200012-v4: perte forcée configurée mais cible/événements observés incohérents
VALIDATION ERROR: B-kem1024-gilbert-prr0p85-L2-loss1-rep12-seed200012-v4: injection de perte forcée non validée dans le log
VALIDATION ERROR: B-kem1024-gilbert-prr0p85-L2-loss1-rep12-seed200012-v4: mode d'application de perte forcée inattendu: invalid
VALIDATION WARNING: B-kem1024-gilbert-prr0p85-L2-loss1-rep16-seed200016-v3: perte forcée configurée mais cible/événements observés incohérents
VALIDATION ERROR: B-kem1024-gilbert-prr0p85-L2-loss1-rep16-seed200016-v3: injection de perte forcée non validée dans le log
VALIDATION ERROR: B-kem1024-gilbert-prr0p85-L2-loss1-rep16-seed200016-v3: mode d'application de perte forcée inattendu: invalid
VALIDATION WARNING: B-kem1024-gilbert-prr0p85-L2-loss1-rep16-seed200016-v4: perte forcée configurée mais cible/événements observés incohérents
VALIDATION ERROR: B-kem1024-gilbert-prr0p85-L2-loss1-rep16-seed200016-v4: injection de perte forcée non validée dans le log
VALIDATION ERROR: B-kem1024-gilbert-prr0p85-L2-loss1-rep16-seed200016-v4: mode d'application de perte forcée inattendu: invalid
VALIDATION WARNING: B-kem1024-gilbert-prr0p85-L2-loss1-rep17-seed200017-v3: perte forcée configurée mais cible/événements observés incohérents
VALIDATION ERROR: B-kem1024-gilbert-prr0p85-L2-loss1-rep17-seed200017-v3: injection de perte forcée non validée dans le log
VALIDATION ERROR: B-kem1024-gilbert-prr0p85-L2-loss1-rep17-seed200017-v3: mode d'application de perte forcée inattendu: invalid
VALIDATION WARNING: B-kem1024-gilbert-prr0p85-L2-loss1-rep17-seed200017-v4: perte forcée configurée mais cible/événements observés incohérents
VALIDATION ERROR: B-kem1024-gilbert-prr0p85-L2-loss1-rep17-seed200017-v4: injection de perte forcée non validée dans le log
VALIDATION ERROR: B-kem1024-gilbert-prr0p85-L2-loss1-rep17-seed200017-v4: mode d'application de perte forcée inattendu: invalid
VALIDATION WARNING: B-kem1024-gilbert-prr0p85-L2-loss1-rep18-seed200018-v3: perte forcée configurée mais cible/événements observés incohérents
VALIDATION ERROR: B-kem1024-gilbert-prr0p85-L2-loss1-rep18-seed200018-v3: injection de perte forcée non validée dans le log
VALIDATION ERROR: B-kem1024-gilbert-prr0p85-L2-loss1-rep18-seed200018-v3: mode d'application de perte forcée inattendu: invalid
VALIDATION WARNING: B-kem1024-gilbert-prr0p85-L2-loss1-rep18-seed200018-v4: perte forcée configurée mais cible/événements observés incohérents
VALIDATION ERROR: B-kem1024-gilbert-prr0p85-L2-loss1-rep18-seed200018-v4: injection de perte forcée non validée dans le log
VALIDATION ERROR: B-kem1024-gilbert-prr0p85-L2-loss1-rep18-seed200018-v4: mode d'application de perte forcée inattendu: invalid
VALIDATION WARNING: B-kem1024-gilbert-prr0p85-L2-loss1-rep20-seed200020-v3: perte forcée configurée mais cible/événements observés incohérents
VALIDATION ERROR: B-kem1024-gilbert-prr0p85-L2-loss1-rep20-seed200020-v3: injection de perte forcée non validée dans le log
VALIDATION ERROR: B-kem1024-gilbert-prr0p85-L2-loss1-rep20-seed200020-v3: mode d'application de perte forcée inattendu: invalid
VALIDATION WARNING: B-kem1024-gilbert-prr0p85-L2-loss1-rep20-seed200020-v4: perte forcée configurée mais cible/événements observés incohérents
VALIDATION ERROR: B-kem1024-gilbert-prr0p85-L2-loss1-rep20-seed200020-v4: injection de perte forcée non validée dans le log
VALIDATION ERROR: B-kem1024-gilbert-prr0p85-L2-loss1-rep20-seed200020-v4: mode d'application de perte forcée inattendu: invalid
VALIDATION WARNING: B-kem1024-gilbert-prr0p85-L2-loss1-rep22-seed200022-v3: perte forcée configurée mais cible/événements observés incohérents
VALIDATION ERROR: B-kem1024-gilbert-prr0p85-L2-loss1-rep22-seed200022-v3: injection de perte forcée non validée dans le log
VALIDATION ERROR: B-kem1024-gilbert-prr0p85-L2-loss1-rep22-seed200022-v3: mode d'application de perte forcée inattendu: invalid
VALIDATION WARNING: B-kem1024-gilbert-prr0p85-L2-loss1-rep22-seed200022-v4: perte forcée configurée mais cible/événements observés incohérents
VALIDATION ERROR: B-kem1024-gilbert-prr0p85-L2-loss1-rep22-seed200022-v4: injection de perte forcée non validée dans le log
VALIDATION ERROR: B-kem1024-gilbert-prr0p85-L2-loss1-rep22-seed200022-v4: mode d'application de perte forcée inattendu: invalid
VALIDATION WARNING: B-kem1024-gilbert-prr0p85-L2-loss1-rep23-seed200023-v3: perte forcée configurée mais cible/événements observés incohérents
VALIDATION ERROR: B-kem1024-gilbert-prr0p85-L2-loss1-rep23-seed200023-v3: injection de perte forcée non validée dans le log
VALIDATION ERROR: B-kem1024-gilbert-prr0p85-L2-loss1-rep23-seed200023-v3: mode d'application de perte forcée inattendu: invalid
VALIDATION WARNING: B-kem1024-gilbert-prr0p85-L2-loss1-rep23-seed200023-v4: perte forcée configurée mais cible/événements observés incohérents
VALIDATION ERROR: B-kem1024-gilbert-prr0p85-L2-loss1-rep23-seed200023-v4: injection de perte forcée non validée dans le log
VALIDATION ERROR: B-kem1024-gilbert-prr0p85-L2-loss1-rep23-seed200023-v4: mode d'application de perte forcée inattendu: invalid
VALIDATION WARNING: B-kem1024-gilbert-prr0p85-L2-loss1-rep25-seed200025-v3: perte forcée configurée mais cible/événements observés incohérents
VALIDATION ERROR: B-kem1024-gilbert-prr0p85-L2-loss1-rep25-seed200025-v3: injection de perte forcée non validée dans le log
VALIDATION ERROR: B-kem1024-gilbert-prr0p85-L2-loss1-rep25-seed200025-v3: mode d'application de perte forcée inattendu: invalid
VALIDATION WARNING: B-kem1024-gilbert-prr0p85-L2-loss1-rep25-seed200025-v4: perte forcée configurée mais cible/événements observés incohérents
VALIDATION ERROR: B-kem1024-gilbert-prr0p85-L2-loss1-rep25-seed200025-v4: injection de perte forcée non validée dans le log
VALIDATION ERROR: B-kem1024-gilbert-prr0p85-L2-loss1-rep25-seed200025-v4: mode d'application de perte forcée inattendu: invalid
VALIDATION WARNING: B-kem1024-gilbert-prr0p85-L2-loss1-rep26-seed200026-v3: perte forcée configurée mais cible/événements observés incohérents
VALIDATION ERROR: B-kem1024-gilbert-prr0p85-L2-loss1-rep26-seed200026-v3: injection de perte forcée non validée dans le log
VALIDATION ERROR: B-kem1024-gilbert-prr0p85-L2-loss1-rep26-seed200026-v3: mode d'application de perte forcée inattendu: invalid
VALIDATION WARNING: B-kem1024-gilbert-prr0p85-L2-loss1-rep26-seed200026-v4: perte forcée configurée mais cible/événements observés incohérents
VALIDATION ERROR: B-kem1024-gilbert-prr0p85-L2-loss1-rep26-seed200026-v4: injection de perte forcée non validée dans le log
VALIDATION ERROR: B-kem1024-gilbert-prr0p85-L2-loss1-rep26-seed200026-v4: mode d'application de perte forcée inattendu: invalid
VALIDATION WARNING: B-kem1024-gilbert-prr0p85-L2-loss1-rep27-seed200027-v3: perte forcée configurée mais cible/événements observés incohérents
VALIDATION ERROR: B-kem1024-gilbert-prr0p85-L2-loss1-rep27-seed200027-v3: injection de perte forcée non validée dans le log
VALIDATION ERROR: B-kem1024-gilbert-prr0p85-L2-loss1-rep27-seed200027-v3: mode d'application de perte forcée inattendu: invalid
VALIDATION WARNING: B-kem1024-gilbert-prr0p85-L2-loss1-rep27-seed200027-v4: perte forcée configurée mais cible/événements observés incohérents
VALIDATION ERROR: B-kem1024-gilbert-prr0p85-L2-loss1-rep27-seed200027-v4: injection de perte forcée non validée dans le log
VALIDATION ERROR: B-kem1024-gilbert-prr0p85-L2-loss1-rep27-seed200027-v4: mode d'application de perte forcée inattendu: invalid
VALIDATION WARNING: B-kem1024-gilbert-prr0p85-L5-loss1-rep02-seed200002-v3: perte forcée configurée mais cible/événements observés incohérents
VALIDATION ERROR: B-kem1024-gilbert-prr0p85-L5-loss1-rep02-seed200002-v3: injection de perte forcée non validée dans le log
VALIDATION ERROR: B-kem1024-gilbert-prr0p85-L5-loss1-rep02-seed200002-v3: mode d'application de perte forcée inattendu: invalid
VALIDATION WARNING: B-kem1024-gilbert-prr0p85-L5-loss1-rep02-seed200002-v4: perte forcée configurée mais cible/événements observés incohérents
VALIDATION ERROR: B-kem1024-gilbert-prr0p85-L5-loss1-rep02-seed200002-v4: injection de perte forcée non validée dans le log
VALIDATION ERROR: B-kem1024-gilbert-prr0p85-L5-loss1-rep02-seed200002-v4: mode d'application de perte forcée inattendu: invalid
VALIDATION WARNING: B-kem1024-gilbert-prr0p85-L5-loss1-rep03-seed200003-v3: perte forcée configurée mais cible/événements observés incohérents
VALIDATION ERROR: B-kem1024-gilbert-prr0p85-L5-loss1-rep03-seed200003-v3: injection de perte forcée non validée dans le log
VALIDATION ERROR: B-kem1024-gilbert-prr0p85-L5-loss1-rep03-seed200003-v3: mode d'application de perte forcée inattendu: invalid
VALIDATION WARNING: B-kem1024-gilbert-prr0p85-L5-loss1-rep03-seed200003-v4: perte forcée configurée mais cible/événements observés incohérents
VALIDATION ERROR: B-kem1024-gilbert-prr0p85-L5-loss1-rep03-seed200003-v4: injection de perte forcée non validée dans le log
VALIDATION ERROR: B-kem1024-gilbert-prr0p85-L5-loss1-rep03-seed200003-v4: mode d'application de perte forcée inattendu: invalid
VALIDATION WARNING: B-kem1024-gilbert-prr0p85-L5-loss1-rep05-seed200005-v3: perte forcée configurée mais cible/événements observés incohérents
VALIDATION ERROR: B-kem1024-gilbert-prr0p85-L5-loss1-rep05-seed200005-v3: injection de perte forcée non validée dans le log
VALIDATION ERROR: B-kem1024-gilbert-prr0p85-L5-loss1-rep05-seed200005-v3: mode d'application de perte forcée inattendu: invalid
VALIDATION WARNING: B-kem1024-gilbert-prr0p85-L5-loss1-rep05-seed200005-v4: perte forcée configurée mais cible/événements observés incohérents
VALIDATION ERROR: B-kem1024-gilbert-prr0p85-L5-loss1-rep05-seed200005-v4: injection de perte forcée non validée dans le log
VALIDATION ERROR: B-kem1024-gilbert-prr0p85-L5-loss1-rep05-seed200005-v4: mode d'application de perte forcée inattendu: invalid
VALIDATION WARNING: B-kem1024-gilbert-prr0p85-L5-loss1-rep08-seed200008-v3: perte forcée configurée mais cible/événements observés incohérents
VALIDATION ERROR: B-kem1024-gilbert-prr0p85-L5-loss1-rep08-seed200008-v3: injection de perte forcée non validée dans le log
VALIDATION ERROR: B-kem1024-gilbert-prr0p85-L5-loss1-rep08-seed200008-v3: mode d'application de perte forcée inattendu: invalid
VALIDATION WARNING: B-kem1024-gilbert-prr0p85-L5-loss1-rep08-seed200008-v4: perte forcée configurée mais cible/événements observés incohérents
VALIDATION ERROR: B-kem1024-gilbert-prr0p85-L5-loss1-rep08-seed200008-v4: injection de perte forcée non validée dans le log
VALIDATION ERROR: B-kem1024-gilbert-prr0p85-L5-loss1-rep08-seed200008-v4: mode d'application de perte forcée inattendu: invalid
VALIDATION WARNING: B-kem1024-gilbert-prr0p85-L5-loss1-rep09-seed200009-v3: perte forcée configurée mais cible/événements observés incohérents
VALIDATION ERROR: B-kem1024-gilbert-prr0p85-L5-loss1-rep09-seed200009-v3: injection de perte forcée non validée dans le log
VALIDATION ERROR: B-kem1024-gilbert-prr0p85-L5-loss1-rep09-seed200009-v3: mode d'application de perte forcée inattendu: invalid
VALIDATION WARNING: B-kem1024-gilbert-prr0p85-L5-loss1-rep09-seed200009-v4: perte forcée configurée mais cible/événements observés incohérents
VALIDATION ERROR: B-kem1024-gilbert-prr0p85-L5-loss1-rep09-seed200009-v4: injection de perte forcée non validée dans le log
VALIDATION ERROR: B-kem1024-gilbert-prr0p85-L5-loss1-rep09-seed200009-v4: mode d'application de perte forcée inattendu: invalid
VALIDATION WARNING: B-kem1024-gilbert-prr0p85-L5-loss1-rep11-seed200011-v3: perte forcée configurée mais cible/événements observés incohérents
VALIDATION ERROR: B-kem1024-gilbert-prr0p85-L5-loss1-rep11-seed200011-v3: injection de perte forcée non validée dans le log
VALIDATION ERROR: B-kem1024-gilbert-prr0p85-L5-loss1-rep11-seed200011-v3: mode d'application de perte forcée inattendu: invalid
VALIDATION WARNING: B-kem1024-gilbert-prr0p85-L5-loss1-rep11-seed200011-v4: perte forcée configurée mais cible/événements observés incohérents
VALIDATION ERROR: B-kem1024-gilbert-prr0p85-L5-loss1-rep11-seed200011-v4: injection de perte forcée non validée dans le log
VALIDATION ERROR: B-kem1024-gilbert-prr0p85-L5-loss1-rep11-seed200011-v4: mode d'application de perte forcée inattendu: invalid
VALIDATION WARNING: B-kem1024-gilbert-prr0p85-L5-loss1-rep12-seed200012-v3: perte forcée configurée mais cible/événements observés incohérents
VALIDATION ERROR: B-kem1024-gilbert-prr0p85-L5-loss1-rep12-seed200012-v3: injection de perte forcée non validée dans le log
VALIDATION ERROR: B-kem1024-gilbert-prr0p85-L5-loss1-rep12-seed200012-v3: mode d'application de perte forcée inattendu: invalid
VALIDATION WARNING: B-kem1024-gilbert-prr0p85-L5-loss1-rep12-seed200012-v4: perte forcée configurée mais cible/événements observés incohérents
VALIDATION ERROR: B-kem1024-gilbert-prr0p85-L5-loss1-rep12-seed200012-v4: injection de perte forcée non validée dans le log
VALIDATION ERROR: B-kem1024-gilbert-prr0p85-L5-loss1-rep12-seed200012-v4: mode d'application de perte forcée inattendu: invalid
VALIDATION WARNING: B-kem1024-gilbert-prr0p85-L5-loss1-rep16-seed200016-v3: perte forcée configurée mais cible/événements observés incohérents
VALIDATION ERROR: B-kem1024-gilbert-prr0p85-L5-loss1-rep16-seed200016-v3: injection de perte forcée non validée dans le log
VALIDATION ERROR: B-kem1024-gilbert-prr0p85-L5-loss1-rep16-seed200016-v3: mode d'application de perte forcée inattendu: invalid
VALIDATION WARNING: B-kem1024-gilbert-prr0p85-L5-loss1-rep16-seed200016-v4: perte forcée configurée mais cible/événements observés incohérents
VALIDATION ERROR: B-kem1024-gilbert-prr0p85-L5-loss1-rep16-seed200016-v4: injection de perte forcée non validée dans le log
VALIDATION ERROR: B-kem1024-gilbert-prr0p85-L5-loss1-rep16-seed200016-v4: mode d'application de perte forcée inattendu: invalid
VALIDATION WARNING: B-kem1024-gilbert-prr0p85-L5-loss1-rep17-seed200017-v3: perte forcée configurée mais cible/événements observés incohérents
VALIDATION ERROR: B-kem1024-gilbert-prr0p85-L5-loss1-rep17-seed200017-v3: injection de perte forcée non validée dans le log
VALIDATION ERROR: B-kem1024-gilbert-prr0p85-L5-loss1-rep17-seed200017-v3: mode d'application de perte forcée inattendu: invalid
VALIDATION WARNING: B-kem1024-gilbert-prr0p85-L5-loss1-rep17-seed200017-v4: perte forcée configurée mais cible/événements observés incohérents
VALIDATION ERROR: B-kem1024-gilbert-prr0p85-L5-loss1-rep17-seed200017-v4: injection de perte forcée non validée dans le log
VALIDATION ERROR: B-kem1024-gilbert-prr0p85-L5-loss1-rep17-seed200017-v4: mode d'application de perte forcée inattendu: invalid
VALIDATION WARNING: B-kem1024-gilbert-prr0p85-L5-loss1-rep18-seed200018-v3: perte forcée configurée mais cible/événements observés incohérents
VALIDATION ERROR: B-kem1024-gilbert-prr0p85-L5-loss1-rep18-seed200018-v3: injection de perte forcée non validée dans le log
VALIDATION ERROR: B-kem1024-gilbert-prr0p85-L5-loss1-rep18-seed200018-v3: mode d'application de perte forcée inattendu: invalid
VALIDATION WARNING: B-kem1024-gilbert-prr0p85-L5-loss1-rep18-seed200018-v4: perte forcée configurée mais cible/événements observés incohérents
VALIDATION ERROR: B-kem1024-gilbert-prr0p85-L5-loss1-rep18-seed200018-v4: injection de perte forcée non validée dans le log
VALIDATION ERROR: B-kem1024-gilbert-prr0p85-L5-loss1-rep18-seed200018-v4: mode d'application de perte forcée inattendu: invalid
VALIDATION WARNING: B-kem1024-gilbert-prr0p85-L5-loss1-rep22-seed200022-v3: perte forcée configurée mais cible/événements observés incohérents
VALIDATION ERROR: B-kem1024-gilbert-prr0p85-L5-loss1-rep22-seed200022-v3: injection de perte forcée non validée dans le log
VALIDATION ERROR: B-kem1024-gilbert-prr0p85-L5-loss1-rep22-seed200022-v3: mode d'application de perte forcée inattendu: invalid
VALIDATION WARNING: B-kem1024-gilbert-prr0p85-L5-loss1-rep22-seed200022-v4: perte forcée configurée mais cible/événements observés incohérents
VALIDATION ERROR: B-kem1024-gilbert-prr0p85-L5-loss1-rep22-seed200022-v4: injection de perte forcée non validée dans le log
VALIDATION ERROR: B-kem1024-gilbert-prr0p85-L5-loss1-rep22-seed200022-v4: mode d'application de perte forcée inattendu: invalid
VALIDATION WARNING: B-kem1024-gilbert-prr0p85-L5-loss1-rep27-seed200027-v3: perte forcée configurée mais cible/événements observés incohérents
VALIDATION ERROR: B-kem1024-gilbert-prr0p85-L5-loss1-rep27-seed200027-v3: injection de perte forcée non validée dans le log
VALIDATION ERROR: B-kem1024-gilbert-prr0p85-L5-loss1-rep27-seed200027-v3: mode d'application de perte forcée inattendu: invalid
VALIDATION WARNING: B-kem1024-gilbert-prr0p85-L5-loss1-rep27-seed200027-v4: perte forcée configurée mais cible/événements observés incohérents
VALIDATION ERROR: B-kem1024-gilbert-prr0p85-L5-loss1-rep27-seed200027-v4: injection de perte forcée non validée dans le log
VALIDATION ERROR: B-kem1024-gilbert-prr0p85-L5-loss1-rep27-seed200027-v4: mode d'application de perte forcée inattendu: invalid
VALIDATION WARNING: B-kem1024-gilbert-prr0p85-L5-loss1-rep28-seed200028-v3: perte ciblée armée, mais le canal/radio a perdu la trame avant le hook receiver
VALIDATION WARNING: B-kem1024-gilbert-prr0p85-L5-loss1-rep28-seed200028-v3: cible armée mais perdue par le canal/radio avant FORCED_LOSS_APPLIED
VALIDATION WARNING: B-kem1024-gilbert-prr0p85-L5-loss1-rep28-seed200028-v4: perte ciblée armée, mais le canal/radio a perdu la trame avant le hook receiver
VALIDATION WARNING: B-kem1024-gilbert-prr0p85-L5-loss1-rep28-seed200028-v4: cible armée mais perdue par le canal/radio avant FORCED_LOSS_APPLIED
VALIDATION WARNING: B-kem1024-gilbert-prr0p85-L10-loss1-rep02-seed200002-v3: perte forcée configurée mais cible/événements observés incohérents
VALIDATION ERROR: B-kem1024-gilbert-prr0p85-L10-loss1-rep02-seed200002-v3: injection de perte forcée non validée dans le log
VALIDATION ERROR: B-kem1024-gilbert-prr0p85-L10-loss1-rep02-seed200002-v3: mode d'application de perte forcée inattendu: invalid
VALIDATION WARNING: B-kem1024-gilbert-prr0p85-L10-loss1-rep02-seed200002-v4: perte forcée configurée mais cible/événements observés incohérents
VALIDATION ERROR: B-kem1024-gilbert-prr0p85-L10-loss1-rep02-seed200002-v4: injection de perte forcée non validée dans le log
VALIDATION ERROR: B-kem1024-gilbert-prr0p85-L10-loss1-rep02-seed200002-v4: mode d'application de perte forcée inattendu: invalid
VALIDATION WARNING: B-kem1024-gilbert-prr0p85-L10-loss1-rep03-seed200003-v3: perte forcée configurée mais cible/événements observés incohérents
VALIDATION ERROR: B-kem1024-gilbert-prr0p85-L10-loss1-rep03-seed200003-v3: injection de perte forcée non validée dans le log
VALIDATION ERROR: B-kem1024-gilbert-prr0p85-L10-loss1-rep03-seed200003-v3: mode d'application de perte forcée inattendu: invalid
VALIDATION WARNING: B-kem1024-gilbert-prr0p85-L10-loss1-rep03-seed200003-v4: perte forcée configurée mais cible/événements observés incohérents
VALIDATION ERROR: B-kem1024-gilbert-prr0p85-L10-loss1-rep03-seed200003-v4: injection de perte forcée non validée dans le log
VALIDATION ERROR: B-kem1024-gilbert-prr0p85-L10-loss1-rep03-seed200003-v4: mode d'application de perte forcée inattendu: invalid
VALIDATION WARNING: B-kem1024-gilbert-prr0p85-L10-loss1-rep05-seed200005-v3: perte forcée configurée mais cible/événements observés incohérents
VALIDATION ERROR: B-kem1024-gilbert-prr0p85-L10-loss1-rep05-seed200005-v3: injection de perte forcée non validée dans le log
VALIDATION ERROR: B-kem1024-gilbert-prr0p85-L10-loss1-rep05-seed200005-v3: mode d'application de perte forcée inattendu: invalid
VALIDATION WARNING: B-kem1024-gilbert-prr0p85-L10-loss1-rep05-seed200005-v4: perte forcée configurée mais cible/événements observés incohérents
VALIDATION ERROR: B-kem1024-gilbert-prr0p85-L10-loss1-rep05-seed200005-v4: injection de perte forcée non validée dans le log
VALIDATION ERROR: B-kem1024-gilbert-prr0p85-L10-loss1-rep05-seed200005-v4: mode d'application de perte forcée inattendu: invalid
VALIDATION WARNING: B-kem1024-gilbert-prr0p85-L10-loss1-rep08-seed200008-v3: perte forcée configurée mais cible/événements observés incohérents
VALIDATION ERROR: B-kem1024-gilbert-prr0p85-L10-loss1-rep08-seed200008-v3: injection de perte forcée non validée dans le log
VALIDATION ERROR: B-kem1024-gilbert-prr0p85-L10-loss1-rep08-seed200008-v3: mode d'application de perte forcée inattendu: invalid
VALIDATION WARNING: B-kem1024-gilbert-prr0p85-L10-loss1-rep08-seed200008-v4: perte forcée configurée mais cible/événements observés incohérents
VALIDATION ERROR: B-kem1024-gilbert-prr0p85-L10-loss1-rep08-seed200008-v4: injection de perte forcée non validée dans le log
VALIDATION ERROR: B-kem1024-gilbert-prr0p85-L10-loss1-rep08-seed200008-v4: mode d'application de perte forcée inattendu: invalid
VALIDATION WARNING: B-kem1024-gilbert-prr0p85-L10-loss1-rep09-seed200009-v3: perte forcée configurée mais cible/événements observés incohérents
VALIDATION ERROR: B-kem1024-gilbert-prr0p85-L10-loss1-rep09-seed200009-v3: injection de perte forcée non validée dans le log
VALIDATION ERROR: B-kem1024-gilbert-prr0p85-L10-loss1-rep09-seed200009-v3: mode d'application de perte forcée inattendu: invalid
VALIDATION WARNING: B-kem1024-gilbert-prr0p85-L10-loss1-rep09-seed200009-v4: perte forcée configurée mais cible/événements observés incohérents
VALIDATION ERROR: B-kem1024-gilbert-prr0p85-L10-loss1-rep09-seed200009-v4: injection de perte forcée non validée dans le log
VALIDATION ERROR: B-kem1024-gilbert-prr0p85-L10-loss1-rep09-seed200009-v4: mode d'application de perte forcée inattendu: invalid
VALIDATION WARNING: B-kem1024-gilbert-prr0p85-L10-loss1-rep12-seed200012-v3: perte forcée configurée mais cible/événements observés incohérents
VALIDATION ERROR: B-kem1024-gilbert-prr0p85-L10-loss1-rep12-seed200012-v3: injection de perte forcée non validée dans le log
VALIDATION ERROR: B-kem1024-gilbert-prr0p85-L10-loss1-rep12-seed200012-v3: mode d'application de perte forcée inattendu: invalid
VALIDATION WARNING: B-kem1024-gilbert-prr0p85-L10-loss1-rep12-seed200012-v4: perte forcée configurée mais cible/événements observés incohérents
VALIDATION ERROR: B-kem1024-gilbert-prr0p85-L10-loss1-rep12-seed200012-v4: injection de perte forcée non validée dans le log
VALIDATION ERROR: B-kem1024-gilbert-prr0p85-L10-loss1-rep12-seed200012-v4: mode d'application de perte forcée inattendu: invalid
VALIDATION WARNING: B-kem1024-gilbert-prr0p85-L10-loss1-rep16-seed200016-v3: perte forcée configurée mais cible/événements observés incohérents
VALIDATION ERROR: B-kem1024-gilbert-prr0p85-L10-loss1-rep16-seed200016-v3: injection de perte forcée non validée dans le log
VALIDATION ERROR: B-kem1024-gilbert-prr0p85-L10-loss1-rep16-seed200016-v3: mode d'application de perte forcée inattendu: invalid
VALIDATION WARNING: B-kem1024-gilbert-prr0p85-L10-loss1-rep16-seed200016-v4: perte forcée configurée mais cible/événements observés incohérents
VALIDATION ERROR: B-kem1024-gilbert-prr0p85-L10-loss1-rep16-seed200016-v4: injection de perte forcée non validée dans le log
VALIDATION ERROR: B-kem1024-gilbert-prr0p85-L10-loss1-rep16-seed200016-v4: mode d'application de perte forcée inattendu: invalid
VALIDATION WARNING: B-kem1024-gilbert-prr0p85-L10-loss1-rep18-seed200018-v3: perte forcée configurée mais cible/événements observés incohérents
VALIDATION ERROR: B-kem1024-gilbert-prr0p85-L10-loss1-rep18-seed200018-v3: injection de perte forcée non validée dans le log
VALIDATION ERROR: B-kem1024-gilbert-prr0p85-L10-loss1-rep18-seed200018-v3: mode d'application de perte forcée inattendu: invalid
VALIDATION WARNING: B-kem1024-gilbert-prr0p85-L10-loss1-rep18-seed200018-v4: perte forcée configurée mais cible/événements observés incohérents
VALIDATION ERROR: B-kem1024-gilbert-prr0p85-L10-loss1-rep18-seed200018-v4: injection de perte forcée non validée dans le log
VALIDATION ERROR: B-kem1024-gilbert-prr0p85-L10-loss1-rep18-seed200018-v4: mode d'application de perte forcée inattendu: invalid
VALIDATION WARNING: B-kem1024-gilbert-prr0p85-L10-loss1-rep22-seed200022-v3: perte forcée configurée mais cible/événements observés incohérents
VALIDATION ERROR: B-kem1024-gilbert-prr0p85-L10-loss1-rep22-seed200022-v3: injection de perte forcée non validée dans le log
VALIDATION ERROR: B-kem1024-gilbert-prr0p85-L10-loss1-rep22-seed200022-v3: mode d'application de perte forcée inattendu: invalid
VALIDATION WARNING: B-kem1024-gilbert-prr0p85-L10-loss1-rep22-seed200022-v4: perte forcée configurée mais cible/événements observés incohérents
VALIDATION ERROR: B-kem1024-gilbert-prr0p85-L10-loss1-rep22-seed200022-v4: injection de perte forcée non validée dans le log
VALIDATION ERROR: B-kem1024-gilbert-prr0p85-L10-loss1-rep22-seed200022-v4: mode d'application de perte forcée inattendu: invalid
VALIDATION WARNING: B-kem1024-gilbert-prr0p85-L10-loss1-rep27-seed200027-v3: perte forcée configurée mais cible/événements observés incohérents
VALIDATION ERROR: B-kem1024-gilbert-prr0p85-L10-loss1-rep27-seed200027-v3: injection de perte forcée non validée dans le log
VALIDATION ERROR: B-kem1024-gilbert-prr0p85-L10-loss1-rep27-seed200027-v3: mode d'application de perte forcée inattendu: invalid
VALIDATION WARNING: B-kem1024-gilbert-prr0p85-L10-loss1-rep27-seed200027-v4: perte forcée configurée mais cible/événements observés incohérents
VALIDATION ERROR: B-kem1024-gilbert-prr0p85-L10-loss1-rep27-seed200027-v4: injection de perte forcée non validée dans le log
VALIDATION ERROR: B-kem1024-gilbert-prr0p85-L10-loss1-rep27-seed200027-v4: mode d'application de perte forcée inattendu: invalid
VALIDATION WARNING: B-kem1024-gilbert-prr0p90-L2-loss1-rep02-seed200002-v3: perte forcée configurée mais cible/événements observés incohérents
VALIDATION ERROR: B-kem1024-gilbert-prr0p90-L2-loss1-rep02-seed200002-v3: injection de perte forcée non validée dans le log
VALIDATION ERROR: B-kem1024-gilbert-prr0p90-L2-loss1-rep02-seed200002-v3: mode d'application de perte forcée inattendu: invalid
VALIDATION WARNING: B-kem1024-gilbert-prr0p90-L2-loss1-rep02-seed200002-v4: perte forcée configurée mais cible/événements observés incohérents
VALIDATION ERROR: B-kem1024-gilbert-prr0p90-L2-loss1-rep02-seed200002-v4: injection de perte forcée non validée dans le log
VALIDATION ERROR: B-kem1024-gilbert-prr0p90-L2-loss1-rep02-seed200002-v4: mode d'application de perte forcée inattendu: invalid
VALIDATION WARNING: B-kem1024-gilbert-prr0p90-L2-loss1-rep03-seed200003-v3: perte forcée configurée mais cible/événements observés incohérents
VALIDATION ERROR: B-kem1024-gilbert-prr0p90-L2-loss1-rep03-seed200003-v3: injection de perte forcée non validée dans le log
VALIDATION ERROR: B-kem1024-gilbert-prr0p90-L2-loss1-rep03-seed200003-v3: mode d'application de perte forcée inattendu: invalid
VALIDATION WARNING: B-kem1024-gilbert-prr0p90-L2-loss1-rep03-seed200003-v4: perte forcée configurée mais cible/événements observés incohérents
VALIDATION ERROR: B-kem1024-gilbert-prr0p90-L2-loss1-rep03-seed200003-v4: injection de perte forcée non validée dans le log
VALIDATION ERROR: B-kem1024-gilbert-prr0p90-L2-loss1-rep03-seed200003-v4: mode d'application de perte forcée inattendu: invalid
VALIDATION WARNING: B-kem1024-gilbert-prr0p90-L2-loss1-rep05-seed200005-v3: perte forcée configurée mais cible/événements observés incohérents
VALIDATION ERROR: B-kem1024-gilbert-prr0p90-L2-loss1-rep05-seed200005-v3: injection de perte forcée non validée dans le log
VALIDATION ERROR: B-kem1024-gilbert-prr0p90-L2-loss1-rep05-seed200005-v3: mode d'application de perte forcée inattendu: invalid
VALIDATION WARNING: B-kem1024-gilbert-prr0p90-L2-loss1-rep05-seed200005-v4: perte forcée configurée mais cible/événements observés incohérents
VALIDATION ERROR: B-kem1024-gilbert-prr0p90-L2-loss1-rep05-seed200005-v4: injection de perte forcée non validée dans le log
VALIDATION ERROR: B-kem1024-gilbert-prr0p90-L2-loss1-rep05-seed200005-v4: mode d'application de perte forcée inattendu: invalid
VALIDATION WARNING: B-kem1024-gilbert-prr0p90-L2-loss1-rep08-seed200008-v3: perte forcée configurée mais cible/événements observés incohérents
VALIDATION ERROR: B-kem1024-gilbert-prr0p90-L2-loss1-rep08-seed200008-v3: injection de perte forcée non validée dans le log
VALIDATION ERROR: B-kem1024-gilbert-prr0p90-L2-loss1-rep08-seed200008-v3: mode d'application de perte forcée inattendu: invalid
VALIDATION WARNING: B-kem1024-gilbert-prr0p90-L2-loss1-rep08-seed200008-v4: perte forcée configurée mais cible/événements observés incohérents
VALIDATION ERROR: B-kem1024-gilbert-prr0p90-L2-loss1-rep08-seed200008-v4: injection de perte forcée non validée dans le log
VALIDATION ERROR: B-kem1024-gilbert-prr0p90-L2-loss1-rep08-seed200008-v4: mode d'application de perte forcée inattendu: invalid
VALIDATION WARNING: B-kem1024-gilbert-prr0p90-L2-loss1-rep09-seed200009-v3: perte ciblée armée, mais le canal/radio a perdu la trame avant le hook receiver
VALIDATION WARNING: B-kem1024-gilbert-prr0p90-L2-loss1-rep09-seed200009-v3: cible armée mais perdue par le canal/radio avant FORCED_LOSS_APPLIED
VALIDATION WARNING: B-kem1024-gilbert-prr0p90-L2-loss1-rep09-seed200009-v4: perte ciblée armée, mais le canal/radio a perdu la trame avant le hook receiver
VALIDATION WARNING: B-kem1024-gilbert-prr0p90-L2-loss1-rep09-seed200009-v4: cible armée mais perdue par le canal/radio avant FORCED_LOSS_APPLIED
VALIDATION WARNING: B-kem1024-gilbert-prr0p90-L2-loss1-rep11-seed200011-v3: perte forcée configurée mais cible/événements observés incohérents
VALIDATION ERROR: B-kem1024-gilbert-prr0p90-L2-loss1-rep11-seed200011-v3: injection de perte forcée non validée dans le log
VALIDATION ERROR: B-kem1024-gilbert-prr0p90-L2-loss1-rep11-seed200011-v3: mode d'application de perte forcée inattendu: invalid
VALIDATION WARNING: B-kem1024-gilbert-prr0p90-L2-loss1-rep11-seed200011-v4: perte forcée configurée mais cible/événements observés incohérents
VALIDATION ERROR: B-kem1024-gilbert-prr0p90-L2-loss1-rep11-seed200011-v4: injection de perte forcée non validée dans le log
VALIDATION ERROR: B-kem1024-gilbert-prr0p90-L2-loss1-rep11-seed200011-v4: mode d'application de perte forcée inattendu: invalid
VALIDATION WARNING: B-kem1024-gilbert-prr0p90-L2-loss1-rep12-seed200012-v3: perte forcée configurée mais cible/événements observés incohérents
VALIDATION ERROR: B-kem1024-gilbert-prr0p90-L2-loss1-rep12-seed200012-v3: injection de perte forcée non validée dans le log
VALIDATION ERROR: B-kem1024-gilbert-prr0p90-L2-loss1-rep12-seed200012-v3: mode d'application de perte forcée inattendu: invalid
VALIDATION WARNING: B-kem1024-gilbert-prr0p90-L2-loss1-rep12-seed200012-v4: perte forcée configurée mais cible/événements observés incohérents
VALIDATION ERROR: B-kem1024-gilbert-prr0p90-L2-loss1-rep12-seed200012-v4: injection de perte forcée non validée dans le log
VALIDATION ERROR: B-kem1024-gilbert-prr0p90-L2-loss1-rep12-seed200012-v4: mode d'application de perte forcée inattendu: invalid
VALIDATION WARNING: B-kem1024-gilbert-prr0p90-L2-loss1-rep16-seed200016-v3: perte forcée configurée mais cible/événements observés incohérents
VALIDATION ERROR: B-kem1024-gilbert-prr0p90-L2-loss1-rep16-seed200016-v3: injection de perte forcée non validée dans le log
VALIDATION ERROR: B-kem1024-gilbert-prr0p90-L2-loss1-rep16-seed200016-v3: mode d'application de perte forcée inattendu: invalid
VALIDATION WARNING: B-kem1024-gilbert-prr0p90-L2-loss1-rep16-seed200016-v4: perte forcée configurée mais cible/événements observés incohérents
VALIDATION ERROR: B-kem1024-gilbert-prr0p90-L2-loss1-rep16-seed200016-v4: injection de perte forcée non validée dans le log
VALIDATION ERROR: B-kem1024-gilbert-prr0p90-L2-loss1-rep16-seed200016-v4: mode d'application de perte forcée inattendu: invalid
VALIDATION WARNING: B-kem1024-gilbert-prr0p90-L2-loss1-rep17-seed200017-v3: perte forcée configurée mais cible/événements observés incohérents
VALIDATION ERROR: B-kem1024-gilbert-prr0p90-L2-loss1-rep17-seed200017-v3: injection de perte forcée non validée dans le log
VALIDATION ERROR: B-kem1024-gilbert-prr0p90-L2-loss1-rep17-seed200017-v3: mode d'application de perte forcée inattendu: invalid
VALIDATION WARNING: B-kem1024-gilbert-prr0p90-L2-loss1-rep17-seed200017-v4: perte forcée configurée mais cible/événements observés incohérents
VALIDATION ERROR: B-kem1024-gilbert-prr0p90-L2-loss1-rep17-seed200017-v4: injection de perte forcée non validée dans le log
VALIDATION ERROR: B-kem1024-gilbert-prr0p90-L2-loss1-rep17-seed200017-v4: mode d'application de perte forcée inattendu: invalid
VALIDATION WARNING: B-kem1024-gilbert-prr0p90-L2-loss1-rep20-seed200020-v3: perte forcée configurée mais cible/événements observés incohérents
VALIDATION ERROR: B-kem1024-gilbert-prr0p90-L2-loss1-rep20-seed200020-v3: injection de perte forcée non validée dans le log
VALIDATION ERROR: B-kem1024-gilbert-prr0p90-L2-loss1-rep20-seed200020-v3: mode d'application de perte forcée inattendu: invalid
VALIDATION WARNING: B-kem1024-gilbert-prr0p90-L2-loss1-rep20-seed200020-v4: perte forcée configurée mais cible/événements observés incohérents
VALIDATION ERROR: B-kem1024-gilbert-prr0p90-L2-loss1-rep20-seed200020-v4: injection de perte forcée non validée dans le log
VALIDATION ERROR: B-kem1024-gilbert-prr0p90-L2-loss1-rep20-seed200020-v4: mode d'application de perte forcée inattendu: invalid
VALIDATION WARNING: B-kem1024-gilbert-prr0p90-L2-loss1-rep22-seed200022-v3: perte forcée configurée mais cible/événements observés incohérents
VALIDATION ERROR: B-kem1024-gilbert-prr0p90-L2-loss1-rep22-seed200022-v3: injection de perte forcée non validée dans le log
VALIDATION ERROR: B-kem1024-gilbert-prr0p90-L2-loss1-rep22-seed200022-v3: mode d'application de perte forcée inattendu: invalid
VALIDATION WARNING: B-kem1024-gilbert-prr0p90-L2-loss1-rep22-seed200022-v4: perte forcée configurée mais cible/événements observés incohérents
VALIDATION ERROR: B-kem1024-gilbert-prr0p90-L2-loss1-rep22-seed200022-v4: injection de perte forcée non validée dans le log
VALIDATION ERROR: B-kem1024-gilbert-prr0p90-L2-loss1-rep22-seed200022-v4: mode d'application de perte forcée inattendu: invalid
VALIDATION WARNING: B-kem1024-gilbert-prr0p90-L2-loss1-rep27-seed200027-v3: perte forcée configurée mais cible/événements observés incohérents
VALIDATION ERROR: B-kem1024-gilbert-prr0p90-L2-loss1-rep27-seed200027-v3: injection de perte forcée non validée dans le log
VALIDATION ERROR: B-kem1024-gilbert-prr0p90-L2-loss1-rep27-seed200027-v3: mode d'application de perte forcée inattendu: invalid
VALIDATION WARNING: B-kem1024-gilbert-prr0p90-L2-loss1-rep27-seed200027-v4: perte forcée configurée mais cible/événements observés incohérents
VALIDATION ERROR: B-kem1024-gilbert-prr0p90-L2-loss1-rep27-seed200027-v4: injection de perte forcée non validée dans le log
VALIDATION ERROR: B-kem1024-gilbert-prr0p90-L2-loss1-rep27-seed200027-v4: mode d'application de perte forcée inattendu: invalid
VALIDATION WARNING: B-kem1024-gilbert-prr0p90-L5-loss1-rep02-seed200002-v3: perte forcée configurée mais cible/événements observés incohérents
VALIDATION ERROR: B-kem1024-gilbert-prr0p90-L5-loss1-rep02-seed200002-v3: injection de perte forcée non validée dans le log
VALIDATION ERROR: B-kem1024-gilbert-prr0p90-L5-loss1-rep02-seed200002-v3: mode d'application de perte forcée inattendu: invalid
VALIDATION WARNING: B-kem1024-gilbert-prr0p90-L5-loss1-rep02-seed200002-v4: perte forcée configurée mais cible/événements observés incohérents
VALIDATION ERROR: B-kem1024-gilbert-prr0p90-L5-loss1-rep02-seed200002-v4: injection de perte forcée non validée dans le log
VALIDATION ERROR: B-kem1024-gilbert-prr0p90-L5-loss1-rep02-seed200002-v4: mode d'application de perte forcée inattendu: invalid
VALIDATION WARNING: B-kem1024-gilbert-prr0p90-L5-loss1-rep03-seed200003-v3: perte forcée configurée mais cible/événements observés incohérents
VALIDATION ERROR: B-kem1024-gilbert-prr0p90-L5-loss1-rep03-seed200003-v3: injection de perte forcée non validée dans le log
VALIDATION ERROR: B-kem1024-gilbert-prr0p90-L5-loss1-rep03-seed200003-v3: mode d'application de perte forcée inattendu: invalid
VALIDATION WARNING: B-kem1024-gilbert-prr0p90-L5-loss1-rep03-seed200003-v4: perte forcée configurée mais cible/événements observés incohérents
VALIDATION ERROR: B-kem1024-gilbert-prr0p90-L5-loss1-rep03-seed200003-v4: injection de perte forcée non validée dans le log
VALIDATION ERROR: B-kem1024-gilbert-prr0p90-L5-loss1-rep03-seed200003-v4: mode d'application de perte forcée inattendu: invalid
VALIDATION WARNING: B-kem1024-gilbert-prr0p90-L5-loss1-rep05-seed200005-v3: perte forcée configurée mais cible/événements observés incohérents
VALIDATION ERROR: B-kem1024-gilbert-prr0p90-L5-loss1-rep05-seed200005-v3: injection de perte forcée non validée dans le log
VALIDATION ERROR: B-kem1024-gilbert-prr0p90-L5-loss1-rep05-seed200005-v3: mode d'application de perte forcée inattendu: invalid
VALIDATION WARNING: B-kem1024-gilbert-prr0p90-L5-loss1-rep05-seed200005-v4: perte forcée configurée mais cible/événements observés incohérents
VALIDATION ERROR: B-kem1024-gilbert-prr0p90-L5-loss1-rep05-seed200005-v4: injection de perte forcée non validée dans le log
VALIDATION ERROR: B-kem1024-gilbert-prr0p90-L5-loss1-rep05-seed200005-v4: mode d'application de perte forcée inattendu: invalid
VALIDATION WARNING: B-kem1024-gilbert-prr0p90-L5-loss1-rep08-seed200008-v3: perte forcée configurée mais cible/événements observés incohérents
VALIDATION ERROR: B-kem1024-gilbert-prr0p90-L5-loss1-rep08-seed200008-v3: injection de perte forcée non validée dans le log
VALIDATION ERROR: B-kem1024-gilbert-prr0p90-L5-loss1-rep08-seed200008-v3: mode d'application de perte forcée inattendu: invalid
VALIDATION WARNING: B-kem1024-gilbert-prr0p90-L5-loss1-rep08-seed200008-v4: perte forcée configurée mais cible/événements observés incohérents
VALIDATION ERROR: B-kem1024-gilbert-prr0p90-L5-loss1-rep08-seed200008-v4: injection de perte forcée non validée dans le log
VALIDATION ERROR: B-kem1024-gilbert-prr0p90-L5-loss1-rep08-seed200008-v4: mode d'application de perte forcée inattendu: invalid
VALIDATION WARNING: B-kem1024-gilbert-prr0p90-L5-loss1-rep09-seed200009-v3: perte forcée configurée mais cible/événements observés incohérents
VALIDATION ERROR: B-kem1024-gilbert-prr0p90-L5-loss1-rep09-seed200009-v3: injection de perte forcée non validée dans le log
VALIDATION ERROR: B-kem1024-gilbert-prr0p90-L5-loss1-rep09-seed200009-v3: mode d'application de perte forcée inattendu: invalid
VALIDATION WARNING: B-kem1024-gilbert-prr0p90-L5-loss1-rep09-seed200009-v4: perte forcée configurée mais cible/événements observés incohérents
VALIDATION ERROR: B-kem1024-gilbert-prr0p90-L5-loss1-rep09-seed200009-v4: injection de perte forcée non validée dans le log
VALIDATION ERROR: B-kem1024-gilbert-prr0p90-L5-loss1-rep09-seed200009-v4: mode d'application de perte forcée inattendu: invalid
VALIDATION WARNING: B-kem1024-gilbert-prr0p90-L5-loss1-rep12-seed200012-v3: perte forcée configurée mais cible/événements observés incohérents
VALIDATION ERROR: B-kem1024-gilbert-prr0p90-L5-loss1-rep12-seed200012-v3: injection de perte forcée non validée dans le log
VALIDATION ERROR: B-kem1024-gilbert-prr0p90-L5-loss1-rep12-seed200012-v3: mode d'application de perte forcée inattendu: invalid
VALIDATION WARNING: B-kem1024-gilbert-prr0p90-L5-loss1-rep12-seed200012-v4: perte forcée configurée mais cible/événements observés incohérents
VALIDATION ERROR: B-kem1024-gilbert-prr0p90-L5-loss1-rep12-seed200012-v4: injection de perte forcée non validée dans le log
VALIDATION ERROR: B-kem1024-gilbert-prr0p90-L5-loss1-rep12-seed200012-v4: mode d'application de perte forcée inattendu: invalid
VALIDATION WARNING: B-kem1024-gilbert-prr0p90-L5-loss1-rep16-seed200016-v3: perte forcée configurée mais cible/événements observés incohérents
VALIDATION ERROR: B-kem1024-gilbert-prr0p90-L5-loss1-rep16-seed200016-v3: injection de perte forcée non validée dans le log
VALIDATION ERROR: B-kem1024-gilbert-prr0p90-L5-loss1-rep16-seed200016-v3: mode d'application de perte forcée inattendu: invalid
VALIDATION WARNING: B-kem1024-gilbert-prr0p90-L5-loss1-rep16-seed200016-v4: perte forcée configurée mais cible/événements observés incohérents
VALIDATION ERROR: B-kem1024-gilbert-prr0p90-L5-loss1-rep16-seed200016-v4: injection de perte forcée non validée dans le log
VALIDATION ERROR: B-kem1024-gilbert-prr0p90-L5-loss1-rep16-seed200016-v4: mode d'application de perte forcée inattendu: invalid
VALIDATION WARNING: B-kem1024-gilbert-prr0p90-L5-loss1-rep17-seed200017-v3: perte forcée configurée mais cible/événements observés incohérents
VALIDATION ERROR: B-kem1024-gilbert-prr0p90-L5-loss1-rep17-seed200017-v3: injection de perte forcée non validée dans le log
VALIDATION ERROR: B-kem1024-gilbert-prr0p90-L5-loss1-rep17-seed200017-v3: mode d'application de perte forcée inattendu: invalid
VALIDATION WARNING: B-kem1024-gilbert-prr0p90-L5-loss1-rep17-seed200017-v4: perte forcée configurée mais cible/événements observés incohérents
VALIDATION ERROR: B-kem1024-gilbert-prr0p90-L5-loss1-rep17-seed200017-v4: injection de perte forcée non validée dans le log
VALIDATION ERROR: B-kem1024-gilbert-prr0p90-L5-loss1-rep17-seed200017-v4: mode d'application de perte forcée inattendu: invalid
VALIDATION WARNING: B-kem1024-gilbert-prr0p90-L5-loss1-rep22-seed200022-v3: perte forcée configurée mais cible/événements observés incohérents
VALIDATION ERROR: B-kem1024-gilbert-prr0p90-L5-loss1-rep22-seed200022-v3: injection de perte forcée non validée dans le log
VALIDATION ERROR: B-kem1024-gilbert-prr0p90-L5-loss1-rep22-seed200022-v3: mode d'application de perte forcée inattendu: invalid
VALIDATION WARNING: B-kem1024-gilbert-prr0p90-L5-loss1-rep22-seed200022-v4: perte forcée configurée mais cible/événements observés incohérents
VALIDATION ERROR: B-kem1024-gilbert-prr0p90-L5-loss1-rep22-seed200022-v4: injection de perte forcée non validée dans le log
VALIDATION ERROR: B-kem1024-gilbert-prr0p90-L5-loss1-rep22-seed200022-v4: mode d'application de perte forcée inattendu: invalid
VALIDATION WARNING: B-kem1024-gilbert-prr0p90-L5-loss1-rep27-seed200027-v3: perte forcée configurée mais cible/événements observés incohérents
VALIDATION ERROR: B-kem1024-gilbert-prr0p90-L5-loss1-rep27-seed200027-v3: injection de perte forcée non validée dans le log
VALIDATION ERROR: B-kem1024-gilbert-prr0p90-L5-loss1-rep27-seed200027-v3: mode d'application de perte forcée inattendu: invalid
VALIDATION WARNING: B-kem1024-gilbert-prr0p90-L5-loss1-rep27-seed200027-v4: perte forcée configurée mais cible/événements observés incohérents
VALIDATION ERROR: B-kem1024-gilbert-prr0p90-L5-loss1-rep27-seed200027-v4: injection de perte forcée non validée dans le log
VALIDATION ERROR: B-kem1024-gilbert-prr0p90-L5-loss1-rep27-seed200027-v4: mode d'application de perte forcée inattendu: invalid
VALIDATION WARNING: B-kem1024-gilbert-prr0p90-L10-loss1-rep02-seed200002-v3: perte forcée configurée mais cible/événements observés incohérents
VALIDATION ERROR: B-kem1024-gilbert-prr0p90-L10-loss1-rep02-seed200002-v3: injection de perte forcée non validée dans le log
VALIDATION ERROR: B-kem1024-gilbert-prr0p90-L10-loss1-rep02-seed200002-v3: mode d'application de perte forcée inattendu: invalid
VALIDATION WARNING: B-kem1024-gilbert-prr0p90-L10-loss1-rep02-seed200002-v4: perte forcée configurée mais cible/événements observés incohérents
VALIDATION ERROR: B-kem1024-gilbert-prr0p90-L10-loss1-rep02-seed200002-v4: injection de perte forcée non validée dans le log
VALIDATION ERROR: B-kem1024-gilbert-prr0p90-L10-loss1-rep02-seed200002-v4: mode d'application de perte forcée inattendu: invalid
VALIDATION WARNING: B-kem1024-gilbert-prr0p90-L10-loss1-rep03-seed200003-v3: perte forcée configurée mais cible/événements observés incohérents
VALIDATION ERROR: B-kem1024-gilbert-prr0p90-L10-loss1-rep03-seed200003-v3: injection de perte forcée non validée dans le log
VALIDATION ERROR: B-kem1024-gilbert-prr0p90-L10-loss1-rep03-seed200003-v3: mode d'application de perte forcée inattendu: invalid
VALIDATION WARNING: B-kem1024-gilbert-prr0p90-L10-loss1-rep03-seed200003-v4: perte forcée configurée mais cible/événements observés incohérents
VALIDATION ERROR: B-kem1024-gilbert-prr0p90-L10-loss1-rep03-seed200003-v4: injection de perte forcée non validée dans le log
VALIDATION ERROR: B-kem1024-gilbert-prr0p90-L10-loss1-rep03-seed200003-v4: mode d'application de perte forcée inattendu: invalid
VALIDATION WARNING: B-kem1024-gilbert-prr0p90-L10-loss1-rep05-seed200005-v3: perte forcée configurée mais cible/événements observés incohérents
VALIDATION ERROR: B-kem1024-gilbert-prr0p90-L10-loss1-rep05-seed200005-v3: injection de perte forcée non validée dans le log
VALIDATION ERROR: B-kem1024-gilbert-prr0p90-L10-loss1-rep05-seed200005-v3: mode d'application de perte forcée inattendu: invalid
VALIDATION WARNING: B-kem1024-gilbert-prr0p90-L10-loss1-rep05-seed200005-v4: perte forcée configurée mais cible/événements observés incohérents
VALIDATION ERROR: B-kem1024-gilbert-prr0p90-L10-loss1-rep05-seed200005-v4: injection de perte forcée non validée dans le log
VALIDATION ERROR: B-kem1024-gilbert-prr0p90-L10-loss1-rep05-seed200005-v4: mode d'application de perte forcée inattendu: invalid
VALIDATION WARNING: B-kem1024-gilbert-prr0p90-L10-loss1-rep09-seed200009-v3: perte forcée configurée mais cible/événements observés incohérents
VALIDATION ERROR: B-kem1024-gilbert-prr0p90-L10-loss1-rep09-seed200009-v3: injection de perte forcée non validée dans le log
VALIDATION ERROR: B-kem1024-gilbert-prr0p90-L10-loss1-rep09-seed200009-v3: mode d'application de perte forcée inattendu: invalid
VALIDATION WARNING: B-kem1024-gilbert-prr0p90-L10-loss1-rep09-seed200009-v4: perte forcée configurée mais cible/événements observés incohérents
VALIDATION ERROR: B-kem1024-gilbert-prr0p90-L10-loss1-rep09-seed200009-v4: injection de perte forcée non validée dans le log
VALIDATION ERROR: B-kem1024-gilbert-prr0p90-L10-loss1-rep09-seed200009-v4: mode d'application de perte forcée inattendu: invalid
VALIDATION WARNING: B-kem1024-gilbert-prr0p90-L10-loss1-rep12-seed200012-v3: perte forcée configurée mais cible/événements observés incohérents
VALIDATION ERROR: B-kem1024-gilbert-prr0p90-L10-loss1-rep12-seed200012-v3: injection de perte forcée non validée dans le log
VALIDATION ERROR: B-kem1024-gilbert-prr0p90-L10-loss1-rep12-seed200012-v3: mode d'application de perte forcée inattendu: invalid
VALIDATION WARNING: B-kem1024-gilbert-prr0p90-L10-loss1-rep12-seed200012-v4: perte forcée configurée mais cible/événements observés incohérents
VALIDATION ERROR: B-kem1024-gilbert-prr0p90-L10-loss1-rep12-seed200012-v4: injection de perte forcée non validée dans le log
VALIDATION ERROR: B-kem1024-gilbert-prr0p90-L10-loss1-rep12-seed200012-v4: mode d'application de perte forcée inattendu: invalid
VALIDATION WARNING: B-kem1024-gilbert-prr0p90-L10-loss1-rep16-seed200016-v3: perte forcée configurée mais cible/événements observés incohérents
VALIDATION ERROR: B-kem1024-gilbert-prr0p90-L10-loss1-rep16-seed200016-v3: injection de perte forcée non validée dans le log
VALIDATION ERROR: B-kem1024-gilbert-prr0p90-L10-loss1-rep16-seed200016-v3: mode d'application de perte forcée inattendu: invalid
VALIDATION WARNING: B-kem1024-gilbert-prr0p90-L10-loss1-rep16-seed200016-v4: perte forcée configurée mais cible/événements observés incohérents
VALIDATION ERROR: B-kem1024-gilbert-prr0p90-L10-loss1-rep16-seed200016-v4: injection de perte forcée non validée dans le log
VALIDATION ERROR: B-kem1024-gilbert-prr0p90-L10-loss1-rep16-seed200016-v4: mode d'application de perte forcée inattendu: invalid
VALIDATION WARNING: B-kem1024-gilbert-prr0p90-L10-loss1-rep22-seed200022-v3: perte forcée configurée mais cible/événements observés incohérents
VALIDATION ERROR: B-kem1024-gilbert-prr0p90-L10-loss1-rep22-seed200022-v3: injection de perte forcée non validée dans le log
VALIDATION ERROR: B-kem1024-gilbert-prr0p90-L10-loss1-rep22-seed200022-v3: mode d'application de perte forcée inattendu: invalid
VALIDATION WARNING: B-kem1024-gilbert-prr0p90-L10-loss1-rep22-seed200022-v4: perte forcée configurée mais cible/événements observés incohérents
VALIDATION ERROR: B-kem1024-gilbert-prr0p90-L10-loss1-rep22-seed200022-v4: injection de perte forcée non validée dans le log
VALIDATION ERROR: B-kem1024-gilbert-prr0p90-L10-loss1-rep22-seed200022-v4: mode d'application de perte forcée inattendu: invalid
VALIDATION WARNING: B-kem1024-gilbert-prr0p90-L10-loss1-rep27-seed200027-v3: perte forcée configurée mais cible/événements observés incohérents
VALIDATION ERROR: B-kem1024-gilbert-prr0p90-L10-loss1-rep27-seed200027-v3: injection de perte forcée non validée dans le log
VALIDATION ERROR: B-kem1024-gilbert-prr0p90-L10-loss1-rep27-seed200027-v3: mode d'application de perte forcée inattendu: invalid
VALIDATION WARNING: B-kem1024-gilbert-prr0p90-L10-loss1-rep27-seed200027-v4: perte forcée configurée mais cible/événements observés incohérents
VALIDATION ERROR: B-kem1024-gilbert-prr0p90-L10-loss1-rep27-seed200027-v4: injection de perte forcée non validée dans le log
VALIDATION ERROR: B-kem1024-gilbert-prr0p90-L10-loss1-rep27-seed200027-v4: mode d'application de perte forcée inattendu: invalid
VALIDATION WARNING: B-kem1024-gilbert-prr0p95-L2-loss1-rep02-seed200002-v3: perte forcée configurée mais cible/événements observés incohérents
VALIDATION ERROR: B-kem1024-gilbert-prr0p95-L2-loss1-rep02-seed200002-v3: injection de perte forcée non validée dans le log
VALIDATION ERROR: B-kem1024-gilbert-prr0p95-L2-loss1-rep02-seed200002-v3: mode d'application de perte forcée inattendu: invalid
VALIDATION WARNING: B-kem1024-gilbert-prr0p95-L2-loss1-rep02-seed200002-v4: perte forcée configurée mais cible/événements observés incohérents
VALIDATION ERROR: B-kem1024-gilbert-prr0p95-L2-loss1-rep02-seed200002-v4: injection de perte forcée non validée dans le log
VALIDATION ERROR: B-kem1024-gilbert-prr0p95-L2-loss1-rep02-seed200002-v4: mode d'application de perte forcée inattendu: invalid
VALIDATION WARNING: B-kem1024-gilbert-prr0p95-L2-loss1-rep03-seed200003-v3: perte forcée configurée mais cible/événements observés incohérents
VALIDATION ERROR: B-kem1024-gilbert-prr0p95-L2-loss1-rep03-seed200003-v3: injection de perte forcée non validée dans le log
VALIDATION ERROR: B-kem1024-gilbert-prr0p95-L2-loss1-rep03-seed200003-v3: mode d'application de perte forcée inattendu: invalid
VALIDATION WARNING: B-kem1024-gilbert-prr0p95-L2-loss1-rep03-seed200003-v4: perte forcée configurée mais cible/événements observés incohérents
VALIDATION ERROR: B-kem1024-gilbert-prr0p95-L2-loss1-rep03-seed200003-v4: injection de perte forcée non validée dans le log
VALIDATION ERROR: B-kem1024-gilbert-prr0p95-L2-loss1-rep03-seed200003-v4: mode d'application de perte forcée inattendu: invalid
VALIDATION WARNING: B-kem1024-gilbert-prr0p95-L2-loss1-rep05-seed200005-v3: perte forcée configurée mais cible/événements observés incohérents
VALIDATION ERROR: B-kem1024-gilbert-prr0p95-L2-loss1-rep05-seed200005-v3: injection de perte forcée non validée dans le log
VALIDATION ERROR: B-kem1024-gilbert-prr0p95-L2-loss1-rep05-seed200005-v3: mode d'application de perte forcée inattendu: invalid
VALIDATION WARNING: B-kem1024-gilbert-prr0p95-L2-loss1-rep05-seed200005-v4: perte forcée configurée mais cible/événements observés incohérents
VALIDATION ERROR: B-kem1024-gilbert-prr0p95-L2-loss1-rep05-seed200005-v4: injection de perte forcée non validée dans le log
VALIDATION ERROR: B-kem1024-gilbert-prr0p95-L2-loss1-rep05-seed200005-v4: mode d'application de perte forcée inattendu: invalid
VALIDATION WARNING: B-kem1024-gilbert-prr0p95-L2-loss1-rep08-seed200008-v3: perte forcée configurée mais cible/événements observés incohérents
VALIDATION ERROR: B-kem1024-gilbert-prr0p95-L2-loss1-rep08-seed200008-v3: injection de perte forcée non validée dans le log
VALIDATION ERROR: B-kem1024-gilbert-prr0p95-L2-loss1-rep08-seed200008-v3: mode d'application de perte forcée inattendu: invalid
VALIDATION WARNING: B-kem1024-gilbert-prr0p95-L2-loss1-rep08-seed200008-v4: perte forcée configurée mais cible/événements observés incohérents
VALIDATION ERROR: B-kem1024-gilbert-prr0p95-L2-loss1-rep08-seed200008-v4: injection de perte forcée non validée dans le log
VALIDATION ERROR: B-kem1024-gilbert-prr0p95-L2-loss1-rep08-seed200008-v4: mode d'application de perte forcée inattendu: invalid
VALIDATION WARNING: B-kem1024-gilbert-prr0p95-L2-loss1-rep09-seed200009-v3: perte ciblée armée, mais le canal/radio a perdu la trame avant le hook receiver
VALIDATION WARNING: B-kem1024-gilbert-prr0p95-L2-loss1-rep09-seed200009-v3: cible armée mais perdue par le canal/radio avant FORCED_LOSS_APPLIED
VALIDATION WARNING: B-kem1024-gilbert-prr0p95-L2-loss1-rep09-seed200009-v4: perte ciblée armée, mais le canal/radio a perdu la trame avant le hook receiver
VALIDATION WARNING: B-kem1024-gilbert-prr0p95-L2-loss1-rep09-seed200009-v4: cible armée mais perdue par le canal/radio avant FORCED_LOSS_APPLIED
VALIDATION WARNING: B-kem1024-gilbert-prr0p95-L2-loss1-rep11-seed200011-v3: perte ciblée armée, mais le canal/radio a perdu la trame avant le hook receiver
VALIDATION WARNING: B-kem1024-gilbert-prr0p95-L2-loss1-rep11-seed200011-v3: cible armée mais perdue par le canal/radio avant FORCED_LOSS_APPLIED
VALIDATION WARNING: B-kem1024-gilbert-prr0p95-L2-loss1-rep11-seed200011-v4: perte ciblée armée, mais le canal/radio a perdu la trame avant le hook receiver
VALIDATION WARNING: B-kem1024-gilbert-prr0p95-L2-loss1-rep11-seed200011-v4: cible armée mais perdue par le canal/radio avant FORCED_LOSS_APPLIED
VALIDATION WARNING: B-kem1024-gilbert-prr0p95-L2-loss1-rep12-seed200012-v3: perte forcée configurée mais cible/événements observés incohérents
VALIDATION ERROR: B-kem1024-gilbert-prr0p95-L2-loss1-rep12-seed200012-v3: injection de perte forcée non validée dans le log
VALIDATION ERROR: B-kem1024-gilbert-prr0p95-L2-loss1-rep12-seed200012-v3: mode d'application de perte forcée inattendu: invalid
VALIDATION WARNING: B-kem1024-gilbert-prr0p95-L2-loss1-rep12-seed200012-v4: perte forcée configurée mais cible/événements observés incohérents
VALIDATION ERROR: B-kem1024-gilbert-prr0p95-L2-loss1-rep12-seed200012-v4: injection de perte forcée non validée dans le log
VALIDATION ERROR: B-kem1024-gilbert-prr0p95-L2-loss1-rep12-seed200012-v4: mode d'application de perte forcée inattendu: invalid
VALIDATION WARNING: B-kem1024-gilbert-prr0p95-L2-loss1-rep16-seed200016-v3: perte forcée configurée mais cible/événements observés incohérents
VALIDATION ERROR: B-kem1024-gilbert-prr0p95-L2-loss1-rep16-seed200016-v3: injection de perte forcée non validée dans le log
VALIDATION ERROR: B-kem1024-gilbert-prr0p95-L2-loss1-rep16-seed200016-v3: mode d'application de perte forcée inattendu: invalid
VALIDATION WARNING: B-kem1024-gilbert-prr0p95-L2-loss1-rep16-seed200016-v4: perte forcée configurée mais cible/événements observés incohérents
VALIDATION ERROR: B-kem1024-gilbert-prr0p95-L2-loss1-rep16-seed200016-v4: injection de perte forcée non validée dans le log
VALIDATION ERROR: B-kem1024-gilbert-prr0p95-L2-loss1-rep16-seed200016-v4: mode d'application de perte forcée inattendu: invalid
VALIDATION WARNING: B-kem1024-gilbert-prr0p95-L2-loss1-rep17-seed200017-v3: perte forcée configurée mais cible/événements observés incohérents
VALIDATION ERROR: B-kem1024-gilbert-prr0p95-L2-loss1-rep17-seed200017-v3: injection de perte forcée non validée dans le log
VALIDATION ERROR: B-kem1024-gilbert-prr0p95-L2-loss1-rep17-seed200017-v3: mode d'application de perte forcée inattendu: invalid
VALIDATION WARNING: B-kem1024-gilbert-prr0p95-L2-loss1-rep17-seed200017-v4: perte forcée configurée mais cible/événements observés incohérents
VALIDATION ERROR: B-kem1024-gilbert-prr0p95-L2-loss1-rep17-seed200017-v4: injection de perte forcée non validée dans le log
VALIDATION ERROR: B-kem1024-gilbert-prr0p95-L2-loss1-rep17-seed200017-v4: mode d'application de perte forcée inattendu: invalid
VALIDATION WARNING: B-kem1024-gilbert-prr0p95-L2-loss1-rep22-seed200022-v3: perte forcée configurée mais cible/événements observés incohérents
VALIDATION ERROR: B-kem1024-gilbert-prr0p95-L2-loss1-rep22-seed200022-v3: injection de perte forcée non validée dans le log
VALIDATION ERROR: B-kem1024-gilbert-prr0p95-L2-loss1-rep22-seed200022-v3: mode d'application de perte forcée inattendu: invalid
VALIDATION WARNING: B-kem1024-gilbert-prr0p95-L2-loss1-rep22-seed200022-v4: perte forcée configurée mais cible/événements observés incohérents
VALIDATION ERROR: B-kem1024-gilbert-prr0p95-L2-loss1-rep22-seed200022-v4: injection de perte forcée non validée dans le log
VALIDATION ERROR: B-kem1024-gilbert-prr0p95-L2-loss1-rep22-seed200022-v4: mode d'application de perte forcée inattendu: invalid
VALIDATION WARNING: B-kem1024-gilbert-prr0p95-L2-loss1-rep27-seed200027-v3: perte forcée configurée mais cible/événements observés incohérents
VALIDATION ERROR: B-kem1024-gilbert-prr0p95-L2-loss1-rep27-seed200027-v3: injection de perte forcée non validée dans le log
VALIDATION ERROR: B-kem1024-gilbert-prr0p95-L2-loss1-rep27-seed200027-v3: mode d'application de perte forcée inattendu: invalid
VALIDATION WARNING: B-kem1024-gilbert-prr0p95-L2-loss1-rep27-seed200027-v4: perte forcée configurée mais cible/événements observés incohérents
VALIDATION ERROR: B-kem1024-gilbert-prr0p95-L2-loss1-rep27-seed200027-v4: injection de perte forcée non validée dans le log
VALIDATION ERROR: B-kem1024-gilbert-prr0p95-L2-loss1-rep27-seed200027-v4: mode d'application de perte forcée inattendu: invalid
VALIDATION WARNING: B-kem1024-gilbert-prr0p95-L5-loss1-rep02-seed200002-v3: perte forcée configurée mais cible/événements observés incohérents
VALIDATION ERROR: B-kem1024-gilbert-prr0p95-L5-loss1-rep02-seed200002-v3: injection de perte forcée non validée dans le log
VALIDATION ERROR: B-kem1024-gilbert-prr0p95-L5-loss1-rep02-seed200002-v3: mode d'application de perte forcée inattendu: invalid
VALIDATION WARNING: B-kem1024-gilbert-prr0p95-L5-loss1-rep02-seed200002-v4: perte forcée configurée mais cible/événements observés incohérents
VALIDATION ERROR: B-kem1024-gilbert-prr0p95-L5-loss1-rep02-seed200002-v4: injection de perte forcée non validée dans le log
VALIDATION ERROR: B-kem1024-gilbert-prr0p95-L5-loss1-rep02-seed200002-v4: mode d'application de perte forcée inattendu: invalid
VALIDATION WARNING: B-kem1024-gilbert-prr0p95-L5-loss1-rep03-seed200003-v3: perte forcée configurée mais cible/événements observés incohérents
VALIDATION ERROR: B-kem1024-gilbert-prr0p95-L5-loss1-rep03-seed200003-v3: injection de perte forcée non validée dans le log
VALIDATION ERROR: B-kem1024-gilbert-prr0p95-L5-loss1-rep03-seed200003-v3: mode d'application de perte forcée inattendu: invalid
VALIDATION WARNING: B-kem1024-gilbert-prr0p95-L5-loss1-rep03-seed200003-v4: perte forcée configurée mais cible/événements observés incohérents
VALIDATION ERROR: B-kem1024-gilbert-prr0p95-L5-loss1-rep03-seed200003-v4: injection de perte forcée non validée dans le log
VALIDATION ERROR: B-kem1024-gilbert-prr0p95-L5-loss1-rep03-seed200003-v4: mode d'application de perte forcée inattendu: invalid
VALIDATION WARNING: B-kem1024-gilbert-prr0p95-L5-loss1-rep05-seed200005-v3: perte forcée configurée mais cible/événements observés incohérents
VALIDATION ERROR: B-kem1024-gilbert-prr0p95-L5-loss1-rep05-seed200005-v3: injection de perte forcée non validée dans le log
VALIDATION ERROR: B-kem1024-gilbert-prr0p95-L5-loss1-rep05-seed200005-v3: mode d'application de perte forcée inattendu: invalid
VALIDATION WARNING: B-kem1024-gilbert-prr0p95-L5-loss1-rep05-seed200005-v4: perte forcée configurée mais cible/événements observés incohérents
VALIDATION ERROR: B-kem1024-gilbert-prr0p95-L5-loss1-rep05-seed200005-v4: injection de perte forcée non validée dans le log
VALIDATION ERROR: B-kem1024-gilbert-prr0p95-L5-loss1-rep05-seed200005-v4: mode d'application de perte forcée inattendu: invalid
VALIDATION WARNING: B-kem1024-gilbert-prr0p95-L5-loss1-rep09-seed200009-v3: perte forcée configurée mais cible/événements observés incohérents
VALIDATION ERROR: B-kem1024-gilbert-prr0p95-L5-loss1-rep09-seed200009-v3: injection de perte forcée non validée dans le log
VALIDATION ERROR: B-kem1024-gilbert-prr0p95-L5-loss1-rep09-seed200009-v3: mode d'application de perte forcée inattendu: invalid
VALIDATION WARNING: B-kem1024-gilbert-prr0p95-L5-loss1-rep09-seed200009-v4: perte forcée configurée mais cible/événements observés incohérents
VALIDATION ERROR: B-kem1024-gilbert-prr0p95-L5-loss1-rep09-seed200009-v4: injection de perte forcée non validée dans le log
VALIDATION ERROR: B-kem1024-gilbert-prr0p95-L5-loss1-rep09-seed200009-v4: mode d'application de perte forcée inattendu: invalid
VALIDATION WARNING: B-kem1024-gilbert-prr0p95-L5-loss1-rep12-seed200012-v3: perte forcée configurée mais cible/événements observés incohérents
VALIDATION ERROR: B-kem1024-gilbert-prr0p95-L5-loss1-rep12-seed200012-v3: injection de perte forcée non validée dans le log
VALIDATION ERROR: B-kem1024-gilbert-prr0p95-L5-loss1-rep12-seed200012-v3: mode d'application de perte forcée inattendu: invalid
VALIDATION WARNING: B-kem1024-gilbert-prr0p95-L5-loss1-rep12-seed200012-v4: perte forcée configurée mais cible/événements observés incohérents
VALIDATION ERROR: B-kem1024-gilbert-prr0p95-L5-loss1-rep12-seed200012-v4: injection de perte forcée non validée dans le log
VALIDATION ERROR: B-kem1024-gilbert-prr0p95-L5-loss1-rep12-seed200012-v4: mode d'application de perte forcée inattendu: invalid
VALIDATION WARNING: B-kem1024-gilbert-prr0p95-L5-loss1-rep16-seed200016-v3: perte forcée configurée mais cible/événements observés incohérents
VALIDATION ERROR: B-kem1024-gilbert-prr0p95-L5-loss1-rep16-seed200016-v3: injection de perte forcée non validée dans le log
VALIDATION ERROR: B-kem1024-gilbert-prr0p95-L5-loss1-rep16-seed200016-v3: mode d'application de perte forcée inattendu: invalid
VALIDATION WARNING: B-kem1024-gilbert-prr0p95-L5-loss1-rep16-seed200016-v4: perte forcée configurée mais cible/événements observés incohérents
VALIDATION ERROR: B-kem1024-gilbert-prr0p95-L5-loss1-rep16-seed200016-v4: injection de perte forcée non validée dans le log
VALIDATION ERROR: B-kem1024-gilbert-prr0p95-L5-loss1-rep16-seed200016-v4: mode d'application de perte forcée inattendu: invalid
VALIDATION WARNING: B-kem1024-gilbert-prr0p95-L5-loss1-rep27-seed200027-v3: perte forcée configurée mais cible/événements observés incohérents
VALIDATION ERROR: B-kem1024-gilbert-prr0p95-L5-loss1-rep27-seed200027-v3: injection de perte forcée non validée dans le log
VALIDATION ERROR: B-kem1024-gilbert-prr0p95-L5-loss1-rep27-seed200027-v3: mode d'application de perte forcée inattendu: invalid
VALIDATION WARNING: B-kem1024-gilbert-prr0p95-L5-loss1-rep27-seed200027-v4: perte forcée configurée mais cible/événements observés incohérents
VALIDATION ERROR: B-kem1024-gilbert-prr0p95-L5-loss1-rep27-seed200027-v4: injection de perte forcée non validée dans le log
VALIDATION ERROR: B-kem1024-gilbert-prr0p95-L5-loss1-rep27-seed200027-v4: mode d'application de perte forcée inattendu: invalidLecture des fichiers depuis : /home/nasma/V2_Internship/code/bench_result/Experiments/mlkem_campaign_corrected/results
Campagnes détectées : ['A_B1_VS_B2', 'B_V1_V2_FIRST_LOSS']
Niveaux de sécurité détectés : [512, 768, 1024]
  -> A_B1_VS_B2/ML-KEM-512_rapport.xlsx écrit (1020 runs)
  -> A_B1_VS_B2/ML-KEM-768_rapport.xlsx écrit (1020 runs)
  -> A_B1_VS_B2/ML-KEM-1024_rapport.xlsx écrit (1020 runs)
  -> B_V1_V2_FIRST_LOSS/ML-KEM-512_rapport.xlsx écrit (1020 runs)
  -> B_V1_V2_FIRST_LOSS/ML-KEM-768_rapport.xlsx écrit (1020 runs)
  -> B_V1_V2_FIRST_LOSS/ML-KEM-1024_rapport.xlsx écrit (1020 runs)

Terminé : 6 classeur(s) Excel généré(s) dans /home/nasma/V2_Internship/code/bench_result/Experiments/mlkem_campaign_corrected/results/workbooks

VALIDATION WARNING: B-kem1024-gilbert-prr0p95-L10-loss1-rep02-seed200002-v3: perte forcée configurée mais cible/événements observés incohérents
VALIDATION ERROR: B-kem1024-gilbert-prr0p95-L10-loss1-rep02-seed200002-v3: injection de perte forcée non validée dans le log
VALIDATION ERROR: B-kem1024-gilbert-prr0p95-L10-loss1-rep02-seed200002-v3: mode d'application de perte forcée inattendu: invalid
VALIDATION WARNING: B-kem1024-gilbert-prr0p95-L10-loss1-rep02-seed200002-v4: perte forcée configurée mais cible/événements observés incohérents
VALIDATION ERROR: B-kem1024-gilbert-prr0p95-L10-loss1-rep02-seed200002-v4: injection de perte forcée non validée dans le log
VALIDATION ERROR: B-kem1024-gilbert-prr0p95-L10-loss1-rep02-seed200002-v4: mode d'application de perte forcée inattendu: invalid
VALIDATION WARNING: B-kem1024-gilbert-prr0p95-L10-loss1-rep03-seed200003-v3: perte forcée configurée mais cible/événements observés incohérents
VALIDATION ERROR: B-kem1024-gilbert-prr0p95-L10-loss1-rep03-seed200003-v3: injection de perte forcée non validée dans le log
VALIDATION ERROR: B-kem1024-gilbert-prr0p95-L10-loss1-rep03-seed200003-v3: mode d'application de perte forcée inattendu: invalid
VALIDATION WARNING: B-kem1024-gilbert-prr0p95-L10-loss1-rep03-seed200003-v4: perte forcée configurée mais cible/événements observés incohérents
VALIDATION ERROR: B-kem1024-gilbert-prr0p95-L10-loss1-rep03-seed200003-v4: injection de perte forcée non validée dans le log
VALIDATION ERROR: B-kem1024-gilbert-prr0p95-L10-loss1-rep03-seed200003-v4: mode d'application de perte forcée inattendu: invalid
VALIDATION WARNING: B-kem1024-gilbert-prr0p95-L10-loss1-rep05-seed200005-v3: perte forcée configurée mais cible/événements observés incohérents
VALIDATION ERROR: B-kem1024-gilbert-prr0p95-L10-loss1-rep05-seed200005-v3: injection de perte forcée non validée dans le log
VALIDATION ERROR: B-kem1024-gilbert-prr0p95-L10-loss1-rep05-seed200005-v3: mode d'application de perte forcée inattendu: invalid
VALIDATION WARNING: B-kem1024-gilbert-prr0p95-L10-loss1-rep05-seed200005-v4: perte forcée configurée mais cible/événements observés incohérents
VALIDATION ERROR: B-kem1024-gilbert-prr0p95-L10-loss1-rep05-seed200005-v4: injection de perte forcée non validée dans le log
VALIDATION ERROR: B-kem1024-gilbert-prr0p95-L10-loss1-rep05-seed200005-v4: mode d'application de perte forcée inattendu: invalid
VALIDATION WARNING: B-kem1024-gilbert-prr0p95-L10-loss1-rep12-seed200012-v3: perte forcée configurée mais cible/événements observés incohérents
VALIDATION ERROR: B-kem1024-gilbert-prr0p95-L10-loss1-rep12-seed200012-v3: injection de perte forcée non validée dans le log
VALIDATION ERROR: B-kem1024-gilbert-prr0p95-L10-loss1-rep12-seed200012-v3: mode d'application de perte forcée inattendu: invalid
VALIDATION WARNING: B-kem1024-gilbert-prr0p95-L10-loss1-rep12-seed200012-v4: perte forcée configurée mais cible/événements observés incohérents
VALIDATION ERROR: B-kem1024-gilbert-prr0p95-L10-loss1-rep12-seed200012-v4: injection de perte forcée non validée dans le log
VALIDATION ERROR: B-kem1024-gilbert-prr0p95-L10-loss1-rep12-seed200012-v4: mode d'application de perte forcée inattendu: invalid
VALIDATION WARNING: B-kem1024-gilbert-prr0p95-L10-loss1-rep16-seed200016-v3: perte forcée configurée mais cible/événements observés incohérents
VALIDATION ERROR: B-kem1024-gilbert-prr0p95-L10-loss1-rep16-seed200016-v3: injection de perte forcée non validée dans le log
VALIDATION ERROR: B-kem1024-gilbert-prr0p95-L10-loss1-rep16-seed200016-v3: mode d'application de perte forcée inattendu: invalid
VALIDATION WARNING: B-kem1024-gilbert-prr0p95-L10-loss1-rep16-seed200016-v4: perte forcée configurée mais cible/événements observés incohérents
VALIDATION ERROR: B-kem1024-gilbert-prr0p95-L10-loss1-rep16-seed200016-v4: injection de perte forcée non validée dans le log
VALIDATION ERROR: B-kem1024-gilbert-prr0p95-L10-loss1-rep16-seed200016-v4: mode d'application de perte forcée inattendu: invalid
VALIDATION WARNING: B-kem1024-gilbert-prr0p95-L10-loss1-rep27-seed200027-v3: perte forcée configurée mais cible/événements observés incohérents
VALIDATION ERROR: B-kem1024-gilbert-prr0p95-L10-loss1-rep27-seed200027-v3: injection de perte forcée non validée dans le log
VALIDATION ERROR: B-kem1024-gilbert-prr0p95-L10-loss1-rep27-seed200027-v3: mode d'application de perte forcée inattendu: invalid
VALIDATION WARNING: B-kem1024-gilbert-prr0p95-L10-loss1-rep27-seed200027-v4: perte forcée configurée mais cible/événements observés incohérents
VALIDATION ERROR: B-kem1024-gilbert-prr0p95-L10-loss1-rep27-seed200027-v4: injection de perte forcée non validée dans le log
VALIDATION ERROR: B-kem1024-gilbert-prr0p95-L10-loss1-rep27-seed200027-v4: mode d'application de perte forcée inattendu: invalid
Terminé: 6120 runs agrégés
